collection	index	trait_id	source_id	accession	source_page_url	frozen_source_url	frozen_size_bytes	historical_or_registry_body_sha256	historical_or_metadata_body_md5	membership_manifest	membership_manifest_sha256	policy_ids	observed_license_mark	policy_record_evidence	public_observation_utc	project_raw_body_publication_status	body_hash_not_a_rights_grant
core45	1	insomnia	jansen_2019_insomnia_ukb		https://cncr.nl/research/summary_statistics/	https://vu.data.surf.nl/index.php/s/ACjPo9hYZPy2zxl/download?path=%2F&files=Insomnia_sumstats_Jansenetal.txt.gz	314778585	32848cd92a6324c9048cad4a804cf1546299af1d0281981c6ca43c2046a9065b		/Users/swethasunilkumar/Documents/Codex/2026-10-08/go/work/sleep-gwas-atlas/sleep_unified_research_v4/reviews/independent_core_pipeline_replay_manifest_v4.json	451ea6d16263a467b8ac587e2069d66dfc7f736c9e694e23801efb5ba307413b	CNCR_JANSEN	CC BY-NC-SA4.0_PLUS_PAGE_CONDITIONS		2026-10-10T01:15:51.851614+00:00	PROHIBITED_UNTIL_SOURCE_RIGHTS_AND_HUMAN_RELEASE_AUTHORITY_CLEARED	True
core45	2	sleepdur	dashti_2019_sleep_duration		https://www.kp4cd.org/node/235	https://personal.broadinstitute.org/ryank/sleepdurationsumstats.txt.zip	378315754	77ebce3fcabb32a36e028390c7a34ce7f6aac11e2b663014132be1dc0f82d7c8		/Users/swethasunilkumar/Documents/Codex/2026-10-08/go/work/sleep-gwas-atlas/sleep_unified_research_v4/reviews/independent_core_pipeline_replay_manifest_v4.json	451ea6d16263a467b8ac587e2069d66dfc7f736c9e694e23801efb5ba307413b	SDKP	PORTAL_ANALYTIC_USE_ONLY_UNDERLYING_REDISTRIBUTION_UNRESOLVED		2026-10-10T01:15:51.851614+00:00	PROHIBITED_UNTIL_SOURCE_RIGHTS_AND_HUMAN_RELEASE_AUTHORITY_CLEARED	True
core45	3	shortsleep	dashti_2019_short_sleep		https://www.kp4cd.org/node/235	https://personal.broadinstitute.org/ryank/shortsumstats.txt.zip	383222477	c083c1e318fe5c155a34faa9db39175e0b3646dfd341bdd846fd2c5689fbc4d8		/Users/swethasunilkumar/Documents/Codex/2026-10-08/go/work/sleep-gwas-atlas/sleep_unified_research_v4/reviews/independent_core_pipeline_replay_manifest_v4.json	451ea6d16263a467b8ac587e2069d66dfc7f736c9e694e23801efb5ba307413b	SDKP	PORTAL_ANALYTIC_USE_ONLY_UNDERLYING_REDISTRIBUTION_UNRESOLVED		2026-10-10T01:15:51.851614+00:00	PROHIBITED_UNTIL_SOURCE_RIGHTS_AND_HUMAN_RELEASE_AUTHORITY_CLEARED	True
core45	4	longsleep	dashti_2019_long_sleep		https://www.kp4cd.org/node/235	https://personal.broadinstitute.org/ryank/longsumstats.txt.zip	384294157	0afd9a3ccf459d283f1b6eb6a8b8b0780f54d9d634a05f816be31171a42ec885		/Users/swethasunilkumar/Documents/Codex/2026-10-08/go/work/sleep-gwas-atlas/sleep_unified_research_v4/reviews/independent_core_pipeline_replay_manifest_v4.json	451ea6d16263a467b8ac587e2069d66dfc7f736c9e694e23801efb5ba307413b	SDKP	PORTAL_ANALYTIC_USE_ONLY_UNDERLYING_REDISTRIBUTION_UNRESOLVED		2026-10-10T01:15:51.851614+00:00	PROHIBITED_UNTIL_SOURCE_RIGHTS_AND_HUMAN_RELEASE_AUTHORITY_CLEARED	True
core45	5	chronotype	jones_2019_morning_person_ukb	GCST007565	https://www.ebi.ac.uk/gwas/studies/GCST007565	https://ftp.ebi.ac.uk/pub/databases/gwas/summary_statistics/GCST007001-GCST008000/GCST007565/morning_person_BOLT.output_HRC.only_plus.metrics_maf0.001_hwep1em12_info0.3_logORs.txt.gz	354578112	9fe6c797afbfad85e50625a6dcd3313af77c0528090c6bcea05959690b9c6327		/Users/swethasunilkumar/Documents/Codex/2026-10-08/go/work/sleep-gwas-atlas/sleep_unified_research_v4/reviews/independent_core_pipeline_replay_manifest_v4.json	451ea6d16263a467b8ac587e2069d66dfc7f736c9e694e23801efb5ba307413b	CATALOG_DEFAULT;EBI_OWNER_TERMS	https://www.ebi.ac.uk/about/terms-of-use/	https://www.ebi.ac.uk/gwas/rest/api/v2/studies/GCST007565 | response_SHA256=0f066fe4d80d0db09558ff4f964106540befe8706959ccf2a08c3335f9cace36 | HTTP=200 | 2026-10-10T01:08:09.296045+00:00	2026-10-10T01:15:51.851614+00:00	PROHIBITED_UNTIL_SOURCE_RIGHTS_AND_HUMAN_RELEASE_AUTHORITY_CLEARED	True
core45	6	sleepiness	wang_2019_daytime_sleepiness		https://www.kp4cd.org/node/235	https://personal.broadinstitute.org/ryank/Saxena.fullUKBB.DaytimeSleepiness.sumstats.zip	382468611	59fefd59ecc8ddaee0916bac55425f7b7661a375c68c154793e9baa251eccbd6		/Users/swethasunilkumar/Documents/Codex/2026-10-08/go/work/sleep-gwas-atlas/sleep_unified_research_v4/reviews/independent_core_pipeline_replay_manifest_v4.json	451ea6d16263a467b8ac587e2069d66dfc7f736c9e694e23801efb5ba307413b	SDKP	PORTAL_ANALYTIC_USE_ONLY_UNDERLYING_REDISTRIBUTION_UNRESOLVED		2026-10-10T01:15:51.851614+00:00	PROHIBITED_UNTIL_SOURCE_RIGHTS_AND_HUMAN_RELEASE_AUTHORITY_CLEARED	True
core45	7	napping	dashti_2021_daytime_napping		https://www.kp4cd.org/node/235	https://personal.broadinstitute.org/ryank/Saxena_fullUKBB_Daytimenapping_summary_stats.zip	1052492964	914ad4274c9d59d9dd7af1fa3bb3334b4649c144ddee9b7a309ddbfd5958ab4d		/Users/swethasunilkumar/Documents/Codex/2026-10-08/go/work/sleep-gwas-atlas/sleep_unified_research_v4/reviews/independent_core_pipeline_replay_manifest_v4.json	451ea6d16263a467b8ac587e2069d66dfc7f736c9e694e23801efb5ba307413b	SDKP	PORTAL_ANALYTIC_USE_ONLY_UNDERLYING_REDISTRIBUTION_UNRESOLVED		2026-10-10T01:15:51.851614+00:00	PROHIBITED_UNTIL_SOURCE_RIGHTS_AND_HUMAN_RELEASE_AUTHORITY_CLEARED	True
core45	8	snoring	campos_2020_snoring	GCST009760	https://www.ebi.ac.uk/gwas/studies/GCST009760	https://ftp.ebi.ac.uk/pub/databases/gwas/summary_statistics/GCST009001-GCST010000/GCST009760/Campos_prePMID_Snoring-mainAnalysis.gz	258829716	82eeb068648959afbbccf477745820a2118f88abdff8ff0076ebb47df21f2417		/Users/swethasunilkumar/Documents/Codex/2026-10-08/go/work/sleep-gwas-atlas/sleep_unified_research_v4/reviews/independent_core_pipeline_replay_manifest_v4.json	451ea6d16263a467b8ac587e2069d66dfc7f736c9e694e23801efb5ba307413b	CATALOG_DEFAULT;EBI_OWNER_TERMS	https://www.ebi.ac.uk/about/terms-of-use/	https://www.ebi.ac.uk/gwas/rest/api/v2/studies/GCST009760 | response_SHA256=b1e83c09521214255783d8e86c699ab68822d15762ce7361a9cd015e76bfd103 | HTTP=200 | 2026-10-10T01:08:11.813989+00:00	2026-10-10T01:15:51.851614+00:00	PROHIBITED_UNTIL_SOURCE_RIGHTS_AND_HUMAN_RELEASE_AUTHORITY_CLEARED	True
core45	9	sleep_apnea	finngen_r9_sleep_apnoea		https://finngen.gitbook.io/documentation/r9/data-download	https://storage.googleapis.com/finngen-public-data-r9/summary_stats/finngen_R9_G6_SLEEPAPNO.gz	763490490	eb8cfc33febc044c3f608406f5f50c9be7f6973aba5effd89a0f94d1f58c1d4b		/Users/swethasunilkumar/Documents/Codex/2026-10-08/go/work/sleep-gwas-atlas/sleep_unified_research_v4/reviews/independent_core_pipeline_replay_manifest_v4.json	451ea6d16263a467b8ac587e2069d66dfc7f736c9e694e23801efb5ba307413b	FINNGEN_R9;FINNGEN_FORM	NO_EXPLICIT_REDISTRIBUTION_GRANT_OBSERVED		2026-10-10T01:15:51.851614+00:00	PROHIBITED_UNTIL_SOURCE_RIGHTS_AND_HUMAN_RELEASE_AUTHORITY_CLEARED	True
core45	10	sleep_efficiency	jones_2019_accelerometer_sleep	GCST007803	https://www.ebi.ac.uk/gwas/studies/GCST007803	https://ftp.ebi.ac.uk/pub/databases/gwas/summary_statistics/GCST007001-GCST008000/GCST007803/accel_GWAS_all_BOLT.output_HRC.only_plus.metrics_maf0.001_hwep1em12_info0.3.txt.zip.gz	2528005649	60e2ead533383ee66034e3602933e8c9f82b1d47c776528ecfb0a1cdb1b3c45a		/Users/swethasunilkumar/Documents/Codex/2026-10-08/go/work/sleep-gwas-atlas/sleep_unified_research_v4/reviews/independent_core_pipeline_replay_manifest_v4.json	451ea6d16263a467b8ac587e2069d66dfc7f736c9e694e23801efb5ba307413b	CATALOG_DEFAULT;EBI_OWNER_TERMS	https://www.ebi.ac.uk/about/terms-of-use/	https://www.ebi.ac.uk/gwas/rest/api/v2/studies/GCST007803 | response_SHA256=452f62ba60119a05f5bf95edcacccec9247315ea4dfcf9806d7de539b5a46ce8 | HTTP=200 | 2026-10-10T01:08:09.933286+00:00	2026-10-10T01:15:51.851614+00:00	PROHIBITED_UNTIL_SOURCE_RIGHTS_AND_HUMAN_RELEASE_AUTHORITY_CLEARED	True
core45	11	accel_sleep_duration	jones_2019_accelerometer_sleep	GCST007803	https://www.ebi.ac.uk/gwas/studies/GCST007803	https://ftp.ebi.ac.uk/pub/databases/gwas/summary_statistics/GCST007001-GCST008000/GCST007803/accel_GWAS_all_BOLT.output_HRC.only_plus.metrics_maf0.001_hwep1em12_info0.3.txt.zip.gz	2528005649	60e2ead533383ee66034e3602933e8c9f82b1d47c776528ecfb0a1cdb1b3c45a		/Users/swethasunilkumar/Documents/Codex/2026-10-08/go/work/sleep-gwas-atlas/sleep_unified_research_v4/reviews/independent_core_pipeline_replay_manifest_v4.json	451ea6d16263a467b8ac587e2069d66dfc7f736c9e694e23801efb5ba307413b	CATALOG_DEFAULT;EBI_OWNER_TERMS	https://www.ebi.ac.uk/about/terms-of-use/	https://www.ebi.ac.uk/gwas/rest/api/v2/studies/GCST007803 | response_SHA256=452f62ba60119a05f5bf95edcacccec9247315ea4dfcf9806d7de539b5a46ce8 | HTTP=200 | 2026-10-10T01:08:09.933286+00:00	2026-10-10T01:15:51.851614+00:00	PROHIBITED_UNTIL_SOURCE_RIGHTS_AND_HUMAN_RELEASE_AUTHORITY_CLEARED	True
core45	12	sleep_timing	jones_2019_accelerometer_sleep	GCST007803	https://www.ebi.ac.uk/gwas/studies/GCST007803	https://ftp.ebi.ac.uk/pub/databases/gwas/summary_statistics/GCST007001-GCST008000/GCST007803/accel_GWAS_all_BOLT.output_HRC.only_plus.metrics_maf0.001_hwep1em12_info0.3.txt.zip.gz	2528005649	60e2ead533383ee66034e3602933e8c9f82b1d47c776528ecfb0a1cdb1b3c45a		/Users/swethasunilkumar/Documents/Codex/2026-10-08/go/work/sleep-gwas-atlas/sleep_unified_research_v4/reviews/independent_core_pipeline_replay_manifest_v4.json	451ea6d16263a467b8ac587e2069d66dfc7f736c9e694e23801efb5ba307413b	CATALOG_DEFAULT;EBI_OWNER_TERMS	https://www.ebi.ac.uk/about/terms-of-use/	https://www.ebi.ac.uk/gwas/rest/api/v2/studies/GCST007803 | response_SHA256=452f62ba60119a05f5bf95edcacccec9247315ea4dfcf9806d7de539b5a46ce8 | HTTP=200 | 2026-10-10T01:08:09.933286+00:00	2026-10-10T01:15:51.851614+00:00	PROHIBITED_UNTIL_SOURCE_RIGHTS_AND_HUMAN_RELEASE_AUTHORITY_CLEARED	True
core45	13	alz	bellenguez_2022_alzheimer_stage1	GCST90027158	https://www.ebi.ac.uk/gwas/studies/GCST90027158	https://ftp.ebi.ac.uk/pub/databases/gwas/summary_statistics/GCST90027001-GCST90028000/GCST90027158/GCST90027158_buildGRCh38.tsv.gz	755201909	013134d22a2a0c2dd0cb683192d0c109da1aec83ba54d94a837a8b71bcbc4a1f		/Users/swethasunilkumar/Documents/Codex/2026-10-08/go/work/sleep-gwas-atlas/sleep_unified_research_v4/reviews/independent_core_pipeline_replay_manifest_v4.json	451ea6d16263a467b8ac587e2069d66dfc7f736c9e694e23801efb5ba307413b	CATALOG_DEFAULT;EBI_OWNER_TERMS	https://creativecommons.org/publicdomain/zero/1.0/	https://www.ebi.ac.uk/gwas/rest/api/v2/studies/GCST90027158 | response_SHA256=3c1f33b2441d377020bee0e57ba006504e228deba43ef4e8074b53cfd4559bda | HTTP=200 | 2026-10-10T01:08:13.711361+00:00	2026-10-10T01:15:51.851614+00:00	PROHIBITED_UNTIL_SOURCE_RIGHTS_AND_HUMAN_RELEASE_AUTHORITY_CLEARED	True
core45	14	parkinson	nalls_2019_parkinson_public_proxy	GCST009325	https://www.ebi.ac.uk/gwas/studies/GCST009325	https://ftp.ebi.ac.uk/pub/databases/gwas/summary_statistics/GCST009001-GCST010000/GCST009325/GCST009325.tsv	959357456	409b9151871aafb5f6fe9acf0287fe9f5df448eda255d06b9d55b81ac8e68eeb		/Users/swethasunilkumar/Documents/Codex/2026-10-08/go/work/sleep-gwas-atlas/sleep_unified_research_v4/reviews/independent_core_pipeline_replay_manifest_v4.json	451ea6d16263a467b8ac587e2069d66dfc7f736c9e694e23801efb5ba307413b	CATALOG_DEFAULT;EBI_OWNER_TERMS	https://www.ebi.ac.uk/about/terms-of-use/	https://www.ebi.ac.uk/gwas/rest/api/v2/studies/GCST009325 | response_SHA256=32685d86e6a6b3ab0161841e69033a93008598ba5bb22519dbf015d8d6e1afc7 | HTTP=200 | 2026-10-10T01:08:11.217494+00:00	2026-10-10T01:15:51.851614+00:00	PROHIBITED_UNTIL_SOURCE_RIGHTS_AND_HUMAN_RELEASE_AUTHORITY_CLEARED	True
core45	15	mdd	howard_2019_mdd_no23andme		https://doi.org/10.7488/ds/2458	https://datashare.ed.ac.uk/server/api/core/bitstreams/4fb97b79-f7fa-42d4-8b5c-7c88f003a550/content	364301885	082a1602e405fa5e8b40917521f063444131db68e2f435e7aacfd80084852110		/Users/swethasunilkumar/Documents/Codex/2026-10-08/go/work/sleep-gwas-atlas/sleep_unified_research_v4/reviews/independent_core_pipeline_replay_manifest_v4.json	451ea6d16263a467b8ac587e2069d66dfc7f736c9e694e23801efb5ba307413b	EDINBURGH_MDD	CC BY4.0_EXACT_ITEM	https://datashare.ed.ac.uk/server/api/core/items/e8734c04-98d0-4a4d-87b7-058aedfdf822 | response_SHA256=7f66ca0334f874e0b42e448d45002136a1558bff46f58087ca4cf822c8f9315d | HTTP=200 | 2026-10-10T01:10:21.710279+00:00	2026-10-10T01:15:51.851614+00:00	PROHIBITED_UNTIL_SOURCE_RIGHTS_AND_HUMAN_RELEASE_AUTHORITY_CLEARED	True
core45	16	scz	trubetskoy_2022_scz_eur		https://doi.org/10.6084/m9.figshare.19426775.v7	https://ndownloader.figshare.com/files/34517828	239710564	dbba3a85575c99fd1c2e3497d0c7a44539ccfdbf2e69742f8bdbda879230bcd7		/Users/swethasunilkumar/Documents/Codex/2026-10-08/go/work/sleep-gwas-atlas/sleep_unified_research_v4/reviews/independent_core_pipeline_replay_manifest_v4.json	451ea6d16263a467b8ac587e2069d66dfc7f736c9e694e23801efb5ba307413b	PGC_TERMS;PGC_FIGSHARE;PGC_READMES	CC BY 4.0	https://api.figshare.com/v2/articles/19426775/versions/7 | response_SHA256=0e5408cf57b06ea9e7457c17538ba2aa58014eb0845edcc953c1b48527ee318e | HTTP=200 | 2026-10-10T01:08:22.373009+00:00 | exact_file_id=34517828	2026-10-10T01:15:51.851614+00:00	PROHIBITED_UNTIL_SOURCE_RIGHTS_AND_HUMAN_RELEASE_AUTHORITY_CLEARED	True
core45	17	bipolar	mullins_2021_bipolar_eur		https://doi.org/10.6084/m9.figshare.14102594.v2	https://ndownloader.figshare.com/files/26603681	385014083	3bf42353fd8fcd832986c3ad122747fba458e9712556659fe73b16a91b3081dd		/Users/swethasunilkumar/Documents/Codex/2026-10-08/go/work/sleep-gwas-atlas/sleep_unified_research_v4/reviews/independent_core_pipeline_replay_manifest_v4.json	451ea6d16263a467b8ac587e2069d66dfc7f736c9e694e23801efb5ba307413b	PGC_TERMS;PGC_FIGSHARE	CC BY 4.0	https://api.figshare.com/v2/articles/14102594/versions/2 | response_SHA256=aad9887ea27f5797b4ba693d0dae709c1290c53bed7cc7ff1ecb23be4f92d69b | HTTP=200 | 2026-10-10T01:08:23.074027+00:00 | exact_file_id=26603681	2026-10-10T01:15:51.851614+00:00	PROHIBITED_UNTIL_SOURCE_RIGHTS_AND_HUMAN_RELEASE_AUTHORITY_CLEARED	True
core45	18	adhd	demontis_2023_adhd_eur		https://doi.org/10.6084/m9.figshare.22564390.v1	https://ndownloader.figshare.com/files/40036684	200588408	c58a96031ec44b1edba81c91d603037a2efd03fcd946531424866e3f5f1d40c5		/Users/swethasunilkumar/Documents/Codex/2026-10-08/go/work/sleep-gwas-atlas/sleep_unified_research_v4/reviews/independent_core_pipeline_replay_manifest_v4.json	451ea6d16263a467b8ac587e2069d66dfc7f736c9e694e23801efb5ba307413b	PGC_TERMS;PGC_FIGSHARE;PGC_READMES	CC BY 4.0	https://api.figshare.com/v2/articles/22564390/versions/1 | response_SHA256=8938250228d42ccf052bad7adffce8fa0b0f088bcea74d56bc9b76f7b4c0ed57 | HTTP=200 | 2026-10-10T01:08:23.762255+00:00 | exact_file_id=40036684	2026-10-10T01:15:51.851614+00:00	PROHIBITED_UNTIL_SOURCE_RIGHTS_AND_HUMAN_RELEASE_AUTHORITY_CLEARED	True
core45	19	ibd	delange_2017_ibd	GCST004131	https://www.ebi.ac.uk/gwas/studies/GCST004131	https://ftp.ebi.ac.uk/pub/databases/gwas/summary_statistics/GCST004001-GCST005000/GCST004131/ibd_build37_59957_20161107.txt.gz	317627248	6c5e8b534dbe6048cdf84b07ef2a772ea5d0071a21b8fb1552fb89c6f02ebdd8		/Users/swethasunilkumar/Documents/Codex/2026-10-08/go/work/sleep-gwas-atlas/sleep_unified_research_v4/reviews/independent_core_pipeline_replay_manifest_v4.json	451ea6d16263a467b8ac587e2069d66dfc7f736c9e694e23801efb5ba307413b	CATALOG_DEFAULT;EBI_OWNER_TERMS	https://www.ebi.ac.uk/about/terms-of-use/	https://www.ebi.ac.uk/gwas/rest/api/v2/studies/GCST004131 | response_SHA256=276f4ddfc4a99bfdf56b5d43f3a970d8e33d47e339d2f1e81806f6c79ee137b7 | HTTP=200 | 2026-10-10T01:08:02.390519+00:00	2026-10-10T01:15:51.851614+00:00	PROHIBITED_UNTIL_SOURCE_RIGHTS_AND_HUMAN_RELEASE_AUTHORITY_CLEARED	True
core45	20	crohn	delange_2017_crohn	GCST004132	https://www.ebi.ac.uk/gwas/studies/GCST004132	https://ftp.ebi.ac.uk/pub/databases/gwas/summary_statistics/GCST004001-GCST005000/GCST004132/cd_build37_40266_20161107.txt.gz	312502048	ddc4258b51f6da59749cbb798d4e387b5d1fab1746f3101d31c7bfa72301c872		/Users/swethasunilkumar/Documents/Codex/2026-10-08/go/work/sleep-gwas-atlas/sleep_unified_research_v4/reviews/independent_core_pipeline_replay_manifest_v4.json	451ea6d16263a467b8ac587e2069d66dfc7f736c9e694e23801efb5ba307413b	CATALOG_DEFAULT;EBI_OWNER_TERMS	https://www.ebi.ac.uk/about/terms-of-use/	https://www.ebi.ac.uk/gwas/rest/api/v2/studies/GCST004132 | response_SHA256=0fe6f34a92712308add8bd53c0b832e7223a2a27083d69b22605aba578a39d9c | HTTP=200 | 2026-10-10T01:08:03.070757+00:00	2026-10-10T01:15:51.851614+00:00	PROHIBITED_UNTIL_SOURCE_RIGHTS_AND_HUMAN_RELEASE_AUTHORITY_CLEARED	True
core45	21	uc	delange_2017_uc	GCST004133	https://www.ebi.ac.uk/gwas/studies/GCST004133	https://ftp.ebi.ac.uk/pub/databases/gwas/summary_statistics/GCST004001-GCST005000/GCST004133/uc_build37_45975_20161107.txt.gz	313240233	756f270ab5cf2fdeaafbf5d3c0bc2cf2e342acb5b6db86b0e7215a95dc8c3d7c		/Users/swethasunilkumar/Documents/Codex/2026-10-08/go/work/sleep-gwas-atlas/sleep_unified_research_v4/reviews/independent_core_pipeline_replay_manifest_v4.json	451ea6d16263a467b8ac587e2069d66dfc7f736c9e694e23801efb5ba307413b	CATALOG_DEFAULT;EBI_OWNER_TERMS	https://www.ebi.ac.uk/about/terms-of-use/	https://www.ebi.ac.uk/gwas/rest/api/v2/studies/GCST004133 | response_SHA256=4549d5cbb18af43ca67f7151706b58891fcfc082166e672d8b9507a20ba339d0 | HTTP=200 | 2026-10-10T01:08:03.691182+00:00	2026-10-10T01:15:51.851614+00:00	PROHIBITED_UNTIL_SOURCE_RIGHTS_AND_HUMAN_RELEASE_AUTHORITY_CLEARED	True
core45	22	ra	ishigaki_2022_ra_eur	GCST90132223	https://www.ebi.ac.uk/gwas/studies/GCST90132223	https://ftp.ebi.ac.uk/pub/databases/gwas/summary_statistics/GCST90132001-GCST90133000/GCST90132223/GCST90132223_buildGRCh37.tsv.gz	323861720	bce30ae497edda9201d8a03fd02798f57bd8cede608a5684f83c5f7380510615		/Users/swethasunilkumar/Documents/Codex/2026-10-08/go/work/sleep-gwas-atlas/sleep_unified_research_v4/reviews/independent_core_pipeline_replay_manifest_v4.json	451ea6d16263a467b8ac587e2069d66dfc7f736c9e694e23801efb5ba307413b	CATALOG_DEFAULT;EBI_OWNER_TERMS	https://creativecommons.org/publicdomain/zero/1.0/	https://www.ebi.ac.uk/gwas/rest/api/v2/studies/GCST90132223 | response_SHA256=218e5546d56a2b47cf5d20f4d1894ffd45b45c805fdf8471bb14bd6cf4a4a75a | HTTP=200 | 2026-10-10T01:08:15.005576+00:00	2026-10-10T01:15:51.851614+00:00	PROHIBITED_UNTIL_SOURCE_RIGHTS_AND_HUMAN_RELEASE_AUTHORITY_CLEARED	True
core45	23	ms	finngen_r9_ms		https://finngen.gitbook.io/documentation/r9/data-download	https://storage.googleapis.com/finngen-public-data-r9/summary_stats/finngen_R9_G6_MS.gz	754984218	57551560b1bd55e6a8fd9efb5a3bd6c3cd6e0ca8f04ccd83ebeb9e51e39e2951		/Users/swethasunilkumar/Documents/Codex/2026-10-08/go/work/sleep-gwas-atlas/sleep_unified_research_v4/reviews/independent_core_pipeline_replay_manifest_v4.json	451ea6d16263a467b8ac587e2069d66dfc7f736c9e694e23801efb5ba307413b	FINNGEN_R9;FINNGEN_FORM	NO_EXPLICIT_REDISTRIBUTION_GRANT_OBSERVED		2026-10-10T01:15:51.851614+00:00	PROHIBITED_UNTIL_SOURCE_RIGHTS_AND_HUMAN_RELEASE_AUTHORITY_CLEARED	True
core45	24	asthma	finngen_r9_asthma_exmore		https://finngen.gitbook.io/documentation/r9/data-download	https://storage.googleapis.com/finngen-public-data-r9/summary_stats/finngen_R9_J10_ASTHMA_EXMORE.gz	763248427	647e74c12b10d15d9877807df6035756c697848437071c36635270fe7faf9ce9		/Users/swethasunilkumar/Documents/Codex/2026-10-08/go/work/sleep-gwas-atlas/sleep_unified_research_v4/reviews/independent_core_pipeline_replay_manifest_v4.json	451ea6d16263a467b8ac587e2069d66dfc7f736c9e694e23801efb5ba307413b	FINNGEN_R9;FINNGEN_FORM	NO_EXPLICIT_REDISTRIBUTION_GRANT_OBSERVED		2026-10-10T01:15:51.851614+00:00	PROHIBITED_UNTIL_SOURCE_RIGHTS_AND_HUMAN_RELEASE_AUTHORITY_CLEARED	True
core45	25	bmi	yengo_2018_bmi	GCST006900	https://www.ebi.ac.uk/gwas/studies/GCST006900	https://ftp.ebi.ac.uk/pub/databases/gwas/summary_statistics/GCST006001-GCST007000/GCST006900/Meta-analysis_Locke_et_al+UKBiobank_2018_UPDATED.txt.gz	46754937	0d6ed0ea97870916b830ccae349df94ca6f3cc68c025c79e784729af7f7136a4		/Users/swethasunilkumar/Documents/Codex/2026-10-08/go/work/sleep-gwas-atlas/sleep_unified_research_v4/reviews/independent_core_pipeline_replay_manifest_v4.json	451ea6d16263a467b8ac587e2069d66dfc7f736c9e694e23801efb5ba307413b	CATALOG_DEFAULT;EBI_OWNER_TERMS	https://www.ebi.ac.uk/about/terms-of-use/	https://www.ebi.ac.uk/gwas/rest/api/v2/studies/GCST006900 | response_SHA256=bd63e0252af58fb2a33bd57a20906e8d6b00608b6815e7548badd62ac1c155c3 | HTTP=200 | 2026-10-10T01:08:06.882250+00:00	2026-10-10T01:15:51.851614+00:00	PROHIBITED_UNTIL_SOURCE_RIGHTS_AND_HUMAN_RELEASE_AUTHORITY_CLEARED	True
core45	26	t2d	finngen_r9_t2d		https://finngen.gitbook.io/documentation/r9/data-download	https://storage.googleapis.com/finngen-public-data-r9/summary_stats/finngen_R9_T2D.gz	765175433	27cba4697dc59a0e8309f3fddd461fe45925c39e38865198d65410686c5aa17c		/Users/swethasunilkumar/Documents/Codex/2026-10-08/go/work/sleep-gwas-atlas/sleep_unified_research_v4/reviews/independent_core_pipeline_replay_manifest_v4.json	451ea6d16263a467b8ac587e2069d66dfc7f736c9e694e23801efb5ba307413b	FINNGEN_R9;FINNGEN_FORM	NO_EXPLICIT_REDISTRIBUTION_GRANT_OBSERVED		2026-10-10T01:15:51.851614+00:00	PROHIBITED_UNTIL_SOURCE_RIGHTS_AND_HUMAN_RELEASE_AUTHORITY_CLEARED	True
core45	27	ldl	graham_2021_ldl_eur	GCST90239658	https://www.ebi.ac.uk/gwas/studies/GCST90239658	https://ftp.ebi.ac.uk/pub/databases/gwas/summary_statistics/GCST90239001-GCST90240000/GCST90239658/LDL_INV_EUR_HRC_1KGP3_others_ALL.meta.singlevar.results.gz	2288565715	36b8d68476a00fcd5a599abe5877bcab3290becd55c3ef64e0dccf9b7c6f65ab		/Users/swethasunilkumar/Documents/Codex/2026-10-08/go/work/sleep-gwas-atlas/sleep_unified_research_v4/reviews/independent_core_pipeline_replay_manifest_v4.json	451ea6d16263a467b8ac587e2069d66dfc7f736c9e694e23801efb5ba307413b	CATALOG_DEFAULT;EBI_OWNER_TERMS	https://www.ebi.ac.uk/about/terms-of-use/	https://www.ebi.ac.uk/gwas/rest/api/v2/studies/GCST90239658 | response_SHA256=1fda97f7fe30beb1063d423f95f37def3ae56393869f34f2306c157b5ab18fc8 | HTTP=200 | 2026-10-10T01:08:16.364655+00:00	2026-10-10T01:15:51.851614+00:00	PROHIBITED_UNTIL_SOURCE_RIGHTS_AND_HUMAN_RELEASE_AUTHORITY_CLEARED	True
core45	28	hdl	graham_2021_hdl_eur	GCST90239652	https://www.ebi.ac.uk/gwas/studies/GCST90239652	https://ftp.ebi.ac.uk/pub/databases/gwas/summary_statistics/GCST90239001-GCST90240000/GCST90239652/HDL_INV_EUR_HRC_1KGP3_others_ALL.meta.singlevar.results.gz	2257306867	3711b6c62773e9685eb6a9d9b0ba7bb6551a5dcec5721c0718e7661f891d8055		/Users/swethasunilkumar/Documents/Codex/2026-10-08/go/work/sleep-gwas-atlas/sleep_unified_research_v4/reviews/independent_core_pipeline_replay_manifest_v4.json	451ea6d16263a467b8ac587e2069d66dfc7f736c9e694e23801efb5ba307413b	CATALOG_DEFAULT;EBI_OWNER_TERMS	https://www.ebi.ac.uk/about/terms-of-use/	https://www.ebi.ac.uk/gwas/rest/api/v2/studies/GCST90239652 | response_SHA256=d5831811ad17427713e92c2b6bbaf680b64161e6b96311d04100c9219c5d5784 | HTTP=200 | 2026-10-10T01:08:15.705562+00:00	2026-10-10T01:15:51.851614+00:00	PROHIBITED_UNTIL_SOURCE_RIGHTS_AND_HUMAN_RELEASE_AUTHORITY_CLEARED	True
core45	29	triglycerides	graham_2021_triglycerides_eur	GCST90239664	https://www.ebi.ac.uk/gwas/studies/GCST90239664	https://ftp.ebi.ac.uk/pub/databases/gwas/summary_statistics/GCST90239001-GCST90240000/GCST90239664/logTG_INV_EUR_HRC_1KGP3_others_ALL.meta.singlevar.results.gz	2299020335	d21a2822bdb6de5735ca741bd98978bcd91048f68087bf60175c671747557492		/Users/swethasunilkumar/Documents/Codex/2026-10-08/go/work/sleep-gwas-atlas/sleep_unified_research_v4/reviews/independent_core_pipeline_replay_manifest_v4.json	451ea6d16263a467b8ac587e2069d66dfc7f736c9e694e23801efb5ba307413b	CATALOG_DEFAULT;EBI_OWNER_TERMS	https://www.ebi.ac.uk/about/terms-of-use/	https://www.ebi.ac.uk/gwas/rest/api/v2/studies/GCST90239664 | response_SHA256=b85fdcbe0ddb2c14007e6101ebebe9612d474547b3fc315927ff0d60705af4b6 | HTTP=200 | 2026-10-10T01:08:17.956263+00:00	2026-10-10T01:15:51.851614+00:00	PROHIBITED_UNTIL_SOURCE_RIGHTS_AND_HUMAN_RELEASE_AUTHORITY_CLEARED	True
core45	30	cad	finngen_r9_ihd		https://finngen.gitbook.io/documentation/r9/data-download	https://storage.googleapis.com/finngen-public-data-r9/summary_stats/finngen_R9_I9_IHD.gz	764316665	5d635faa61fabf13d0143598dbcf80ff04deb4fa73c366bea5951002dcdd4e4a		/Users/swethasunilkumar/Documents/Codex/2026-10-08/go/work/sleep-gwas-atlas/sleep_unified_research_v4/reviews/independent_core_pipeline_replay_manifest_v4.json	451ea6d16263a467b8ac587e2069d66dfc7f736c9e694e23801efb5ba307413b	FINNGEN_R9;FINNGEN_FORM	NO_EXPLICIT_REDISTRIBUTION_GRANT_OBSERVED		2026-10-10T01:15:51.851614+00:00	PROHIBITED_UNTIL_SOURCE_RIGHTS_AND_HUMAN_RELEASE_AUTHORITY_CLEARED	True
core45	31	stroke	mishra_2022_any_stroke_eur	GCST90104539	https://www.ebi.ac.uk/gwas/studies/GCST90104539	https://ftp.ebi.ac.uk/pub/databases/gwas/summary_statistics/GCST90104001-GCST90105000/GCST90104539/GCST90104539_buildGRCh37.tsv.gz	283517495	15384ea2ff7e03faaf66a2a0c315fd7d2f71c0d39f76906278131d6db695c624		/Users/swethasunilkumar/Documents/Codex/2026-10-08/go/work/sleep-gwas-atlas/sleep_unified_research_v4/reviews/independent_core_pipeline_replay_manifest_v4.json	451ea6d16263a467b8ac587e2069d66dfc7f736c9e694e23801efb5ba307413b	CATALOG_DEFAULT;EBI_OWNER_TERMS	https://creativecommons.org/publicdomain/zero/1.0/	https://www.ebi.ac.uk/gwas/rest/api/v2/studies/GCST90104539 | response_SHA256=48fa71239b1369acc12ba6ab486d259ebde20823d09b7ebb4c3df9cde877333d | HTTP=200 | 2026-10-10T01:08:14.374841+00:00	2026-10-10T01:15:51.851614+00:00	PROHIBITED_UNTIL_SOURCE_RIGHTS_AND_HUMAN_RELEASE_AUTHORITY_CLEARED	True
core45	32	atrial_fibrillation	nielsen_2018_atrial_fibrillation	GCST006061	https://www.ebi.ac.uk/gwas/studies/GCST006061	https://ftp.ebi.ac.uk/pub/databases/gwas/summary_statistics/GCST006001-GCST007000/GCST006061/AF_HRC_GWAS_ALLv11.zip	190312717	3ef0f55a29ba0c065df14e55cfb4fb4351ac4da90e0da28e3438426e63e4879f		/Users/swethasunilkumar/Documents/Codex/2026-10-08/go/work/sleep-gwas-atlas/sleep_unified_research_v4/reviews/independent_core_pipeline_replay_manifest_v4.json	451ea6d16263a467b8ac587e2069d66dfc7f736c9e694e23801efb5ba307413b	CATALOG_DEFAULT;EBI_OWNER_TERMS	https://www.ebi.ac.uk/about/terms-of-use/	https://www.ebi.ac.uk/gwas/rest/api/v2/studies/GCST006061 | response_SHA256=0fbf3a8afb8a30e0c2796dd067dfd7b95c22969eb479436765cef5683fd9657c | HTTP=200 | 2026-10-10T01:08:05.618628+00:00	2026-10-10T01:15:51.851614+00:00	PROHIBITED_UNTIL_SOURCE_RIGHTS_AND_HUMAN_RELEASE_AUTHORITY_CLEARED	True
core45	33	sbp	evangelou_2018_sbp_opengwas		https://opengwas.io/datasets/ieu-b-38	https://api.opengwas.io/api/gwasinfo/files/trial	216210855	3cdead05ac3daa88265c8fd8fa53f5f89e4f0e8945dfc6b2f8fc5a3bafaa260c		/Users/swethasunilkumar/Documents/Codex/2026-10-08/go/work/sleep-gwas-atlas/sleep_unified_research_v4/reviews/independent_core_pipeline_replay_manifest_v4.json	451ea6d16263a467b8ac587e2069d66dfc7f736c9e694e23801efb5ba307413b	OPENGWAS_SBP	EXACT_DATASET_LICENSE_NOT_ESTABLISHED		2026-10-10T01:15:51.851614+00:00	PROHIBITED_UNTIL_SOURCE_RIGHTS_AND_HUMAN_RELEASE_AUTHORITY_CLEARED	True
core45	34	longevity	deelen_2019_longevity_90th	GCST008598	https://www.ebi.ac.uk/gwas/studies/GCST008598	https://ftp.ebi.ac.uk/pub/databases/gwas/summary_statistics/GCST008001-GCST009000/GCST008598/Results_90th_percentile.txt.gz	141843112	99353dfd78f9cb86b35f6cea4fb86ccebed781064d03a8495f24ee56da7c6ac7		/Users/swethasunilkumar/Documents/Codex/2026-10-08/go/work/sleep-gwas-atlas/sleep_unified_research_v4/reviews/independent_core_pipeline_replay_manifest_v4.json	451ea6d16263a467b8ac587e2069d66dfc7f736c9e694e23801efb5ba307413b	CATALOG_DEFAULT;EBI_OWNER_TERMS	https://www.ebi.ac.uk/about/terms-of-use/	https://www.ebi.ac.uk/gwas/rest/api/v2/studies/GCST008598 | response_SHA256=a86ac566dffff79bb0589f0da063b591cc5bb4a8e232c24e14f9af1111a4fd53 | HTTP=200 | 2026-10-10T01:08:10.584173+00:00	2026-10-10T01:15:51.851614+00:00	PROHIBITED_UNTIL_SOURCE_RIGHTS_AND_HUMAN_RELEASE_AUTHORITY_CLEARED	True
core45	35	parental_lifespan	timmers_2019_parental_lifespan	GCST009890	https://www.ebi.ac.uk/gwas/studies/GCST009890	https://ftp.ebi.ac.uk/pub/databases/gwas/summary_statistics/GCST009001-GCST010000/GCST009890/lifegen_phase2_bothpl_alldr_2017_09_18.tsv.gz	483395501	a3d6ef25139352bae34c8effbce1fa6c49144f9c7d65cae368b98d45419bc38d		/Users/swethasunilkumar/Documents/Codex/2026-10-08/go/work/sleep-gwas-atlas/sleep_unified_research_v4/reviews/independent_core_pipeline_replay_manifest_v4.json	451ea6d16263a467b8ac587e2069d66dfc7f736c9e694e23801efb5ba307413b	CATALOG_DEFAULT;EBI_OWNER_TERMS	https://www.ebi.ac.uk/about/terms-of-use/	https://www.ebi.ac.uk/gwas/rest/api/v2/studies/GCST009890 | response_SHA256=fff798a9bed9e931dc24670713e6376e574af46b2926ee3636a6814a9454c32a | HTTP=200 | 2026-10-10T01:08:12.435958+00:00	2026-10-10T01:15:51.851614+00:00	PROHIBITED_UNTIL_SOURCE_RIGHTS_AND_HUMAN_RELEASE_AUTHORITY_CLEARED	True
core45	36	healthspan	zenin_2019_healthspan	GCST007406	https://www.ebi.ac.uk/gwas/studies/GCST007406	https://ftp.ebi.ac.uk/pub/databases/gwas/summary_statistics/GCST007001-GCST008000/GCST007406/GCST007406_buildGRCh37.tsv	744138831	a95234fcbae95c38caef9d564ee4b61dda213ca1ab00f161f39e7c109a543cf5		/Users/swethasunilkumar/Documents/Codex/2026-10-08/go/work/sleep-gwas-atlas/sleep_unified_research_v4/reviews/independent_core_pipeline_replay_manifest_v4.json	451ea6d16263a467b8ac587e2069d66dfc7f736c9e694e23801efb5ba307413b	CATALOG_DEFAULT;EBI_OWNER_TERMS	https://www.ebi.ac.uk/about/terms-of-use/	https://www.ebi.ac.uk/gwas/rest/api/v2/studies/GCST007406 | response_SHA256=d5a1a914a5c3e7d4fb76c254e15ef846ceb57675b403e4b33ade8bfa6a900b53 | HTTP=200 | 2026-10-10T01:08:07.641766+00:00	2026-10-10T01:15:51.851614+00:00	PROHIBITED_UNTIL_SOURCE_RIGHTS_AND_HUMAN_RELEASE_AUTHORITY_CLEARED	True
core45	37	frailty	atkins_2021_frailty_index	GCST90020053	https://www.ebi.ac.uk/gwas/studies/GCST90020053	https://ftp.ebi.ac.uk/pub/databases/gwas/summary_statistics/GCST90020001-GCST90021000/GCST90020053/GCST90020053_buildGRCh37.tsv	560427688	23d12f4e18e1674a1281836d0cb6323cb7f1d09529d42bfe17a70b885638dade		/Users/swethasunilkumar/Documents/Codex/2026-10-08/go/work/sleep-gwas-atlas/sleep_unified_research_v4/reviews/independent_core_pipeline_replay_manifest_v4.json	451ea6d16263a467b8ac587e2069d66dfc7f736c9e694e23801efb5ba307413b	CATALOG_DEFAULT;EBI_OWNER_TERMS	https://creativecommons.org/publicdomain/zero/1.0/	https://www.ebi.ac.uk/gwas/rest/api/v2/studies/GCST90020053 | response_SHA256=8f58ca66a00a8621d29d4fa59a7477dc8367fff3e1da943e068a95e49391a6d3 | HTTP=200 | 2026-10-10T01:08:13.091027+00:00	2026-10-10T01:15:51.851614+00:00	PROHIBITED_UNTIL_SOURCE_RIGHTS_AND_HUMAN_RELEASE_AUTHORITY_CLEARED	True
core45	38	telomere_length	burren_2024_telomere_nfe	GCST90435144	https://www.ebi.ac.uk/gwas/studies/GCST90435144	https://ftp.ebi.ac.uk/pub/databases/gwas/summary_statistics/GCST90435001-GCST90436000/GCST90435144/GCST90435144.tsv.gz	632315354	59a970cc74bc0a048041d9cbc849314734cf023a36ed9387bb60385d92cbd8eb		/Users/swethasunilkumar/Documents/Codex/2026-10-08/go/work/sleep-gwas-atlas/sleep_unified_research_v4/reviews/independent_core_pipeline_replay_manifest_v4.json	451ea6d16263a467b8ac587e2069d66dfc7f736c9e694e23801efb5ba307413b	CATALOG_DEFAULT;EBI_OWNER_TERMS	https://creativecommons.org/publicdomain/zero/1.0/	https://www.ebi.ac.uk/gwas/rest/api/v2/studies/GCST90435144 | response_SHA256=857ad363d45ea4553dbe223b3df1c7d28a543fd1b82cd1ccc9d90fdf75b01647 | HTTP=200 | 2026-10-10T01:08:19.514472+00:00	2026-10-10T01:15:51.851614+00:00	PROHIBITED_UNTIL_SOURCE_RIGHTS_AND_HUMAN_RELEASE_AUTHORITY_CLEARED	True
core45	39	grip_strength	neale_2018_left_grip_strength		https://www.nealelab.is/uk-biobank/	https://broad-ukb-sumstats-us-east-1.s3.amazonaws.com/round2/additive-tsvs/46_irnt.gwas.imputed_v3.both_sexes.tsv.bgz	539248977	da2ceb5e59c2d0edf2c405d0e6e918c7a07876d3dfb3f42b1b3c43133ca65b55		/Users/swethasunilkumar/Documents/Codex/2026-10-08/go/work/sleep-gwas-atlas/sleep_unified_research_v4/reviews/independent_core_pipeline_replay_manifest_v4.json	451ea6d16263a467b8ac587e2069d66dfc7f736c9e694e23801efb5ba307413b	NEALE_R2	UNRESTRICTED_USE_STATEMENT_NO_NAMED_DATASET_LICENSE		2026-10-10T01:15:51.851614+00:00	PROHIBITED_UNTIL_SOURCE_RIGHTS_AND_HUMAN_RELEASE_AUTHORITY_CLEARED	True
core45	40	breast_cancer	bcac_2020_overall_breast_cancer		https://www.ccge.medschl.cam.ac.uk/breast-cancer-association-consortium-bcac/data-data-access/summary-results/gwas-summary-associations	https://drive.usercontent.google.com/download?id=1Co4OsQQlrNQuk7qf_K99Vc5HQuBF3Xph&export=download&confirm=t	4764280363	4f21dfc33d52753d496cd33756beed6e78e31fd6849fbd5755c406ad2c64e9c8		/Users/swethasunilkumar/Documents/Codex/2026-10-08/go/work/sleep-gwas-atlas/sleep_unified_research_v4/reviews/independent_core_pipeline_replay_manifest_v4.json	451ea6d16263a467b8ac587e2069d66dfc7f736c9e694e23801efb5ba307413b	BCAC	EXACT_SOURCE_LICENSE_ACCESS_FAILED		2026-10-10T01:15:51.851614+00:00	PROHIBITED_UNTIL_SOURCE_RIGHTS_AND_HUMAN_RELEASE_AUTHORITY_CLEARED	True
core45	41	prostate_cancer	schumacher_2018_prostate_cancer	GCST006085	https://www.ebi.ac.uk/gwas/studies/GCST006085	https://ftp.ebi.ac.uk/pub/databases/gwas/summary_statistics/GCST006001-GCST007000/GCST006085/meta_v3_onco_euro_overall_ChrAll_1_release.txt	2534497125	649921348dcc20f22a86e17bf897a2f8ae93139613a393f492d97e006a923390		/Users/swethasunilkumar/Documents/Codex/2026-10-08/go/work/sleep-gwas-atlas/sleep_unified_research_v4/reviews/independent_core_pipeline_replay_manifest_v4.json	451ea6d16263a467b8ac587e2069d66dfc7f736c9e694e23801efb5ba307413b	CATALOG_DEFAULT;EBI_OWNER_TERMS	https://www.ebi.ac.uk/about/terms-of-use/	https://www.ebi.ac.uk/gwas/rest/api/v2/studies/GCST006085 | response_SHA256=465b1242ec977f87e3c6f3acb044ff29cc39ed91213accd35c61c60d5ca9a619 | HTTP=200 | 2026-10-10T01:08:06.262697+00:00	2026-10-10T01:15:51.851614+00:00	PROHIBITED_UNTIL_SOURCE_RIGHTS_AND_HUMAN_RELEASE_AUTHORITY_CLEARED	True
core45	42	colorectal_cancer	fernandez_rozadilla_2023_colorectal_eur	GCST90255675	https://www.ebi.ac.uk/gwas/studies/GCST90255675	https://ftp.ebi.ac.uk/pub/databases/gwas/summary_statistics/GCST90255001-GCST90256000/GCST90255675/GCST90255675_buildGRCh37.tsv	689720973	5247a9f31a8291d8e3203fba63cf5d8a64bab2d0b8d30a42a61531f418fb92ed		/Users/swethasunilkumar/Documents/Codex/2026-10-08/go/work/sleep-gwas-atlas/sleep_unified_research_v4/reviews/independent_core_pipeline_replay_manifest_v4.json	451ea6d16263a467b8ac587e2069d66dfc7f736c9e694e23801efb5ba307413b	CATALOG_DEFAULT;EBI_OWNER_TERMS;CRC_ACADEMIC	Please Refer to ReadMe File	https://www.ebi.ac.uk/gwas/rest/api/v2/studies/GCST90255675 | response_SHA256=0d4d5ee379b4fad572fc332a5c53a0fb4a86db76d99c0a69fc23176dc751f680 | HTTP=200 | 2026-10-10T01:08:18.851620+00:00	2026-10-10T01:15:51.851614+00:00	PROHIBITED_UNTIL_SOURCE_RIGHTS_AND_HUMAN_RELEASE_AUTHORITY_CLEARED	True
core45	43	lung_cancer	mckay_2017_lung_cancer_eur	GCST004748	https://www.ebi.ac.uk/gwas/studies/GCST004748	https://ftp.ebi.ac.uk/pub/databases/gwas/summary_statistics/GCST004001-GCST005000/GCST004748/GCST004748_buildGRCh37.tsv	733791985	94f42820e5950dec4a0210547debe06dbedf1b34968dc51a9f90a2f0cce34105		/Users/swethasunilkumar/Documents/Codex/2026-10-08/go/work/sleep-gwas-atlas/sleep_unified_research_v4/reviews/independent_core_pipeline_replay_manifest_v4.json	451ea6d16263a467b8ac587e2069d66dfc7f736c9e694e23801efb5ba307413b	CATALOG_DEFAULT;EBI_OWNER_TERMS	https://creativecommons.org/publicdomain/zero/1.0/	https://www.ebi.ac.uk/gwas/rest/api/v2/studies/GCST004748 | response_SHA256=a83890d4cff4e1e5ff658bf07946c2219b28b7eb352e981a8e0335a6489d9c48 | HTTP=200 | 2026-10-10T01:08:04.920212+00:00	2026-10-10T01:15:51.851614+00:00	PROHIBITED_UNTIL_SOURCE_RIGHTS_AND_HUMAN_RELEASE_AUTHORITY_CLEARED	True
core45	44	melanoma	finngen_r9_melanoma_skin_exallc		https://finngen.gitbook.io/documentation/r9/data-download	https://storage.googleapis.com/finngen-public-data-r9/summary_stats/finngen_R9_C3_MELANOMA_SKIN_EXALLC.gz	757006258	fcda650ea871d6ad027b97e7b055303e926091d1f57dea554a070aacbf745db5		/Users/swethasunilkumar/Documents/Codex/2026-10-08/go/work/sleep-gwas-atlas/sleep_unified_research_v4/reviews/independent_core_pipeline_replay_manifest_v4.json	451ea6d16263a467b8ac587e2069d66dfc7f736c9e694e23801efb5ba307413b	FINNGEN_R9;FINNGEN_FORM	NO_EXPLICIT_REDISTRIBUTION_GRANT_OBSERVED		2026-10-10T01:15:51.851614+00:00	PROHIBITED_UNTIL_SOURCE_RIGHTS_AND_HUMAN_RELEASE_AUTHORITY_CLEARED	True
core45	45	ovarian_cancer	phelan_2017_ovarian_cancer	GCST004462	https://www.ebi.ac.uk/gwas/studies/GCST004462	https://ftp.ebi.ac.uk/pub/databases/gwas/summary_statistics/GCST004001-GCST005000/GCST004462/Phelan_Archive.zip	3774309689	47c48d83ac9d6a072961e25021ce3e900b7dabb8401bb4ac498a9741ac8a06ab		/Users/swethasunilkumar/Documents/Codex/2026-10-08/go/work/sleep-gwas-atlas/sleep_unified_research_v4/reviews/independent_core_pipeline_replay_manifest_v4.json	451ea6d16263a467b8ac587e2069d66dfc7f736c9e694e23801efb5ba307413b	CATALOG_DEFAULT;EBI_OWNER_TERMS	https://www.ebi.ac.uk/about/terms-of-use/	https://www.ebi.ac.uk/gwas/rest/api/v2/studies/GCST004462 | response_SHA256=94efc134ba6140d996ae35b704cb66663df164cc73ee28a93ef94b81de323e28 | HTTP=200 | 2026-10-10T01:08:04.317794+00:00	2026-10-10T01:15:51.851614+00:00	PROHIBITED_UNTIL_SOURCE_RIGHTS_AND_HUMAN_RELEASE_AUTHORITY_CLEARED	True
extension100	1	panukbb_biomarkers__30890__both_sexes__na__irnt	panukbb_biomarkers__30890__both_sexes__na__irnt		https://pan.ukbb.broadinstitute.org/downloads/index.html	https://pan-ukb-us-east-1.s3.amazonaws.com/sumstats_flat_files/biomarkers-30890-both_sexes-irnt.tsv.bgz?versionId=9c2W0rKby6r6dnPRkXtrjtMeUwabO5qK	2250381130	88d116404c1f606379ff9af37d816054d3cc8a82f2e5e280b06a5c55c32509d9	1bfca8cedf21ee0c71d26a87151ea32c	/Users/swethasunilkumar/Documents/Codex/2026-10-08/go/work/sleep-gwas-atlas/sleep_unified_research_v4/manifests/extension_raw_acquisition_plan_v4_8.json	77bf2da98b851ac1aa9d414b2b695fb04a65b0c4ca987f7d85db2097e9e7ef8b	PAN_UKB	CC BY4.0_SOURCE_GWAS_RESULTS		2026-10-10T01:15:51.851614+00:00	PROHIBITED_UNTIL_SOURCE_RIGHTS_AND_HUMAN_RELEASE_AUTHORITY_CLEARED	True
extension100	2	panukbb_continuous__30060__both_sexes__na__irnt	panukbb_continuous__30060__both_sexes__na__irnt		https://pan.ukbb.broadinstitute.org/downloads/index.html	https://pan-ukb-us-east-1.s3.amazonaws.com/sumstats_flat_files/continuous-30060-both_sexes-irnt.tsv.bgz?versionId=3Nbk3nbE4grPp26gTeFOPUsq17sbXNv5	2288686640	ab3e4f817f5b00db22e160bed0b35e1b4679110ad9aec91589fb542d621a986c	05d80e95e46e8c0fab7154e98372e097	/Users/swethasunilkumar/Documents/Codex/2026-10-08/go/work/sleep-gwas-atlas/sleep_unified_research_v4/manifests/extension_raw_acquisition_plan_v4_8.json	77bf2da98b851ac1aa9d414b2b695fb04a65b0c4ca987f7d85db2097e9e7ef8b	PAN_UKB	CC BY4.0_SOURCE_GWAS_RESULTS		2026-10-10T01:15:51.851614+00:00	PROHIBITED_UNTIL_SOURCE_RIGHTS_AND_HUMAN_RELEASE_AUTHORITY_CLEARED	True
extension100	3	panukbb_continuous__30510__both_sexes__na__irnt	panukbb_continuous__30510__both_sexes__na__irnt		https://pan.ukbb.broadinstitute.org/downloads/index.html	https://pan-ukb-us-east-1.s3.amazonaws.com/sumstats_flat_files/continuous-30510-both_sexes-irnt.tsv.bgz?versionId=gS02wV72LIhucylR11PgY14eIENJ1Jk7	2287468789	ff908a94d2e6f62ef7043e826d5f02dce4951e641e59f0cdceb4f22aed5eb6c6	d7ab55db04d432592bb93b584ccc2b3b	/Users/swethasunilkumar/Documents/Codex/2026-10-08/go/work/sleep-gwas-atlas/sleep_unified_research_v4/manifests/extension_raw_acquisition_plan_v4_8.json	77bf2da98b851ac1aa9d414b2b695fb04a65b0c4ca987f7d85db2097e9e7ef8b	PAN_UKB	CC BY4.0_SOURCE_GWAS_RESULTS		2026-10-10T01:15:51.851614+00:00	PROHIBITED_UNTIL_SOURCE_RIGHTS_AND_HUMAN_RELEASE_AUTHORITY_CLEARED	True
extension100	4	panukbb_continuous__30520__both_sexes__na__irnt	panukbb_continuous__30520__both_sexes__na__irnt		https://pan.ukbb.broadinstitute.org/downloads/index.html	https://pan-ukb-us-east-1.s3.amazonaws.com/sumstats_flat_files/continuous-30520-both_sexes-irnt.tsv.bgz?versionId=7hgnbDwMPG6xxy8KxYNFh8OslCqbZX1X	2287347717	e91a5fd1a1496867a97393b35d5cf6d1a299273e3df18bc79a953fa1a5c3a7ce	c6316476ff81d15cb11aaf82ea3ab4c9	/Users/swethasunilkumar/Documents/Codex/2026-10-08/go/work/sleep-gwas-atlas/sleep_unified_research_v4/manifests/extension_raw_acquisition_plan_v4_8.json	77bf2da98b851ac1aa9d414b2b695fb04a65b0c4ca987f7d85db2097e9e7ef8b	PAN_UKB	CC BY4.0_SOURCE_GWAS_RESULTS		2026-10-10T01:15:51.851614+00:00	PROHIBITED_UNTIL_SOURCE_RIGHTS_AND_HUMAN_RELEASE_AUTHORITY_CLEARED	True
extension100	5	panukbb_continuous__30530__both_sexes__na__irnt	panukbb_continuous__30530__both_sexes__na__irnt		https://pan.ukbb.broadinstitute.org/downloads/index.html	https://pan-ukb-us-east-1.s3.amazonaws.com/sumstats_flat_files/continuous-30530-both_sexes-irnt.tsv.bgz?versionId=Pf4R7rnX7OF4yLw8VD9_BBeVwEo.xjMI	2299805399	3336d342199b26d0b60fb7a4ea3a39c63e2184b64c7fe09bde9816eff20e8136	9c235aad24eb26c34888147a645870b1	/Users/swethasunilkumar/Documents/Codex/2026-10-08/go/work/sleep-gwas-atlas/sleep_unified_research_v4/manifests/extension_raw_acquisition_plan_v4_8.json	77bf2da98b851ac1aa9d414b2b695fb04a65b0c4ca987f7d85db2097e9e7ef8b	PAN_UKB	CC BY4.0_SOURCE_GWAS_RESULTS		2026-10-10T01:15:51.851614+00:00	PROHIBITED_UNTIL_SOURCE_RIGHTS_AND_HUMAN_RELEASE_AUTHORITY_CLEARED	True
extension100	6	panukbb_phecode__594__both_sexes__na__na	panukbb_phecode__594__both_sexes__na__na		https://pan.ukbb.broadinstitute.org/downloads/index.html	https://pan-ukb-us-east-1.s3.amazonaws.com/sumstats_flat_files/phecode-594-both_sexes.tsv.bgz?versionId=V.15T18lK58uZeMSewcR7usLlwcpNs7Q	2089852693	dd1b780dc868c32174e88331a93f7a8ab9a5e33dc4a9936f773aaebf1f765d72	2fedaf06312a142a31e404616e338a91	/Users/swethasunilkumar/Documents/Codex/2026-10-08/go/work/sleep-gwas-atlas/sleep_unified_research_v4/manifests/extension_raw_acquisition_plan_v4_8.json	77bf2da98b851ac1aa9d414b2b695fb04a65b0c4ca987f7d85db2097e9e7ef8b	PAN_UKB	CC BY4.0_SOURCE_GWAS_RESULTS		2026-10-10T01:15:51.851614+00:00	PROHIBITED_UNTIL_SOURCE_RIGHTS_AND_HUMAN_RELEASE_AUTHORITY_CLEARED	True
extension100	7	panukbb_icd10__j44__both_sexes__na__na	panukbb_icd10__j44__both_sexes__na__na		https://pan.ukbb.broadinstitute.org/downloads/index.html	https://pan-ukb-us-east-1.s3.amazonaws.com/sumstats_flat_files/icd10-J44-both_sexes.tsv.bgz?versionId=MTbtTv5nK5NJfBBkof7SgR6x_Iji2Zi9	1827545082	cd0b714c62813812c2284923ac0b0b9ee76e5c47ba1f4a3d2ad2f68574ef8a15	787f3a8ce3502a9a8f597a17144e07ae	/Users/swethasunilkumar/Documents/Codex/2026-10-08/go/work/sleep-gwas-atlas/sleep_unified_research_v4/manifests/extension_raw_acquisition_plan_v4_8.json	77bf2da98b851ac1aa9d414b2b695fb04a65b0c4ca987f7d85db2097e9e7ef8b	PAN_UKB	CC BY4.0_SOURCE_GWAS_RESULTS		2026-10-10T01:15:51.851614+00:00	PROHIBITED_UNTIL_SOURCE_RIGHTS_AND_HUMAN_RELEASE_AUTHORITY_CLEARED	True
extension100	8	panukbb_continuous__3064__both_sexes__na__irnt	panukbb_continuous__3064__both_sexes__na__irnt		https://pan.ukbb.broadinstitute.org/downloads/index.html	https://pan-ukb-us-east-1.s3.amazonaws.com/sumstats_flat_files/continuous-3064-both_sexes-irnt.tsv.bgz?versionId=ClKAKGAPjNpkrVoY14mddO3.c5BQ5w1I	2281805507	d6ce5bd0ea29395177be85753a62e948ccec45ebac12311b424a24b17743e142	a4cc00917087cc8e81d4e798ac7b4c10	/Users/swethasunilkumar/Documents/Codex/2026-10-08/go/work/sleep-gwas-atlas/sleep_unified_research_v4/manifests/extension_raw_acquisition_plan_v4_8.json	77bf2da98b851ac1aa9d414b2b695fb04a65b0c4ca987f7d85db2097e9e7ef8b	PAN_UKB	CC BY4.0_SOURCE_GWAS_RESULTS		2026-10-10T01:15:51.851614+00:00	PROHIBITED_UNTIL_SOURCE_RIGHTS_AND_HUMAN_RELEASE_AUTHORITY_CLEARED	True
extension100	9	panukbb_categorical__2316__both_sexes__2316__na	panukbb_categorical__2316__both_sexes__2316__na		https://pan.ukbb.broadinstitute.org/downloads/index.html	https://pan-ukb-us-east-1.s3.amazonaws.com/sumstats_flat_files/categorical-2316-both_sexes-2316.tsv.bgz?versionId=Dn8NuJIQzkD.NQb5oLjDIZmGHqF.xrgV	2757474074	fef1c8390079fc1403cedf05ade29e95456eff5e7ad15d6e162c6dad550da502	0354454dc4eb0cd89341d1154a416c81	/Users/swethasunilkumar/Documents/Codex/2026-10-08/go/work/sleep-gwas-atlas/sleep_unified_research_v4/manifests/extension_raw_acquisition_plan_v4_8.json	77bf2da98b851ac1aa9d414b2b695fb04a65b0c4ca987f7d85db2097e9e7ef8b	PAN_UKB	CC BY4.0_SOURCE_GWAS_RESULTS		2026-10-10T01:15:51.851614+00:00	PROHIBITED_UNTIL_SOURCE_RIGHTS_AND_HUMAN_RELEASE_AUTHORITY_CLEARED	True
extension100	10	panukbb_phecode__496_2__both_sexes__na__na	panukbb_phecode__496_2__both_sexes__na__na		https://pan.ukbb.broadinstitute.org/downloads/index.html	https://pan-ukb-us-east-1.s3.amazonaws.com/sumstats_flat_files/phecode-496.2-both_sexes.tsv.bgz?versionId=KdpY.hAERlwWf0Yp4ONaR2qCpBpILcvZ	1829839900	53ed8198190d114d8a7575a65bdc5725ad7fa4207676f2e911733d30fccd69ce	b8a7c8029e38aa8eb7a9cc90bcec69b9	/Users/swethasunilkumar/Documents/Codex/2026-10-08/go/work/sleep-gwas-atlas/sleep_unified_research_v4/manifests/extension_raw_acquisition_plan_v4_8.json	77bf2da98b851ac1aa9d414b2b695fb04a65b0c4ca987f7d85db2097e9e7ef8b	PAN_UKB	CC BY4.0_SOURCE_GWAS_RESULTS		2026-10-10T01:15:51.851614+00:00	PROHIBITED_UNTIL_SOURCE_RIGHTS_AND_HUMAN_RELEASE_AUTHORITY_CLEARED	True
extension100	11	panukbb_icd10__k21__both_sexes__na__na	panukbb_icd10__k21__both_sexes__na__na		https://pan.ukbb.broadinstitute.org/downloads/index.html	https://pan-ukb-us-east-1.s3.amazonaws.com/sumstats_flat_files/icd10-K21-both_sexes.tsv.bgz?versionId=Ibmn6pfZsQ30XSVbPovcEYGlpGSsKrfP	2676247696	e6ae35c88b61d639e494e4dc0ac18aae2c2d1d215e0a4c3fd95df42608ce10cf	10902b3f6bb0ce9f1de3ccfe1ea63d3d	/Users/swethasunilkumar/Documents/Codex/2026-10-08/go/work/sleep-gwas-atlas/sleep_unified_research_v4/manifests/extension_raw_acquisition_plan_v4_8.json	77bf2da98b851ac1aa9d414b2b695fb04a65b0c4ca987f7d85db2097e9e7ef8b	PAN_UKB	CC BY4.0_SOURCE_GWAS_RESULTS		2026-10-10T01:15:51.851614+00:00	PROHIBITED_UNTIL_SOURCE_RIGHTS_AND_HUMAN_RELEASE_AUTHORITY_CLEARED	True
extension100	12	panukbb_icd10__k80__both_sexes__na__na	panukbb_icd10__k80__both_sexes__na__na		https://pan.ukbb.broadinstitute.org/downloads/index.html	https://pan-ukb-us-east-1.s3.amazonaws.com/sumstats_flat_files/icd10-K80-both_sexes.tsv.bgz?versionId=ciBS.Qv4XpfC37SYqUIiVKSxHGZmVoh5	2092722609	c564abeae14243f685da348ff2128b3b2b562c0633eac3ade2bd954d7af7fe32	5356089b5a1b43927b8d5d1bcf39b3d3	/Users/swethasunilkumar/Documents/Codex/2026-10-08/go/work/sleep-gwas-atlas/sleep_unified_research_v4/manifests/extension_raw_acquisition_plan_v4_8.json	77bf2da98b851ac1aa9d414b2b695fb04a65b0c4ca987f7d85db2097e9e7ef8b	PAN_UKB	CC BY4.0_SOURCE_GWAS_RESULTS		2026-10-10T01:15:51.851614+00:00	PROHIBITED_UNTIL_SOURCE_RIGHTS_AND_HUMAN_RELEASE_AUTHORITY_CLEARED	True
extension100	13	panukbb_phecode__550_2__both_sexes__na__na	panukbb_phecode__550_2__both_sexes__na__na		https://pan.ukbb.broadinstitute.org/downloads/index.html	https://pan-ukb-us-east-1.s3.amazonaws.com/sumstats_flat_files/phecode-550.2-both_sexes.tsv.bgz?versionId=B05rbYisOQcCDAekPM4_nGLQzPnlcWsS	2659761179	05efbec22364bbacfa64676e05217e2a5303c3f7f6e811d9da4211a156bad7e9	e9e928a68ee6b16aab3c3a43ddd37db3	/Users/swethasunilkumar/Documents/Codex/2026-10-08/go/work/sleep-gwas-atlas/sleep_unified_research_v4/manifests/extension_raw_acquisition_plan_v4_8.json	77bf2da98b851ac1aa9d414b2b695fb04a65b0c4ca987f7d85db2097e9e7ef8b	PAN_UKB	CC BY4.0_SOURCE_GWAS_RESULTS		2026-10-10T01:15:51.851614+00:00	PROHIBITED_UNTIL_SOURCE_RIGHTS_AND_HUMAN_RELEASE_AUTHORITY_CLEARED	True
extension100	14	panukbb_phecode__550_4__both_sexes__na__na	panukbb_phecode__550_4__both_sexes__na__na		https://pan.ukbb.broadinstitute.org/downloads/index.html	https://pan-ukb-us-east-1.s3.amazonaws.com/sumstats_flat_files/phecode-550.4-both_sexes.tsv.bgz?versionId=2Sbnr_nrw_yOYir.Y7gJTkZRyScgT0Dr	1797843548	e32b7dd24c2e2f553178bf5029b436834263063bbee072b6ab2ba069fe12b54e	0f311069261a45466a188c2d9a4e0775	/Users/swethasunilkumar/Documents/Codex/2026-10-08/go/work/sleep-gwas-atlas/sleep_unified_research_v4/manifests/extension_raw_acquisition_plan_v4_8.json	77bf2da98b851ac1aa9d414b2b695fb04a65b0c4ca987f7d85db2097e9e7ef8b	PAN_UKB	CC BY4.0_SOURCE_GWAS_RESULTS		2026-10-10T01:15:51.851614+00:00	PROHIBITED_UNTIL_SOURCE_RIGHTS_AND_HUMAN_RELEASE_AUTHORITY_CLEARED	True
extension100	15	panukbb_phecode__558__both_sexes__na__na	panukbb_phecode__558__both_sexes__na__na		https://pan.ukbb.broadinstitute.org/downloads/index.html	https://pan-ukb-us-east-1.s3.amazonaws.com/sumstats_flat_files/phecode-558-both_sexes.tsv.bgz?versionId=ANPorusZ1jjPYh_8x.694AnOsIKri.oC	2382547491	bf86011d80b4af3c964e002ec47411d4c4c3bfd5b715588a0e617e5a954d8525	4f29a8d47f319b30ed3999f56ccdc3bd	/Users/swethasunilkumar/Documents/Codex/2026-10-08/go/work/sleep-gwas-atlas/sleep_unified_research_v4/manifests/extension_raw_acquisition_plan_v4_8.json	77bf2da98b851ac1aa9d414b2b695fb04a65b0c4ca987f7d85db2097e9e7ef8b	PAN_UKB	CC BY4.0_SOURCE_GWAS_RESULTS		2026-10-10T01:15:51.851614+00:00	PROHIBITED_UNTIL_SOURCE_RIGHTS_AND_HUMAN_RELEASE_AUTHORITY_CLEARED	True
extension100	16	panukbb_phecode__785__both_sexes__na__na	panukbb_phecode__785__both_sexes__na__na		https://pan.ukbb.broadinstitute.org/downloads/index.html	https://pan-ukb-us-east-1.s3.amazonaws.com/sumstats_flat_files/phecode-785-both_sexes.tsv.bgz?versionId=Z3mxoTZdP66mqtv.7mQwbz8HcFaTwnDP	2714551855	9ed4b8f62237e92cc71ae5ec0c84ce636e69d18396bad7c48e8bdf4e48d22a99	c141c1451f4add4e0f129e2320abfa9f	/Users/swethasunilkumar/Documents/Codex/2026-10-08/go/work/sleep-gwas-atlas/sleep_unified_research_v4/manifests/extension_raw_acquisition_plan_v4_8.json	77bf2da98b851ac1aa9d414b2b695fb04a65b0c4ca987f7d85db2097e9e7ef8b	PAN_UKB	CC BY4.0_SOURCE_GWAS_RESULTS		2026-10-10T01:15:51.851614+00:00	PROHIBITED_UNTIL_SOURCE_RIGHTS_AND_HUMAN_RELEASE_AUTHORITY_CLEARED	True
extension100	17	panukbb_categorical__41200__both_sexes__j183__na	panukbb_categorical__41200__both_sexes__j183__na		https://pan.ukbb.broadinstitute.org/downloads/index.html	https://pan-ukb-us-east-1.s3.amazonaws.com/sumstats_flat_files/categorical-41200-both_sexes-J183.tsv.bgz?versionId=WeJYUw5XHLbOeIB.l3pXhAr0pjZI817J	2063492340	66f97527e6ae9877ce86ecac76a70b1401fc5d32c8a06db7f2f33502bd82d17c	7814e999d3f06d6ec36e22e43f8ebc0d	/Users/swethasunilkumar/Documents/Codex/2026-10-08/go/work/sleep-gwas-atlas/sleep_unified_research_v4/manifests/extension_raw_acquisition_plan_v4_8.json	77bf2da98b851ac1aa9d414b2b695fb04a65b0c4ca987f7d85db2097e9e7ef8b	PAN_UKB	CC BY4.0_SOURCE_GWAS_RESULTS		2026-10-10T01:15:51.851614+00:00	PROHIBITED_UNTIL_SOURCE_RIGHTS_AND_HUMAN_RELEASE_AUTHORITY_CLEARED	True
extension100	18	panukbb_categorical__20004__both_sexes__1483__na	panukbb_categorical__20004__both_sexes__1483__na		https://pan.ukbb.broadinstitute.org/downloads/index.html	https://pan-ukb-us-east-1.s3.amazonaws.com/sumstats_flat_files/categorical-20004-both_sexes-1483.tsv.bgz?versionId=9UorDSKg5lpoaKXflC6jCynthndbzlrH	2320365581	1f227bbfc160b1abd3c8e3a18e5261bc222f3f8f7b9dde533688c22f2f7930a7	7e481fb6ddc9190b0a359e9db82f455a	/Users/swethasunilkumar/Documents/Codex/2026-10-08/go/work/sleep-gwas-atlas/sleep_unified_research_v4/manifests/extension_raw_acquisition_plan_v4_8.json	77bf2da98b851ac1aa9d414b2b695fb04a65b0c4ca987f7d85db2097e9e7ef8b	PAN_UKB	CC BY4.0_SOURCE_GWAS_RESULTS		2026-10-10T01:15:51.851614+00:00	PROHIBITED_UNTIL_SOURCE_RIGHTS_AND_HUMAN_RELEASE_AUTHORITY_CLEARED	True
extension100	19	panukbb_continuous__5116__both_sexes__na__irnt	panukbb_continuous__5116__both_sexes__na__irnt		https://pan.ukbb.broadinstitute.org/downloads/index.html	https://pan-ukb-us-east-1.s3.amazonaws.com/sumstats_flat_files/continuous-5116-both_sexes-irnt.tsv.bgz?versionId=yjSujSiVsL4VAlAPfU76ZP9pDrBjEPqT	2185256921	71bff8109956820e942c9ed31eab9c0affd599b3fd3f2fcd714b5771e574b747	8420a206ec0acd53d733e965b47bd998	/Users/swethasunilkumar/Documents/Codex/2026-10-08/go/work/sleep-gwas-atlas/sleep_unified_research_v4/manifests/extension_raw_acquisition_plan_v4_8.json	77bf2da98b851ac1aa9d414b2b695fb04a65b0c4ca987f7d85db2097e9e7ef8b	PAN_UKB	CC BY4.0_SOURCE_GWAS_RESULTS		2026-10-10T01:15:51.851614+00:00	PROHIBITED_UNTIL_SOURCE_RIGHTS_AND_HUMAN_RELEASE_AUTHORITY_CLEARED	True
extension100	20	panukbb_continuous__5096__both_sexes__na__irnt	panukbb_continuous__5096__both_sexes__na__irnt		https://pan.ukbb.broadinstitute.org/downloads/index.html	https://pan-ukb-us-east-1.s3.amazonaws.com/sumstats_flat_files/continuous-5096-both_sexes-irnt.tsv.bgz?versionId=AL1VUfKBFBKw97f8Kglq08vjS0lGWz.5	2185170114	ef5acb4c62862fa6bcec934db8b0bf9c98d5a2dcbeb4d91d0423bdf8ffeadd81	0f7443b198e62e7c0ee6ebed927b16db	/Users/swethasunilkumar/Documents/Codex/2026-10-08/go/work/sleep-gwas-atlas/sleep_unified_research_v4/manifests/extension_raw_acquisition_plan_v4_8.json	77bf2da98b851ac1aa9d414b2b695fb04a65b0c4ca987f7d85db2097e9e7ef8b	PAN_UKB	CC BY4.0_SOURCE_GWAS_RESULTS		2026-10-10T01:15:51.851614+00:00	PROHIBITED_UNTIL_SOURCE_RIGHTS_AND_HUMAN_RELEASE_AUTHORITY_CLEARED	True
extension100	21	panukbb_continuous__5257__both_sexes__na__irnt	panukbb_continuous__5257__both_sexes__na__irnt		https://pan.ukbb.broadinstitute.org/downloads/index.html	https://pan-ukb-us-east-1.s3.amazonaws.com/sumstats_flat_files/continuous-5257-both_sexes-irnt.tsv.bgz?versionId=4sh2AN5w982clKHbuJLBIpRn27u.GvLq	1810093530	f8935cae0010f73fdd30a25b22ff8ae7aa0a257378938b13ca82488a8ba22d51	c727f06b23d5141dfc28fe1395769016	/Users/swethasunilkumar/Documents/Codex/2026-10-08/go/work/sleep-gwas-atlas/sleep_unified_research_v4/manifests/extension_raw_acquisition_plan_v4_8.json	77bf2da98b851ac1aa9d414b2b695fb04a65b0c4ca987f7d85db2097e9e7ef8b	PAN_UKB	CC BY4.0_SOURCE_GWAS_RESULTS		2026-10-10T01:15:51.851614+00:00	PROHIBITED_UNTIL_SOURCE_RIGHTS_AND_HUMAN_RELEASE_AUTHORITY_CLEARED	True
extension100	22	panukbb_continuous__2217__both_sexes__na__irnt	panukbb_continuous__2217__both_sexes__na__irnt		https://pan.ukbb.broadinstitute.org/downloads/index.html	https://pan-ukb-us-east-1.s3.amazonaws.com/sumstats_flat_files/continuous-2217-both_sexes-irnt.tsv.bgz?versionId=7zkVX_rhr_rv1RX2GqDS.Jw56axB_VAV	2269673406	de5c3d70565af77802f23d026157367b792425bf144bdb6bc4170d0705a27f50	5bd9943f8cdd7c76ee50892723e3a00c	/Users/swethasunilkumar/Documents/Codex/2026-10-08/go/work/sleep-gwas-atlas/sleep_unified_research_v4/manifests/extension_raw_acquisition_plan_v4_8.json	77bf2da98b851ac1aa9d414b2b695fb04a65b0c4ca987f7d85db2097e9e7ef8b	PAN_UKB	CC BY4.0_SOURCE_GWAS_RESULTS		2026-10-10T01:15:51.851614+00:00	PROHIBITED_UNTIL_SOURCE_RIGHTS_AND_HUMAN_RELEASE_AUTHORITY_CLEARED	True
extension100	23	panukbb_categorical__2207__both_sexes__2207__na	panukbb_categorical__2207__both_sexes__2207__na		https://pan.ukbb.broadinstitute.org/downloads/index.html	https://pan-ukb-us-east-1.s3.amazonaws.com/sumstats_flat_files/categorical-2207-both_sexes-2207.tsv.bgz?versionId=dgiyYc_t_6FerLOshkfZ9cPSIWq2GpD_	2743209662	4d691f6ec8c20c90ac957f89136999a5eb84a06c0e08fb25ee151fc3cadf2be3	15040032f99598ae2ce1b4a18295c84e	/Users/swethasunilkumar/Documents/Codex/2026-10-08/go/work/sleep-gwas-atlas/sleep_unified_research_v4/manifests/extension_raw_acquisition_plan_v4_8.json	77bf2da98b851ac1aa9d414b2b695fb04a65b0c4ca987f7d85db2097e9e7ef8b	PAN_UKB	CC BY4.0_SOURCE_GWAS_RESULTS		2026-10-10T01:15:51.851614+00:00	PROHIBITED_UNTIL_SOURCE_RIGHTS_AND_HUMAN_RELEASE_AUTHORITY_CLEARED	True
extension100	24	panukbb_categorical__3393__both_sexes__3393__na	panukbb_categorical__3393__both_sexes__3393__na		https://pan.ukbb.broadinstitute.org/downloads/index.html	https://pan-ukb-us-east-1.s3.amazonaws.com/sumstats_flat_files/categorical-3393-both_sexes-3393.tsv.bgz?versionId=xmgE1WCSVHaxROe5dtmCqsByFWBK4.7I	1828248058	ee412c2094868b7588321df30fd01c3568b9ab057d333f9d5f905168e4e9869f	494952be6a26696e3fc0db9814f59307	/Users/swethasunilkumar/Documents/Codex/2026-10-08/go/work/sleep-gwas-atlas/sleep_unified_research_v4/manifests/extension_raw_acquisition_plan_v4_8.json	77bf2da98b851ac1aa9d414b2b695fb04a65b0c4ca987f7d85db2097e9e7ef8b	PAN_UKB	CC BY4.0_SOURCE_GWAS_RESULTS		2026-10-10T01:15:51.851614+00:00	PROHIBITED_UNTIL_SOURCE_RIGHTS_AND_HUMAN_RELEASE_AUTHORITY_CLEARED	True
extension100	25	panukbb_categorical__2257__both_sexes__2257__na	panukbb_categorical__2257__both_sexes__2257__na		https://pan.ukbb.broadinstitute.org/downloads/index.html	https://pan-ukb-us-east-1.s3.amazonaws.com/sumstats_flat_files/categorical-2257-both_sexes-2257.tsv.bgz?versionId=a7B6mD3ia1wHp0CbALIC8LTf2_y4.fEX	2739574521	32eeb2e37279d51ab58e8219f1159a7926eed57c22ca75ad697f525f9335e5f3	f694b4c0796c5ef0a77d8356aefb0da0	/Users/swethasunilkumar/Documents/Codex/2026-10-08/go/work/sleep-gwas-atlas/sleep_unified_research_v4/manifests/extension_raw_acquisition_plan_v4_8.json	77bf2da98b851ac1aa9d414b2b695fb04a65b0c4ca987f7d85db2097e9e7ef8b	PAN_UKB	CC BY4.0_SOURCE_GWAS_RESULTS		2026-10-10T01:15:51.851614+00:00	PROHIBITED_UNTIL_SOURCE_RIGHTS_AND_HUMAN_RELEASE_AUTHORITY_CLEARED	True
extension100	26	panukbb_prescriptions__latanoprost__both_sexes__na__na	panukbb_prescriptions__latanoprost__both_sexes__na__na		https://pan.ukbb.broadinstitute.org/downloads/index.html	https://pan-ukb-us-east-1.s3.amazonaws.com/sumstats_flat_files/prescriptions-latanoprost-both_sexes.tsv.bgz?versionId=E7kstOol1vrDePOlcKlvAprbd0wVCRyn	1763854317	e3c4f5cd5bc332de892e1455880e3bcc08fe42449c349b136acdd76e931e8361	a7fd5c417b7885b0db26f5e4ec928fc1	/Users/swethasunilkumar/Documents/Codex/2026-10-08/go/work/sleep-gwas-atlas/sleep_unified_research_v4/manifests/extension_raw_acquisition_plan_v4_8.json	77bf2da98b851ac1aa9d414b2b695fb04a65b0c4ca987f7d85db2097e9e7ef8b	PAN_UKB	CC BY4.0_SOURCE_GWAS_RESULTS		2026-10-10T01:15:51.851614+00:00	PROHIBITED_UNTIL_SOURCE_RIGHTS_AND_HUMAN_RELEASE_AUTHORITY_CLEARED	True
extension100	27	panukbb_icd10__m16__both_sexes__na__na	panukbb_icd10__m16__both_sexes__na__na		https://pan.ukbb.broadinstitute.org/downloads/index.html	https://pan-ukb-us-east-1.s3.amazonaws.com/sumstats_flat_files/icd10-M16-both_sexes.tsv.bgz?versionId=BmrS3MqFuaxbceyJjJna8f4d0ZVS0PV_	1822544471	11c1cbcae963e64c677d1b08ff33c03bf2ccc28e8d79eb814263cce1e25863b8	38803af00c9fe28dabd84b3cb40e9366	/Users/swethasunilkumar/Documents/Codex/2026-10-08/go/work/sleep-gwas-atlas/sleep_unified_research_v4/manifests/extension_raw_acquisition_plan_v4_8.json	77bf2da98b851ac1aa9d414b2b695fb04a65b0c4ca987f7d85db2097e9e7ef8b	PAN_UKB	CC BY4.0_SOURCE_GWAS_RESULTS		2026-10-10T01:15:51.851614+00:00	PROHIBITED_UNTIL_SOURCE_RIGHTS_AND_HUMAN_RELEASE_AUTHORITY_CLEARED	True
extension100	28	panukbb_icd10__m17__both_sexes__na__na	panukbb_icd10__m17__both_sexes__na__na		https://pan.ukbb.broadinstitute.org/downloads/index.html	https://pan-ukb-us-east-1.s3.amazonaws.com/sumstats_flat_files/icd10-M17-both_sexes.tsv.bgz?versionId=.hYzBLRJxYD.mFRe1RTzpOKhKjCzAB11	2445078381	51b219debff0361cde137794d043165dc541c4482ceb2be746a957a684e82450	47474367f9346c5d81651157b8aac322	/Users/swethasunilkumar/Documents/Codex/2026-10-08/go/work/sleep-gwas-atlas/sleep_unified_research_v4/manifests/extension_raw_acquisition_plan_v4_8.json	77bf2da98b851ac1aa9d414b2b695fb04a65b0c4ca987f7d85db2097e9e7ef8b	PAN_UKB	CC BY4.0_SOURCE_GWAS_RESULTS		2026-10-10T01:15:51.851614+00:00	PROHIBITED_UNTIL_SOURCE_RIGHTS_AND_HUMAN_RELEASE_AUTHORITY_CLEARED	True
extension100	29	panukbb_icd10__m51__both_sexes__na__na	panukbb_icd10__m51__both_sexes__na__na		https://pan.ukbb.broadinstitute.org/downloads/index.html	https://pan-ukb-us-east-1.s3.amazonaws.com/sumstats_flat_files/icd10-M51-both_sexes.tsv.bgz?versionId=8CTXc_x2qqer_GeFAN_mrQlU3URSchSe	1865622338	d776d72adf435a94704eea2c41fe65e0d0cff2183d01b9a8b8ef91a93c0c4df7	96d95708e794c6f88c8c23fb30300994	/Users/swethasunilkumar/Documents/Codex/2026-10-08/go/work/sleep-gwas-atlas/sleep_unified_research_v4/manifests/extension_raw_acquisition_plan_v4_8.json	77bf2da98b851ac1aa9d414b2b695fb04a65b0c4ca987f7d85db2097e9e7ef8b	PAN_UKB	CC BY4.0_SOURCE_GWAS_RESULTS		2026-10-10T01:15:51.851614+00:00	PROHIBITED_UNTIL_SOURCE_RIGHTS_AND_HUMAN_RELEASE_AUTHORITY_CLEARED	True
extension100	30	panukbb_continuous__4105__both_sexes__na__irnt	panukbb_continuous__4105__both_sexes__na__irnt		https://pan.ukbb.broadinstitute.org/downloads/index.html	https://pan-ukb-us-east-1.s3.amazonaws.com/sumstats_flat_files/continuous-4105-both_sexes-irnt.tsv.bgz?versionId=Ao4cSOH0VVZZHaN_SRV.OU3myDxkh0SX	2049969599	9313c2e2ffa58a81bde835577f8807dba19df354fd3319df6ec37b1816a010fb	ac22dd4fd036453ebbb3d6ed0a68ab01	/Users/swethasunilkumar/Documents/Codex/2026-10-08/go/work/sleep-gwas-atlas/sleep_unified_research_v4/manifests/extension_raw_acquisition_plan_v4_8.json	77bf2da98b851ac1aa9d414b2b695fb04a65b0c4ca987f7d85db2097e9e7ef8b	PAN_UKB	CC BY4.0_SOURCE_GWAS_RESULTS		2026-10-10T01:15:51.851614+00:00	PROHIBITED_UNTIL_SOURCE_RIGHTS_AND_HUMAN_RELEASE_AUTHORITY_CLEARED	True
extension100	31	panukbb_categorical__6151__both_sexes__7__na	panukbb_categorical__6151__both_sexes__7__na		https://pan.ukbb.broadinstitute.org/downloads/index.html	https://pan-ukb-us-east-1.s3.amazonaws.com/sumstats_flat_files/categorical-6151-both_sexes-7.tsv.bgz?versionId=ujwHFZp6e2eedFbUqtQnCHbs2mwQbY7O	2342112400	81d90e4f795915dba335a076c9680942400922c84739954b36817263b61b81e2	267008b738d436087918f51eedf7493c	/Users/swethasunilkumar/Documents/Codex/2026-10-08/go/work/sleep-gwas-atlas/sleep_unified_research_v4/manifests/extension_raw_acquisition_plan_v4_8.json	77bf2da98b851ac1aa9d414b2b695fb04a65b0c4ca987f7d85db2097e9e7ef8b	PAN_UKB	CC BY4.0_SOURCE_GWAS_RESULTS		2026-10-10T01:15:51.851614+00:00	PROHIBITED_UNTIL_SOURCE_RIGHTS_AND_HUMAN_RELEASE_AUTHORITY_CLEARED	True
extension100	32	panukbb_categorical__3571__both_sexes__3571__na	panukbb_categorical__3571__both_sexes__3571__na		https://pan.ukbb.broadinstitute.org/downloads/index.html	https://pan-ukb-us-east-1.s3.amazonaws.com/sumstats_flat_files/categorical-3571-both_sexes-3571.tsv.bgz?versionId=PZQVNZoCffoXESKhEdS9VfkjJ9CxbWPo	2588907239	2afaea2d08a621fd2a51681e3ec298b16bd90b5ff5ee54c1f7209165844c88b7	b8895d7ce63bd297a06ff54fd87fcbbd	/Users/swethasunilkumar/Documents/Codex/2026-10-08/go/work/sleep-gwas-atlas/sleep_unified_research_v4/manifests/extension_raw_acquisition_plan_v4_8.json	77bf2da98b851ac1aa9d414b2b695fb04a65b0c4ca987f7d85db2097e9e7ef8b	PAN_UKB	CC BY4.0_SOURCE_GWAS_RESULTS		2026-10-10T01:15:51.851614+00:00	PROHIBITED_UNTIL_SOURCE_RIGHTS_AND_HUMAN_RELEASE_AUTHORITY_CLEARED	True
extension100	33	panukbb_categorical__6159__both_sexes__7__na	panukbb_categorical__6159__both_sexes__7__na		https://pan.ukbb.broadinstitute.org/downloads/index.html	https://pan-ukb-us-east-1.s3.amazonaws.com/sumstats_flat_files/categorical-6159-both_sexes-7.tsv.bgz?versionId=hEePAN309DK.7og2tfYGC0rrdMksTOr1	2765036925	90c4ea14121087ae0a2705df10490299de3925afb3225e30295d27b3fdde1997	7c2897348eb5632830eb90ede0d06397	/Users/swethasunilkumar/Documents/Codex/2026-10-08/go/work/sleep-gwas-atlas/sleep_unified_research_v4/manifests/extension_raw_acquisition_plan_v4_8.json	77bf2da98b851ac1aa9d414b2b695fb04a65b0c4ca987f7d85db2097e9e7ef8b	PAN_UKB	CC BY4.0_SOURCE_GWAS_RESULTS		2026-10-10T01:15:51.851614+00:00	PROHIBITED_UNTIL_SOURCE_RIGHTS_AND_HUMAN_RELEASE_AUTHORITY_CLEARED	True
extension100	34	panukbb_categorical__6159__both_sexes__8__na	panukbb_categorical__6159__both_sexes__8__na		https://pan.ukbb.broadinstitute.org/downloads/index.html	https://pan-ukb-us-east-1.s3.amazonaws.com/sumstats_flat_files/categorical-6159-both_sexes-8.tsv.bgz?versionId=XJUeCOGCcj0U6UrdwvUOgeLu43Im8V7T	2153286815	cd6c2f813b0d1aeab1d5462b1bba4062a71a0e8d0721ebc2c1856674d1b11d5a	7d297d75a909b8391401d0d1a798e9de	/Users/swethasunilkumar/Documents/Codex/2026-10-08/go/work/sleep-gwas-atlas/sleep_unified_research_v4/manifests/extension_raw_acquisition_plan_v4_8.json	77bf2da98b851ac1aa9d414b2b695fb04a65b0c4ca987f7d85db2097e9e7ef8b	PAN_UKB	CC BY4.0_SOURCE_GWAS_RESULTS		2026-10-10T01:15:51.851614+00:00	PROHIBITED_UNTIL_SOURCE_RIGHTS_AND_HUMAN_RELEASE_AUTHORITY_CLEARED	True
extension100	35	panukbb_phecode__740__both_sexes__na__na	panukbb_phecode__740__both_sexes__na__na		https://pan.ukbb.broadinstitute.org/downloads/index.html	https://pan-ukb-us-east-1.s3.amazonaws.com/sumstats_flat_files/phecode-740-both_sexes.tsv.bgz?versionId=Wh3sg6JIigy2yrGQQtxSo4E7bIH8wHiB	2670514104	d9ec11ec4630844a77b2630a2e763af7e18f65ab8c78a2c64cb1e824e47b214f	098e91c05c730c23f1a108c3efd996a2	/Users/swethasunilkumar/Documents/Codex/2026-10-08/go/work/sleep-gwas-atlas/sleep_unified_research_v4/manifests/extension_raw_acquisition_plan_v4_8.json	77bf2da98b851ac1aa9d414b2b695fb04a65b0c4ca987f7d85db2097e9e7ef8b	PAN_UKB	CC BY4.0_SOURCE_GWAS_RESULTS		2026-10-10T01:15:51.851614+00:00	PROHIBITED_UNTIL_SOURCE_RIGHTS_AND_HUMAN_RELEASE_AUTHORITY_CLEARED	True
extension100	36	panukbb_phecode__835__both_sexes__na__na	panukbb_phecode__835__both_sexes__na__na		https://pan.ukbb.broadinstitute.org/downloads/index.html	https://pan-ukb-us-east-1.s3.amazonaws.com/sumstats_flat_files/phecode-835-both_sexes.tsv.bgz?versionId=yiaBuJZNdOxHkEp0NW26iXLO3LSB5izi	2404459975	0d9498ae61f7afef4370e940e50839df06eaf198a915be984658c8aea4d80edd	adb024b655576e1442cdc93b564bf761	/Users/swethasunilkumar/Documents/Codex/2026-10-08/go/work/sleep-gwas-atlas/sleep_unified_research_v4/manifests/extension_raw_acquisition_plan_v4_8.json	77bf2da98b851ac1aa9d414b2b695fb04a65b0c4ca987f7d85db2097e9e7ef8b	PAN_UKB	CC BY4.0_SOURCE_GWAS_RESULTS		2026-10-10T01:15:51.851614+00:00	PROHIBITED_UNTIL_SOURCE_RIGHTS_AND_HUMAN_RELEASE_AUTHORITY_CLEARED	True
extension100	37	panukbb_icd10__z88__both_sexes__na__na	panukbb_icd10__z88__both_sexes__na__na		https://pan.ukbb.broadinstitute.org/downloads/index.html	https://pan-ukb-us-east-1.s3.amazonaws.com/sumstats_flat_files/icd10-Z88-both_sexes.tsv.bgz?versionId=nDdkC5g7jQMM4.LZPbUXFj08ZYoFi5o6	2668533980	fe38048dc00e9223ff8c888d28bd27b6a1c162f77e564125eec1dc9d8c429ae6	e0a570434ad0002498fe7729c263bdca	/Users/swethasunilkumar/Documents/Codex/2026-10-08/go/work/sleep-gwas-atlas/sleep_unified_research_v4/manifests/extension_raw_acquisition_plan_v4_8.json	77bf2da98b851ac1aa9d414b2b695fb04a65b0c4ca987f7d85db2097e9e7ef8b	PAN_UKB	CC BY4.0_SOURCE_GWAS_RESULTS		2026-10-10T01:15:51.851614+00:00	PROHIBITED_UNTIL_SOURCE_RIGHTS_AND_HUMAN_RELEASE_AUTHORITY_CLEARED	True
extension100	38	panukbb_phecode__960_2__both_sexes__na__na	panukbb_phecode__960_2__both_sexes__na__na		https://pan.ukbb.broadinstitute.org/downloads/index.html	https://pan-ukb-us-east-1.s3.amazonaws.com/sumstats_flat_files/phecode-960.2-both_sexes.tsv.bgz?versionId=sPP8kym4_doaIp54gTx5AExsmzj190.q	2407934130	62f5713303726e70d19bf775885cfdfbf23efc0337b0d6830470faaf8811750b	dbb28058493b27ff1da098e8fbd4a08e	/Users/swethasunilkumar/Documents/Codex/2026-10-08/go/work/sleep-gwas-atlas/sleep_unified_research_v4/manifests/extension_raw_acquisition_plan_v4_8.json	77bf2da98b851ac1aa9d414b2b695fb04a65b0c4ca987f7d85db2097e9e7ef8b	PAN_UKB	CC BY4.0_SOURCE_GWAS_RESULTS		2026-10-10T01:15:51.851614+00:00	PROHIBITED_UNTIL_SOURCE_RIGHTS_AND_HUMAN_RELEASE_AUTHORITY_CLEARED	True
extension100	39	panukbb_phecode__960__both_sexes__na__na	panukbb_phecode__960__both_sexes__na__na		https://pan.ukbb.broadinstitute.org/downloads/index.html	https://pan-ukb-us-east-1.s3.amazonaws.com/sumstats_flat_files/phecode-960-both_sexes.tsv.bgz?versionId=ohIGXxTAawdu9ITTnxDf8oiyvWuKxJNa	2424023133	41e5ce6d09ec67d484c34afb3cfb95b4679e8ed4045c1a3d28bdfa86f13ced92	f189666924c1773409e4ee9902ff67ad	/Users/swethasunilkumar/Documents/Codex/2026-10-08/go/work/sleep-gwas-atlas/sleep_unified_research_v4/manifests/extension_raw_acquisition_plan_v4_8.json	77bf2da98b851ac1aa9d414b2b695fb04a65b0c4ca987f7d85db2097e9e7ef8b	PAN_UKB	CC BY4.0_SOURCE_GWAS_RESULTS		2026-10-10T01:15:51.851614+00:00	PROHIBITED_UNTIL_SOURCE_RIGHTS_AND_HUMAN_RELEASE_AUTHORITY_CLEARED	True
extension100	40	panukbb_prescriptions__amoxicillin_clavulanic_acid__both_sexes__na__na	panukbb_prescriptions__amoxicillin_clavulanic_acid__both_sexes__na__na		https://pan.ukbb.broadinstitute.org/downloads/index.html	https://pan-ukb-us-east-1.s3.amazonaws.com/sumstats_flat_files/prescriptions-amoxicillin_clavulanic_acid-both_sexes.tsv.bgz?versionId=P07miKNARN24wvOLeC9AFZrNLXt3YG7n	2465893277	62c26d5e1dd9b7538d8d9d6e69e5028ef4ed0c70025ae0fcaa771d0cf8115747	7cf7a9aba188814871ab390700cb6afb	/Users/swethasunilkumar/Documents/Codex/2026-10-08/go/work/sleep-gwas-atlas/sleep_unified_research_v4/manifests/extension_raw_acquisition_plan_v4_8.json	77bf2da98b851ac1aa9d414b2b695fb04a65b0c4ca987f7d85db2097e9e7ef8b	PAN_UKB	CC BY4.0_SOURCE_GWAS_RESULTS		2026-10-10T01:15:51.851614+00:00	PROHIBITED_UNTIL_SOURCE_RIGHTS_AND_HUMAN_RELEASE_AUTHORITY_CLEARED	True
extension100	41	panukbb_prescriptions__clarithromycin__both_sexes__na__na	panukbb_prescriptions__clarithromycin__both_sexes__na__na		https://pan.ukbb.broadinstitute.org/downloads/index.html	https://pan-ukb-us-east-1.s3.amazonaws.com/sumstats_flat_files/prescriptions-clarithromycin-both_sexes.tsv.bgz?versionId=m3VZFWEch9cYbdrdTKZM9BsNvO4h4_5Y	2642998201	24c340f035abb17ed7fd351b5cbce46cfaef4590ff625731db3514337d14eca7	14a4ae638e6e0d373d3e969e07570a01	/Users/swethasunilkumar/Documents/Codex/2026-10-08/go/work/sleep-gwas-atlas/sleep_unified_research_v4/manifests/extension_raw_acquisition_plan_v4_8.json	77bf2da98b851ac1aa9d414b2b695fb04a65b0c4ca987f7d85db2097e9e7ef8b	PAN_UKB	CC BY4.0_SOURCE_GWAS_RESULTS		2026-10-10T01:15:51.851614+00:00	PROHIBITED_UNTIL_SOURCE_RIGHTS_AND_HUMAN_RELEASE_AUTHORITY_CLEARED	True
extension100	42	panukbb_categorical__20004__both_sexes__1478__na	panukbb_categorical__20004__both_sexes__1478__na		https://pan.ukbb.broadinstitute.org/downloads/index.html	https://pan-ukb-us-east-1.s3.amazonaws.com/sumstats_flat_files/categorical-20004-both_sexes-1478.tsv.bgz?versionId=Q6wl7DEzId8S2oNxdltvaULq2njdF5jk	2604422798	6d00bef845fd7933574db83b57ed92eb1f0cc871bd0978a4b8961608eb32f419	81d7b5252debe9f9820d397c5f5c49e4	/Users/swethasunilkumar/Documents/Codex/2026-10-08/go/work/sleep-gwas-atlas/sleep_unified_research_v4/manifests/extension_raw_acquisition_plan_v4_8.json	77bf2da98b851ac1aa9d414b2b695fb04a65b0c4ca987f7d85db2097e9e7ef8b	PAN_UKB	CC BY4.0_SOURCE_GWAS_RESULTS		2026-10-10T01:15:51.851614+00:00	PROHIBITED_UNTIL_SOURCE_RIGHTS_AND_HUMAN_RELEASE_AUTHORITY_CLEARED	True
extension100	43	panukbb_prescriptions__gabapentin__both_sexes__na__na	panukbb_prescriptions__gabapentin__both_sexes__na__na		https://pan.ukbb.broadinstitute.org/downloads/index.html	https://pan-ukb-us-east-1.s3.amazonaws.com/sumstats_flat_files/prescriptions-gabapentin-both_sexes.tsv.bgz?versionId=Q_N2Zq8Weait0IjiRrJ8tKSe_aj0Ab7r	1865914298	eb15660d1c87ef76888b36082596d20c538566eaa70cc8831e1dd1c4c4d0852c	d676cb8e2077038ff3eace0ade7f1b8f	/Users/swethasunilkumar/Documents/Codex/2026-10-08/go/work/sleep-gwas-atlas/sleep_unified_research_v4/manifests/extension_raw_acquisition_plan_v4_8.json	77bf2da98b851ac1aa9d414b2b695fb04a65b0c4ca987f7d85db2097e9e7ef8b	PAN_UKB	CC BY4.0_SOURCE_GWAS_RESULTS		2026-10-10T01:15:51.851614+00:00	PROHIBITED_UNTIL_SOURCE_RIGHTS_AND_HUMAN_RELEASE_AUTHORITY_CLEARED	True
extension100	44	panukbb_prescriptions__paracetamol__both_sexes__na__na	panukbb_prescriptions__paracetamol__both_sexes__na__na		https://pan.ukbb.broadinstitute.org/downloads/index.html	https://pan-ukb-us-east-1.s3.amazonaws.com/sumstats_flat_files/prescriptions-paracetamol-both_sexes.tsv.bgz?versionId=0PgxW7htTGA_LPm_8NgcpApGGUvktt0i	2696497252	1f10a5ca083a6cb8b352a12261a16cc5b3976491609f4209158a99fff8bd60e5	af7da71e7dfef4a085e4ff8dec912c32	/Users/swethasunilkumar/Documents/Codex/2026-10-08/go/work/sleep-gwas-atlas/sleep_unified_research_v4/manifests/extension_raw_acquisition_plan_v4_8.json	77bf2da98b851ac1aa9d414b2b695fb04a65b0c4ca987f7d85db2097e9e7ef8b	PAN_UKB	CC BY4.0_SOURCE_GWAS_RESULTS		2026-10-10T01:15:51.851614+00:00	PROHIBITED_UNTIL_SOURCE_RIGHTS_AND_HUMAN_RELEASE_AUTHORITY_CLEARED	True
extension100	45	panukbb_prescriptions__mebeverine__both_sexes__na__na	panukbb_prescriptions__mebeverine__both_sexes__na__na		https://pan.ukbb.broadinstitute.org/downloads/index.html	https://pan-ukb-us-east-1.s3.amazonaws.com/sumstats_flat_files/prescriptions-mebeverine-both_sexes.tsv.bgz?versionId=yZdU5OrTA3zVxMbTrtIB.uiK9f57JyrR	2358479151	b2c485d9e4965b5bbd8d6032bc3bda2910d85f69e5a969ee24292816234b2cae	cd994090376f6c519540b5d811365f1a	/Users/swethasunilkumar/Documents/Codex/2026-10-08/go/work/sleep-gwas-atlas/sleep_unified_research_v4/manifests/extension_raw_acquisition_plan_v4_8.json	77bf2da98b851ac1aa9d414b2b695fb04a65b0c4ca987f7d85db2097e9e7ef8b	PAN_UKB	CC BY4.0_SOURCE_GWAS_RESULTS		2026-10-10T01:15:51.851614+00:00	PROHIBITED_UNTIL_SOURCE_RIGHTS_AND_HUMAN_RELEASE_AUTHORITY_CLEARED	True
extension100	46	panukbb_prescriptions__amlodipine__both_sexes__na__na	panukbb_prescriptions__amlodipine__both_sexes__na__na		https://pan.ukbb.broadinstitute.org/downloads/index.html	https://pan-ukb-us-east-1.s3.amazonaws.com/sumstats_flat_files/prescriptions-amlodipine-both_sexes.tsv.bgz?versionId=4cVanpN.8Hn1I3NF.TKzO67pyuirtObN	2480299722	fbd51f85a741940c64d243ed5732b9def8ea02b357b191fdd842d0edb624f116	6741098169dc721a25345b538c942bfe	/Users/swethasunilkumar/Documents/Codex/2026-10-08/go/work/sleep-gwas-atlas/sleep_unified_research_v4/manifests/extension_raw_acquisition_plan_v4_8.json	77bf2da98b851ac1aa9d414b2b695fb04a65b0c4ca987f7d85db2097e9e7ef8b	PAN_UKB	CC BY4.0_SOURCE_GWAS_RESULTS		2026-10-10T01:15:51.851614+00:00	PROHIBITED_UNTIL_SOURCE_RIGHTS_AND_HUMAN_RELEASE_AUTHORITY_CLEARED	True
extension100	47	panukbb_prescriptions__orlistat__both_sexes__na__na	panukbb_prescriptions__orlistat__both_sexes__na__na		https://pan.ukbb.broadinstitute.org/downloads/index.html	https://pan-ukb-us-east-1.s3.amazonaws.com/sumstats_flat_files/prescriptions-orlistat-both_sexes.tsv.bgz?versionId=evxz7BQuzKeBnQdc.AnulGzTW2vOFxND	1801732476	65e1ddf582750cf8638a28811baf5b700673fda054b4aee59dcb6eec91bd0b92	eea62e729f435c1325652609171be1a3	/Users/swethasunilkumar/Documents/Codex/2026-10-08/go/work/sleep-gwas-atlas/sleep_unified_research_v4/manifests/extension_raw_acquisition_plan_v4_8.json	77bf2da98b851ac1aa9d414b2b695fb04a65b0c4ca987f7d85db2097e9e7ef8b	PAN_UKB	CC BY4.0_SOURCE_GWAS_RESULTS		2026-10-10T01:15:51.851614+00:00	PROHIBITED_UNTIL_SOURCE_RIGHTS_AND_HUMAN_RELEASE_AUTHORITY_CLEARED	True
extension100	48	panukbb_prescriptions__tramadol__both_sexes__na__na	panukbb_prescriptions__tramadol__both_sexes__na__na		https://pan.ukbb.broadinstitute.org/downloads/index.html	https://pan-ukb-us-east-1.s3.amazonaws.com/sumstats_flat_files/prescriptions-tramadol-both_sexes.tsv.bgz?versionId=D3CACDFhyYRe4Z_5v_JSQqSv0Hj2AFcY	2095499111	b03e949db809d72f206280132a507f17e1c94018e7bf7243a241e78be27288b0	1ac23732aebcb045165414e54023eed2	/Users/swethasunilkumar/Documents/Codex/2026-10-08/go/work/sleep-gwas-atlas/sleep_unified_research_v4/manifests/extension_raw_acquisition_plan_v4_8.json	77bf2da98b851ac1aa9d414b2b695fb04a65b0c4ca987f7d85db2097e9e7ef8b	PAN_UKB	CC BY4.0_SOURCE_GWAS_RESULTS		2026-10-10T01:15:51.851614+00:00	PROHIBITED_UNTIL_SOURCE_RIGHTS_AND_HUMAN_RELEASE_AUTHORITY_CLEARED	True
extension100	49	panukbb_prescriptions__citalopram__both_sexes__na__na	panukbb_prescriptions__citalopram__both_sexes__na__na		https://pan.ukbb.broadinstitute.org/downloads/index.html	https://pan-ukb-us-east-1.s3.amazonaws.com/sumstats_flat_files/prescriptions-citalopram-both_sexes.tsv.bgz?versionId=yaii99r8F.kb5UrefpxazoXBTq8_.91u	2172685656	1d4d98b31215ed23555688094b22328192c0ca1f1320f92ba70cf0b964aa2340	373b6b7275125bd5c28faf42a65f6abb	/Users/swethasunilkumar/Documents/Codex/2026-10-08/go/work/sleep-gwas-atlas/sleep_unified_research_v4/manifests/extension_raw_acquisition_plan_v4_8.json	77bf2da98b851ac1aa9d414b2b695fb04a65b0c4ca987f7d85db2097e9e7ef8b	PAN_UKB	CC BY4.0_SOURCE_GWAS_RESULTS		2026-10-10T01:15:51.851614+00:00	PROHIBITED_UNTIL_SOURCE_RIGHTS_AND_HUMAN_RELEASE_AUTHORITY_CLEARED	True
extension100	50	panukbb_prescriptions__bendroflumethiazide__both_sexes__na__na	panukbb_prescriptions__bendroflumethiazide__both_sexes__na__na		https://pan.ukbb.broadinstitute.org/downloads/index.html	https://pan-ukb-us-east-1.s3.amazonaws.com/sumstats_flat_files/prescriptions-bendroflumethiazide-both_sexes.tsv.bgz?versionId=LyowRzOtQMCT6lPJ5PrjNVyQMzyJx0kW	2440981527	9ce6b10e4f3f1bf8cc591e18215fff15478de3a911e361718a89e32163f72178	10dc6e9d126099a5273307196ac159f0	/Users/swethasunilkumar/Documents/Codex/2026-10-08/go/work/sleep-gwas-atlas/sleep_unified_research_v4/manifests/extension_raw_acquisition_plan_v4_8.json	77bf2da98b851ac1aa9d414b2b695fb04a65b0c4ca987f7d85db2097e9e7ef8b	PAN_UKB	CC BY4.0_SOURCE_GWAS_RESULTS		2026-10-10T01:15:51.851614+00:00	PROHIBITED_UNTIL_SOURCE_RIGHTS_AND_HUMAN_RELEASE_AUTHORITY_CLEARED	True
extension100	51	panukbb_categorical__20003__both_sexes__1140874420__na	panukbb_categorical__20003__both_sexes__1140874420__na		https://pan.ukbb.broadinstitute.org/downloads/index.html	https://pan-ukb-us-east-1.s3.amazonaws.com/sumstats_flat_files/categorical-20003-both_sexes-1140874420.tsv.bgz?versionId=PDUddXe89RUg9W2X5QHsFCmdTkp4lLI.	1165599721	ee191a23c8ae8e01922d0c815a5a3a54b22702a9189e1447296e546a72f76ba4	564a93212bfd72ae7825a462d997b689	/Users/swethasunilkumar/Documents/Codex/2026-10-08/go/work/sleep-gwas-atlas/sleep_unified_research_v4/manifests/extension_raw_acquisition_plan_v4_8.json	77bf2da98b851ac1aa9d414b2b695fb04a65b0c4ca987f7d85db2097e9e7ef8b	PAN_UKB	CC BY4.0_SOURCE_GWAS_RESULTS		2026-10-10T01:15:51.851614+00:00	PROHIBITED_UNTIL_SOURCE_RIGHTS_AND_HUMAN_RELEASE_AUTHORITY_CLEARED	True
extension100	52	panukbb_categorical__20003__both_sexes__1140881856__na	panukbb_categorical__20003__both_sexes__1140881856__na		https://pan.ukbb.broadinstitute.org/downloads/index.html	https://pan-ukb-us-east-1.s3.amazonaws.com/sumstats_flat_files/categorical-20003-both_sexes-1140881856.tsv.bgz?versionId=3KTF.brY0N.uBzS5B575HcbdQhcoxSPf	1788010550	2b41d4764c14bbcaeee11bb7c0eb8227dec3fe83e31440b189afb49096c0b71e	3a4f4a77746ac8b0adcc72d979d1bd50	/Users/swethasunilkumar/Documents/Codex/2026-10-08/go/work/sleep-gwas-atlas/sleep_unified_research_v4/manifests/extension_raw_acquisition_plan_v4_8.json	77bf2da98b851ac1aa9d414b2b695fb04a65b0c4ca987f7d85db2097e9e7ef8b	PAN_UKB	CC BY4.0_SOURCE_GWAS_RESULTS		2026-10-10T01:15:51.851614+00:00	PROHIBITED_UNTIL_SOURCE_RIGHTS_AND_HUMAN_RELEASE_AUTHORITY_CLEARED	True
extension100	53	panukbb_categorical__6149__both_sexes__3__na	panukbb_categorical__6149__both_sexes__3__na		https://pan.ukbb.broadinstitute.org/downloads/index.html	https://pan-ukb-us-east-1.s3.amazonaws.com/sumstats_flat_files/categorical-6149-both_sexes-3.tsv.bgz?versionId=vEcz6EVdMwA6Jb3BrI8NkjDuGVDFNQ9T	2725218476	7b9f10d536b4a61ab871345bbbb9962863261f274250342acd3c0dfb4a42231c	5a5a49b9ec34368ae1ad1fcb4aeb28f7	/Users/swethasunilkumar/Documents/Codex/2026-10-08/go/work/sleep-gwas-atlas/sleep_unified_research_v4/manifests/extension_raw_acquisition_plan_v4_8.json	77bf2da98b851ac1aa9d414b2b695fb04a65b0c4ca987f7d85db2097e9e7ef8b	PAN_UKB	CC BY4.0_SOURCE_GWAS_RESULTS		2026-10-10T01:15:51.851614+00:00	PROHIBITED_UNTIL_SOURCE_RIGHTS_AND_HUMAN_RELEASE_AUTHORITY_CLEARED	True
extension100	54	panukbb_categorical__6149__both_sexes__4__na	panukbb_categorical__6149__both_sexes__4__na		https://pan.ukbb.broadinstitute.org/downloads/index.html	https://pan-ukb-us-east-1.s3.amazonaws.com/sumstats_flat_files/categorical-6149-both_sexes-4.tsv.bgz?versionId=Nmz6ZkYdXegHLFJvKZAjbgWPK5QtUe3s	2657661369	d994b3a8174a0b534d553db7f880d85a6b434f1e8ef9f9e8d9160c8cf6865024	85111ff6da4ca0ff352e54b042b0b399	/Users/swethasunilkumar/Documents/Codex/2026-10-08/go/work/sleep-gwas-atlas/sleep_unified_research_v4/manifests/extension_raw_acquisition_plan_v4_8.json	77bf2da98b851ac1aa9d414b2b695fb04a65b0c4ca987f7d85db2097e9e7ef8b	PAN_UKB	CC BY4.0_SOURCE_GWAS_RESULTS		2026-10-10T01:15:51.851614+00:00	PROHIBITED_UNTIL_SOURCE_RIGHTS_AND_HUMAN_RELEASE_AUTHORITY_CLEARED	True
extension100	55	panukbb_categorical__6149__both_sexes__6__na	panukbb_categorical__6149__both_sexes__6__na		https://pan.ukbb.broadinstitute.org/downloads/index.html	https://pan-ukb-us-east-1.s3.amazonaws.com/sumstats_flat_files/categorical-6149-both_sexes-6.tsv.bgz?versionId=njedfs4xJuklO8MHNTalExCffwUGX8gt	2719326602	05254328f0d1c1423797e217d8864b3ac915356448c08e891fa0dd8293a84ae9	2ea751bb06236e021856504ffa38b962	/Users/swethasunilkumar/Documents/Codex/2026-10-08/go/work/sleep-gwas-atlas/sleep_unified_research_v4/manifests/extension_raw_acquisition_plan_v4_8.json	77bf2da98b851ac1aa9d414b2b695fb04a65b0c4ca987f7d85db2097e9e7ef8b	PAN_UKB	CC BY4.0_SOURCE_GWAS_RESULTS		2026-10-10T01:15:51.851614+00:00	PROHIBITED_UNTIL_SOURCE_RIGHTS_AND_HUMAN_RELEASE_AUTHORITY_CLEARED	True
extension100	56	panukbb_categorical__20004__both_sexes__1480__na	panukbb_categorical__20004__both_sexes__1480__na		https://pan.ukbb.broadinstitute.org/downloads/index.html	https://pan-ukb-us-east-1.s3.amazonaws.com/sumstats_flat_files/categorical-20004-both_sexes-1480.tsv.bgz?versionId=oMOgo7mdpIAmruD7wLzqxOqPIOeCPo49	2066783369	05fb285d0c8e0c7312a83690cafbaa5fcdbf233cc926af1a94ff389e4c6c5c38	db5192ed937d68faae42695ffb595bd8	/Users/swethasunilkumar/Documents/Codex/2026-10-08/go/work/sleep-gwas-atlas/sleep_unified_research_v4/manifests/extension_raw_acquisition_plan_v4_8.json	77bf2da98b851ac1aa9d414b2b695fb04a65b0c4ca987f7d85db2097e9e7ef8b	PAN_UKB	CC BY4.0_SOURCE_GWAS_RESULTS		2026-10-10T01:15:51.851614+00:00	PROHIBITED_UNTIL_SOURCE_RIGHTS_AND_HUMAN_RELEASE_AUTHORITY_CLEARED	True
extension100	57	panukbb_continuous__398__both_sexes__na__na	panukbb_continuous__398__both_sexes__na__na		https://pan.ukbb.broadinstitute.org/downloads/index.html	https://pan-ukb-us-east-1.s3.amazonaws.com/sumstats_flat_files/continuous-398-both_sexes.tsv.bgz?versionId=mUGjwTicrwcXeHZ1gRuRCakQZJECdI38	2117610958	a9c1f5954777380c10ccf061ba678fd3105317f1a2032bda071f3d036a4f562f	9c28519c68c3994af4face45e7517c9b	/Users/swethasunilkumar/Documents/Codex/2026-10-08/go/work/sleep-gwas-atlas/sleep_unified_research_v4/manifests/extension_raw_acquisition_plan_v4_8.json	77bf2da98b851ac1aa9d414b2b695fb04a65b0c4ca987f7d85db2097e9e7ef8b	PAN_UKB	CC BY4.0_SOURCE_GWAS_RESULTS		2026-10-10T01:15:51.851614+00:00	PROHIBITED_UNTIL_SOURCE_RIGHTS_AND_HUMAN_RELEASE_AUTHORITY_CLEARED	True
extension100	58	panukbb_continuous__400__both_sexes__na__irnt	panukbb_continuous__400__both_sexes__na__irnt		https://pan.ukbb.broadinstitute.org/downloads/index.html	https://pan-ukb-us-east-1.s3.amazonaws.com/sumstats_flat_files/continuous-400-both_sexes-irnt.tsv.bgz?versionId=MJooEZmKeljtYxKOHi289H0JT_CEZXaC	2250018453	88a03f7a0af2c8c042118997e853f835dca84e671903ba461f8fc930e1f429f6	84a675490d60f619e2d622882b737b6a	/Users/swethasunilkumar/Documents/Codex/2026-10-08/go/work/sleep-gwas-atlas/sleep_unified_research_v4/manifests/extension_raw_acquisition_plan_v4_8.json	77bf2da98b851ac1aa9d414b2b695fb04a65b0c4ca987f7d85db2097e9e7ef8b	PAN_UKB	CC BY4.0_SOURCE_GWAS_RESULTS		2026-10-10T01:15:51.851614+00:00	PROHIBITED_UNTIL_SOURCE_RIGHTS_AND_HUMAN_RELEASE_AUTHORITY_CLEARED	True
extension100	59	panukbb_categorical__4294__both_sexes__0__na	panukbb_categorical__4294__both_sexes__0__na		https://pan.ukbb.broadinstitute.org/downloads/index.html	https://pan-ukb-us-east-1.s3.amazonaws.com/sumstats_flat_files/categorical-4294-both_sexes-0.tsv.bgz?versionId=4UE0YyKyly7B9u5leWAibGOhjE4HcqN_	2576714207	91ae11ddfb35c708ebc5fde8303d2defff28af05f2dd3071b71f79123543946b	f010f0d8ae5044c39024ef09b14655cf	/Users/swethasunilkumar/Documents/Codex/2026-10-08/go/work/sleep-gwas-atlas/sleep_unified_research_v4/manifests/extension_raw_acquisition_plan_v4_8.json	77bf2da98b851ac1aa9d414b2b695fb04a65b0c4ca987f7d85db2097e9e7ef8b	PAN_UKB	CC BY4.0_SOURCE_GWAS_RESULTS		2026-10-10T01:15:51.851614+00:00	PROHIBITED_UNTIL_SOURCE_RIGHTS_AND_HUMAN_RELEASE_AUTHORITY_CLEARED	True
extension100	60	panukbb_continuous__20023__both_sexes__na__irnt	panukbb_continuous__20023__both_sexes__na__irnt		https://pan.ukbb.broadinstitute.org/downloads/index.html	https://pan-ukb-us-east-1.s3.amazonaws.com/sumstats_flat_files/continuous-20023-both_sexes-irnt.tsv.bgz?versionId=tbzUj5wHjoxxCSCrwPA247q_MfFHH7NL	2287598396	95b6238491efc19423149e212cb9d6280c23d0fcb66c4a510bcb70df1c7bc230	429d80996360e76c053d120e445294d0	/Users/swethasunilkumar/Documents/Codex/2026-10-08/go/work/sleep-gwas-atlas/sleep_unified_research_v4/manifests/extension_raw_acquisition_plan_v4_8.json	77bf2da98b851ac1aa9d414b2b695fb04a65b0c4ca987f7d85db2097e9e7ef8b	PAN_UKB	CC BY4.0_SOURCE_GWAS_RESULTS		2026-10-10T01:15:51.851614+00:00	PROHIBITED_UNTIL_SOURCE_RIGHTS_AND_HUMAN_RELEASE_AUTHORITY_CLEARED	True
extension100	61	panukbb_categorical__5001__both_sexes__5001__na	panukbb_categorical__5001__both_sexes__5001__na		https://pan.ukbb.broadinstitute.org/downloads/index.html	https://pan-ukb-us-east-1.s3.amazonaws.com/sumstats_flat_files/categorical-5001-both_sexes-5001.tsv.bgz?versionId=qcTBq_pzUSGwjtt7EvbOLDEXREKr3Sda	2506455393	135d839a06a8dbf38f062980620c2acba7b7243977891fe413362b18f294e57d	2abc0c0001131d8d1899874df9212de0	/Users/swethasunilkumar/Documents/Codex/2026-10-08/go/work/sleep-gwas-atlas/sleep_unified_research_v4/manifests/extension_raw_acquisition_plan_v4_8.json	77bf2da98b851ac1aa9d414b2b695fb04a65b0c4ca987f7d85db2097e9e7ef8b	PAN_UKB	CC BY4.0_SOURCE_GWAS_RESULTS		2026-10-10T01:15:51.851614+00:00	PROHIBITED_UNTIL_SOURCE_RIGHTS_AND_HUMAN_RELEASE_AUTHORITY_CLEARED	True
extension100	62	panukbb_continuous__20409__both_sexes__na__na	panukbb_continuous__20409__both_sexes__na__na		https://pan.ukbb.broadinstitute.org/downloads/index.html	https://pan-ukb-us-east-1.s3.amazonaws.com/sumstats_flat_files/continuous-20409-both_sexes.tsv.bgz?versionId=.VUY1zIk1QJAOkSRs7nLnaWH2EGJfbCv	1362795605	c8b81c1d76b314f84b6e0e440a41bb3469d5372c8f5fde1043e72e4499fc49de	6e67ca116e20515f2bdf226881d61289	/Users/swethasunilkumar/Documents/Codex/2026-10-08/go/work/sleep-gwas-atlas/sleep_unified_research_v4/manifests/extension_raw_acquisition_plan_v4_8.json	77bf2da98b851ac1aa9d414b2b695fb04a65b0c4ca987f7d85db2097e9e7ef8b	PAN_UKB	CC BY4.0_SOURCE_GWAS_RESULTS		2026-10-10T01:15:51.851614+00:00	PROHIBITED_UNTIL_SOURCE_RIGHTS_AND_HUMAN_RELEASE_AUTHORITY_CLEARED	True
extension100	63	panukbb_continuous__20515__both_sexes__na__na	panukbb_continuous__20515__both_sexes__na__na		https://pan.ukbb.broadinstitute.org/downloads/index.html	https://pan-ukb-us-east-1.s3.amazonaws.com/sumstats_flat_files/continuous-20515-both_sexes.tsv.bgz?versionId=JnvoJ0qVHpLJRVhfO3dBjxrM6A99wxaH	1753571607	a1930e46e09ad21388addfa6e895bdac3158467bb6a1fa221e625ca2ced80ca8	b9f8178f2d1d1635712e8a3935f6f5b5	/Users/swethasunilkumar/Documents/Codex/2026-10-08/go/work/sleep-gwas-atlas/sleep_unified_research_v4/manifests/extension_raw_acquisition_plan_v4_8.json	77bf2da98b851ac1aa9d414b2b695fb04a65b0c4ca987f7d85db2097e9e7ef8b	PAN_UKB	CC BY4.0_SOURCE_GWAS_RESULTS		2026-10-10T01:15:51.851614+00:00	PROHIBITED_UNTIL_SOURCE_RIGHTS_AND_HUMAN_RELEASE_AUTHORITY_CLEARED	True
extension100	64	panukbb_continuous__20520__both_sexes__na__na	panukbb_continuous__20520__both_sexes__na__na		https://pan.ukbb.broadinstitute.org/downloads/index.html	https://pan-ukb-us-east-1.s3.amazonaws.com/sumstats_flat_files/continuous-20520-both_sexes.tsv.bgz?versionId=LqR9xtfnns9FHbz9mmqEr3lNdv43bJ4u	1751285263	4b9cbcec7a66f2fb32ccb1da8902993341160379c728f5973def58caebba2872	210e82c806d094a3f4d1d4e0e23286bd	/Users/swethasunilkumar/Documents/Codex/2026-10-08/go/work/sleep-gwas-atlas/sleep_unified_research_v4/manifests/extension_raw_acquisition_plan_v4_8.json	77bf2da98b851ac1aa9d414b2b695fb04a65b0c4ca987f7d85db2097e9e7ef8b	PAN_UKB	CC BY4.0_SOURCE_GWAS_RESULTS		2026-10-10T01:15:51.851614+00:00	PROHIBITED_UNTIL_SOURCE_RIGHTS_AND_HUMAN_RELEASE_AUTHORITY_CLEARED	True
extension100	65	panukbb_continuous__20485__both_sexes__na__na	panukbb_continuous__20485__both_sexes__na__na		https://pan.ukbb.broadinstitute.org/downloads/index.html	https://pan-ukb-us-east-1.s3.amazonaws.com/sumstats_flat_files/continuous-20485-both_sexes.tsv.bgz?versionId=CeUXnS1F4S91o5TSptEEz0.bYZRtrbK6	1065066065	87f46a0437f010715f954ccdeabdc50b57f74dd2d8bb5066c3b8dd2fcb9bec3a	24d2a2790f257f854cf3903a4be84da7	/Users/swethasunilkumar/Documents/Codex/2026-10-08/go/work/sleep-gwas-atlas/sleep_unified_research_v4/manifests/extension_raw_acquisition_plan_v4_8.json	77bf2da98b851ac1aa9d414b2b695fb04a65b0c4ca987f7d85db2097e9e7ef8b	PAN_UKB	CC BY4.0_SOURCE_GWAS_RESULTS		2026-10-10T01:15:51.851614+00:00	PROHIBITED_UNTIL_SOURCE_RIGHTS_AND_HUMAN_RELEASE_AUTHORITY_CLEARED	True
extension100	66	panukbb_continuous__20498__both_sexes__na__na	panukbb_continuous__20498__both_sexes__na__na		https://pan.ukbb.broadinstitute.org/downloads/index.html	https://pan-ukb-us-east-1.s3.amazonaws.com/sumstats_flat_files/continuous-20498-both_sexes.tsv.bgz?versionId=DxJKMKiYRYhe.KgkkWh.kubbPKQyFtEX	1751886769	ec265501652413d8ec040ac9146421f11fa7a07a9326a8def87d0014c70a214e	fa299ca887e373e2f29666b5e8111912	/Users/swethasunilkumar/Documents/Codex/2026-10-08/go/work/sleep-gwas-atlas/sleep_unified_research_v4/manifests/extension_raw_acquisition_plan_v4_8.json	77bf2da98b851ac1aa9d414b2b695fb04a65b0c4ca987f7d85db2097e9e7ef8b	PAN_UKB	CC BY4.0_SOURCE_GWAS_RESULTS		2026-10-10T01:15:51.851614+00:00	PROHIBITED_UNTIL_SOURCE_RIGHTS_AND_HUMAN_RELEASE_AUTHORITY_CLEARED	True
extension100	67	panukbb_categorical__6145__both_sexes__6__na	panukbb_categorical__6145__both_sexes__6__na		https://pan.ukbb.broadinstitute.org/downloads/index.html	https://pan-ukb-us-east-1.s3.amazonaws.com/sumstats_flat_files/categorical-6145-both_sexes-6.tsv.bgz?versionId=2UizZyYtqtkgKjQov57oa3ujt.IK3bPU	2722291312	cfbea4d2dcad04c5e85c3ae15ec1770b461e22dc9c837add778a298ec404ffb4	90a5e3c693da4ef0fe730cc756ed1372	/Users/swethasunilkumar/Documents/Codex/2026-10-08/go/work/sleep-gwas-atlas/sleep_unified_research_v4/manifests/extension_raw_acquisition_plan_v4_8.json	77bf2da98b851ac1aa9d414b2b695fb04a65b0c4ca987f7d85db2097e9e7ef8b	PAN_UKB	CC BY4.0_SOURCE_GWAS_RESULTS		2026-10-10T01:15:51.851614+00:00	PROHIBITED_UNTIL_SOURCE_RIGHTS_AND_HUMAN_RELEASE_AUTHORITY_CLEARED	True
extension100	68	panukbb_categorical__2020__both_sexes__2020__na	panukbb_categorical__2020__both_sexes__2020__na		https://pan.ukbb.broadinstitute.org/downloads/index.html	https://pan-ukb-us-east-1.s3.amazonaws.com/sumstats_flat_files/categorical-2020-both_sexes-2020.tsv.bgz?versionId=fZlbaBNzZE6TZyRGcEufXqdzH7EVwNW.	2742991510	d404913eb9b33a3b3640a1e1e6255ebdec66e0158311557c569557b2f6178085	8e216019970b6209361b43e0a14966f5	/Users/swethasunilkumar/Documents/Codex/2026-10-08/go/work/sleep-gwas-atlas/sleep_unified_research_v4/manifests/extension_raw_acquisition_plan_v4_8.json	77bf2da98b851ac1aa9d414b2b695fb04a65b0c4ca987f7d85db2097e9e7ef8b	PAN_UKB	CC BY4.0_SOURCE_GWAS_RESULTS		2026-10-10T01:15:51.851614+00:00	PROHIBITED_UNTIL_SOURCE_RIGHTS_AND_HUMAN_RELEASE_AUTHORITY_CLEARED	True
extension100	69	panukbb_categorical__2040__both_sexes__2040__na	panukbb_categorical__2040__both_sexes__2040__na		https://pan.ukbb.broadinstitute.org/downloads/index.html	https://pan-ukb-us-east-1.s3.amazonaws.com/sumstats_flat_files/categorical-2040-both_sexes-2040.tsv.bgz?versionId=pet7s5l1dsGdF6iXhG9lQEbDbnUvfmcd	2736462822	ce6c01667d184a63c2f733f201d469533f7318c39d875fe2c80737b667c92013	c53f92f3505011c252d40dac1319f3ab	/Users/swethasunilkumar/Documents/Codex/2026-10-08/go/work/sleep-gwas-atlas/sleep_unified_research_v4/manifests/extension_raw_acquisition_plan_v4_8.json	77bf2da98b851ac1aa9d414b2b695fb04a65b0c4ca987f7d85db2097e9e7ef8b	PAN_UKB	CC BY4.0_SOURCE_GWAS_RESULTS		2026-10-10T01:15:51.851614+00:00	PROHIBITED_UNTIL_SOURCE_RIGHTS_AND_HUMAN_RELEASE_AUTHORITY_CLEARED	True
extension100	70	panukbb_categorical__1677__both_sexes__1677__na	panukbb_categorical__1677__both_sexes__1677__na		https://pan.ukbb.broadinstitute.org/downloads/index.html	https://pan-ukb-us-east-1.s3.amazonaws.com/sumstats_flat_files/categorical-1677-both_sexes-1677.tsv.bgz?versionId=pkQvkvcE7zZveJ_NptzpyMo9rpQNNsn3	2628843433	896e7bf24f08eacc789736411e5552c10ae67815fac9033156890b8229941007	0c8c307cb04afc3011e92b9410e1e070	/Users/swethasunilkumar/Documents/Codex/2026-10-08/go/work/sleep-gwas-atlas/sleep_unified_research_v4/manifests/extension_raw_acquisition_plan_v4_8.json	77bf2da98b851ac1aa9d414b2b695fb04a65b0c4ca987f7d85db2097e9e7ef8b	PAN_UKB	CC BY4.0_SOURCE_GWAS_RESULTS		2026-10-10T01:15:51.851614+00:00	PROHIBITED_UNTIL_SOURCE_RIGHTS_AND_HUMAN_RELEASE_AUTHORITY_CLEARED	True
extension100	71	panukbb_categorical__1707__both_sexes__2__na	panukbb_categorical__1707__both_sexes__2__na		https://pan.ukbb.broadinstitute.org/downloads/index.html	https://pan-ukb-us-east-1.s3.amazonaws.com/sumstats_flat_files/categorical-1707-both_sexes-2.tsv.bgz?versionId=Un1TFH4B74cBwybfNDCdBCSivD2tYlPh	2684787102	d38107c532c5a4184cf032e4399e21712f65f08a05cc1c2ca2b6de96fa05b05b	a901d008db21d1adeb3f960ad3b61f13	/Users/swethasunilkumar/Documents/Codex/2026-10-08/go/work/sleep-gwas-atlas/sleep_unified_research_v4/manifests/extension_raw_acquisition_plan_v4_8.json	77bf2da98b851ac1aa9d414b2b695fb04a65b0c4ca987f7d85db2097e9e7ef8b	PAN_UKB	CC BY4.0_SOURCE_GWAS_RESULTS		2026-10-10T01:15:51.851614+00:00	PROHIBITED_UNTIL_SOURCE_RIGHTS_AND_HUMAN_RELEASE_AUTHORITY_CLEARED	True
extension100	72	panukbb_continuous__20022__both_sexes__na__irnt	panukbb_continuous__20022__both_sexes__na__irnt		https://pan.ukbb.broadinstitute.org/downloads/index.html	https://pan-ukb-us-east-1.s3.amazonaws.com/sumstats_flat_files/continuous-20022-both_sexes-irnt.tsv.bgz?versionId=.ivfaKUO8P68y.QewETIg4LcV8so3BjF	2188355734	95d6f4b1459f145e00d46a100b2ce8595a625db42c532e64baf08a0f08b8a180	4240a102ae0f8a00d8de0b7ff06a1ffc	/Users/swethasunilkumar/Documents/Codex/2026-10-08/go/work/sleep-gwas-atlas/sleep_unified_research_v4/manifests/extension_raw_acquisition_plan_v4_8.json	77bf2da98b851ac1aa9d414b2b695fb04a65b0c4ca987f7d85db2097e9e7ef8b	PAN_UKB	CC BY4.0_SOURCE_GWAS_RESULTS		2026-10-10T01:15:51.851614+00:00	PROHIBITED_UNTIL_SOURCE_RIGHTS_AND_HUMAN_RELEASE_AUTHORITY_CLEARED	True
extension100	73	panukbb_categorical__1538__both_sexes__1__na	panukbb_categorical__1538__both_sexes__1__na		https://pan.ukbb.broadinstitute.org/downloads/index.html	https://pan-ukb-us-east-1.s3.amazonaws.com/sumstats_flat_files/categorical-1538-both_sexes-1.tsv.bgz?versionId=GMg0yhzXOFu5kobQmA.PJeCax3p.izww	2717058221	92fabd80a394ff550f4d3208b25e66cf32f71cab7fa4cdf4cb1cb6b209156db9	46dd6fca38e4cd294e57cc44b1c5f3af	/Users/swethasunilkumar/Documents/Codex/2026-10-08/go/work/sleep-gwas-atlas/sleep_unified_research_v4/manifests/extension_raw_acquisition_plan_v4_8.json	77bf2da98b851ac1aa9d414b2b695fb04a65b0c4ca987f7d85db2097e9e7ef8b	PAN_UKB	CC BY4.0_SOURCE_GWAS_RESULTS		2026-10-10T01:15:51.851614+00:00	PROHIBITED_UNTIL_SOURCE_RIGHTS_AND_HUMAN_RELEASE_AUTHORITY_CLEARED	True
extension100	74	panukbb_categorical__1418__both_sexes__1__na	panukbb_categorical__1418__both_sexes__1__na		https://pan.ukbb.broadinstitute.org/downloads/index.html	https://pan-ukb-us-east-1.s3.amazonaws.com/sumstats_flat_files/categorical-1418-both_sexes-1.tsv.bgz?versionId=59FNyzkFeVjSs93U20BcyqkeW3mIZjsA	2717780197	710f7106e6372b8aa4e74ff6257757389405402399658127fb71f402effb62ef	c20351ed78b84a38762e5acc6ac0d6c1	/Users/swethasunilkumar/Documents/Codex/2026-10-08/go/work/sleep-gwas-atlas/sleep_unified_research_v4/manifests/extension_raw_acquisition_plan_v4_8.json	77bf2da98b851ac1aa9d414b2b695fb04a65b0c4ca987f7d85db2097e9e7ef8b	PAN_UKB	CC BY4.0_SOURCE_GWAS_RESULTS		2026-10-10T01:15:51.851614+00:00	PROHIBITED_UNTIL_SOURCE_RIGHTS_AND_HUMAN_RELEASE_AUTHORITY_CLEARED	True
extension100	75	panukbb_continuous__1548__both_sexes__na__na	panukbb_continuous__1548__both_sexes__na__na		https://pan.ukbb.broadinstitute.org/downloads/index.html	https://pan-ukb-us-east-1.s3.amazonaws.com/sumstats_flat_files/continuous-1548-both_sexes.tsv.bgz?versionId=SUk5H3_MT0bcNEpEDYlE7MZlOyytWZ_X	2296077193	69becf2f3960a2d85b077c3579eea9fbbc7764392ae5bbfc9ee256fe704acf20	fbf239f23f25cd450e8d81f5afe5f156	/Users/swethasunilkumar/Documents/Codex/2026-10-08/go/work/sleep-gwas-atlas/sleep_unified_research_v4/manifests/extension_raw_acquisition_plan_v4_8.json	77bf2da98b851ac1aa9d414b2b695fb04a65b0c4ca987f7d85db2097e9e7ef8b	PAN_UKB	CC BY4.0_SOURCE_GWAS_RESULTS		2026-10-10T01:15:51.851614+00:00	PROHIBITED_UNTIL_SOURCE_RIGHTS_AND_HUMAN_RELEASE_AUTHORITY_CLEARED	True
extension100	76	panukbb_continuous__1349__both_sexes__na__na	panukbb_continuous__1349__both_sexes__na__na		https://pan.ukbb.broadinstitute.org/downloads/index.html	https://pan-ukb-us-east-1.s3.amazonaws.com/sumstats_flat_files/continuous-1349-both_sexes.tsv.bgz?versionId=bAzEjlJcHM3ZWCgCDNGyD40zAIya.f.V	2128227838	7993bb5310b67c18e8703f8319253b14573c3bb94a7674c98dbc8ea6be1bc9b4	b0b8556e3b156b969638aa384317a9d1	/Users/swethasunilkumar/Documents/Codex/2026-10-08/go/work/sleep-gwas-atlas/sleep_unified_research_v4/manifests/extension_raw_acquisition_plan_v4_8.json	77bf2da98b851ac1aa9d414b2b695fb04a65b0c4ca987f7d85db2097e9e7ef8b	PAN_UKB	CC BY4.0_SOURCE_GWAS_RESULTS		2026-10-10T01:15:51.851614+00:00	PROHIBITED_UNTIL_SOURCE_RIGHTS_AND_HUMAN_RELEASE_AUTHORITY_CLEARED	True
extension100	77	panukbb_categorical__1468__both_sexes__4__na	panukbb_categorical__1468__both_sexes__4__na		https://pan.ukbb.broadinstitute.org/downloads/index.html	https://pan-ukb-us-east-1.s3.amazonaws.com/sumstats_flat_files/categorical-1468-both_sexes-4.tsv.bgz?versionId=rfzhFrcIKQWfMq5zELo2p56D7Sfwuh0P	2713114733	9fb4b63dffe51dc145f1536eb375be1182dab537914320d018a89d3ce8740d01	20b5e777da941d363f461ecf15270c2a	/Users/swethasunilkumar/Documents/Codex/2026-10-08/go/work/sleep-gwas-atlas/sleep_unified_research_v4/manifests/extension_raw_acquisition_plan_v4_8.json	77bf2da98b851ac1aa9d414b2b695fb04a65b0c4ca987f7d85db2097e9e7ef8b	PAN_UKB	CC BY4.0_SOURCE_GWAS_RESULTS		2026-10-10T01:15:51.851614+00:00	PROHIBITED_UNTIL_SOURCE_RIGHTS_AND_HUMAN_RELEASE_AUTHORITY_CLEARED	True
extension100	78	panukbb_continuous__1140__both_sexes__na__na	panukbb_continuous__1140__both_sexes__na__na		https://pan.ukbb.broadinstitute.org/downloads/index.html	https://pan-ukb-us-east-1.s3.amazonaws.com/sumstats_flat_files/continuous-1140-both_sexes.tsv.bgz?versionId=3gygIFCVA.aA.SGbbvPhGi5tsOlb9bC1	2271772027	c5e922df7d562e679ab4dfcbc1dbce0d320c916762cea9494074148e052c069b	8adee86dc1b558e1686159ad2471af8f	/Users/swethasunilkumar/Documents/Codex/2026-10-08/go/work/sleep-gwas-atlas/sleep_unified_research_v4/manifests/extension_raw_acquisition_plan_v4_8.json	77bf2da98b851ac1aa9d414b2b695fb04a65b0c4ca987f7d85db2097e9e7ef8b	PAN_UKB	CC BY4.0_SOURCE_GWAS_RESULTS		2026-10-10T01:15:51.851614+00:00	PROHIBITED_UNTIL_SOURCE_RIGHTS_AND_HUMAN_RELEASE_AUTHORITY_CLEARED	True
extension100	79	panukbb_continuous__2237__both_sexes__na__na	panukbb_continuous__2237__both_sexes__na__na		https://pan.ukbb.broadinstitute.org/downloads/index.html	https://pan-ukb-us-east-1.s3.amazonaws.com/sumstats_flat_files/continuous-2237-both_sexes.tsv.bgz?versionId=Ea5FXTYzZfjJ3lV602XRCV6ZO9yhmt0p	2285099750	c9a4b37bf75232928d10f2ca6f945e52489e2abc127d82387cf3468341a82102	919385263fb15654ac76b1b717516564	/Users/swethasunilkumar/Documents/Codex/2026-10-08/go/work/sleep-gwas-atlas/sleep_unified_research_v4/manifests/extension_raw_acquisition_plan_v4_8.json	77bf2da98b851ac1aa9d414b2b695fb04a65b0c4ca987f7d85db2097e9e7ef8b	PAN_UKB	CC BY4.0_SOURCE_GWAS_RESULTS		2026-10-10T01:15:51.851614+00:00	PROHIBITED_UNTIL_SOURCE_RIGHTS_AND_HUMAN_RELEASE_AUTHORITY_CLEARED	True
extension100	80	panukbb_continuous__1757__both_sexes__na__na	panukbb_continuous__1757__both_sexes__na__na		https://pan.ukbb.broadinstitute.org/downloads/index.html	https://pan-ukb-us-east-1.s3.amazonaws.com/sumstats_flat_files/continuous-1757-both_sexes.tsv.bgz?versionId=UotesQiyTvtHmJy.63K8_MJVoRaUiVcJ	2285560789	52ad9d288021880fd441449d9479f91f9724472484def01883b64cfc1964178c	562d5b20bd9a1848b41ec3a332ce4828	/Users/swethasunilkumar/Documents/Codex/2026-10-08/go/work/sleep-gwas-atlas/sleep_unified_research_v4/manifests/extension_raw_acquisition_plan_v4_8.json	77bf2da98b851ac1aa9d414b2b695fb04a65b0c4ca987f7d85db2097e9e7ef8b	PAN_UKB	CC BY4.0_SOURCE_GWAS_RESULTS		2026-10-10T01:15:51.851614+00:00	PROHIBITED_UNTIL_SOURCE_RIGHTS_AND_HUMAN_RELEASE_AUTHORITY_CLEARED	True
extension100	81	panukbb_continuous__2267__both_sexes__na__na	panukbb_continuous__2267__both_sexes__na__na		https://pan.ukbb.broadinstitute.org/downloads/index.html	https://pan-ukb-us-east-1.s3.amazonaws.com/sumstats_flat_files/continuous-2267-both_sexes.tsv.bgz?versionId=Rd8rVhF07Reo9W_z2CgQVtc2i_LH34dG	2276356203	ebb2c5f6005f4c1072f014048287492d2065542c3dc46249b2eefe10f39b0397	53784d021ff54bb1fd5f37967aeb71c2	/Users/swethasunilkumar/Documents/Codex/2026-10-08/go/work/sleep-gwas-atlas/sleep_unified_research_v4/manifests/extension_raw_acquisition_plan_v4_8.json	77bf2da98b851ac1aa9d414b2b695fb04a65b0c4ca987f7d85db2097e9e7ef8b	PAN_UKB	CC BY4.0_SOURCE_GWAS_RESULTS		2026-10-10T01:15:51.851614+00:00	PROHIBITED_UNTIL_SOURCE_RIGHTS_AND_HUMAN_RELEASE_AUTHORITY_CLEARED	True
extension100	82	panukbb_continuous__874__both_sexes__na__irnt	panukbb_continuous__874__both_sexes__na__irnt		https://pan.ukbb.broadinstitute.org/downloads/index.html	https://pan-ukb-us-east-1.s3.amazonaws.com/sumstats_flat_files/continuous-874-both_sexes-irnt.tsv.bgz?versionId=R3ovKBc5LW51VZLFKwWyTtObTEb6R61o	2277981823	91b2bcccec71c57f9ef5fadcfbb7cbdbb3064a84b4f060d65e3cce505b64b343	68f0bce5c7c13036a27e909ad7ac2dd1	/Users/swethasunilkumar/Documents/Codex/2026-10-08/go/work/sleep-gwas-atlas/sleep_unified_research_v4/manifests/extension_raw_acquisition_plan_v4_8.json	77bf2da98b851ac1aa9d414b2b695fb04a65b0c4ca987f7d85db2097e9e7ef8b	PAN_UKB	CC BY4.0_SOURCE_GWAS_RESULTS		2026-10-10T01:15:51.851614+00:00	PROHIBITED_UNTIL_SOURCE_RIGHTS_AND_HUMAN_RELEASE_AUTHORITY_CLEARED	True
extension100	83	panukbb_continuous__943__both_sexes__na__na	panukbb_continuous__943__both_sexes__na__na		https://pan.ukbb.broadinstitute.org/downloads/index.html	https://pan-ukb-us-east-1.s3.amazonaws.com/sumstats_flat_files/continuous-943-both_sexes.tsv.bgz?versionId=fvZj16qhx7CXJ30FQZOE9gqLmDwz9.BG	2290127366	b4ad9e529d4c0150823936563fff80f69b76773840d01699b2e50b62d16cccc1	e9fddad550681055438ef173813a9dde	/Users/swethasunilkumar/Documents/Codex/2026-10-08/go/work/sleep-gwas-atlas/sleep_unified_research_v4/manifests/extension_raw_acquisition_plan_v4_8.json	77bf2da98b851ac1aa9d414b2b695fb04a65b0c4ca987f7d85db2097e9e7ef8b	PAN_UKB	CC BY4.0_SOURCE_GWAS_RESULTS		2026-10-10T01:15:51.851614+00:00	PROHIBITED_UNTIL_SOURCE_RIGHTS_AND_HUMAN_RELEASE_AUTHORITY_CLEARED	True
extension100	84	panukbb_continuous__904__both_sexes__na__na	panukbb_continuous__904__both_sexes__na__na		https://pan.ukbb.broadinstitute.org/downloads/index.html	https://pan-ukb-us-east-1.s3.amazonaws.com/sumstats_flat_files/continuous-904-both_sexes.tsv.bgz?versionId=cv5Obh.MeclZiPNZx0yEIhNZaIt09VJC	2298134499	1c3678520c39938b22cf71919aaf46daea050884d41736acb284b6886689a71b	e08ff81b7f0ff3f35098016a69029d62	/Users/swethasunilkumar/Documents/Codex/2026-10-08/go/work/sleep-gwas-atlas/sleep_unified_research_v4/manifests/extension_raw_acquisition_plan_v4_8.json	77bf2da98b851ac1aa9d414b2b695fb04a65b0c4ca987f7d85db2097e9e7ef8b	PAN_UKB	CC BY4.0_SOURCE_GWAS_RESULTS		2026-10-10T01:15:51.851614+00:00	PROHIBITED_UNTIL_SOURCE_RIGHTS_AND_HUMAN_RELEASE_AUTHORITY_CLEARED	True
extension100	85	panukbb_categorical__6164__both_sexes__5__na	panukbb_categorical__6164__both_sexes__5__na		https://pan.ukbb.broadinstitute.org/downloads/index.html	https://pan-ukb-us-east-1.s3.amazonaws.com/sumstats_flat_files/categorical-6164-both_sexes-5.tsv.bgz?versionId=p93Tf9mw6Om5u3AaOL0gX7g7MO4F73AC	2733416214	75a1c9aee985a570ffebe4563a8f43059ac10184d8a372212852c2946ba4e538	641b6c486f03fa1a412ac7bb5e4f8590	/Users/swethasunilkumar/Documents/Codex/2026-10-08/go/work/sleep-gwas-atlas/sleep_unified_research_v4/manifests/extension_raw_acquisition_plan_v4_8.json	77bf2da98b851ac1aa9d414b2b695fb04a65b0c4ca987f7d85db2097e9e7ef8b	PAN_UKB	CC BY4.0_SOURCE_GWAS_RESULTS		2026-10-10T01:15:51.851614+00:00	PROHIBITED_UNTIL_SOURCE_RIGHTS_AND_HUMAN_RELEASE_AUTHORITY_CLEARED	True
extension100	86	panukbb_continuous__924__both_sexes__na__na	panukbb_continuous__924__both_sexes__na__na		https://pan.ukbb.broadinstitute.org/downloads/index.html	https://pan-ukb-us-east-1.s3.amazonaws.com/sumstats_flat_files/continuous-924-both_sexes.tsv.bgz?versionId=GUqH02QPw3zM854WOFS4red_AwpjPX3V	2036103294	de298cc240af1f9a34b46fc0a4c41a178d52d653db34d72288fa12cc13bf27ff	0213b5d3e543804f52fd614d9051a634	/Users/swethasunilkumar/Documents/Codex/2026-10-08/go/work/sleep-gwas-atlas/sleep_unified_research_v4/manifests/extension_raw_acquisition_plan_v4_8.json	77bf2da98b851ac1aa9d414b2b695fb04a65b0c4ca987f7d85db2097e9e7ef8b	PAN_UKB	CC BY4.0_SOURCE_GWAS_RESULTS		2026-10-10T01:15:51.851614+00:00	PROHIBITED_UNTIL_SOURCE_RIGHTS_AND_HUMAN_RELEASE_AUTHORITY_CLEARED	True
extension100	87	panukbb_categorical__6138__both_sexes__5__na	panukbb_categorical__6138__both_sexes__5__na		https://pan.ukbb.broadinstitute.org/downloads/index.html	https://pan-ukb-us-east-1.s3.amazonaws.com/sumstats_flat_files/categorical-6138-both_sexes-5.tsv.bgz?versionId=oNNuKyEE5HUrEQk1uvpyduZSuWV_B9L6	2721992413	fcbe8cc6ed1134a810ca473796ead5c017808bf967db31331ba0aab725797b3c	19ef620dfebed0d322363d67a9bcee13	/Users/swethasunilkumar/Documents/Codex/2026-10-08/go/work/sleep-gwas-atlas/sleep_unified_research_v4/manifests/extension_raw_acquisition_plan_v4_8.json	77bf2da98b851ac1aa9d414b2b695fb04a65b0c4ca987f7d85db2097e9e7ef8b	PAN_UKB	CC BY4.0_SOURCE_GWAS_RESULTS		2026-10-10T01:15:51.851614+00:00	PROHIBITED_UNTIL_SOURCE_RIGHTS_AND_HUMAN_RELEASE_AUTHORITY_CLEARED	True
extension100	88	panukbb_categorical__6142__both_sexes__6__na	panukbb_categorical__6142__both_sexes__6__na		https://pan.ukbb.broadinstitute.org/downloads/index.html	https://pan-ukb-us-east-1.s3.amazonaws.com/sumstats_flat_files/categorical-6142-both_sexes-6.tsv.bgz?versionId=_dALrSYeNlVGdfjKxwwP5k9qYuB3H880	2368670791	c2d287af2afe74bcc668cfff0d44a4127cb7e23369a479b115eb98011bbc7366	fbb76d75640fc83c1d0bbc3be934e000	/Users/swethasunilkumar/Documents/Codex/2026-10-08/go/work/sleep-gwas-atlas/sleep_unified_research_v4/manifests/extension_raw_acquisition_plan_v4_8.json	77bf2da98b851ac1aa9d414b2b695fb04a65b0c4ca987f7d85db2097e9e7ef8b	PAN_UKB	CC BY4.0_SOURCE_GWAS_RESULTS		2026-10-10T01:15:51.851614+00:00	PROHIBITED_UNTIL_SOURCE_RIGHTS_AND_HUMAN_RELEASE_AUTHORITY_CLEARED	True
extension100	89	panukbb_continuous__816__both_sexes__na__na	panukbb_continuous__816__both_sexes__na__na		https://pan.ukbb.broadinstitute.org/downloads/index.html	https://pan-ukb-us-east-1.s3.amazonaws.com/sumstats_flat_files/continuous-816-both_sexes.tsv.bgz?versionId=.hLpdJxPM3HQ7p4Ky2aemMtvfs.ryqro	2247334704	638a0f2f59c55ac52d9a25a1c8b5985fa48fb37e864a1ec98cc50c10d2d6c996	35446e73d37094ac169da5952f9ab952	/Users/swethasunilkumar/Documents/Codex/2026-10-08/go/work/sleep-gwas-atlas/sleep_unified_research_v4/manifests/extension_raw_acquisition_plan_v4_8.json	77bf2da98b851ac1aa9d414b2b695fb04a65b0c4ca987f7d85db2097e9e7ef8b	PAN_UKB	CC BY4.0_SOURCE_GWAS_RESULTS		2026-10-10T01:15:51.851614+00:00	PROHIBITED_UNTIL_SOURCE_RIGHTS_AND_HUMAN_RELEASE_AUTHORITY_CLEARED	True
extension100	90	panukbb_continuous__728__both_sexes__na__na	panukbb_continuous__728__both_sexes__na__na		https://pan.ukbb.broadinstitute.org/downloads/index.html	https://pan-ukb-us-east-1.s3.amazonaws.com/sumstats_flat_files/continuous-728-both_sexes.tsv.bgz?versionId=sXiU2kH25ROmcJEl8LN5VfVX6FJzO48H	2308954461	c8c1fcb95a030de93c003b87fa47e78e79226bb96f24c676dcaff33ac93cba4d	a4b3d9e53e312cd77c36d73b35a5b993	/Users/swethasunilkumar/Documents/Codex/2026-10-08/go/work/sleep-gwas-atlas/sleep_unified_research_v4/manifests/extension_raw_acquisition_plan_v4_8.json	77bf2da98b851ac1aa9d414b2b695fb04a65b0c4ca987f7d85db2097e9e7ef8b	PAN_UKB	CC BY4.0_SOURCE_GWAS_RESULTS		2026-10-10T01:15:51.851614+00:00	PROHIBITED_UNTIL_SOURCE_RIGHTS_AND_HUMAN_RELEASE_AUTHORITY_CLEARED	True
extension100	91	panukbb_continuous__699__both_sexes__na__irnt	panukbb_continuous__699__both_sexes__na__irnt		https://pan.ukbb.broadinstitute.org/downloads/index.html	https://pan-ukb-us-east-1.s3.amazonaws.com/sumstats_flat_files/continuous-699-both_sexes-irnt.tsv.bgz?versionId=l6a_cosssuMRUi6kq.th5k0t8d6tsXYh	2285169644	0b00b9245996ad8fd1cf076472c83c5f7722e08e3c8d873ffe7b9ad45746946c	6be26cbe8b8cfc0a9848e272e7cb8f0d	/Users/swethasunilkumar/Documents/Codex/2026-10-08/go/work/sleep-gwas-atlas/sleep_unified_research_v4/manifests/extension_raw_acquisition_plan_v4_8.json	77bf2da98b851ac1aa9d414b2b695fb04a65b0c4ca987f7d85db2097e9e7ef8b	PAN_UKB	CC BY4.0_SOURCE_GWAS_RESULTS		2026-10-10T01:15:51.851614+00:00	PROHIBITED_UNTIL_SOURCE_RIGHTS_AND_HUMAN_RELEASE_AUTHORITY_CLEARED	True
extension100	92	panukbb_icd10__i83__both_sexes__na__na	panukbb_icd10__i83__both_sexes__na__na		https://pan.ukbb.broadinstitute.org/downloads/index.html	https://pan-ukb-us-east-1.s3.amazonaws.com/sumstats_flat_files/icd10-I83-both_sexes.tsv.bgz?versionId=BZU7zPtnfpHXiTfk781tvI.egJ3_QA5F	1844616958	7551b24eb6417ddd1bae6f70445219e89286dded5bf0bd00cd0b8c7cc4cb6e48	6847e603f548c9efb23f81557f74fc85	/Users/swethasunilkumar/Documents/Codex/2026-10-08/go/work/sleep-gwas-atlas/sleep_unified_research_v4/manifests/extension_raw_acquisition_plan_v4_8.json	77bf2da98b851ac1aa9d414b2b695fb04a65b0c4ca987f7d85db2097e9e7ef8b	PAN_UKB	CC BY4.0_SOURCE_GWAS_RESULTS		2026-10-10T01:15:51.851614+00:00	PROHIBITED_UNTIL_SOURCE_RIGHTS_AND_HUMAN_RELEASE_AUTHORITY_CLEARED	True
extension100	93	panukbb_icd10__z95__both_sexes__na__na	panukbb_icd10__z95__both_sexes__na__na		https://pan.ukbb.broadinstitute.org/downloads/index.html	https://pan-ukb-us-east-1.s3.amazonaws.com/sumstats_flat_files/icd10-Z95-both_sexes.tsv.bgz?versionId=ZbJza4yvqrT4_AfxqekePpWsSCQdeW10	2150845659	2be13b723efbbd425888690137f9b8b7f3d56e1079165b91331ae3ddf4458752	5caed705b94ac2f4cc462323f903972e	/Users/swethasunilkumar/Documents/Codex/2026-10-08/go/work/sleep-gwas-atlas/sleep_unified_research_v4/manifests/extension_raw_acquisition_plan_v4_8.json	77bf2da98b851ac1aa9d414b2b695fb04a65b0c4ca987f7d85db2097e9e7ef8b	PAN_UKB	CC BY4.0_SOURCE_GWAS_RESULTS		2026-10-10T01:15:51.851614+00:00	PROHIBITED_UNTIL_SOURCE_RIGHTS_AND_HUMAN_RELEASE_AUTHORITY_CLEARED	True
extension100	94	panukbb_categorical__20002__both_sexes__1226__na	panukbb_categorical__20002__both_sexes__1226__na		https://pan.ukbb.broadinstitute.org/downloads/index.html	https://pan-ukb-us-east-1.s3.amazonaws.com/sumstats_flat_files/categorical-20002-both_sexes-1226.tsv.bgz?versionId=9X8y7JpdNyBUOCmBRyGdV71FCmfdRnmv	1773416642	6f602c6363f4dbca181512e8fd463c368a6e8eb6b13bd04662baf71ea8c7f889	97f266e9e8c889be2e3c44fe7752716e	/Users/swethasunilkumar/Documents/Codex/2026-10-08/go/work/sleep-gwas-atlas/sleep_unified_research_v4/manifests/extension_raw_acquisition_plan_v4_8.json	77bf2da98b851ac1aa9d414b2b695fb04a65b0c4ca987f7d85db2097e9e7ef8b	PAN_UKB	CC BY4.0_SOURCE_GWAS_RESULTS		2026-10-10T01:15:51.851614+00:00	PROHIBITED_UNTIL_SOURCE_RIGHTS_AND_HUMAN_RELEASE_AUTHORITY_CLEARED	True
extension100	95	panukbb_continuous__135__both_sexes__na__na	panukbb_continuous__135__both_sexes__na__na		https://pan.ukbb.broadinstitute.org/downloads/index.html	https://pan-ukb-us-east-1.s3.amazonaws.com/sumstats_flat_files/continuous-135-both_sexes.tsv.bgz?versionId=RvBN7Y5ThRqjqgTpwAvDYSGNk6WOnG6f	2301338992	975b7623c8032297988875373a9b78b66fdae1379b9e2a6ea768e7c57c46c60c	c23616058713c032747e3a9bfdb488a4	/Users/swethasunilkumar/Documents/Codex/2026-10-08/go/work/sleep-gwas-atlas/sleep_unified_research_v4/manifests/extension_raw_acquisition_plan_v4_8.json	77bf2da98b851ac1aa9d414b2b695fb04a65b0c4ca987f7d85db2097e9e7ef8b	PAN_UKB	CC BY4.0_SOURCE_GWAS_RESULTS		2026-10-10T01:15:51.851614+00:00	PROHIBITED_UNTIL_SOURCE_RIGHTS_AND_HUMAN_RELEASE_AUTHORITY_CLEARED	True
extension100	96	panukbb_continuous__4195__both_sexes__na__irnt	panukbb_continuous__4195__both_sexes__na__irnt		https://pan.ukbb.broadinstitute.org/downloads/index.html	https://pan-ukb-us-east-1.s3.amazonaws.com/sumstats_flat_files/continuous-4195-both_sexes-irnt.tsv.bgz?versionId=ZG29rxIuPdcpMVv5p3ZD6qJbQRRff9iT	2223560319	0dc2521f8d08cb4e8aff8205f79026feb33149d1c983397fb5d12d779a8f20a8	8ba93ac09fa32ac94f2606a0c4829a53	/Users/swethasunilkumar/Documents/Codex/2026-10-08/go/work/sleep-gwas-atlas/sleep_unified_research_v4/manifests/extension_raw_acquisition_plan_v4_8.json	77bf2da98b851ac1aa9d414b2b695fb04a65b0c4ca987f7d85db2097e9e7ef8b	PAN_UKB	CC BY4.0_SOURCE_GWAS_RESULTS		2026-10-10T01:15:51.851614+00:00	PROHIBITED_UNTIL_SOURCE_RIGHTS_AND_HUMAN_RELEASE_AUTHORITY_CLEARED	True
extension100	97	panukbb_categorical__20117__both_sexes__2__na	panukbb_categorical__20117__both_sexes__2__na		https://pan.ukbb.broadinstitute.org/downloads/index.html	https://pan-ukb-us-east-1.s3.amazonaws.com/sumstats_flat_files/categorical-20117-both_sexes-2.tsv.bgz?versionId=hZKmkV6AOV1IUsjHpbwvK1isOVjVVr7E	2663116100	42ff7acc1f6f255e54415bec4f208368d77c8f60b2372f380cebc1f0f5535fa6	c0042ddacb9501cb051dd8f760bf1823	/Users/swethasunilkumar/Documents/Codex/2026-10-08/go/work/sleep-gwas-atlas/sleep_unified_research_v4/manifests/extension_raw_acquisition_plan_v4_8.json	77bf2da98b851ac1aa9d414b2b695fb04a65b0c4ca987f7d85db2097e9e7ef8b	PAN_UKB	CC BY4.0_SOURCE_GWAS_RESULTS		2026-10-10T01:15:51.851614+00:00	PROHIBITED_UNTIL_SOURCE_RIGHTS_AND_HUMAN_RELEASE_AUTHORITY_CLEARED	True
extension100	98	panukbb_continuous__1588__both_sexes__na__na	panukbb_continuous__1588__both_sexes__na__na		https://pan.ukbb.broadinstitute.org/downloads/index.html	https://pan-ukb-us-east-1.s3.amazonaws.com/sumstats_flat_files/continuous-1588-both_sexes.tsv.bgz?versionId=IVIVtPExzO64nA0l5GE.jjsWwbzd8cIP	2213292732	84b4eb73c37e3cef773ffaa611f9699de255dd7b2c85279c1e86d72e995953a5	052957319de58aa61ba5c7ec7307b047	/Users/swethasunilkumar/Documents/Codex/2026-10-08/go/work/sleep-gwas-atlas/sleep_unified_research_v4/manifests/extension_raw_acquisition_plan_v4_8.json	77bf2da98b851ac1aa9d414b2b695fb04a65b0c4ca987f7d85db2097e9e7ef8b	PAN_UKB	CC BY4.0_SOURCE_GWAS_RESULTS		2026-10-10T01:15:51.851614+00:00	PROHIBITED_UNTIL_SOURCE_RIGHTS_AND_HUMAN_RELEASE_AUTHORITY_CLEARED	True
extension100	99	panukbb_continuous__1259__both_sexes__na__na	panukbb_continuous__1259__both_sexes__na__na		https://pan.ukbb.broadinstitute.org/downloads/index.html	https://pan-ukb-us-east-1.s3.amazonaws.com/sumstats_flat_files/continuous-1259-both_sexes.tsv.bgz?versionId=D5fjKLWIA.slp4wAyMYYyWEEteWws1cj	1892642857	bd3840a4535ed1bf5928b48787cbf4b1df44be4a46a161e12165d6b0915cfe60	cd2198b514c262436ee649002829c9b4	/Users/swethasunilkumar/Documents/Codex/2026-10-08/go/work/sleep-gwas-atlas/sleep_unified_research_v4/manifests/extension_raw_acquisition_plan_v4_8.json	77bf2da98b851ac1aa9d414b2b695fb04a65b0c4ca987f7d85db2097e9e7ef8b	PAN_UKB	CC BY4.0_SOURCE_GWAS_RESULTS		2026-10-10T01:15:51.851614+00:00	PROHIBITED_UNTIL_SOURCE_RIGHTS_AND_HUMAN_RELEASE_AUTHORITY_CLEARED	True
extension100	100	panukbb_phecode__318__both_sexes__na__na	panukbb_phecode__318__both_sexes__na__na		https://pan.ukbb.broadinstitute.org/downloads/index.html	https://pan-ukb-us-east-1.s3.amazonaws.com/sumstats_flat_files/phecode-318-both_sexes.tsv.bgz?versionId=WY7Z29WE08ijixMae3HFs2AZMZSJO1Z8	2373044794	6e798cb61928c9db9952754896ece6e44ce8e23c67bb282e9d3c8c961ddd6a42	ddb41bbc742ab0c83fe0d8392a1831d3	/Users/swethasunilkumar/Documents/Codex/2026-10-08/go/work/sleep-gwas-atlas/sleep_unified_research_v4/manifests/extension_raw_acquisition_plan_v4_8.json	77bf2da98b851ac1aa9d414b2b695fb04a65b0c4ca987f7d85db2097e9e7ef8b	PAN_UKB	CC BY4.0_SOURCE_GWAS_RESULTS		2026-10-10T01:15:51.851614+00:00	PROHIBITED_UNTIL_SOURCE_RIGHTS_AND_HUMAN_RELEASE_AUTHORITY_CLEARED	True
validation13	1	gwas_catalog_GCST90479148	gwas_catalog_GCST90479148	GCST90479148	https://www.ebi.ac.uk/gwas/studies/GCST90479148	https://ftp.ebi.ac.uk/pub/databases/gwas/summary_statistics/GCST90479001-GCST90480000/GCST90479148/GCST90479148.tsv.gz	575939664	ce3e5bcc9f30ba01fd4e1d2b6e65cd064bab88ac17943aebc4e727f92a58f906	0e9231f2bc828189805436f9aa4fd3c8	/Users/swethasunilkumar/Documents/Codex/2026-10-08/go/work/sleep-gwas-atlas/sleep_unified_research_v4/statistical_validation/validation_raw_replay_design_v1.json	f5291abd8989e6444f9aabe9ce2b0dd15258412acaa850dac1c59e72d86c7403	CATALOG_DEFAULT;EBI_OWNER_TERMS	https://www.ebi.ac.uk/about/terms-of-use/	https://www.ebi.ac.uk/gwas/rest/api/v2/studies/GCST90479148 | response_SHA256=8039730cdc8647d8177a83b019a8962f333228b1d8a09181535e2ab768245f2a | HTTP=200 | 2026-10-10T01:08:20.969780+00:00	2026-10-10T01:15:51.851614+00:00	PROHIBITED_UNTIL_SOURCE_RIGHTS_AND_HUMAN_RELEASE_AUTHORITY_CLEARED	True
validation13	2	finngen_r13_K11_REFLUX	finngen_r13_K11_REFLUX		https://finngen.gitbook.io/documentation/data-download	https://storage.googleapis.com/finngen-public-data-r13/summary_stats/finngen_R13_K11_REFLUX.gz?generation=1777990080605320	808771849	0ec7b883f2d2f1fadf0543422d02fe063059b1fc8985d3e3e9aad42f78c7fb63	13a70eeebc3c731fe4fa55b6b50844ff	/Users/swethasunilkumar/Documents/Codex/2026-10-08/go/work/sleep-gwas-atlas/sleep_unified_research_v4/statistical_validation/validation_raw_replay_design_v1.json	f5291abd8989e6444f9aabe9ce2b0dd15258412acaa850dac1c59e72d86c7403	FINNGEN_R13;FINNGEN_FORM	NO_EXPLICIT_REDISTRIBUTION_GRANT_OBSERVED		2026-10-10T01:15:51.851614+00:00	PROHIBITED_UNTIL_SOURCE_RIGHTS_AND_HUMAN_RELEASE_AUTHORITY_CLEARED	True
validation13	3	finngen_r13_K11_DIAHER	finngen_r13_K11_DIAHER		https://finngen.gitbook.io/documentation/data-download	https://storage.googleapis.com/finngen-public-data-r13/summary_stats/finngen_R13_K11_DIAHER.gz?generation=1777990009674562	805565422	2b157b478a70a5c3f45b51d77f158e56edf9139bfae12f9834f5d3b12542d686	3d645fc459eada9347aad6c0f558ba18	/Users/swethasunilkumar/Documents/Codex/2026-10-08/go/work/sleep-gwas-atlas/sleep_unified_research_v4/statistical_validation/validation_raw_replay_design_v1.json	f5291abd8989e6444f9aabe9ce2b0dd15258412acaa850dac1c59e72d86c7403	FINNGEN_R13;FINNGEN_FORM	NO_EXPLICIT_REDISTRIBUTION_GRANT_OBSERVED		2026-10-10T01:15:51.851614+00:00	PROHIBITED_UNTIL_SOURCE_RIGHTS_AND_HUMAN_RELEASE_AUTHORITY_CLEARED	True
validation13	4	finngen_r13_K11_OTHENTERCOL	finngen_r13_K11_OTHENTERCOL		https://finngen.gitbook.io/documentation/data-download	https://storage.googleapis.com/finngen-public-data-r13/summary_stats/finngen_R13_K11_OTHENTERCOL.gz?generation=1777990065172468	804697379	e1ead816113e7e15becd42327b600e2546d2dc241bfecc85f5d83da48789e5b6	2030856e91a4babd0ee7d6ebf2038a61	/Users/swethasunilkumar/Documents/Codex/2026-10-08/go/work/sleep-gwas-atlas/sleep_unified_research_v4/statistical_validation/validation_raw_replay_design_v1.json	f5291abd8989e6444f9aabe9ce2b0dd15258412acaa850dac1c59e72d86c7403	FINNGEN_R13;FINNGEN_FORM	NO_EXPLICIT_REDISTRIBUTION_GRANT_OBSERVED		2026-10-10T01:15:51.851614+00:00	PROHIBITED_UNTIL_SOURCE_RIGHTS_AND_HUMAN_RELEASE_AUTHORITY_CLEARED	True
validation13	5	gwas_catalog_GCST90479330	gwas_catalog_GCST90479330	GCST90479330	https://www.ebi.ac.uk/gwas/studies/GCST90479330	https://ftp.ebi.ac.uk/pub/databases/gwas/summary_statistics/GCST90479001-GCST90480000/GCST90479330/GCST90479330.tsv.gz	612834482	92e6d6648fc48678371b01430116b9e111edb51531a1717f7cb5541ae2d2fe6a	1974273eb427ab582c37ebbd27be8aea	/Users/swethasunilkumar/Documents/Codex/2026-10-08/go/work/sleep-gwas-atlas/sleep_unified_research_v4/statistical_validation/validation_raw_replay_design_v1.json	f5291abd8989e6444f9aabe9ce2b0dd15258412acaa850dac1c59e72d86c7403	CATALOG_DEFAULT;EBI_OWNER_TERMS	https://www.ebi.ac.uk/about/terms-of-use/	https://www.ebi.ac.uk/gwas/rest/api/v2/studies/GCST90479330 | response_SHA256=bac0e295f60b84f1920a47f02d2f21974831df830141a7888a4dc74eda4ad55b | HTTP=200 | 2026-10-10T01:08:21.646973+00:00	2026-10-10T01:15:51.851614+00:00	PROHIBITED_UNTIL_SOURCE_RIGHTS_AND_HUMAN_RELEASE_AUTHORITY_CLEARED	True
validation13	6	finngen_r13_J10_BRONCHNAS	finngen_r13_J10_BRONCHNAS		https://finngen.gitbook.io/documentation/data-download	https://storage.googleapis.com/finngen-public-data-r13/summary_stats/finngen_R13_J10_BRONCHNAS.gz?generation=1777989958443572	796083307	8af5c7ee3a599c93c75ef3ffefcfde810cccb1e9d12f047016f7fce0b2ea9776	a0ee032357777ddd3aec1c8fbee13993	/Users/swethasunilkumar/Documents/Codex/2026-10-08/go/work/sleep-gwas-atlas/sleep_unified_research_v4/statistical_validation/validation_raw_replay_design_v1.json	f5291abd8989e6444f9aabe9ce2b0dd15258412acaa850dac1c59e72d86c7403	FINNGEN_R13;FINNGEN_FORM	NO_EXPLICIT_REDISTRIBUTION_GRANT_OBSERVED		2026-10-10T01:15:51.851614+00:00	PROHIBITED_UNTIL_SOURCE_RIGHTS_AND_HUMAN_RELEASE_AUTHORITY_CLEARED	True
validation13	7	finngen_r13_SMOKING_DEPEND	finngen_r13_SMOKING_DEPEND		https://finngen.gitbook.io/documentation/data-download	https://storage.googleapis.com/finngen-public-data-r13/summary_stats/finngen_R13_SMOKING_DEPEND.gz?generation=1777990680877510	801721137	6699004d19c46dd2865759cbc46e13c754d2e7872abb493790dfc34d40488bdf	6c8ad4a80fec00b2d6b43f927293c75a	/Users/swethasunilkumar/Documents/Codex/2026-10-08/go/work/sleep-gwas-atlas/sleep_unified_research_v4/statistical_validation/validation_raw_replay_design_v1.json	f5291abd8989e6444f9aabe9ce2b0dd15258412acaa850dac1c59e72d86c7403	FINNGEN_R13;FINNGEN_FORM	NO_EXPLICIT_REDISTRIBUTION_GRANT_OBSERVED		2026-10-10T01:15:51.851614+00:00	PROHIBITED_UNTIL_SOURCE_RIGHTS_AND_HUMAN_RELEASE_AUTHORITY_CLEARED	True
validation13	8	finngen_r13_J10_COPD	finngen_r13_J10_COPD		https://finngen.gitbook.io/documentation/data-download	https://storage.googleapis.com/finngen-public-data-r13/summary_stats/finngen_R13_J10_COPD.gz?generation=1777989962058858	807348652	4f3bccf16482a18e00f7c9196734ff324aec7f907763a9ed9938119383a1caa5	e670d3943bf52d0f7829918f497d0183	/Users/swethasunilkumar/Documents/Codex/2026-10-08/go/work/sleep-gwas-atlas/sleep_unified_research_v4/statistical_validation/validation_raw_replay_design_v1.json	f5291abd8989e6444f9aabe9ce2b0dd15258412acaa850dac1c59e72d86c7403	FINNGEN_R13;FINNGEN_FORM	NO_EXPLICIT_REDISTRIBUTION_GRANT_OBSERVED		2026-10-10T01:15:51.851614+00:00	PROHIBITED_UNTIL_SOURCE_RIGHTS_AND_HUMAN_RELEASE_AUTHORITY_CLEARED	True
validation13	9	finngen_r13_M13_ARTHROSIS_KNEE	finngen_r13_M13_ARTHROSIS_KNEE		https://finngen.gitbook.io/documentation/data-download	https://storage.googleapis.com/finngen-public-data-r13/summary_stats/finngen_R13_M13_ARTHROSIS_KNEE.gz?generation=1777990215353464	809644048	b11eac0705520d8a6e0db040107a7dad683c42e3f981de0a8a6b9282263adb6a	f0224e4287d4eb6a221b556bfbfb33bc	/Users/swethasunilkumar/Documents/Codex/2026-10-08/go/work/sleep-gwas-atlas/sleep_unified_research_v4/statistical_validation/validation_raw_replay_design_v1.json	f5291abd8989e6444f9aabe9ce2b0dd15258412acaa850dac1c59e72d86c7403	FINNGEN_R13;FINNGEN_FORM	NO_EXPLICIT_REDISTRIBUTION_GRANT_OBSERVED		2026-10-10T01:15:51.851614+00:00	PROHIBITED_UNTIL_SOURCE_RIGHTS_AND_HUMAN_RELEASE_AUTHORITY_CLEARED	True
validation13	10	finngen_r13_M13_ARTHROSIS	finngen_r13_M13_ARTHROSIS		https://finngen.gitbook.io/documentation/data-download	https://storage.googleapis.com/finngen-public-data-r13/summary_stats/finngen_R13_M13_ARTHROSIS.gz?generation=1777990213742531	810461255	cd6a37918138a1c5c5e1530bd2903e4f2fe136c48715e9b5c01214aa51c7a03f	75c88b029d8b92f36988ead7d0fa36bd	/Users/swethasunilkumar/Documents/Codex/2026-10-08/go/work/sleep-gwas-atlas/sleep_unified_research_v4/statistical_validation/validation_raw_replay_design_v1.json	f5291abd8989e6444f9aabe9ce2b0dd15258412acaa850dac1c59e72d86c7403	FINNGEN_R13;FINNGEN_FORM	NO_EXPLICIT_REDISTRIBUTION_GRANT_OBSERVED		2026-10-10T01:15:51.851614+00:00	PROHIBITED_UNTIL_SOURCE_RIGHTS_AND_HUMAN_RELEASE_AUTHORITY_CLEARED	True
validation13	11	finngen_r13_M13_INTERVERTEB	finngen_r13_M13_INTERVERTEB		https://finngen.gitbook.io/documentation/data-download	https://storage.googleapis.com/finngen-public-data-r13/summary_stats/finngen_R13_M13_INTERVERTEB.gz?generation=1777990275597479	810165287	da8435f8e4a0dfc426920e5ed384ac1ed0624c6700b745ca4627ecfe5985766d	7c44656bc506f3908b8ecb00762eacc4	/Users/swethasunilkumar/Documents/Codex/2026-10-08/go/work/sleep-gwas-atlas/sleep_unified_research_v4/statistical_validation/validation_raw_replay_design_v1.json	f5291abd8989e6444f9aabe9ce2b0dd15258412acaa850dac1c59e72d86c7403	FINNGEN_R13;FINNGEN_FORM	NO_EXPLICIT_REDISTRIBUTION_GRANT_OBSERVED		2026-10-10T01:15:51.851614+00:00	PROHIBITED_UNTIL_SOURCE_RIGHTS_AND_HUMAN_RELEASE_AUTHORITY_CLEARED	True
validation13	12	finngen_r13_K11_CHOLELITH	finngen_r13_K11_CHOLELITH		https://finngen.gitbook.io/documentation/data-download	https://storage.googleapis.com/finngen-public-data-r13/summary_stats/finngen_R13_K11_CHOLELITH.gz?generation=1777990004571514	809815233	50af445a7edcd53129da6e4f21a461af62ae9dd53ad983f00525bb2f29a298e1	29db68b6a610c94cb5b8d48b7b01ccb7	/Users/swethasunilkumar/Documents/Codex/2026-10-08/go/work/sleep-gwas-atlas/sleep_unified_research_v4/statistical_validation/validation_raw_replay_design_v1.json	f5291abd8989e6444f9aabe9ce2b0dd15258412acaa850dac1c59e72d86c7403	FINNGEN_R13;FINNGEN_FORM	NO_EXPLICIT_REDISTRIBUTION_GRANT_OBSERVED		2026-10-10T01:15:51.851614+00:00	PROHIBITED_UNTIL_SOURCE_RIGHTS_AND_HUMAN_RELEASE_AUTHORITY_CLEARED	True
validation13	13	finngen_r13_N14_CALCUKIDUR	finngen_r13_N14_CALCUKIDUR		https://finngen.gitbook.io/documentation/data-download	https://storage.googleapis.com/finngen-public-data-r13/summary_stats/finngen_R13_N14_CALCUKIDUR.gz?generation=1777990370976483	805600470	f331a9fa89c98da466a0a57655e54f28f16d4a79c8d0416325142026d520c1f8	f6eebf04a8be5e906ab435d31c55c699	/Users/swethasunilkumar/Documents/Codex/2026-10-08/go/work/sleep-gwas-atlas/sleep_unified_research_v4/statistical_validation/validation_raw_replay_design_v1.json	f5291abd8989e6444f9aabe9ce2b0dd15258412acaa850dac1c59e72d86c7403	FINNGEN_R13;FINNGEN_FORM	NO_EXPLICIT_REDISTRIBUTION_GRANT_OBSERVED		2026-10-10T01:15:51.851614+00:00	PROHIBITED_UNTIL_SOURCE_RIGHTS_AND_HUMAN_RELEASE_AUTHORITY_CLEARED	True
new_Finn_R13_insomnia	1	insomnia	FinnGen_R13_F5_INSOMNIA		https://finngen.gitbook.io/documentation/data-download	https://storage.googleapis.com/finngen-public-data-r13/summary_stats/finngen_R13_F5_INSOMNIA.gz?generation=1777989563097164	809346932	353129dc8252461a2a97087ce6de39548d0b0bf1e488a6ef36da75e9f4690049	f16c21acbf8b9ebfeb0f26a19f0ecfe3	/Users/swethasunilkumar/Documents/Codex/2026-10-08/go/work/sleep-gwas-atlas/sleep_unified_research_v4/manifests/finngen_preprocessing_plan_v4_3_2.json	9d6bc2046194d030b3c87bd8b3b3708d90d942cc52c213e8b7919aac8ed4ca41	FINNGEN_R13;FINNGEN_FORM	NO_EXPLICIT_REDISTRIBUTION_GRANT_OBSERVED	Source SHA from existing preprocessing-plan metadata only; Existing metadata-only HEAD receipt SHA256=492171c0ff9e5bf4afe9fe8dc06991e642eb02d823df001f0a9ad79828e46b8f	2026-10-10T01:15:51.851614+00:00	PROHIBITED_UNTIL_SOURCE_RIGHTS_AND_HUMAN_RELEASE_AUTHORITY_CLEARED	True
