sleep_trait	sleep_trait_label	external_trait	external_trait_label	external_domain	rg	se	z	reported_z	z_abs_difference	p	fdr	fdr_primary_372_sensitivity	locked_primary_significant	abs_rg	direction	gcov_intercept	gcov_intercept_se	gcov_intercept_z	SNP_overlap	sleep_h2	sleep_h2_se	sleep_h2_z	sleep_h2_scale	external_h2	external_h2_se	external_h2_z	external_h2_scale	sleep_h2_intercept	sleep_h2_intercept_se	sleep_h2_attenuation_ratio	external_h2_intercept	external_h2_intercept_se	external_h2_attenuation_ratio	primary_or_sensitivity	interpretation_status	QC_notes	phenotype_source	external_source_id	external_dataset_version	ancestry	sample_size	sleep_sample_size	sleep_measurement_category	sleep_collection_mode	sleep_phenotype_family	sleep_higher_value_interpretation	source_substitution	source_substitution_caveat	input_log
insomnia	Insomnia	alz	Alzheimer's disease	neuro	-0.0203	0.0415	-0.489156626506024	-0.4899	0.000743373493975963	0.6242	0.746777039274924	0.744238461538462	False	0.0203	NEGATIVE	-0	0.0056	-0	1117846	0.1008	0.0045	22.4	liability	0.0537	0.0052	10.33	liability	1.015	0.0089	0.0405	1.069	0.0101	0.2534	PRIMARY_PHASE1	PRIMARY	none	Bellenguez 2022 Nat Genet — all-European Stage I discovery meta-analysis	bellenguez_2022_alzheimer_stage1	GCST90027158_stage1_GRCh38	EUR	487511	386533	SUBJECTIVE_SELF_REPORT	SELF_REPORT_QUESTIONNAIRE	insomnia	greater insomnia liability	False	NA	results/logs/rg_insomnia.log
insomnia	Insomnia	parkinson	Parkinson's disease	neuro	0.0134	0.0381	0.351706036745407	0.3516	0.000106036745406768	0.7252	0.832403478260869	0.827528834355828	False	0.0134	POSITIVE	-0.0064	0.0051	-1.25490196078431	1123355	0.1008	0.0045	22.4	liability	0.1296	0.0117	11.08	liability	1.015	0.0089	0.0405	0.984	0.0065	NA	PRIMARY_PHASE1	PRIMARY	none	Nalls 2019 Lancet Neurol — public restricted-cohort-excluded release with UKB proxy cases	nalls_2019_parkinson_public_proxy	GCST009325_public_EUR_proxy_GRCh37	EUR	482730	386533	SUBJECTIVE_SELF_REPORT	SELF_REPORT_QUESTIONNAIRE	insomnia	greater insomnia liability	False	NA	results/logs/rg_insomnia.log
insomnia	Insomnia	mdd	Major depressive disorder	psychiatric	0.4425	0.0252	17.5595238095238	17.53	0.0295238095238091	9.079e-69	8.98821e-67	8.44347e-67	True	0.4425	POSITIVE	0.0854	0.0065	13.1384615384615	1122359	0.1008	0.0045	22.4	liability	0.0885	0.0035	25.29	liability	1.015	0.0089	0.0405	1.002	0.0098	0.0033	PRIMARY_PHASE1	PRIMARY	none	Howard 2019 Nat Neurosci — public genome-wide UKB plus PGC_139k release without 23andMe	howard_2019_mdd_no23andme	PGC_UKB_depression_genome-wide_no23andMe	EUR	500199	386533	SUBJECTIVE_SELF_REPORT	SELF_REPORT_QUESTIONNAIRE	insomnia	greater insomnia liability	False	NA	results/logs/rg_insomnia.log
insomnia	Insomnia	scz	Schizophrenia	psychiatric	0.0379	0.0244	1.55327868852459	1.556	0.00272131147540988	0.1197	0.218438709677419	0.216157281553398	False	0.0379	POSITIVE	0.0017	0.0066	0.257575757575758	1116581	0.1008	0.0045	22.4	liability	0.2282	0.0074	30.84	liability	1.015	0.0089	0.0405	1.079	0.0121	0.0782	PRIMARY_PHASE1	PRIMARY	none	Trubetskoy 2022 Nature — PGC3 Wave 3 European autosomal stratum	trubetskoy_2022_scz_eur	PGC3_SCZ_wave3_european_autosome_public_v3	EUR	130644	386533	SUBJECTIVE_SELF_REPORT	SELF_REPORT_QUESTIONNAIRE	insomnia	greater insomnia liability	False	NA	results/logs/rg_insomnia.log
insomnia	Insomnia	bipolar	Bipolar disorder	psychiatric	0.1113	0.026	4.28076923076923	4.286	0.00523076923076893	1.821e-05	7.511625e-05	7.61137078651685e-05	True	0.1113	POSITIVE	-0.0108	0.006	-1.8	1120423	0.1008	0.0045	22.4	liability	0.516	0.0196	26.33	liability	1.015	0.0089	0.0405	1.025	0.0085	0.0428	PRIMARY_PHASE1	PRIMARY	none	Mullins 2021 Nat Genet — PGC3 all-bipolar-disorder cases	mullins_2021_bipolar_eur	pgc-bip2021-all_Figshare_v2	EUR	413466	386533	SUBJECTIVE_SELF_REPORT	SELF_REPORT_QUESTIONNAIRE	insomnia	greater insomnia liability	False	NA	results/logs/rg_insomnia.log
insomnia	Insomnia	adhd	ADHD	psychiatric	0.4033	0.0318	12.6823899371069	12.7	0.0176100628930822	5.836e-37	2.56784e-35	2.71374e-35	True	0.4033	POSITIVE	-0.0035	0.0072	-0.486111111111111	1054978	0.1008	0.0045	22.4	liability	0.2405	0.0107	22.48	liability	1.015	0.0089	0.0405	1.042	0.0094	0.0924	PRIMARY_PHASE1	PRIMARY	none	Demontis 2023 Nat Genet — iPSYCH, deCODE, and PGC European meta-analysis	demontis_2023_adhd_eur	ADHD2022_iPSYCH_deCODE_PGC_January_2022_release	EUR	225534	386533	SUBJECTIVE_SELF_REPORT	SELF_REPORT_QUESTIONNAIRE	insomnia	greater insomnia liability	False	NA	results/logs/rg_insomnia.log
insomnia	Insomnia	ibd	Inflammatory bowel disease	immune	-0.0738	0.0301	-2.45182724252492	-2.455	0.00317275747508283	0.0141	0.0364941176470588	0.0361737931034483	True	0.0738	NEGATIVE	-0.0118	0.0058	-2.03448275862069	1095022	0.1008	0.0045	22.4	liability	0.1483	0.0129	11.5	liability	1.015	0.0089	0.0405	1.144	0.0096	0.2886	PRIMARY_PHASE1	PRIMARY	none	de Lange 2017 Nat Genet — IIBDGC	delange_2017_ibd	GCST004131_build37_59957_20161107	EUR	59957	386533	SUBJECTIVE_SELF_REPORT	SELF_REPORT_QUESTIONNAIRE	insomnia	greater insomnia liability	False	NA	results/logs/rg_insomnia.log
insomnia	Insomnia	crohn	Crohn's disease	immune	-0.0708	0.0312	-2.26923076923077	-2.272	0.00276923076923019	0.0231	0.0547760479041916	0.0540452830188679	False	0.0708	NEGATIVE	-0.0108	0.0058	-1.86206896551724	1094983	0.1008	0.0045	22.4	liability	0.2508	0.0266	9.43	liability	1.015	0.0089	0.0405	1.114	0.0095	0.2527	PRIMARY_PHASE1	PRIMARY	none	de Lange 2017 Nat Genet — IIBDGC Crohn's stratum	delange_2017_crohn	GCST004132_build37_40266_20161107	EUR	40266	386533	SUBJECTIVE_SELF_REPORT	SELF_REPORT_QUESTIONNAIRE	insomnia	greater insomnia liability	False	NA	results/logs/rg_insomnia.log
insomnia	Insomnia	uc	Ulcerative colitis	immune	-0.0637	0.0388	-1.64175257731959	-1.641	0.000752577319587777	0.1009	0.193963106796117	0.191504081632653	False	0.0637	NEGATIVE	-0.006	0.0061	-0.983606557377049	1094983	0.1008	0.0045	22.4	liability	0.1876	0.0173	10.84	liability	1.015	0.0089	0.0405	1.093	0.0089	0.2994	PRIMARY_PHASE1	PRIMARY	none	de Lange 2017 Nat Genet — IIBDGC UC stratum	delange_2017_uc	GCST004133_build37_45975_20161107	EUR	45975	386533	SUBJECTIVE_SELF_REPORT	SELF_REPORT_QUESTIONNAIRE	insomnia	greater insomnia liability	False	NA	results/logs/rg_insomnia.log
insomnia	Insomnia	ra	Rheumatoid arthritis	immune	0.1138	0.0345	3.29855072463768	3.296	0.0025507246376808	0.001	0.00319354838709677	0.00320689655172414	True	0.1138	POSITIVE	0.0012	0.0059	0.203389830508475	1126375	0.1008	0.0045	22.4	liability	0.1412	0.0139	10.16	liability	1.015	0.0089	0.0405	1.068	0.0091	0.2123	PRIMARY_PHASE1	PRIMARY	none	Ishigaki 2022 Nat Genet — European subset	ishigaki_2022_ra_eur	GCST90132223_Ishigaki_2022_EUR	EUR	97173	386533	SUBJECTIVE_SELF_REPORT	SELF_REPORT_QUESTIONNAIRE	insomnia	greater insomnia liability	False	NA	results/logs/rg_insomnia.log
insomnia	Insomnia	ms	Multiple sclerosis	immune	0.1203	0.0566	2.12544169611307	2.125	0.000441696113074208	0.0336	0.0764689655172414	0.0757527272727273	False	0.1203	POSITIVE	-0.0007	0.0053	-0.132075471698113	1105185	0.1008	0.0045	22.4	liability	5.982	1.196	5	liability	1.015	0.0089	0.0405	1.029	0.0081	0.3197	PRIMARY_PHASE1	PRIMARY	source_substitution:Smaller hospital-record Finnish analysis than the inaccessible IMSGC discovery meta-analysis; substitution reduces power and changes ascertainment.	FinnGen R9 G6_MS Finnish-ancestry public release; smaller register-based substitute for the unavailable IMSGC discovery meta-analysis	finngen_r9_ms	FinnGen_R9_G6_MS_2023-05-04	EUR	376169	386533	SUBJECTIVE_SELF_REPORT	SELF_REPORT_QUESTIONNAIRE	insomnia	greater insomnia liability	True	Smaller hospital-record Finnish analysis than the inaccessible IMSGC discovery meta-analysis; substitution reduces power and changes ascertainment.	results/logs/rg_insomnia.log
insomnia	Insomnia	asthma	Asthma	immune	0.3162	0.0313	10.1022364217252	10.11	0.00776357827476026	4.772e-24	1.04984e-22	1.10949e-22	True	0.3162	POSITIVE	-0.0072	0.0055	-1.30909090909091	1105106	0.1008	0.0045	22.4	liability	0.2342	0.0161	14.55	liability	1.015	0.0089	0.0405	1.157	0.0128	0.2987	PRIMARY_PHASE1	PRIMARY	source_substitution:Uses register-based FinnGen asthma with additional control exclusions rather than Han 2020 main-UKB all-ancestry ascertainment.	FinnGen R9 J10_ASTHMA_EXMORE Finnish-ancestry public release; ascertainment differs from the replaced Han main-UKB analysis	finngen_r9_asthma_exmore	FinnGen_R9_J10_ASTHMA_EXMORE_2023-05-04	EUR	244562	386533	SUBJECTIVE_SELF_REPORT	SELF_REPORT_QUESTIONNAIRE	insomnia	greater insomnia liability	True	Uses register-based FinnGen asthma with additional control exclusions rather than Han 2020 main-UKB all-ancestry ascertainment.	results/logs/rg_insomnia.log
insomnia	Insomnia	bmi	BMI	metabolic	0.1723	0.023	7.49130434782609	7.478	0.0133043478260877	7.563e-14	7.13082857142857e-13	7.21393846153846e-13	True	0.1723	POSITIVE	0.0495	0.0095	5.21052631578947	1006820	0.1008	0.0045	22.4	liability	0.1908	0.0053	36	observed	1.015	0.0089	0.0405	1.187	0.0206	0.0635	PRIMARY_PHASE1	PRIMARY	none	Yengo 2018 — GIANT+UKB	yengo_2018_bmi	GCST006900_Yengo_2018_GIANT_UKB	EUR	681275	386533	SUBJECTIVE_SELF_REPORT	SELF_REPORT_QUESTIONNAIRE	insomnia	greater insomnia liability	False	NA	results/logs/rg_insomnia.log
insomnia	Insomnia	t2d	Type 2 diabetes	metabolic	0.1831	0.0285	6.42456140350877	6.413	0.0115614035087717	1.423e-10	9.23783606557377e-10	NA	False	0.1831	POSITIVE	0.0046	0.0075	0.613333333333333	1105171	0.1008	0.0045	22.4	liability	0.3329	0.0176	18.91	liability	1.015	0.0089	0.0405	1.315	0.021	0.332	QC_FAILED_SENSITIVITY	EXCLUDED_FROM_PRIMARY_INFERENCE	external_h2:intercept_above_1.2; external_phase1_issues:h2_qc_not_pass; source_substitution:Public Finnish register-based combined T2D definition replaces a larger terms-gated DIAMANTE European meta-analysis.	FinnGen R9 T2D Finnish-ancestry public release; smaller public substitute for the terms-gated DIAMANTE analysis	finngen_r9_t2d	FinnGen_R9_T2D_2023-05-04	EUR	365950	386533	SUBJECTIVE_SELF_REPORT	SELF_REPORT_QUESTIONNAIRE	insomnia	greater insomnia liability	True	Public Finnish register-based combined T2D definition replaces a larger terms-gated DIAMANTE European meta-analysis.	results/logs/rg_qc_failed_sensitivity/rg_insomnia.log
insomnia	Insomnia	ldl	LDL cholesterol	metabolic	0.0557	0.0204	2.73039215686274	2.727	0.00339215686274486	0.0064	0.0177230769230769	0.0176355555555556	True	0.0557	POSITIVE	0.0084	0.0081	1.03703703703704	1128515	0.1008	0.0045	22.4	liability	0.0815	0.009	9.06	observed	1.015	0.0089	0.0405	1.141	0.0245	0.068	PRIMARY_PHASE1	PRIMARY	none	Graham 2021 Nature — GLGC	graham_2021_ldl_eur	GCST90239658_LDL_INV_EUR	EUR	1320016	386533	SUBJECTIVE_SELF_REPORT	SELF_REPORT_QUESTIONNAIRE	insomnia	greater insomnia liability	False	NA	results/logs/rg_insomnia.log
insomnia	Insomnia	hdl	HDL cholesterol	metabolic	-0.1336	0.0215	-6.21395348837209	-6.216	0.00204651162790714	5.107e-10	3.21011428571429e-09	3.27552413793103e-09	True	0.1336	NEGATIVE	-0.0103	0.0086	-1.19767441860465	1129054	0.1008	0.0045	22.4	liability	0.1222	0.012	10.18	observed	1.015	0.0089	0.0405	1.196	0.0298	0.0649	PRIMARY_PHASE1	PRIMARY	none	Graham 2021 Nature — GLGC	graham_2021_hdl_eur	GCST90239652_HDL_INV_EUR	EUR	1320016	386533	SUBJECTIVE_SELF_REPORT	SELF_REPORT_QUESTIONNAIRE	insomnia	greater insomnia liability	False	NA	results/logs/rg_insomnia.log
insomnia	Insomnia	triglycerides	Triglycerides	metabolic	0.142	0.0193	7.35751295336787	7.366	0.00848704663212541	1.759e-13	1.54792e-12	1.55797142857143e-12	True	0.142	POSITIVE	0.026	0.0076	3.42105263157895	1128595	0.1008	0.0045	22.4	liability	0.0954	0.008	11.92	observed	1.015	0.0089	0.0405	1.165	0.0275	0.0653	PRIMARY_PHASE1	PRIMARY	none	Graham 2021 Nature — GLGC	graham_2021_triglycerides_eur	GCST90239664_logTG_INV_EUR	EUR	1320016	386533	SUBJECTIVE_SELF_REPORT	SELF_REPORT_QUESTIONNAIRE	insomnia	greater insomnia liability	False	NA	results/logs/rg_insomnia.log
insomnia	Insomnia	cad	Coronary artery disease	cardio	0.224	0.0313	7.15654952076677	7.162	0.00545047923322706	7.942e-13	6.55215e-12	6.56538666666667e-12	True	0.224	POSITIVE	-0	0.0057	-0	1105183	0.1008	0.0045	22.4	liability	0.1346	0.01	13.46	liability	1.015	0.0089	0.0405	1.162	0.0145	0.328	PRIMARY_PHASE1	PRIMARY	source_substitution:Wide ischaemic-heart-disease endpoint is broader than coronary artery disease and must be labeled as a proxy analysis in all outputs.	FinnGen R9 I9_IHD Finnish-ancestry public release; phenotype-breadth sensitivity flag required in every CAD interpretation	finngen_r9_ihd	FinnGen_R9_I9_IHD_2023-05-04	EUR	377277	386533	SUBJECTIVE_SELF_REPORT	SELF_REPORT_QUESTIONNAIRE	insomnia	greater insomnia liability	True	Wide ischaemic-heart-disease endpoint is broader than coronary artery disease and must be labeled as a proxy analysis in all outputs.	results/logs/rg_insomnia.log
insomnia	Insomnia	stroke	Stroke (any)	cardio	0.1382	0.0414	3.33816425120773	3.339	0.000835748792270774	0.0008	0.00264	0.00265714285714286	True	0.1382	POSITIVE	0.0096	0.0057	1.68421052631579	1128603	0.1008	0.0045	22.4	liability	0.0967	0.008	12.09	liability	1.015	0.0089	0.0405	1.073	0.0069	0.3222	PRIMARY_PHASE1	PRIMARY	none	Mishra 2022 Nature — GIGASTROKE European subset	mishra_2022_any_stroke_eur	GCST90104539_any_stroke_EUR	EUR	1308460	386533	SUBJECTIVE_SELF_REPORT	SELF_REPORT_QUESTIONNAIRE	insomnia	greater insomnia liability	False	NA	results/logs/rg_insomnia.log
insomnia	Insomnia	atrial_fibrillation	Atrial fibrillation	cardio	0.0646	0.0288	2.24305555555556	2.243	5.55555555559195e-05	0.0249	0.0586928571428571	0.0578925	False	0.0646	POSITIVE	0.0179	0.0058	3.08620689655172	1129678	0.1008	0.0045	22.4	liability	0.316	0.035	9.03	liability	1.015	0.0089	0.0405	1.012	0.0103	0.0288	PRIMARY_PHASE1	PRIMARY	none	Nielsen 2018 Nat Genet — AFGen	nielsen_2018_atrial_fibrillation	GCST006061_AF_HRC_GWAS_ALLv11	EUR	1030836	386533	SUBJECTIVE_SELF_REPORT	SELF_REPORT_QUESTIONNAIRE	insomnia	greater insomnia liability	False	NA	results/logs/rg_insomnia.log
insomnia	Insomnia	sbp	Systolic blood pressure	cardio	0.0572	0.0208	2.75	2.752	0.00199999999999978	0.0059	0.0165702127659574	0.0165022556390977	True	0.0572	POSITIVE	-0.0126	0.0071	-1.77464788732394	1064192	0.1008	0.0045	22.4	liability	0.1325	0.0048	27.6	observed	1.015	0.0089	0.0405	1.153	0.02	0.0721	PRIMARY_PHASE1	PRIMARY	none	Evangelou 2018 Nat Genet — UKB+ICBP European SBP meta-analysis	evangelou_2018_sbp_opengwas	OpenGWAS_ieu-b-38_Evangelou2018_SBP	EUR	757601	386533	SUBJECTIVE_SELF_REPORT	SELF_REPORT_QUESTIONNAIRE	insomnia	greater insomnia liability	False	NA	results/logs/rg_insomnia.log
insomnia	Insomnia	longevity	Longevity (90th percentile)	aging	-0.1291	0.0558	-2.31362007168459	-2.312	0.00162007168458755	0.0208	0.0505325153374233	0.04992	False	0.1291	NEGATIVE	-0.0009	0.0052	-0.173076923076923	1123142	0.1008	0.0045	22.4	liability	0.1674	0.0243	6.89	liability	1.015	0.0089	0.0405	1.006	0.0064	0.0823	PRIMARY_PHASE1	PRIMARY	none	Deelen 2019 Nat Commun	deelen_2019_longevity_90th	GCST008598_90th_percentile	EUR	36745	386533	SUBJECTIVE_SELF_REPORT	SELF_REPORT_QUESTIONNAIRE	insomnia	greater insomnia liability	False	NA	results/logs/rg_insomnia.log
insomnia	Insomnia	parental_lifespan	Parental lifespan	aging	-0.274	0.0367	-7.46594005449591	-7.457	0.00894005449591262	8.869e-14	7.9821e-13	8.04699512195122e-13	True	0.274	NEGATIVE	-0.0267	0.0062	-4.30645161290323	1107633	0.1008	0.0045	22.4	liability	0.0236	0.0012	19.67	observed	1.015	0.0089	0.0405	1.047	0.0082	0.1397	PRIMARY_PHASE1	PRIMARY	none	Timmers 2019 eLife — GCST009890	timmers_2019_parental_lifespan	GCST009890	EUR	1012240	386533	SUBJECTIVE_SELF_REPORT	SELF_REPORT_QUESTIONNAIRE	insomnia	greater insomnia liability	False	NA	results/logs/rg_insomnia.log
insomnia	Insomnia	healthspan	Healthspan	aging	0.3432	0.042	8.17142857142857	8.166	0.00542857142857045	3.178e-16	3.70143529411765e-15	3.8136e-15	True	0.3432	POSITIVE	0.0423	0.0059	7.16949152542373	1128924	0.1008	0.0045	22.4	liability	0.029	0.0025	11.6	observed	1.015	0.0089	0.0405	1.052	0.0081	0.2366	PRIMARY_PHASE1	PRIMARY	none	Zenin 2019 Commun Biol — GCST007406	zenin_2019_healthspan	GCST007406	EUR	300447	386533	SUBJECTIVE_SELF_REPORT	SELF_REPORT_QUESTIONNAIRE	insomnia	greater insomnia liability	False	NA	results/logs/rg_insomnia.log
insomnia	Insomnia	frailty	Frailty index	aging	0.6405	0.0235	27.2553191489362	27.21	0.0453191489361693	4.322e-163	1.711512e-160	1.607784e-160	True	0.6405	POSITIVE	0.1593	0.0063	25.2857142857143	1121029	0.1008	0.0045	22.4	liability	0.1093	0.005	21.86	observed	1.015	0.0089	0.0405	1.02	0.0086	0.0509	PRIMARY_PHASE1	PRIMARY	none	Atkins 2021 Aging Cell — GCST90020053	atkins_2021_frailty_index	GCST90020053	EUR	175226	386533	SUBJECTIVE_SELF_REPORT	SELF_REPORT_QUESTIONNAIRE	insomnia	greater insomnia liability	False	NA	results/logs/rg_insomnia.log
insomnia	Insomnia	telomere_length	Leukocyte telomere length	aging	-0.1362	0.0278	-4.89928057553957	-4.891	0.00828057553956807	1.003e-06	4.84375609756098e-06	4.97488e-06	True	0.1362	NEGATIVE	-0.0113	0.0063	-1.79365079365079	1124893	0.1008	0.0045	22.4	liability	0.0634	0.0038	16.68	observed	1.015	0.0089	0.0405	1.089	0.0135	0.1339	PRIMARY_PHASE1	PRIMARY	source_substitution:Strict NFE stratum replaces the larger mixed-ancestry full-UKB Codd release; no upstream checksum was located, so first acquisition relies on HTTPS byte count before local SHA-256 registration.	Burren 2024 Nat Genet — GWAS Catalog GCST90435144 non-Finnish-European stratum	burren_2024_telomere_nfe	GCST90435144_Burren_2024_NFE	EUR	438351	386533	SUBJECTIVE_SELF_REPORT	SELF_REPORT_QUESTIONNAIRE	insomnia	greater insomnia liability	True	Strict NFE stratum replaces the larger mixed-ancestry full-UKB Codd release; no upstream checksum was located, so first acquisition relies on HTTPS byte count before local SHA-256 registration.	results/logs/rg_insomnia.log
insomnia	Insomnia	grip_strength	Hand grip strength	aging	-0.1651	0.0249	-6.63052208835341	-6.644	0.0134779116465866	3.059e-11	2.24326666666667e-10	2.23127058823529e-10	True	0.1651	NEGATIVE	-0.0516	0.0065	-7.93846153846154	1126032	0.1008	0.0045	22.4	liability	0.1105	0.0038	29.08	observed	1.015	0.0089	0.0405	1.058	0.0118	0.0684	PRIMARY_PHASE1	PRIMARY	none	Neale Lab UKB round 2 — field 46	neale_2018_left_grip_strength	Neale_round2_field46	EUR	359704	386533	SUBJECTIVE_SELF_REPORT	SELF_REPORT_QUESTIONNAIRE	insomnia	greater insomnia liability	False	NA	results/logs/rg_insomnia.log
insomnia	Insomnia	breast_cancer	Breast cancer (overall)	cancer	0.072	0.0281	2.56227758007117	2.56	0.00227758007117407	0.0105	0.0280945945945946	0.0279	True	0.072	POSITIVE	0.0017	0.006	0.283333333333333	1032725	0.1008	0.0045	22.4	liability	0.1186	0.0069	17.19	liability	1.015	0.0089	0.0405	1.089	0.0116	0.1538	PRIMARY_PHASE1	PRIMARY	none	Zhang 2020 Nat Genet — BCAC overall European release	bcac_2020_overall_breast_cancer	BCAC_2020_overall_EUR	EUR	247173	386533	SUBJECTIVE_SELF_REPORT	SELF_REPORT_QUESTIONNAIRE	insomnia	greater insomnia liability	False	NA	results/logs/rg_insomnia.log
insomnia	Insomnia	prostate_cancer	Prostate cancer (overall)	cancer	-0.0062	0.0334	-0.18562874251497	-0.1868	0.00117125748502994	0.8518	0.8995008	0.900197727272727	False	0.0062	NEGATIVE	-0.0126	0.0063	-2	787776	0.1008	0.0045	22.4	liability	0.1738	0.0272	6.39	liability	1.015	0.0089	0.0405	1.06	0.0162	0.1348	PRIMARY_PHASE1	PRIMARY	none	Schumacher 2018 Nat Genet — PRACTICAL EUR fixed-effect meta-analysis	schumacher_2018_prostate_cancer	GCST006085_EUR	EUR	140254	386533	SUBJECTIVE_SELF_REPORT	SELF_REPORT_QUESTIONNAIRE	insomnia	greater insomnia liability	False	NA	results/logs/rg_insomnia.log
insomnia	Insomnia	colorectal_cancer	Colorectal cancer	cancer	0.0814	0.0267	3.04868913857678	3.043	0.00568913857677877	0.0023	0.00679701492537313	0.00679047619047619	True	0.0814	POSITIVE	0.0005	0.0059	0.0847457627118644	1120741	0.1008	0.0045	22.4	liability	0.0873	0.0068	12.84	liability	1.015	0.0089	0.0405	1.106	0.0107	0.2198	PRIMARY_PHASE1	PRIMARY	none	Fernandez-Rozadilla 2023 Nat Genet — European stratum	fernandez_rozadilla_2023_colorectal_eur	GCST90255675_EUR	EUR	185616	386533	SUBJECTIVE_SELF_REPORT	SELF_REPORT_QUESTIONNAIRE	insomnia	greater insomnia liability	False	NA	results/logs/rg_insomnia.log
insomnia	Insomnia	lung_cancer	Lung cancer	cancer	0.116	0.0458	2.53275109170306	2.534	0.00124890829694291	0.0113	0.0300322147651007	0.0298127659574468	True	0.116	POSITIVE	0.0061	0.0057	1.07017543859649	1064896	0.1008	0.0045	22.4	liability	0.0876	0.0132	6.64	liability	1.015	0.0089	0.0405	1.046	0.0083	0.2495	PRIMARY_PHASE1	PRIMARY	none	McKay 2017 Nat Genet — ILCCO overall lung cancer	mckay_2017_lung_cancer_eur	GCST004748_overall	EUR	85716	386533	SUBJECTIVE_SELF_REPORT	SELF_REPORT_QUESTIONNAIRE	insomnia	greater insomnia liability	False	NA	results/logs/rg_insomnia.log
insomnia	Insomnia	melanoma	Cutaneous melanoma	cancer	-0.0321	0.0653	-0.491577335375191	-0.4906	0.000977335375191402	0.6237	0.746777039274924	NA	False	0.0321	NEGATIVE	-0.0016	0.0056	-0.285714285714286	1105064	0.1008	0.0045	22.4	liability	3.731	1.046	3.57	liability	1.015	0.0089	0.0405	1.034	0.0092	0.3797	QC_FAILED_SENSITIVITY	EXCLUDED_FROM_PRIMARY_INFERENCE	external_h2:h2_z_below_4; external_phase1_issues:h2_qc_not_pass; source_substitution:Much smaller register-based melanoma endpoint with cancer-free controls replaces the controlled Landi confirmed-only meta-analysis.	FinnGen R9 C3_MELANOMA_SKIN_EXALLC Finnish-ancestry public release; smaller register-based substitute with a distinct control definition	finngen_r9_melanoma_skin_exallc	FinnGen_R9_C3_MELANOMA_SKIN_EXALLC_2023-05-04	EUR	290130	386533	SUBJECTIVE_SELF_REPORT	SELF_REPORT_QUESTIONNAIRE	insomnia	greater insomnia liability	True	Much smaller register-based melanoma endpoint with cancer-free controls replaces the controlled Landi confirmed-only meta-analysis.	results/logs/rg_qc_failed_sensitivity/rg_insomnia.log
insomnia	Insomnia	ovarian_cancer	Ovarian cancer (all invasive epithelial)	cancer	0.068	0.0619	1.09854604200323	1.098	0.000546042003231051	0.2721	0.416029343629344	0.411468292682927	False	0.068	POSITIVE	-0.0046	0.0058	-0.793103448275862	1065305	0.1008	0.0045	22.4	liability	0.0327	0.0076	4.3	liability	1.015	0.0089	0.0405	1.031	0.007	0.343	PRIMARY_PHASE1	PRIMARY	none	Phelan 2017 Nat Genet — OCAC European GCST004462	phelan_2017_ovarian_cancer	GCST004462_EUR	EUR	63347	386533	SUBJECTIVE_SELF_REPORT	SELF_REPORT_QUESTIONNAIRE	insomnia	greater insomnia liability	False	NA	results/logs/rg_insomnia.log
sleepdur	Sleep duration (continuous)	alz	Alzheimer's disease	neuro	-0.0198	0.0351	-0.564102564102564	-0.5647	0.000597435897435772	0.5723	0.70822125	0.702625742574257	False	0.0198	NEGATIVE	-0	0.0069	-0	1162342	0.0664	0.0029	22.9	observed	0.0537	0.0052	10.33	liability	1.038	0.0098	0.0609	1.069	0.0101	0.2534	PRIMARY_PHASE1	PRIMARY	none	Bellenguez 2022 Nat Genet — all-European Stage I discovery meta-analysis	bellenguez_2022_alzheimer_stage1	GCST90027158_stage1_GRCh38	EUR	487511	446118	SUBJECTIVE_SELF_REPORT	SELF_REPORT_QUESTIONNAIRE	duration	longer reported sleep duration	False	NA	results/logs/rg_sleepdur.log
sleepdur	Sleep duration (continuous)	parkinson	Parkinson's disease	neuro	-0.0297	0.0323	-0.919504643962848	-0.9186	0.000904643962848284	0.3583	0.496107692307692	0.491836162361624	False	0.0297	NEGATIVE	0.0104	0.0058	1.79310344827586	1131645	0.0664	0.0029	22.9	observed	0.1296	0.0117	11.08	liability	1.038	0.0098	0.0609	0.984	0.0065	NA	PRIMARY_PHASE1	PRIMARY	none	Nalls 2019 Lancet Neurol — public restricted-cohort-excluded release with UKB proxy cases	nalls_2019_parkinson_public_proxy	GCST009325_public_EUR_proxy_GRCh37	EUR	482730	446118	SUBJECTIVE_SELF_REPORT	SELF_REPORT_QUESTIONNAIRE	duration	longer reported sleep duration	False	NA	results/logs/rg_sleepdur.log
sleepdur	Sleep duration (continuous)	mdd	Major depressive disorder	psychiatric	-0.1064	0.0243	-4.37860082304527	-4.38	0.00139917695473279	1.186e-05	5.10495652173913e-05	5.19049411764706e-05	True	0.1064	NEGATIVE	-0.0142	0.0068	-2.08823529411765	1155421	0.0664	0.0029	22.9	observed	0.0885	0.0035	25.29	liability	1.038	0.0098	0.0609	1.002	0.0098	0.0033	PRIMARY_PHASE1	PRIMARY	none	Howard 2019 Nat Neurosci — public genome-wide UKB plus PGC_139k release without 23andMe	howard_2019_mdd_no23andme	PGC_UKB_depression_genome-wide_no23andMe	EUR	500199	446118	SUBJECTIVE_SELF_REPORT	SELF_REPORT_QUESTIONNAIRE	duration	longer reported sleep duration	False	NA	results/logs/rg_sleepdur.log
sleepdur	Sleep duration (continuous)	scz	Schizophrenia	psychiatric	0.1511	0.0202	7.48019801980198	7.467	0.0131980198019814	8.2e-14	7.55162790697674e-13	7.626e-13	True	0.1511	POSITIVE	-0.0065	0.0071	-0.915492957746479	1161668	0.0664	0.0029	22.9	observed	0.2282	0.0074	30.84	liability	1.038	0.0098	0.0609	1.079	0.0121	0.0782	PRIMARY_PHASE1	PRIMARY	none	Trubetskoy 2022 Nature — PGC3 Wave 3 European autosomal stratum	trubetskoy_2022_scz_eur	PGC3_SCZ_wave3_european_autosome_public_v3	EUR	130644	446118	SUBJECTIVE_SELF_REPORT	SELF_REPORT_QUESTIONNAIRE	duration	longer reported sleep duration	False	NA	results/logs/rg_sleepdur.log
sleepdur	Sleep duration (continuous)	bipolar	Bipolar disorder	psychiatric	0.1101	0.023	4.78695652173913	4.795	0.00804347826086893	1.629e-06	7.67957142857143e-06	7.86997402597403e-06	True	0.1101	POSITIVE	-0.0022	0.0059	-0.372881355932203	1165586	0.0664	0.0029	22.9	observed	0.516	0.0196	26.33	liability	1.038	0.0098	0.0609	1.025	0.0085	0.0428	PRIMARY_PHASE1	PRIMARY	none	Mullins 2021 Nat Genet — PGC3 all-bipolar-disorder cases	mullins_2021_bipolar_eur	pgc-bip2021-all_Figshare_v2	EUR	413466	446118	SUBJECTIVE_SELF_REPORT	SELF_REPORT_QUESTIONNAIRE	duration	longer reported sleep duration	False	NA	results/logs/rg_sleepdur.log
sleepdur	Sleep duration (continuous)	adhd	ADHD	psychiatric	-0.1045	0.031	-3.37096774193548	-3.369	0.00196774193548332	0.0008	0.00264	0.00265714285714286	True	0.1045	NEGATIVE	-0.0064	0.0081	-0.790123456790124	1086664	0.0664	0.0029	22.9	observed	0.2405	0.0107	22.48	liability	1.038	0.0098	0.0609	1.042	0.0094	0.0924	PRIMARY_PHASE1	PRIMARY	none	Demontis 2023 Nat Genet — iPSYCH, deCODE, and PGC European meta-analysis	demontis_2023_adhd_eur	ADHD2022_iPSYCH_deCODE_PGC_January_2022_release	EUR	225534	446118	SUBJECTIVE_SELF_REPORT	SELF_REPORT_QUESTIONNAIRE	duration	longer reported sleep duration	False	NA	results/logs/rg_sleepdur.log
sleepdur	Sleep duration (continuous)	ibd	Inflammatory bowel disease	immune	-0.0491	0.024	-2.04583333333333	-2.042	0.00383333333333358	0.0412	0.09064	0.0896280701754386	False	0.0491	NEGATIVE	0.0142	0.0056	2.53571428571429	1136745	0.0664	0.0029	22.9	observed	0.1483	0.0129	11.5	liability	1.038	0.0098	0.0609	1.144	0.0096	0.2886	PRIMARY_PHASE1	PRIMARY	none	de Lange 2017 Nat Genet — IIBDGC	delange_2017_ibd	GCST004131_build37_59957_20161107	EUR	59957	446118	SUBJECTIVE_SELF_REPORT	SELF_REPORT_QUESTIONNAIRE	duration	longer reported sleep duration	False	NA	results/logs/rg_sleepdur.log
sleepdur	Sleep duration (continuous)	crohn	Crohn's disease	immune	-0.0678	0.0242	-2.80165289256198	-2.805	0.00334710743801647	0.005	0.0142446043165468	0.0141984732824427	True	0.0678	NEGATIVE	0.0182	0.0057	3.19298245614035	1136685	0.0664	0.0029	22.9	observed	0.2508	0.0266	9.43	liability	1.038	0.0098	0.0609	1.114	0.0095	0.2527	PRIMARY_PHASE1	PRIMARY	none	de Lange 2017 Nat Genet — IIBDGC Crohn's stratum	delange_2017_crohn	GCST004132_build37_40266_20161107	EUR	40266	446118	SUBJECTIVE_SELF_REPORT	SELF_REPORT_QUESTIONNAIRE	duration	longer reported sleep duration	False	NA	results/logs/rg_sleepdur.log
sleepdur	Sleep duration (continuous)	uc	Ulcerative colitis	immune	-0.0149	0.0296	-0.503378378378378	-0.5034	2.16216216215592e-05	0.6147	0.742137804878049	0.73764	False	0.0149	NEGATIVE	0.0051	0.0054	0.944444444444444	1136709	0.0664	0.0029	22.9	observed	0.1876	0.0173	10.84	liability	1.038	0.0098	0.0609	1.093	0.0089	0.2994	PRIMARY_PHASE1	PRIMARY	none	de Lange 2017 Nat Genet — IIBDGC UC stratum	delange_2017_uc	GCST004133_build37_45975_20161107	EUR	45975	446118	SUBJECTIVE_SELF_REPORT	SELF_REPORT_QUESTIONNAIRE	duration	longer reported sleep duration	False	NA	results/logs/rg_sleepdur.log
sleepdur	Sleep duration (continuous)	ra	Rheumatoid arthritis	immune	-0.0503	0.0297	-1.69360269360269	-1.69	0.00360269360269361	0.091	0.177229411764706	0.175070103092784	False	0.0503	NEGATIVE	0.0048	0.0059	0.813559322033898	1171436	0.0664	0.0029	22.9	observed	0.1412	0.0139	10.16	liability	1.038	0.0098	0.0609	1.068	0.0091	0.2123	PRIMARY_PHASE1	PRIMARY	none	Ishigaki 2022 Nat Genet — European subset	ishigaki_2022_ra_eur	GCST90132223_Ishigaki_2022_EUR	EUR	97173	446118	SUBJECTIVE_SELF_REPORT	SELF_REPORT_QUESTIONNAIRE	duration	longer reported sleep duration	False	NA	results/logs/rg_sleepdur.log
sleepdur	Sleep duration (continuous)	ms	Multiple sclerosis	immune	-0.0846	0.0559	-1.5134168157424	-1.514	0.000583184257602953	0.1301	0.235249315068493	0.233802898550725	False	0.0846	NEGATIVE	0.0025	0.0055	0.454545454545455	1149297	0.0664	0.0029	22.9	observed	5.982	1.196	5	liability	1.038	0.0098	0.0609	1.029	0.0081	0.3197	PRIMARY_PHASE1	PRIMARY	source_substitution:Smaller hospital-record Finnish analysis than the inaccessible IMSGC discovery meta-analysis; substitution reduces power and changes ascertainment.	FinnGen R9 G6_MS Finnish-ancestry public release; smaller register-based substitute for the unavailable IMSGC discovery meta-analysis	finngen_r9_ms	FinnGen_R9_G6_MS_2023-05-04	EUR	376169	446118	SUBJECTIVE_SELF_REPORT	SELF_REPORT_QUESTIONNAIRE	duration	longer reported sleep duration	True	Smaller hospital-record Finnish analysis than the inaccessible IMSGC discovery meta-analysis; substitution reduces power and changes ascertainment.	results/logs/rg_sleepdur.log
sleepdur	Sleep duration (continuous)	asthma	Asthma	immune	-0.0851	0.0373	-2.28150134048257	-2.283	0.00149865951742623	0.0224	0.05376	0.0530751592356688	False	0.0851	NEGATIVE	-0.0039	0.0076	-0.513157894736842	1149217	0.0664	0.0029	22.9	observed	0.2342	0.0161	14.55	liability	1.038	0.0098	0.0609	1.157	0.0128	0.2987	PRIMARY_PHASE1	PRIMARY	source_substitution:Uses register-based FinnGen asthma with additional control exclusions rather than Han 2020 main-UKB all-ancestry ascertainment.	FinnGen R9 J10_ASTHMA_EXMORE Finnish-ancestry public release; ascertainment differs from the replaced Han main-UKB analysis	finngen_r9_asthma_exmore	FinnGen_R9_J10_ASTHMA_EXMORE_2023-05-04	EUR	244562	446118	SUBJECTIVE_SELF_REPORT	SELF_REPORT_QUESTIONNAIRE	duration	longer reported sleep duration	True	Uses register-based FinnGen asthma with additional control exclusions rather than Han 2020 main-UKB all-ancestry ascertainment.	results/logs/rg_sleepdur.log
sleepdur	Sleep duration (continuous)	bmi	BMI	metabolic	-0.0816	0.0186	-4.38709677419355	-4.383	0.00409677419354892	1.171e-05	5.09578021978022e-05	5.18585714285714e-05	True	0.0816	NEGATIVE	-0.0156	0.0091	-1.71428571428571	1013886	0.0664	0.0029	22.9	observed	0.1908	0.0053	36	observed	1.038	0.0098	0.0609	1.187	0.0206	0.0635	PRIMARY_PHASE1	PRIMARY	none	Yengo 2018 — GIANT+UKB	yengo_2018_bmi	GCST006900_Yengo_2018_GIANT_UKB	EUR	681275	446118	SUBJECTIVE_SELF_REPORT	SELF_REPORT_QUESTIONNAIRE	duration	longer reported sleep duration	False	NA	results/logs/rg_sleepdur.log
sleepdur	Sleep duration (continuous)	t2d	Type 2 diabetes	metabolic	-0.0196	0.0254	-0.771653543307087	-0.7711	0.000553543307086568	0.4406	0.57393947368421	NA	False	0.0196	NEGATIVE	-0.0015	0.0071	-0.211267605633803	1149283	0.0664	0.0029	22.9	observed	0.3329	0.0176	18.91	liability	1.038	0.0098	0.0609	1.315	0.021	0.332	QC_FAILED_SENSITIVITY	EXCLUDED_FROM_PRIMARY_INFERENCE	external_h2:intercept_above_1.2; external_phase1_issues:h2_qc_not_pass; source_substitution:Public Finnish register-based combined T2D definition replaces a larger terms-gated DIAMANTE European meta-analysis.	FinnGen R9 T2D Finnish-ancestry public release; smaller public substitute for the terms-gated DIAMANTE analysis	finngen_r9_t2d	FinnGen_R9_T2D_2023-05-04	EUR	365950	446118	SUBJECTIVE_SELF_REPORT	SELF_REPORT_QUESTIONNAIRE	duration	longer reported sleep duration	True	Public Finnish register-based combined T2D definition replaces a larger terms-gated DIAMANTE European meta-analysis.	results/logs/rg_qc_failed_sensitivity/rg_sleepdur.log
sleepdur	Sleep duration (continuous)	ldl	LDL cholesterol	metabolic	0.0148	0.0198	0.747474747474747	0.7481	0.000625252525252584	0.4544	0.588047058823529	0.582885517241379	False	0.0148	POSITIVE	-0.002	0.0081	-0.246913580246914	1172422	0.0664	0.0029	22.9	observed	0.0815	0.009	9.06	observed	1.038	0.0098	0.0609	1.141	0.0245	0.068	PRIMARY_PHASE1	PRIMARY	none	Graham 2021 Nature — GLGC	graham_2021_ldl_eur	GCST90239658_LDL_INV_EUR	EUR	1320016	446118	SUBJECTIVE_SELF_REPORT	SELF_REPORT_QUESTIONNAIRE	duration	longer reported sleep duration	False	NA	results/logs/rg_sleepdur.log
sleepdur	Sleep duration (continuous)	hdl	HDL cholesterol	metabolic	0.0201	0.0174	1.1551724137931	1.159	0.0038275862068966	0.2464	0.385866141732284	0.382033195020747	False	0.0201	POSITIVE	-0.0051	0.0091	-0.56043956043956	1173293	0.0664	0.0029	22.9	observed	0.1222	0.012	10.18	observed	1.038	0.0098	0.0609	1.196	0.0298	0.0649	PRIMARY_PHASE1	PRIMARY	none	Graham 2021 Nature — GLGC	graham_2021_hdl_eur	GCST90239652_HDL_INV_EUR	EUR	1320016	446118	SUBJECTIVE_SELF_REPORT	SELF_REPORT_QUESTIONNAIRE	duration	longer reported sleep duration	False	NA	results/logs/rg_sleepdur.log
sleepdur	Sleep duration (continuous)	triglycerides	Triglycerides	metabolic	-0.0308	0.0208	-1.48076923076923	-1.478	0.00276923076923086	0.1394	0.244608849557522	0.242669158878505	False	0.0308	NEGATIVE	0.0223	0.0087	2.5632183908046	1172559	0.0664	0.0029	22.9	observed	0.0954	0.008	11.92	observed	1.038	0.0098	0.0609	1.165	0.0275	0.0653	PRIMARY_PHASE1	PRIMARY	none	Graham 2021 Nature — GLGC	graham_2021_triglycerides_eur	GCST90239664_logTG_INV_EUR	EUR	1320016	446118	SUBJECTIVE_SELF_REPORT	SELF_REPORT_QUESTIONNAIRE	duration	longer reported sleep duration	False	NA	results/logs/rg_sleepdur.log
sleepdur	Sleep duration (continuous)	cad	Coronary artery disease	cardio	-0.0621	0.0282	-2.20212765957447	-2.202	0.000127659574468364	0.0277	0.0645247058823529	0.0636074074074074	False	0.0621	NEGATIVE	0.0041	0.0068	0.602941176470588	1149295	0.0664	0.0029	22.9	observed	0.1346	0.01	13.46	liability	1.038	0.0098	0.0609	1.162	0.0145	0.328	PRIMARY_PHASE1	PRIMARY	source_substitution:Wide ischaemic-heart-disease endpoint is broader than coronary artery disease and must be labeled as a proxy analysis in all outputs.	FinnGen R9 I9_IHD Finnish-ancestry public release; phenotype-breadth sensitivity flag required in every CAD interpretation	finngen_r9_ihd	FinnGen_R9_I9_IHD_2023-05-04	EUR	377277	446118	SUBJECTIVE_SELF_REPORT	SELF_REPORT_QUESTIONNAIRE	duration	longer reported sleep duration	True	Wide ischaemic-heart-disease endpoint is broader than coronary artery disease and must be labeled as a proxy analysis in all outputs.	results/logs/rg_sleepdur.log
sleepdur	Sleep duration (continuous)	stroke	Stroke (any)	cardio	-0.0363	0.0347	-1.04610951008646	-1.045	0.00110951008645532	0.2959	0.435747211895911	0.430125	False	0.0363	NEGATIVE	0.0063	0.0056	1.125	1174094	0.0664	0.0029	22.9	observed	0.0967	0.008	12.09	liability	1.038	0.0098	0.0609	1.073	0.0069	0.3222	PRIMARY_PHASE1	PRIMARY	none	Mishra 2022 Nature — GIGASTROKE European subset	mishra_2022_any_stroke_eur	GCST90104539_any_stroke_EUR	EUR	1308460	446118	SUBJECTIVE_SELF_REPORT	SELF_REPORT_QUESTIONNAIRE	duration	longer reported sleep duration	False	NA	results/logs/rg_sleepdur.log
sleepdur	Sleep duration (continuous)	atrial_fibrillation	Atrial fibrillation	cardio	-0.0493	0.0254	-1.94094488188976	-1.94	0.000944881889763716	0.0523	0.108433507853403	0.107489502762431	False	0.0493	NEGATIVE	-0.0013	0.0062	-0.209677419354839	1175484	0.0664	0.0029	22.9	observed	0.316	0.035	9.03	liability	1.038	0.0098	0.0609	1.012	0.0103	0.0288	PRIMARY_PHASE1	PRIMARY	none	Nielsen 2018 Nat Genet — AFGen	nielsen_2018_atrial_fibrillation	GCST006061_AF_HRC_GWAS_ALLv11	EUR	1030836	446118	SUBJECTIVE_SELF_REPORT	SELF_REPORT_QUESTIONNAIRE	duration	longer reported sleep duration	False	NA	results/logs/rg_sleepdur.log
sleepdur	Sleep duration (continuous)	sbp	Systolic blood pressure	cardio	0.0247	0.0214	1.15420560747664	1.157	0.00279439252336444	0.2475	0.385866141732284	0.382033195020747	False	0.0247	POSITIVE	0.0099	0.0086	1.15116279069767	1104330	0.0664	0.0029	22.9	observed	0.1325	0.0048	27.6	observed	1.038	0.0098	0.0609	1.153	0.02	0.0721	PRIMARY_PHASE1	PRIMARY	none	Evangelou 2018 Nat Genet — UKB+ICBP European SBP meta-analysis	evangelou_2018_sbp_opengwas	OpenGWAS_ieu-b-38_Evangelou2018_SBP	EUR	757601	446118	SUBJECTIVE_SELF_REPORT	SELF_REPORT_QUESTIONNAIRE	duration	longer reported sleep duration	False	NA	results/logs/rg_sleepdur.log
sleepdur	Sleep duration (continuous)	longevity	Longevity (90th percentile)	aging	0.0363	0.0454	0.799559471365639	0.7989	0.000659471365638598	0.4243	0.561949163879599	0.55577323943662	False	0.0363	POSITIVE	-0.0052	0.0053	-0.981132075471698	1167219	0.0664	0.0029	22.9	observed	0.1674	0.0243	6.89	liability	1.038	0.0098	0.0609	1.006	0.0064	0.0823	PRIMARY_PHASE1	PRIMARY	none	Deelen 2019 Nat Commun	deelen_2019_longevity_90th	GCST008598_90th_percentile	EUR	36745	446118	SUBJECTIVE_SELF_REPORT	SELF_REPORT_QUESTIONNAIRE	duration	longer reported sleep duration	False	NA	results/logs/rg_sleepdur.log
sleepdur	Sleep duration (continuous)	parental_lifespan	Parental lifespan	aging	0.0926	0.0334	2.77245508982036	2.771	0.00145508982035958	0.0056	0.01584	0.0157818181818182	True	0.0926	POSITIVE	0.0143	0.0067	2.13432835820896	1151841	0.0664	0.0029	22.9	observed	0.0236	0.0012	19.67	observed	1.038	0.0098	0.0609	1.047	0.0082	0.1397	PRIMARY_PHASE1	PRIMARY	none	Timmers 2019 eLife — GCST009890	timmers_2019_parental_lifespan	GCST009890	EUR	1012240	446118	SUBJECTIVE_SELF_REPORT	SELF_REPORT_QUESTIONNAIRE	duration	longer reported sleep duration	False	NA	results/logs/rg_sleepdur.log
sleepdur	Sleep duration (continuous)	healthspan	Healthspan	aging	-0.1238	0.0382	-3.24083769633508	-3.241	0.000162303664921648	0.0012	0.00374173228346457	0.00375126050420168	True	0.1238	NEGATIVE	0.0073	0.006	1.21666666666667	1174476	0.0664	0.0029	22.9	observed	0.029	0.0025	11.6	observed	1.038	0.0098	0.0609	1.052	0.0081	0.2366	PRIMARY_PHASE1	PRIMARY	none	Zenin 2019 Commun Biol — GCST007406	zenin_2019_healthspan	GCST007406	EUR	300447	446118	SUBJECTIVE_SELF_REPORT	SELF_REPORT_QUESTIONNAIRE	duration	longer reported sleep duration	False	NA	results/logs/rg_sleepdur.log
sleepdur	Sleep duration (continuous)	frailty	Frailty index	aging	-0.222	0.0275	-8.07272727272727	-8.074	0.00127272727272754	6.817e-16	7.71294857142857e-15	7.9247625e-15	True	0.222	NEGATIVE	-0.05	0.0064	-7.8125	1166548	0.0664	0.0029	22.9	observed	0.1093	0.005	21.86	observed	1.038	0.0098	0.0609	1.02	0.0086	0.0509	PRIMARY_PHASE1	PRIMARY	none	Atkins 2021 Aging Cell — GCST90020053	atkins_2021_frailty_index	GCST90020053	EUR	175226	446118	SUBJECTIVE_SELF_REPORT	SELF_REPORT_QUESTIONNAIRE	duration	longer reported sleep duration	False	NA	results/logs/rg_sleepdur.log
sleepdur	Sleep duration (continuous)	telomere_length	Leukocyte telomere length	aging	0.0414	0.0232	1.78448275862069	1.787	0.0025172413793102	0.074	0.148	0.146425531914894	False	0.0414	POSITIVE	0.0035	0.0064	0.546875	1169988	0.0664	0.0029	22.9	observed	0.0634	0.0038	16.68	observed	1.038	0.0098	0.0609	1.089	0.0135	0.1339	PRIMARY_PHASE1	PRIMARY	source_substitution:Strict NFE stratum replaces the larger mixed-ancestry full-UKB Codd release; no upstream checksum was located, so first acquisition relies on HTTPS byte count before local SHA-256 registration.	Burren 2024 Nat Genet — GWAS Catalog GCST90435144 non-Finnish-European stratum	burren_2024_telomere_nfe	GCST90435144_Burren_2024_NFE	EUR	438351	446118	SUBJECTIVE_SELF_REPORT	SELF_REPORT_QUESTIONNAIRE	duration	longer reported sleep duration	True	Strict NFE stratum replaces the larger mixed-ancestry full-UKB Codd release; no upstream checksum was located, so first acquisition relies on HTTPS byte count before local SHA-256 registration.	results/logs/rg_sleepdur.log
sleepdur	Sleep duration (continuous)	grip_strength	Hand grip strength	aging	0.0906	0.0216	4.19444444444444	4.195	0.000555555555555642	2.726e-05	0.00010904	0.000110225217391304	True	0.0906	POSITIVE	-0.0032	0.0077	-0.415584415584416	1169765	0.0664	0.0029	22.9	observed	0.1105	0.0038	29.08	observed	1.038	0.0098	0.0609	1.058	0.0118	0.0684	PRIMARY_PHASE1	PRIMARY	none	Neale Lab UKB round 2 — field 46	neale_2018_left_grip_strength	Neale_round2_field46	EUR	359704	446118	SUBJECTIVE_SELF_REPORT	SELF_REPORT_QUESTIONNAIRE	duration	longer reported sleep duration	False	NA	results/logs/rg_sleepdur.log
sleepdur	Sleep duration (continuous)	breast_cancer	Breast cancer (overall)	cancer	0.0142	0.0226	0.628318584070797	0.6309	0.00258141592920347	0.5281	0.666011464968153	0.661458585858586	False	0.0142	POSITIVE	-0.0032	0.0062	-0.516129032258065	1074012	0.0664	0.0029	22.9	observed	0.1186	0.0069	17.19	liability	1.038	0.0098	0.0609	1.089	0.0116	0.1538	PRIMARY_PHASE1	PRIMARY	none	Zhang 2020 Nat Genet — BCAC overall European release	bcac_2020_overall_breast_cancer	BCAC_2020_overall_EUR	EUR	247173	446118	SUBJECTIVE_SELF_REPORT	SELF_REPORT_QUESTIONNAIRE	duration	longer reported sleep duration	False	NA	results/logs/rg_sleepdur.log
sleepdur	Sleep duration (continuous)	prostate_cancer	Prostate cancer (overall)	cancer	0.0535	0.0315	1.6984126984127	1.698	0.00041269841269842	0.0894	0.175455445544554	0.17340625	False	0.0535	POSITIVE	-0.0039	0.0072	-0.541666666666667	817252	0.0664	0.0029	22.9	observed	0.1738	0.0272	6.39	liability	1.038	0.0098	0.0609	1.06	0.0162	0.1348	PRIMARY_PHASE1	PRIMARY	none	Schumacher 2018 Nat Genet — PRACTICAL EUR fixed-effect meta-analysis	schumacher_2018_prostate_cancer	GCST006085_EUR	EUR	140254	446118	SUBJECTIVE_SELF_REPORT	SELF_REPORT_QUESTIONNAIRE	duration	longer reported sleep duration	False	NA	results/logs/rg_sleepdur.log
sleepdur	Sleep duration (continuous)	colorectal_cancer	Colorectal cancer	cancer	0.0068	0.026	0.261538461538462	0.2607	0.000838461538461566	0.7943	0.872396703296703	0.873709090909091	False	0.0068	POSITIVE	0.0002	0.0065	0.0307692307692308	1165433	0.0664	0.0029	22.9	observed	0.0873	0.0068	12.84	liability	1.038	0.0098	0.0609	1.106	0.0107	0.2198	PRIMARY_PHASE1	PRIMARY	none	Fernandez-Rozadilla 2023 Nat Genet — European stratum	fernandez_rozadilla_2023_colorectal_eur	GCST90255675_EUR	EUR	185616	446118	SUBJECTIVE_SELF_REPORT	SELF_REPORT_QUESTIONNAIRE	duration	longer reported sleep duration	False	NA	results/logs/rg_sleepdur.log
sleepdur	Sleep duration (continuous)	lung_cancer	Lung cancer	cancer	-0.0562	0.0381	-1.4750656167979	-1.477	0.00193438320209993	0.1396	0.244608849557522	0.242669158878505	False	0.0562	NEGATIVE	-0.0023	0.0058	-0.396551724137931	1107701	0.0664	0.0029	22.9	observed	0.0876	0.0132	6.64	liability	1.038	0.0098	0.0609	1.046	0.0083	0.2495	PRIMARY_PHASE1	PRIMARY	none	McKay 2017 Nat Genet — ILCCO overall lung cancer	mckay_2017_lung_cancer_eur	GCST004748_overall	EUR	85716	446118	SUBJECTIVE_SELF_REPORT	SELF_REPORT_QUESTIONNAIRE	duration	longer reported sleep duration	False	NA	results/logs/rg_sleepdur.log
sleepdur	Sleep duration (continuous)	melanoma	Cutaneous melanoma	cancer	-0.0371	0.0662	-0.560422960725076	-0.5596	0.000822960725075594	0.5758	0.710332710280374	NA	False	0.0371	NEGATIVE	0.0004	0.006	0.0666666666666667	1149175	0.0664	0.0029	22.9	observed	3.731	1.046	3.57	liability	1.038	0.0098	0.0609	1.034	0.0092	0.3797	QC_FAILED_SENSITIVITY	EXCLUDED_FROM_PRIMARY_INFERENCE	external_h2:h2_z_below_4; external_phase1_issues:h2_qc_not_pass; source_substitution:Much smaller register-based melanoma endpoint with cancer-free controls replaces the controlled Landi confirmed-only meta-analysis.	FinnGen R9 C3_MELANOMA_SKIN_EXALLC Finnish-ancestry public release; smaller register-based substitute with a distinct control definition	finngen_r9_melanoma_skin_exallc	FinnGen_R9_C3_MELANOMA_SKIN_EXALLC_2023-05-04	EUR	290130	446118	SUBJECTIVE_SELF_REPORT	SELF_REPORT_QUESTIONNAIRE	duration	longer reported sleep duration	True	Much smaller register-based melanoma endpoint with cancer-free controls replaces the controlled Landi confirmed-only meta-analysis.	results/logs/rg_qc_failed_sensitivity/rg_sleepdur.log
sleepdur	Sleep duration (continuous)	ovarian_cancer	Ovarian cancer (all invasive epithelial)	cancer	-0.0466	0.0556	-0.838129496402878	-0.8373	0.000829496402877772	0.4024	0.542008163265306	0.536533333333333	False	0.0466	NEGATIVE	-0.0025	0.0058	-0.431034482758621	1106219	0.0664	0.0029	22.9	observed	0.0327	0.0076	4.3	liability	1.038	0.0098	0.0609	1.031	0.007	0.343	PRIMARY_PHASE1	PRIMARY	none	Phelan 2017 Nat Genet — OCAC European GCST004462	phelan_2017_ovarian_cancer	GCST004462_EUR	EUR	63347	446118	SUBJECTIVE_SELF_REPORT	SELF_REPORT_QUESTIONNAIRE	duration	longer reported sleep duration	False	NA	results/logs/rg_sleepdur.log
shortsleep	Short sleep (<7 h)	alz	Alzheimer's disease	neuro	-0.0221	0.0382	-0.578534031413613	-0.5787	0.000165968586387399	0.5628	0.703056151419558	0.697872	False	0.0221	NEGATIVE	0.006	0.0061	0.983606557377049	1162352	0.1178	0.0049	24.04	liability	0.0537	0.0052	10.33	liability	1.027	0.0078	0.0638	1.069	0.0101	0.2534	PRIMARY_PHASE1	PRIMARY	none	Bellenguez 2022 Nat Genet — all-European Stage I discovery meta-analysis	bellenguez_2022_alzheimer_stage1	GCST90027158_stage1_GRCh38	EUR	487511	411934	SUBJECTIVE_SELF_REPORT	SELF_REPORT_QUESTIONNAIRE	duration	greater liability to reported sleep under 7 hours	False	NA	results/logs/rg_shortsleep.log
shortsleep	Short sleep (<7 h)	parkinson	Parkinson's disease	neuro	-0.0366	0.0339	-1.07964601769912	-1.079	0.000646017699115209	0.2804	0.423810687022901	0.418910843373494	False	0.0366	NEGATIVE	-0.0067	0.0054	-1.24074074074074	1131641	0.1178	0.0049	24.04	liability	0.1296	0.0117	11.08	liability	1.027	0.0078	0.0638	0.984	0.0065	NA	PRIMARY_PHASE1	PRIMARY	none	Nalls 2019 Lancet Neurol — public restricted-cohort-excluded release with UKB proxy cases	nalls_2019_parkinson_public_proxy	GCST009325_public_EUR_proxy_GRCh37	EUR	482730	411934	SUBJECTIVE_SELF_REPORT	SELF_REPORT_QUESTIONNAIRE	duration	greater liability to reported sleep under 7 hours	False	NA	results/logs/rg_shortsleep.log
shortsleep	Short sleep (<7 h)	mdd	Major depressive disorder	psychiatric	0.3114	0.0261	11.9310344827586	11.93	0.00103448275862128	8.381e-33	3.318876e-31	3.46414666666667e-31	True	0.3114	POSITIVE	0.0425	0.0066	6.43939393939394	1155430	0.1178	0.0049	24.04	liability	0.0885	0.0035	25.29	liability	1.027	0.0078	0.0638	1.002	0.0098	0.0033	PRIMARY_PHASE1	PRIMARY	none	Howard 2019 Nat Neurosci — public genome-wide UKB plus PGC_139k release without 23andMe	howard_2019_mdd_no23andme	PGC_UKB_depression_genome-wide_no23andMe	EUR	500199	411934	SUBJECTIVE_SELF_REPORT	SELF_REPORT_QUESTIONNAIRE	duration	greater liability to reported sleep under 7 hours	False	NA	results/logs/rg_shortsleep.log
shortsleep	Short sleep (<7 h)	scz	Schizophrenia	psychiatric	-0.0284	0.0244	-1.16393442622951	-1.161	0.00293442622950812	0.2457	0.385866141732284	0.382033195020747	False	0.0284	NEGATIVE	0.0054	0.0065	0.830769230769231	1161674	0.1178	0.0049	24.04	liability	0.2282	0.0074	30.84	liability	1.027	0.0078	0.0638	1.079	0.0121	0.0782	PRIMARY_PHASE1	PRIMARY	none	Trubetskoy 2022 Nature — PGC3 Wave 3 European autosomal stratum	trubetskoy_2022_scz_eur	PGC3_SCZ_wave3_european_autosome_public_v3	EUR	130644	411934	SUBJECTIVE_SELF_REPORT	SELF_REPORT_QUESTIONNAIRE	duration	greater liability to reported sleep under 7 hours	False	NA	results/logs/rg_shortsleep.log
shortsleep	Short sleep (<7 h)	bipolar	Bipolar disorder	psychiatric	-0.0055	0.0256	-0.21484375	-0.2152	0.00035625000000003	0.8296	0.883654838709677	0.884805730659026	False	0.0055	NEGATIVE	-0.0004	0.0058	-0.0689655172413793	1165595	0.1178	0.0049	24.04	liability	0.516	0.0196	26.33	liability	1.027	0.0078	0.0638	1.025	0.0085	0.0428	PRIMARY_PHASE1	PRIMARY	none	Mullins 2021 Nat Genet — PGC3 all-bipolar-disorder cases	mullins_2021_bipolar_eur	pgc-bip2021-all_Figshare_v2	EUR	413466	411934	SUBJECTIVE_SELF_REPORT	SELF_REPORT_QUESTIONNAIRE	duration	greater liability to reported sleep under 7 hours	False	NA	results/logs/rg_shortsleep.log
shortsleep	Short sleep (<7 h)	adhd	ADHD	psychiatric	0.3728	0.0292	12.7671232876712	12.75	0.0171232876712342	3.26e-37	1.6137e-35	1.73245714285714e-35	True	0.3728	POSITIVE	0.0052	0.0068	0.764705882352941	1086660	0.1178	0.0049	24.04	liability	0.2405	0.0107	22.48	liability	1.027	0.0078	0.0638	1.042	0.0094	0.0924	PRIMARY_PHASE1	PRIMARY	none	Demontis 2023 Nat Genet — iPSYCH, deCODE, and PGC European meta-analysis	demontis_2023_adhd_eur	ADHD2022_iPSYCH_deCODE_PGC_January_2022_release	EUR	225534	411934	SUBJECTIVE_SELF_REPORT	SELF_REPORT_QUESTIONNAIRE	duration	greater liability to reported sleep under 7 hours	False	NA	results/logs/rg_shortsleep.log
shortsleep	Short sleep (<7 h)	ibd	Inflammatory bowel disease	immune	-0.0016	0.0284	-0.0563380281690141	-0.0549	0.00143802816901409	0.9562	0.963499236641222	0.963973983739837	False	0.0016	NEGATIVE	-0.0103	0.0054	-1.90740740740741	1136752	0.1178	0.0049	24.04	liability	0.1483	0.0129	11.5	liability	1.027	0.0078	0.0638	1.144	0.0096	0.2886	PRIMARY_PHASE1	PRIMARY	none	de Lange 2017 Nat Genet — IIBDGC	delange_2017_ibd	GCST004131_build37_59957_20161107	EUR	59957	411934	SUBJECTIVE_SELF_REPORT	SELF_REPORT_QUESTIONNAIRE	duration	greater liability to reported sleep under 7 hours	False	NA	results/logs/rg_shortsleep.log
shortsleep	Short sleep (<7 h)	crohn	Crohn's disease	immune	0.0065	0.0274	0.237226277372263	0.2359	0.00132627737226276	0.8135	0.875396739130435	0.877165217391304	False	0.0065	POSITIVE	-0.0135	0.005	-2.7	1136692	0.1178	0.0049	24.04	liability	0.2508	0.0266	9.43	liability	1.027	0.0078	0.0638	1.114	0.0095	0.2527	PRIMARY_PHASE1	PRIMARY	none	de Lange 2017 Nat Genet — IIBDGC Crohn's stratum	delange_2017_crohn	GCST004132_build37_40266_20161107	EUR	40266	411934	SUBJECTIVE_SELF_REPORT	SELF_REPORT_QUESTIONNAIRE	duration	greater liability to reported sleep under 7 hours	False	NA	results/logs/rg_shortsleep.log
shortsleep	Short sleep (<7 h)	uc	Ulcerative colitis	immune	-0.0136	0.0342	-0.39766081871345	-0.3979	0.000239181286549706	0.6907	0.802103225806452	0.797951552795031	False	0.0136	NEGATIVE	-0.0032	0.0056	-0.571428571428572	1136716	0.1178	0.0049	24.04	liability	0.1876	0.0173	10.84	liability	1.027	0.0078	0.0638	1.093	0.0089	0.2994	PRIMARY_PHASE1	PRIMARY	none	de Lange 2017 Nat Genet — IIBDGC UC stratum	delange_2017_uc	GCST004133_build37_45975_20161107	EUR	45975	411934	SUBJECTIVE_SELF_REPORT	SELF_REPORT_QUESTIONNAIRE	duration	greater liability to reported sleep under 7 hours	False	NA	results/logs/rg_shortsleep.log
shortsleep	Short sleep (<7 h)	ra	Rheumatoid arthritis	immune	0.1143	0.0322	3.54968944099379	3.548	0.00168944099378887	0.0004	0.00137739130434783	0.00139065420560748	True	0.1143	POSITIVE	0.0056	0.0055	1.01818181818182	1171446	0.1178	0.0049	24.04	liability	0.1412	0.0139	10.16	liability	1.027	0.0078	0.0638	1.068	0.0091	0.2123	PRIMARY_PHASE1	PRIMARY	none	Ishigaki 2022 Nat Genet — European subset	ishigaki_2022_ra_eur	GCST90132223_Ishigaki_2022_EUR	EUR	97173	411934	SUBJECTIVE_SELF_REPORT	SELF_REPORT_QUESTIONNAIRE	duration	greater liability to reported sleep under 7 hours	False	NA	results/logs/rg_shortsleep.log
shortsleep	Short sleep (<7 h)	ms	Multiple sclerosis	immune	0.0761	0.0631	1.20602218700475	1.205	0.0010221870047542	0.2281	0.365698785425101	0.362620512820513	False	0.0761	POSITIVE	0.0003	0.005	0.06	1149307	0.1178	0.0049	24.04	liability	5.982	1.196	5	liability	1.027	0.0078	0.0638	1.029	0.0081	0.3197	PRIMARY_PHASE1	PRIMARY	source_substitution:Smaller hospital-record Finnish analysis than the inaccessible IMSGC discovery meta-analysis; substitution reduces power and changes ascertainment.	FinnGen R9 G6_MS Finnish-ancestry public release; smaller register-based substitute for the unavailable IMSGC discovery meta-analysis	finngen_r9_ms	FinnGen_R9_G6_MS_2023-05-04	EUR	376169	411934	SUBJECTIVE_SELF_REPORT	SELF_REPORT_QUESTIONNAIRE	duration	greater liability to reported sleep under 7 hours	True	Smaller hospital-record Finnish analysis than the inaccessible IMSGC discovery meta-analysis; substitution reduces power and changes ascertainment.	results/logs/rg_shortsleep.log
shortsleep	Short sleep (<7 h)	asthma	Asthma	immune	0.2251	0.0352	6.39488636363636	6.399	0.00411363636363671	1.566e-10	1.00021935483871e-09	1.02202105263158e-09	True	0.2251	POSITIVE	0.0005	0.0065	0.0769230769230769	1149227	0.1178	0.0049	24.04	liability	0.2342	0.0161	14.55	liability	1.027	0.0078	0.0638	1.157	0.0128	0.2987	PRIMARY_PHASE1	PRIMARY	source_substitution:Uses register-based FinnGen asthma with additional control exclusions rather than Han 2020 main-UKB all-ancestry ascertainment.	FinnGen R9 J10_ASTHMA_EXMORE Finnish-ancestry public release; ascertainment differs from the replaced Han main-UKB analysis	finngen_r9_asthma_exmore	FinnGen_R9_J10_ASTHMA_EXMORE_2023-05-04	EUR	244562	411934	SUBJECTIVE_SELF_REPORT	SELF_REPORT_QUESTIONNAIRE	duration	greater liability to reported sleep under 7 hours	True	Uses register-based FinnGen asthma with additional control exclusions rather than Han 2020 main-UKB all-ancestry ascertainment.	results/logs/rg_shortsleep.log
shortsleep	Short sleep (<7 h)	bmi	BMI	metabolic	0.2063	0.02	10.315	10.3	0.0149999999999988	6.873e-25	1.60100470588235e-23	1.704504e-23	True	0.2063	POSITIVE	0.0516	0.0087	5.93103448275862	1013895	0.1178	0.0049	24.04	liability	0.1908	0.0053	36	observed	1.027	0.0078	0.0638	1.187	0.0206	0.0635	PRIMARY_PHASE1	PRIMARY	none	Yengo 2018 — GIANT+UKB	yengo_2018_bmi	GCST006900_Yengo_2018_GIANT_UKB	EUR	681275	411934	SUBJECTIVE_SELF_REPORT	SELF_REPORT_QUESTIONNAIRE	duration	greater liability to reported sleep under 7 hours	False	NA	results/logs/rg_shortsleep.log
shortsleep	Short sleep (<7 h)	t2d	Type 2 diabetes	metabolic	0.1428	0.0282	5.06382978723404	5.06	0.00382978723404381	4.198e-07	2.07801e-06	NA	False	0.1428	POSITIVE	0.0029	0.0069	0.420289855072464	1149293	0.1178	0.0049	24.04	liability	0.3329	0.0176	18.91	liability	1.027	0.0078	0.0638	1.315	0.021	0.332	QC_FAILED_SENSITIVITY	EXCLUDED_FROM_PRIMARY_INFERENCE	external_h2:intercept_above_1.2; external_phase1_issues:h2_qc_not_pass; source_substitution:Public Finnish register-based combined T2D definition replaces a larger terms-gated DIAMANTE European meta-analysis.	FinnGen R9 T2D Finnish-ancestry public release; smaller public substitute for the terms-gated DIAMANTE analysis	finngen_r9_t2d	FinnGen_R9_T2D_2023-05-04	EUR	365950	411934	SUBJECTIVE_SELF_REPORT	SELF_REPORT_QUESTIONNAIRE	duration	greater liability to reported sleep under 7 hours	True	Public Finnish register-based combined T2D definition replaces a larger terms-gated DIAMANTE European meta-analysis.	results/logs/rg_qc_failed_sensitivity/rg_shortsleep.log
shortsleep	Short sleep (<7 h)	ldl	LDL cholesterol	metabolic	0.0455	0.0186	2.44623655913978	2.442	0.00423655913978482	0.0146	0.0375428571428571	0.0372	True	0.0455	POSITIVE	0.0099	0.0068	1.45588235294118	1172431	0.1178	0.0049	24.04	liability	0.0815	0.009	9.06	observed	1.027	0.0078	0.0638	1.141	0.0245	0.068	PRIMARY_PHASE1	PRIMARY	none	Graham 2021 Nature — GLGC	graham_2021_ldl_eur	GCST90239658_LDL_INV_EUR	EUR	1320016	411934	SUBJECTIVE_SELF_REPORT	SELF_REPORT_QUESTIONNAIRE	duration	greater liability to reported sleep under 7 hours	False	NA	results/logs/rg_shortsleep.log
shortsleep	Short sleep (<7 h)	hdl	HDL cholesterol	metabolic	-0.1242	0.0176	-7.05681818181818	-7.039	0.017818181818182	1.94e-12	1.53648e-11	1.53548936170213e-11	True	0.1242	NEGATIVE	-0.0109	0.0077	-1.41558441558442	1173302	0.1178	0.0049	24.04	liability	0.1222	0.012	10.18	observed	1.027	0.0078	0.0638	1.196	0.0298	0.0649	PRIMARY_PHASE1	PRIMARY	none	Graham 2021 Nature — GLGC	graham_2021_hdl_eur	GCST90239652_HDL_INV_EUR	EUR	1320016	411934	SUBJECTIVE_SELF_REPORT	SELF_REPORT_QUESTIONNAIRE	duration	greater liability to reported sleep under 7 hours	False	NA	results/logs/rg_shortsleep.log
shortsleep	Short sleep (<7 h)	triglycerides	Triglycerides	metabolic	0.1535	0.019	8.07894736842105	8.058	0.0209473684210533	7.777e-16	8.5547e-15	8.7668e-15	True	0.1535	POSITIVE	-0.0002	0.0068	-0.0294117647058824	1172568	0.1178	0.0049	24.04	liability	0.0954	0.008	11.92	observed	1.027	0.0078	0.0638	1.165	0.0275	0.0653	PRIMARY_PHASE1	PRIMARY	none	Graham 2021 Nature — GLGC	graham_2021_triglycerides_eur	GCST90239664_logTG_INV_EUR	EUR	1320016	411934	SUBJECTIVE_SELF_REPORT	SELF_REPORT_QUESTIONNAIRE	duration	greater liability to reported sleep under 7 hours	False	NA	results/logs/rg_shortsleep.log
shortsleep	Short sleep (<7 h)	cad	Coronary artery disease	cardio	0.1807	0.0307	5.88599348534202	5.885	0.000993485342019262	3.986e-09	2.28761739130435e-08	2.3168625e-08	True	0.1807	POSITIVE	-0.0026	0.0064	-0.40625	1149305	0.1178	0.0049	24.04	liability	0.1346	0.01	13.46	liability	1.027	0.0078	0.0638	1.162	0.0145	0.328	PRIMARY_PHASE1	PRIMARY	source_substitution:Wide ischaemic-heart-disease endpoint is broader than coronary artery disease and must be labeled as a proxy analysis in all outputs.	FinnGen R9 I9_IHD Finnish-ancestry public release; phenotype-breadth sensitivity flag required in every CAD interpretation	finngen_r9_ihd	FinnGen_R9_I9_IHD_2023-05-04	EUR	377277	411934	SUBJECTIVE_SELF_REPORT	SELF_REPORT_QUESTIONNAIRE	duration	greater liability to reported sleep under 7 hours	True	Wide ischaemic-heart-disease endpoint is broader than coronary artery disease and must be labeled as a proxy analysis in all outputs.	results/logs/rg_shortsleep.log
shortsleep	Short sleep (<7 h)	stroke	Stroke (any)	cardio	0.1746	0.0378	4.61904761904762	4.62	0.000952380952380594	3.847e-06	1.75104827586207e-05	1.788855e-05	True	0.1746	POSITIVE	-0.0051	0.0052	-0.980769230769231	1174101	0.1178	0.0049	24.04	liability	0.0967	0.008	12.09	liability	1.027	0.0078	0.0638	1.073	0.0069	0.3222	PRIMARY_PHASE1	PRIMARY	none	Mishra 2022 Nature — GIGASTROKE European subset	mishra_2022_any_stroke_eur	GCST90104539_any_stroke_EUR	EUR	1308460	411934	SUBJECTIVE_SELF_REPORT	SELF_REPORT_QUESTIONNAIRE	duration	greater liability to reported sleep under 7 hours	False	NA	results/logs/rg_shortsleep.log
shortsleep	Short sleep (<7 h)	atrial_fibrillation	Atrial fibrillation	cardio	0.0523	0.0269	1.94423791821561	1.947	0.00276208178438675	0.0516	0.107962105263158	0.107053333333333	False	0.0523	POSITIVE	0.0157	0.0055	2.85454545454545	1175492	0.1178	0.0049	24.04	liability	0.316	0.035	9.03	liability	1.027	0.0078	0.0638	1.012	0.0103	0.0288	PRIMARY_PHASE1	PRIMARY	none	Nielsen 2018 Nat Genet — AFGen	nielsen_2018_atrial_fibrillation	GCST006061_AF_HRC_GWAS_ALLv11	EUR	1030836	411934	SUBJECTIVE_SELF_REPORT	SELF_REPORT_QUESTIONNAIRE	duration	greater liability to reported sleep under 7 hours	False	NA	results/logs/rg_shortsleep.log
shortsleep	Short sleep (<7 h)	sbp	Systolic blood pressure	cardio	0.0273	0.0209	1.30622009569378	1.308	0.00177990430621988	0.1909	0.318463865546218	0.316448	False	0.0273	POSITIVE	-0.0111	0.0072	-1.54166666666667	1104335	0.1178	0.0049	24.04	liability	0.1325	0.0048	27.6	observed	1.027	0.0078	0.0638	1.153	0.02	0.0721	PRIMARY_PHASE1	PRIMARY	none	Evangelou 2018 Nat Genet — UKB+ICBP European SBP meta-analysis	evangelou_2018_sbp_opengwas	OpenGWAS_ieu-b-38_Evangelou2018_SBP	EUR	757601	411934	SUBJECTIVE_SELF_REPORT	SELF_REPORT_QUESTIONNAIRE	duration	greater liability to reported sleep under 7 hours	False	NA	results/logs/rg_shortsleep.log
shortsleep	Short sleep (<7 h)	longevity	Longevity (90th percentile)	aging	-0.0933	0.0542	-1.72140221402214	-1.72	0.00140221402214014	0.0853	0.168894	0.167008421052632	False	0.0933	NEGATIVE	-0.0074	0.0053	-1.39622641509434	1167224	0.1178	0.0049	24.04	liability	0.1674	0.0243	6.89	liability	1.027	0.0078	0.0638	1.006	0.0064	0.0823	PRIMARY_PHASE1	PRIMARY	none	Deelen 2019 Nat Commun	deelen_2019_longevity_90th	GCST008598_90th_percentile	EUR	36745	411934	SUBJECTIVE_SELF_REPORT	SELF_REPORT_QUESTIONNAIRE	duration	greater liability to reported sleep under 7 hours	False	NA	results/logs/rg_shortsleep.log
shortsleep	Short sleep (<7 h)	parental_lifespan	Parental lifespan	aging	-0.2976	0.0349	-8.52722063037249	-8.521	0.00622063037249099	1.583e-17	2.02215483870968e-16	2.10312857142857e-16	True	0.2976	NEGATIVE	-0.035	0.0059	-5.93220338983051	1151851	0.1178	0.0049	24.04	liability	0.0236	0.0012	19.67	observed	1.027	0.0078	0.0638	1.047	0.0082	0.1397	PRIMARY_PHASE1	PRIMARY	none	Timmers 2019 eLife — GCST009890	timmers_2019_parental_lifespan	GCST009890	EUR	1012240	411934	SUBJECTIVE_SELF_REPORT	SELF_REPORT_QUESTIONNAIRE	duration	greater liability to reported sleep under 7 hours	False	NA	results/logs/rg_shortsleep.log
shortsleep	Short sleep (<7 h)	healthspan	Healthspan	aging	0.3554	0.0426	8.34272300469484	8.335	0.00772300469483511	7.716e-17	9.2592e-16	9.56784e-16	True	0.3554	POSITIVE	0.019	0.006	3.16666666666667	1174476	0.1178	0.0049	24.04	liability	0.029	0.0025	11.6	observed	1.027	0.0078	0.0638	1.052	0.0081	0.2366	PRIMARY_PHASE1	PRIMARY	none	Zenin 2019 Commun Biol — GCST007406	zenin_2019_healthspan	GCST007406	EUR	300447	411934	SUBJECTIVE_SELF_REPORT	SELF_REPORT_QUESTIONNAIRE	duration	greater liability to reported sleep under 7 hours	False	NA	results/logs/rg_shortsleep.log
shortsleep	Short sleep (<7 h)	frailty	Frailty index	aging	0.4543	0.0272	16.7022058823529	16.68	0.0222058823529423	1.979e-62	1.567368e-60	1.472376e-60	True	0.4543	POSITIVE	0.0892	0.006	14.8666666666667	1166555	0.1178	0.0049	24.04	liability	0.1093	0.005	21.86	observed	1.027	0.0078	0.0638	1.02	0.0086	0.0509	PRIMARY_PHASE1	PRIMARY	none	Atkins 2021 Aging Cell — GCST90020053	atkins_2021_frailty_index	GCST90020053	EUR	175226	411934	SUBJECTIVE_SELF_REPORT	SELF_REPORT_QUESTIONNAIRE	duration	greater liability to reported sleep under 7 hours	False	NA	results/logs/rg_shortsleep.log
shortsleep	Short sleep (<7 h)	telomere_length	Leukocyte telomere length	aging	-0.1263	0.0282	-4.47872340425532	-4.487	0.00827659574468065	7.227e-06	3.21560898876405e-05	3.27859024390244e-05	True	0.1263	NEGATIVE	-0.0192	0.0065	-2.95384615384615	1169991	0.1178	0.0049	24.04	liability	0.0634	0.0038	16.68	observed	1.027	0.0078	0.0638	1.089	0.0135	0.1339	PRIMARY_PHASE1	PRIMARY	source_substitution:Strict NFE stratum replaces the larger mixed-ancestry full-UKB Codd release; no upstream checksum was located, so first acquisition relies on HTTPS byte count before local SHA-256 registration.	Burren 2024 Nat Genet — GWAS Catalog GCST90435144 non-Finnish-European stratum	burren_2024_telomere_nfe	GCST90435144_Burren_2024_NFE	EUR	438351	411934	SUBJECTIVE_SELF_REPORT	SELF_REPORT_QUESTIONNAIRE	duration	greater liability to reported sleep under 7 hours	True	Strict NFE stratum replaces the larger mixed-ancestry full-UKB Codd release; no upstream checksum was located, so first acquisition relies on HTTPS byte count before local SHA-256 registration.	results/logs/rg_shortsleep.log
shortsleep	Short sleep (<7 h)	grip_strength	Hand grip strength	aging	-0.1248	0.0236	-5.28813559322034	-5.287	0.00113559322033918	1.244e-07	6.39771428571429e-07	6.51785915492958e-07	True	0.1248	NEGATIVE	-0.0316	0.0068	-4.64705882352941	1169767	0.1178	0.0049	24.04	liability	0.1105	0.0038	29.08	observed	1.027	0.0078	0.0638	1.058	0.0118	0.0684	PRIMARY_PHASE1	PRIMARY	none	Neale Lab UKB round 2 — field 46	neale_2018_left_grip_strength	Neale_round2_field46	EUR	359704	411934	SUBJECTIVE_SELF_REPORT	SELF_REPORT_QUESTIONNAIRE	duration	greater liability to reported sleep under 7 hours	False	NA	results/logs/rg_shortsleep.log
shortsleep	Short sleep (<7 h)	breast_cancer	Breast cancer (overall)	cancer	0.0235	0.0247	0.951417004048583	0.9515	8.29959514170309e-05	0.3413	0.48097793594306	0.475519101123596	False	0.0235	POSITIVE	0.0044	0.0061	0.721311475409836	1074022	0.1178	0.0049	24.04	liability	0.1186	0.0069	17.19	liability	1.027	0.0078	0.0638	1.089	0.0116	0.1538	PRIMARY_PHASE1	PRIMARY	none	Zhang 2020 Nat Genet — BCAC overall European release	bcac_2020_overall_breast_cancer	BCAC_2020_overall_EUR	EUR	247173	411934	SUBJECTIVE_SELF_REPORT	SELF_REPORT_QUESTIONNAIRE	duration	greater liability to reported sleep under 7 hours	False	NA	results/logs/rg_shortsleep.log
shortsleep	Short sleep (<7 h)	prostate_cancer	Prostate cancer (overall)	cancer	-0.079	0.0336	-2.35119047619048	-2.352	0.000809523809523593	0.0187	0.0462825	0.0457657894736842	True	0.079	NEGATIVE	0.0063	0.0065	0.969230769230769	817258	0.1178	0.0049	24.04	liability	0.1738	0.0272	6.39	liability	1.027	0.0078	0.0638	1.06	0.0162	0.1348	PRIMARY_PHASE1	PRIMARY	none	Schumacher 2018 Nat Genet — PRACTICAL EUR fixed-effect meta-analysis	schumacher_2018_prostate_cancer	GCST006085_EUR	EUR	140254	411934	SUBJECTIVE_SELF_REPORT	SELF_REPORT_QUESTIONNAIRE	duration	greater liability to reported sleep under 7 hours	False	NA	results/logs/rg_shortsleep.log
shortsleep	Short sleep (<7 h)	colorectal_cancer	Colorectal cancer	cancer	0.0455	0.0269	1.69144981412639	1.689	0.002449814126394	0.0913	0.177229411764706	0.175070103092784	False	0.0455	POSITIVE	0.0106	0.0062	1.70967741935484	1165441	0.1178	0.0049	24.04	liability	0.0873	0.0068	12.84	liability	1.027	0.0078	0.0638	1.106	0.0107	0.2198	PRIMARY_PHASE1	PRIMARY	none	Fernandez-Rozadilla 2023 Nat Genet — European stratum	fernandez_rozadilla_2023_colorectal_eur	GCST90255675_EUR	EUR	185616	411934	SUBJECTIVE_SELF_REPORT	SELF_REPORT_QUESTIONNAIRE	duration	greater liability to reported sleep under 7 hours	False	NA	results/logs/rg_shortsleep.log
shortsleep	Short sleep (<7 h)	lung_cancer	Lung cancer	cancer	0.1933	0.0437	4.4233409610984	4.423	0.000340961098397763	9.73e-06	4.2812e-05	4.3609156626506e-05	True	0.1933	POSITIVE	0.0062	0.0058	1.06896551724138	1107709	0.1178	0.0049	24.04	liability	0.0876	0.0132	6.64	liability	1.027	0.0078	0.0638	1.046	0.0083	0.2495	PRIMARY_PHASE1	PRIMARY	none	McKay 2017 Nat Genet — ILCCO overall lung cancer	mckay_2017_lung_cancer_eur	GCST004748_overall	EUR	85716	411934	SUBJECTIVE_SELF_REPORT	SELF_REPORT_QUESTIONNAIRE	duration	greater liability to reported sleep under 7 hours	False	NA	results/logs/rg_shortsleep.log
shortsleep	Short sleep (<7 h)	melanoma	Cutaneous melanoma	cancer	-0.0674	0.0661	-1.0196671709531	-1.019	0.000667170953101426	0.3083	0.449285294117647	NA	False	0.0674	NEGATIVE	0.0073	0.0052	1.40384615384615	1149185	0.1178	0.0049	24.04	liability	3.731	1.046	3.57	liability	1.027	0.0078	0.0638	1.034	0.0092	0.3797	QC_FAILED_SENSITIVITY	EXCLUDED_FROM_PRIMARY_INFERENCE	external_h2:h2_z_below_4; external_phase1_issues:h2_qc_not_pass; source_substitution:Much smaller register-based melanoma endpoint with cancer-free controls replaces the controlled Landi confirmed-only meta-analysis.	FinnGen R9 C3_MELANOMA_SKIN_EXALLC Finnish-ancestry public release; smaller register-based substitute with a distinct control definition	finngen_r9_melanoma_skin_exallc	FinnGen_R9_C3_MELANOMA_SKIN_EXALLC_2023-05-04	EUR	290130	411934	SUBJECTIVE_SELF_REPORT	SELF_REPORT_QUESTIONNAIRE	duration	greater liability to reported sleep under 7 hours	True	Much smaller register-based melanoma endpoint with cancer-free controls replaces the controlled Landi confirmed-only meta-analysis.	results/logs/rg_qc_failed_sensitivity/rg_shortsleep.log
shortsleep	Short sleep (<7 h)	ovarian_cancer	Ovarian cancer (all invasive epithelial)	cancer	0.1069	0.0581	1.83993115318417	1.841	0.00106884681583486	0.0656	0.133218461538462	0.131909189189189	False	0.1069	POSITIVE	-0.001	0.0056	-0.178571428571429	1106229	0.1178	0.0049	24.04	liability	0.0327	0.0076	4.3	liability	1.027	0.0078	0.0638	1.031	0.007	0.343	PRIMARY_PHASE1	PRIMARY	none	Phelan 2017 Nat Genet — OCAC European GCST004462	phelan_2017_ovarian_cancer	GCST004462_EUR	EUR	63347	411934	SUBJECTIVE_SELF_REPORT	SELF_REPORT_QUESTIONNAIRE	duration	greater liability to reported sleep under 7 hours	False	NA	results/logs/rg_shortsleep.log
longsleep	Long sleep (>=9 h)	alz	Alzheimer's disease	neuro	-0.0912	0.0463	-1.96976241900648	-1.972	0.00223758099352045	0.0486	0.10403027027027	0.103309714285714	False	0.0912	NEGATIVE	0.0034	0.005	0.68	1162333	0.2329	0.017	13.7	liability	0.0537	0.0052	10.33	liability	1.015	0.0075	0.0736	1.069	0.0101	0.2534	PRIMARY_PHASE1	PRIMARY	none	Bellenguez 2022 Nat Genet — all-European Stage I discovery meta-analysis	bellenguez_2022_alzheimer_stage1	GCST90027158_stage1_GRCh38	EUR	487511	339926	SUBJECTIVE_SELF_REPORT	SELF_REPORT_QUESTIONNAIRE	duration	greater liability to reported sleep of at least 9 hours	False	NA	results/logs/rg_longsleep.log
longsleep	Long sleep (>=9 h)	parkinson	Parkinson's disease	neuro	-0.1244	0.0493	-2.52332657200811	-2.522	0.00132657200811392	0.0117	0.030888	0.0306507042253521	True	0.1244	NEGATIVE	0.006	0.0049	1.22448979591837	1131624	0.2329	0.017	13.7	liability	0.1296	0.0117	11.08	liability	1.015	0.0075	0.0736	0.984	0.0065	NA	PRIMARY_PHASE1	PRIMARY	none	Nalls 2019 Lancet Neurol — public restricted-cohort-excluded release with UKB proxy cases	nalls_2019_parkinson_public_proxy	GCST009325_public_EUR_proxy_GRCh37	EUR	482730	339926	SUBJECTIVE_SELF_REPORT	SELF_REPORT_QUESTIONNAIRE	duration	greater liability to reported sleep of at least 9 hours	False	NA	results/logs/rg_longsleep.log
longsleep	Long sleep (>=9 h)	mdd	Major depressive disorder	psychiatric	0.3058	0.0326	9.38036809815951	9.369	0.0113680981595099	7.327e-21	1.07462666666667e-19	1.135685e-19	True	0.3058	POSITIVE	0.0325	0.0057	5.70175438596491	1155410	0.2329	0.017	13.7	liability	0.0885	0.0035	25.29	liability	1.015	0.0075	0.0736	1.002	0.0098	0.0033	PRIMARY_PHASE1	PRIMARY	none	Howard 2019 Nat Neurosci — public genome-wide UKB plus PGC_139k release without 23andMe	howard_2019_mdd_no23andme	PGC_UKB_depression_genome-wide_no23andMe	EUR	500199	339926	SUBJECTIVE_SELF_REPORT	SELF_REPORT_QUESTIONNAIRE	duration	greater liability to reported sleep of at least 9 hours	False	NA	results/logs/rg_longsleep.log
longsleep	Long sleep (>=9 h)	scz	Schizophrenia	psychiatric	0.2889	0.03	9.63	9.633	0.00299999999999834	5.824e-22	9.225216e-21	9.84785454545454e-21	True	0.2889	POSITIVE	-0.0043	0.0063	-0.682539682539683	1161654	0.2329	0.017	13.7	liability	0.2282	0.0074	30.84	liability	1.015	0.0075	0.0736	1.079	0.0121	0.0782	PRIMARY_PHASE1	PRIMARY	none	Trubetskoy 2022 Nature — PGC3 Wave 3 European autosomal stratum	trubetskoy_2022_scz_eur	PGC3_SCZ_wave3_european_autosome_public_v3	EUR	130644	339926	SUBJECTIVE_SELF_REPORT	SELF_REPORT_QUESTIONNAIRE	duration	greater liability to reported sleep of at least 9 hours	False	NA	results/logs/rg_longsleep.log
longsleep	Long sleep (>=9 h)	bipolar	Bipolar disorder	psychiatric	0.2304	0.034	6.77647058823529	6.783	0.00652941176470723	1.176e-11	8.95569230769231e-11	8.928e-11	True	0.2304	POSITIVE	-0.003	0.0053	-0.566037735849057	1165582	0.2329	0.017	13.7	liability	0.516	0.0196	26.33	liability	1.015	0.0075	0.0736	1.025	0.0085	0.0428	PRIMARY_PHASE1	PRIMARY	none	Mullins 2021 Nat Genet — PGC3 all-bipolar-disorder cases	mullins_2021_bipolar_eur	pgc-bip2021-all_Figshare_v2	EUR	413466	339926	SUBJECTIVE_SELF_REPORT	SELF_REPORT_QUESTIONNAIRE	duration	greater liability to reported sleep of at least 9 hours	False	NA	results/logs/rg_longsleep.log
longsleep	Long sleep (>=9 h)	adhd	ADHD	psychiatric	0.3703	0.0384	9.64322916666667	9.636	0.00722916666666862	5.647e-22	9.225216e-21	9.84785454545454e-21	True	0.3703	POSITIVE	0.003	0.0067	0.447761194029851	1086648	0.2329	0.017	13.7	liability	0.2405	0.0107	22.48	liability	1.015	0.0075	0.0736	1.042	0.0094	0.0924	PRIMARY_PHASE1	PRIMARY	none	Demontis 2023 Nat Genet — iPSYCH, deCODE, and PGC European meta-analysis	demontis_2023_adhd_eur	ADHD2022_iPSYCH_deCODE_PGC_January_2022_release	EUR	225534	339926	SUBJECTIVE_SELF_REPORT	SELF_REPORT_QUESTIONNAIRE	duration	greater liability to reported sleep of at least 9 hours	False	NA	results/logs/rg_longsleep.log
longsleep	Long sleep (>=9 h)	ibd	Inflammatory bowel disease	immune	-0.1051	0.0353	-2.97733711048159	-2.982	0.00466288951841376	0.0029	0.00838248175182482	0.00836279069767442	True	0.1051	NEGATIVE	0.0048	0.0057	0.842105263157895	1136735	0.2329	0.017	13.7	liability	0.1483	0.0129	11.5	liability	1.015	0.0075	0.0736	1.144	0.0096	0.2886	PRIMARY_PHASE1	PRIMARY	none	de Lange 2017 Nat Genet — IIBDGC	delange_2017_ibd	GCST004131_build37_59957_20161107	EUR	59957	339926	SUBJECTIVE_SELF_REPORT	SELF_REPORT_QUESTIONNAIRE	duration	greater liability to reported sleep of at least 9 hours	False	NA	results/logs/rg_longsleep.log
longsleep	Long sleep (>=9 h)	crohn	Crohn's disease	immune	-0.1603	0.0389	-4.12082262210797	-4.122	0.00117737789203076	3.753e-05	0.000144290097087379	0.00014542875	True	0.1603	NEGATIVE	0.0112	0.0059	1.89830508474576	1136675	0.2329	0.017	13.7	liability	0.2508	0.0266	9.43	liability	1.015	0.0075	0.0736	1.114	0.0095	0.2527	PRIMARY_PHASE1	PRIMARY	none	de Lange 2017 Nat Genet — IIBDGC Crohn's stratum	delange_2017_crohn	GCST004132_build37_40266_20161107	EUR	40266	339926	SUBJECTIVE_SELF_REPORT	SELF_REPORT_QUESTIONNAIRE	duration	greater liability to reported sleep of at least 9 hours	False	NA	results/logs/rg_longsleep.log
longsleep	Long sleep (>=9 h)	uc	Ulcerative colitis	immune	-0.0251	0.0392	-0.64030612244898	-0.6412	0.000893877551020328	0.5214	0.659662619808307	0.655272972972973	False	0.0251	NEGATIVE	-0.003	0.0049	-0.612244897959184	1136699	0.2329	0.017	13.7	liability	0.1876	0.0173	10.84	liability	1.015	0.0075	0.0736	1.093	0.0089	0.2994	PRIMARY_PHASE1	PRIMARY	none	de Lange 2017 Nat Genet — IIBDGC UC stratum	delange_2017_uc	GCST004133_build37_45975_20161107	EUR	45975	339926	SUBJECTIVE_SELF_REPORT	SELF_REPORT_QUESTIONNAIRE	duration	greater liability to reported sleep of at least 9 hours	False	NA	results/logs/rg_longsleep.log
longsleep	Long sleep (>=9 h)	ra	Rheumatoid arthritis	immune	0.1015	0.0435	2.33333333333333	2.335	0.00166666666666648	0.0195	0.0479627329192547	0.0474117647058823	True	0.1015	POSITIVE	0.0129	0.0053	2.43396226415094	1171427	0.2329	0.017	13.7	liability	0.1412	0.0139	10.16	liability	1.015	0.0075	0.0736	1.068	0.0091	0.2123	PRIMARY_PHASE1	PRIMARY	none	Ishigaki 2022 Nat Genet — European subset	ishigaki_2022_ra_eur	GCST90132223_Ishigaki_2022_EUR	EUR	97173	339926	SUBJECTIVE_SELF_REPORT	SELF_REPORT_QUESTIONNAIRE	duration	greater liability to reported sleep of at least 9 hours	False	NA	results/logs/rg_longsleep.log
longsleep	Long sleep (>=9 h)	ms	Multiple sclerosis	immune	-0.0677	0.077	-0.879220779220779	-0.8784	0.000820779220779277	0.3797	0.520280968858131	0.515505109489051	False	0.0677	NEGATIVE	0.0084	0.0048	1.75	1149291	0.2329	0.017	13.7	liability	5.982	1.196	5	liability	1.015	0.0075	0.0736	1.029	0.0081	0.3197	PRIMARY_PHASE1	PRIMARY	source_substitution:Smaller hospital-record Finnish analysis than the inaccessible IMSGC discovery meta-analysis; substitution reduces power and changes ascertainment.	FinnGen R9 G6_MS Finnish-ancestry public release; smaller register-based substitute for the unavailable IMSGC discovery meta-analysis	finngen_r9_ms	FinnGen_R9_G6_MS_2023-05-04	EUR	376169	339926	SUBJECTIVE_SELF_REPORT	SELF_REPORT_QUESTIONNAIRE	duration	greater liability to reported sleep of at least 9 hours	True	Smaller hospital-record Finnish analysis than the inaccessible IMSGC discovery meta-analysis; substitution reduces power and changes ascertainment.	results/logs/rg_longsleep.log
longsleep	Long sleep (>=9 h)	asthma	Asthma	immune	0.1793	0.0413	4.34140435835351	4.343	0.00159564164648973	1.403e-05	5.97406451612903e-05	6.06879069767442e-05	True	0.1793	POSITIVE	-0.0015	0.0066	-0.227272727272727	1149211	0.2329	0.017	13.7	liability	0.2342	0.0161	14.55	liability	1.015	0.0075	0.0736	1.157	0.0128	0.2987	PRIMARY_PHASE1	PRIMARY	source_substitution:Uses register-based FinnGen asthma with additional control exclusions rather than Han 2020 main-UKB all-ancestry ascertainment.	FinnGen R9 J10_ASTHMA_EXMORE Finnish-ancestry public release; ascertainment differs from the replaced Han main-UKB analysis	finngen_r9_asthma_exmore	FinnGen_R9_J10_ASTHMA_EXMORE_2023-05-04	EUR	244562	339926	SUBJECTIVE_SELF_REPORT	SELF_REPORT_QUESTIONNAIRE	duration	greater liability to reported sleep of at least 9 hours	True	Uses register-based FinnGen asthma with additional control exclusions rather than Han 2020 main-UKB all-ancestry ascertainment.	results/logs/rg_longsleep.log
longsleep	Long sleep (>=9 h)	bmi	BMI	metabolic	0.1338	0.0246	5.4390243902439	5.443	0.00397560975609679	5.239e-08	2.766192e-07	2.82450434782609e-07	True	0.1338	POSITIVE	0.0392	0.0085	4.61176470588235	1013880	0.2329	0.017	13.7	liability	0.1908	0.0053	36	observed	1.015	0.0075	0.0736	1.187	0.0206	0.0635	PRIMARY_PHASE1	PRIMARY	none	Yengo 2018 — GIANT+UKB	yengo_2018_bmi	GCST006900_Yengo_2018_GIANT_UKB	EUR	681275	339926	SUBJECTIVE_SELF_REPORT	SELF_REPORT_QUESTIONNAIRE	duration	greater liability to reported sleep of at least 9 hours	False	NA	results/logs/rg_longsleep.log
longsleep	Long sleep (>=9 h)	t2d	Type 2 diabetes	metabolic	0.2049	0.0364	5.62912087912088	5.622	0.00712087912087878	1.89e-08	1.0395e-07	NA	False	0.2049	POSITIVE	-0.0025	0.0065	-0.384615384615385	1149277	0.2329	0.017	13.7	liability	0.3329	0.0176	18.91	liability	1.015	0.0075	0.0736	1.315	0.021	0.332	QC_FAILED_SENSITIVITY	EXCLUDED_FROM_PRIMARY_INFERENCE	external_h2:intercept_above_1.2; external_phase1_issues:h2_qc_not_pass; source_substitution:Public Finnish register-based combined T2D definition replaces a larger terms-gated DIAMANTE European meta-analysis.	FinnGen R9 T2D Finnish-ancestry public release; smaller public substitute for the terms-gated DIAMANTE analysis	finngen_r9_t2d	FinnGen_R9_T2D_2023-05-04	EUR	365950	339926	SUBJECTIVE_SELF_REPORT	SELF_REPORT_QUESTIONNAIRE	duration	greater liability to reported sleep of at least 9 hours	True	Public Finnish register-based combined T2D definition replaces a larger terms-gated DIAMANTE European meta-analysis.	results/logs/rg_qc_failed_sensitivity/rg_longsleep.log
longsleep	Long sleep (>=9 h)	ldl	LDL cholesterol	metabolic	0.1131	0.0294	3.8469387755102	3.842	0.00493877551020416	0.0001	0.000363302752293578	0.000364705882352941	True	0.1131	POSITIVE	0.0048	0.0082	0.585365853658536	1172415	0.2329	0.017	13.7	liability	0.0815	0.009	9.06	observed	1.015	0.0075	0.0736	1.141	0.0245	0.068	PRIMARY_PHASE1	PRIMARY	none	Graham 2021 Nature — GLGC	graham_2021_ldl_eur	GCST90239658_LDL_INV_EUR	EUR	1320016	339926	SUBJECTIVE_SELF_REPORT	SELF_REPORT_QUESTIONNAIRE	duration	greater liability to reported sleep of at least 9 hours	False	NA	results/logs/rg_longsleep.log
longsleep	Long sleep (>=9 h)	hdl	HDL cholesterol	metabolic	-0.1405	0.0255	-5.50980392156863	-5.502	0.00780392156862852	3.765e-08	2.04238356164384e-07	2.09041791044776e-07	True	0.1405	NEGATIVE	-0.0295	0.0083	-3.55421686746988	1173286	0.2329	0.017	13.7	liability	0.1222	0.012	10.18	observed	1.015	0.0075	0.0736	1.196	0.0298	0.0649	PRIMARY_PHASE1	PRIMARY	none	Graham 2021 Nature — GLGC	graham_2021_hdl_eur	GCST90239652_HDL_INV_EUR	EUR	1320016	339926	SUBJECTIVE_SELF_REPORT	SELF_REPORT_QUESTIONNAIRE	duration	greater liability to reported sleep of at least 9 hours	False	NA	results/logs/rg_longsleep.log
longsleep	Long sleep (>=9 h)	triglycerides	Triglycerides	metabolic	0.1822	0.0336	5.42261904761905	5.419	0.00361904761904874	5.997e-08	3.12475263157895e-07	3.18697714285714e-07	True	0.1822	POSITIVE	0.0303	0.0087	3.48275862068966	1172552	0.2329	0.017	13.7	liability	0.0954	0.008	11.92	observed	1.015	0.0075	0.0736	1.165	0.0275	0.0653	PRIMARY_PHASE1	PRIMARY	none	Graham 2021 Nature — GLGC	graham_2021_triglycerides_eur	GCST90239664_logTG_INV_EUR	EUR	1320016	339926	SUBJECTIVE_SELF_REPORT	SELF_REPORT_QUESTIONNAIRE	duration	greater liability to reported sleep of at least 9 hours	False	NA	results/logs/rg_longsleep.log
longsleep	Long sleep (>=9 h)	cad	Coronary artery disease	cardio	0.1592	0.0409	3.89242053789731	3.889	0.00342053789731089	0.0001	0.000363302752293578	0.000364705882352941	True	0.1592	POSITIVE	0.0011	0.0059	0.186440677966102	1149289	0.2329	0.017	13.7	liability	0.1346	0.01	13.46	liability	1.015	0.0075	0.0736	1.162	0.0145	0.328	PRIMARY_PHASE1	PRIMARY	source_substitution:Wide ischaemic-heart-disease endpoint is broader than coronary artery disease and must be labeled as a proxy analysis in all outputs.	FinnGen R9 I9_IHD Finnish-ancestry public release; phenotype-breadth sensitivity flag required in every CAD interpretation	finngen_r9_ihd	FinnGen_R9_I9_IHD_2023-05-04	EUR	377277	339926	SUBJECTIVE_SELF_REPORT	SELF_REPORT_QUESTIONNAIRE	duration	greater liability to reported sleep of at least 9 hours	True	Wide ischaemic-heart-disease endpoint is broader than coronary artery disease and must be labeled as a proxy analysis in all outputs.	results/logs/rg_longsleep.log
longsleep	Long sleep (>=9 h)	stroke	Stroke (any)	cardio	0.2155	0.0454	4.74669603524229	4.751	0.00430396475771033	2.024e-06	9.31981395348837e-06	9.53073417721519e-06	True	0.2155	POSITIVE	0.0027	0.005	0.54	1174084	0.2329	0.017	13.7	liability	0.0967	0.008	12.09	liability	1.015	0.0075	0.0736	1.073	0.0069	0.3222	PRIMARY_PHASE1	PRIMARY	none	Mishra 2022 Nature — GIGASTROKE European subset	mishra_2022_any_stroke_eur	GCST90104539_any_stroke_EUR	EUR	1308460	339926	SUBJECTIVE_SELF_REPORT	SELF_REPORT_QUESTIONNAIRE	duration	greater liability to reported sleep of at least 9 hours	False	NA	results/logs/rg_longsleep.log
longsleep	Long sleep (>=9 h)	atrial_fibrillation	Atrial fibrillation	cardio	-0.0161	0.0353	-0.456090651558074	-0.4561	9.34844192634898e-06	0.6483	0.761186982248521	0.757643887147336	False	0.0161	NEGATIVE	0.0182	0.0056	3.25	1175475	0.2329	0.017	13.7	liability	0.316	0.035	9.03	liability	1.015	0.0075	0.0736	1.012	0.0103	0.0288	PRIMARY_PHASE1	PRIMARY	none	Nielsen 2018 Nat Genet — AFGen	nielsen_2018_atrial_fibrillation	GCST006061_AF_HRC_GWAS_ALLv11	EUR	1030836	339926	SUBJECTIVE_SELF_REPORT	SELF_REPORT_QUESTIONNAIRE	duration	greater liability to reported sleep of at least 9 hours	False	NA	results/logs/rg_longsleep.log
longsleep	Long sleep (>=9 h)	sbp	Systolic blood pressure	cardio	0.0941	0.0283	3.32508833922261	3.32	0.00508833922261509	0.0009	0.00294545454545455	0.00296283185840708	True	0.0941	POSITIVE	0.0021	0.0078	0.269230769230769	1104318	0.2329	0.017	13.7	liability	0.1325	0.0048	27.6	observed	1.015	0.0075	0.0736	1.153	0.02	0.0721	PRIMARY_PHASE1	PRIMARY	none	Evangelou 2018 Nat Genet — UKB+ICBP European SBP meta-analysis	evangelou_2018_sbp_opengwas	OpenGWAS_ieu-b-38_Evangelou2018_SBP	EUR	757601	339926	SUBJECTIVE_SELF_REPORT	SELF_REPORT_QUESTIONNAIRE	duration	greater liability to reported sleep of at least 9 hours	False	NA	results/logs/rg_longsleep.log
longsleep	Long sleep (>=9 h)	longevity	Longevity (90th percentile)	aging	-0.0343	0.071	-0.483098591549296	-0.4834	0.000301408450704199	0.6288	0.750014457831325	0.747327795527157	False	0.0343	NEGATIVE	-0.0145	0.0051	-2.84313725490196	1167203	0.2329	0.017	13.7	liability	0.1674	0.0243	6.89	liability	1.015	0.0075	0.0736	1.006	0.0064	0.0823	PRIMARY_PHASE1	PRIMARY	none	Deelen 2019 Nat Commun	deelen_2019_longevity_90th	GCST008598_90th_percentile	EUR	36745	339926	SUBJECTIVE_SELF_REPORT	SELF_REPORT_QUESTIONNAIRE	duration	greater liability to reported sleep of at least 9 hours	False	NA	results/logs/rg_longsleep.log
longsleep	Long sleep (>=9 h)	parental_lifespan	Parental lifespan	aging	-0.2395	0.04	-5.9875	-5.984	0.00349999999999984	2.183e-09	1.32995076923077e-08	1.35346e-08	True	0.2395	NEGATIVE	-0.0286	0.0054	-5.2962962962963	1151833	0.2329	0.017	13.7	liability	0.0236	0.0012	19.67	observed	1.015	0.0075	0.0736	1.047	0.0082	0.1397	PRIMARY_PHASE1	PRIMARY	none	Timmers 2019 eLife — GCST009890	timmers_2019_parental_lifespan	GCST009890	EUR	1012240	339926	SUBJECTIVE_SELF_REPORT	SELF_REPORT_QUESTIONNAIRE	duration	greater liability to reported sleep of at least 9 hours	False	NA	results/logs/rg_longsleep.log
longsleep	Long sleep (>=9 h)	healthspan	Healthspan	aging	0.2677	0.0409	6.54523227383863	6.538	0.00723227383863101	6.246e-11	4.12236e-10	4.14912857142857e-10	True	0.2677	POSITIVE	0.0343	0.0048	7.14583333333333	1174478	0.2329	0.017	13.7	liability	0.029	0.0025	11.6	observed	1.015	0.0075	0.0736	1.052	0.0081	0.2366	PRIMARY_PHASE1	PRIMARY	none	Zenin 2019 Commun Biol — GCST007406	zenin_2019_healthspan	GCST007406	EUR	300447	339926	SUBJECTIVE_SELF_REPORT	SELF_REPORT_QUESTIONNAIRE	duration	greater liability to reported sleep of at least 9 hours	False	NA	results/logs/rg_longsleep.log
longsleep	Long sleep (>=9 h)	frailty	Frailty index	aging	0.2925	0.0375	7.8	7.798	0.00199999999999978	6.283e-15	6.37966153846154e-14	6.49243333333333e-14	True	0.2925	POSITIVE	0.0489	0.0052	9.40384615384615	1166541	0.2329	0.017	13.7	liability	0.1093	0.005	21.86	observed	1.015	0.0075	0.0736	1.02	0.0086	0.0509	PRIMARY_PHASE1	PRIMARY	none	Atkins 2021 Aging Cell — GCST90020053	atkins_2021_frailty_index	GCST90020053	EUR	175226	339926	SUBJECTIVE_SELF_REPORT	SELF_REPORT_QUESTIONNAIRE	duration	greater liability to reported sleep of at least 9 hours	False	NA	results/logs/rg_longsleep.log
longsleep	Long sleep (>=9 h)	telomere_length	Leukocyte telomere length	aging	-0.0883	0.0339	-2.6047197640118	-2.605	0.000280235988200594	0.0092	0.0249534246575342	0.0248	True	0.0883	NEGATIVE	-0.0195	0.0056	-3.48214285714286	1169975	0.2329	0.017	13.7	liability	0.0634	0.0038	16.68	observed	1.015	0.0075	0.0736	1.089	0.0135	0.1339	PRIMARY_PHASE1	PRIMARY	source_substitution:Strict NFE stratum replaces the larger mixed-ancestry full-UKB Codd release; no upstream checksum was located, so first acquisition relies on HTTPS byte count before local SHA-256 registration.	Burren 2024 Nat Genet — GWAS Catalog GCST90435144 non-Finnish-European stratum	burren_2024_telomere_nfe	GCST90435144_Burren_2024_NFE	EUR	438351	339926	SUBJECTIVE_SELF_REPORT	SELF_REPORT_QUESTIONNAIRE	duration	greater liability to reported sleep of at least 9 hours	True	Strict NFE stratum replaces the larger mixed-ancestry full-UKB Codd release; no upstream checksum was located, so first acquisition relies on HTTPS byte count before local SHA-256 registration.	results/logs/rg_longsleep.log
longsleep	Long sleep (>=9 h)	grip_strength	Hand grip strength	aging	-0.0012	0.0302	-0.0397350993377483	-0.0386	0.00113509933774834	0.9692	0.972154936708861	0.972313746630728	False	0.0012	NEGATIVE	-0.0435	0.0064	-6.796875	1169763	0.2329	0.017	13.7	liability	0.1105	0.0038	29.08	observed	1.015	0.0075	0.0736	1.058	0.0118	0.0684	PRIMARY_PHASE1	PRIMARY	none	Neale Lab UKB round 2 — field 46	neale_2018_left_grip_strength	Neale_round2_field46	EUR	359704	339926	SUBJECTIVE_SELF_REPORT	SELF_REPORT_QUESTIONNAIRE	duration	greater liability to reported sleep of at least 9 hours	False	NA	results/logs/rg_longsleep.log
longsleep	Long sleep (>=9 h)	breast_cancer	Breast cancer (overall)	cancer	0.0587	0.0345	1.70144927536232	1.698	0.00344927536231876	0.0895	0.175455445544554	0.17340625	False	0.0587	POSITIVE	-0.0012	0.006	-0.2	1074003	0.2329	0.017	13.7	liability	0.1186	0.0069	17.19	liability	1.015	0.0075	0.0736	1.089	0.0116	0.1538	PRIMARY_PHASE1	PRIMARY	none	Zhang 2020 Nat Genet — BCAC overall European release	bcac_2020_overall_breast_cancer	BCAC_2020_overall_EUR	EUR	247173	339926	SUBJECTIVE_SELF_REPORT	SELF_REPORT_QUESTIONNAIRE	duration	greater liability to reported sleep of at least 9 hours	False	NA	results/logs/rg_longsleep.log
longsleep	Long sleep (>=9 h)	prostate_cancer	Prostate cancer (overall)	cancer	0.0112	0.0465	0.240860215053763	0.2403	0.000560215053763413	0.8101	0.875396739130435	0.877165217391304	False	0.0112	POSITIVE	-0.0058	0.0065	-0.892307692307692	817232	0.2329	0.017	13.7	liability	0.1738	0.0272	6.39	liability	1.015	0.0075	0.0736	1.06	0.0162	0.1348	PRIMARY_PHASE1	PRIMARY	none	Schumacher 2018 Nat Genet — PRACTICAL EUR fixed-effect meta-analysis	schumacher_2018_prostate_cancer	GCST006085_EUR	EUR	140254	339926	SUBJECTIVE_SELF_REPORT	SELF_REPORT_QUESTIONNAIRE	duration	greater liability to reported sleep of at least 9 hours	False	NA	results/logs/rg_longsleep.log
longsleep	Long sleep (>=9 h)	colorectal_cancer	Colorectal cancer	cancer	0.0795	0.0384	2.0703125	2.072	0.00168750000000006	0.0382	0.085464406779661	0.0845857142857143	False	0.0795	POSITIVE	0.0137	0.0057	2.40350877192982	1165424	0.2329	0.017	13.7	liability	0.0873	0.0068	12.84	liability	1.015	0.0075	0.0736	1.106	0.0107	0.2198	PRIMARY_PHASE1	PRIMARY	none	Fernandez-Rozadilla 2023 Nat Genet — European stratum	fernandez_rozadilla_2023_colorectal_eur	GCST90255675_EUR	EUR	185616	339926	SUBJECTIVE_SELF_REPORT	SELF_REPORT_QUESTIONNAIRE	duration	greater liability to reported sleep of at least 9 hours	False	NA	results/logs/rg_longsleep.log
longsleep	Long sleep (>=9 h)	lung_cancer	Lung cancer	cancer	0.2108	0.0504	4.18253968253968	4.185	0.00246031746031772	2.85e-05	0.00011286	0.000114	True	0.2108	POSITIVE	0.0044	0.0045	0.977777777777778	1107692	0.2329	0.017	13.7	liability	0.0876	0.0132	6.64	liability	1.015	0.0075	0.0736	1.046	0.0083	0.2495	PRIMARY_PHASE1	PRIMARY	none	McKay 2017 Nat Genet — ILCCO overall lung cancer	mckay_2017_lung_cancer_eur	GCST004748_overall	EUR	85716	339926	SUBJECTIVE_SELF_REPORT	SELF_REPORT_QUESTIONNAIRE	duration	greater liability to reported sleep of at least 9 hours	False	NA	results/logs/rg_longsleep.log
longsleep	Long sleep (>=9 h)	melanoma	Cutaneous melanoma	cancer	-0.1822	0.0901	-2.02219755826859	-2.023	0.000802441731409864	0.0431	0.0932655737704918	NA	False	0.1822	NEGATIVE	0.0088	0.0057	1.54385964912281	1149169	0.2329	0.017	13.7	liability	3.731	1.046	3.57	liability	1.015	0.0075	0.0736	1.034	0.0092	0.3797	QC_FAILED_SENSITIVITY	EXCLUDED_FROM_PRIMARY_INFERENCE	external_h2:h2_z_below_4; external_phase1_issues:h2_qc_not_pass; source_substitution:Much smaller register-based melanoma endpoint with cancer-free controls replaces the controlled Landi confirmed-only meta-analysis.	FinnGen R9 C3_MELANOMA_SKIN_EXALLC Finnish-ancestry public release; smaller register-based substitute with a distinct control definition	finngen_r9_melanoma_skin_exallc	FinnGen_R9_C3_MELANOMA_SKIN_EXALLC_2023-05-04	EUR	290130	339926	SUBJECTIVE_SELF_REPORT	SELF_REPORT_QUESTIONNAIRE	duration	greater liability to reported sleep of at least 9 hours	True	Much smaller register-based melanoma endpoint with cancer-free controls replaces the controlled Landi confirmed-only meta-analysis.	results/logs/rg_qc_failed_sensitivity/rg_longsleep.log
longsleep	Long sleep (>=9 h)	ovarian_cancer	Ovarian cancer (all invasive epithelial)	cancer	0.0546	0.0745	0.732885906040268	0.7336	0.000714093959731543	0.4632	0.597482736156352	0.592131958762887	False	0.0546	POSITIVE	-0.0028	0.0049	-0.571428571428571	1106208	0.2329	0.017	13.7	liability	0.0327	0.0076	4.3	liability	1.015	0.0075	0.0736	1.031	0.007	0.343	PRIMARY_PHASE1	PRIMARY	none	Phelan 2017 Nat Genet — OCAC European GCST004462	phelan_2017_ovarian_cancer	GCST004462_EUR	EUR	63347	339926	SUBJECTIVE_SELF_REPORT	SELF_REPORT_QUESTIONNAIRE	duration	greater liability to reported sleep of at least 9 hours	False	NA	results/logs/rg_longsleep.log
chronotype	Chronotype / morningness	alz	Alzheimer's disease	neuro	-0.0638	0.0326	-1.95705521472393	-1.954	0.00305521472392645	0.0506	0.106793617021277	0.105957303370787	False	0.0638	NEGATIVE	0.0066	0.0064	1.03125	1159668	0.1769	0.0062	28.53	liability	0.0537	0.0052	10.33	liability	1.045	0.0119	0.0526	1.069	0.0101	0.2534	PRIMARY_PHASE1	PRIMARY	none	Bellenguez 2022 Nat Genet — all-European Stage I discovery meta-analysis	bellenguez_2022_alzheimer_stage1	GCST90027158_stage1_GRCh38	EUR	487511	403195	CIRCADIAN_TIMING	SELF_REPORT_QUESTIONNAIRE	timing	greater morning-person liability	False	NA	results/logs/rg_chronotype.log
chronotype	Chronotype / morningness	parkinson	Parkinson's disease	neuro	-0.0164	0.0285	-0.575438596491228	-0.5749	0.000538596491228116	0.5653	0.703958490566038	0.698643189368771	False	0.0164	NEGATIVE	0.0077	0.0054	1.42592592592593	1131613	0.1769	0.0062	28.53	liability	0.1296	0.0117	11.08	liability	1.045	0.0119	0.0526	0.984	0.0065	NA	PRIMARY_PHASE1	PRIMARY	none	Nalls 2019 Lancet Neurol — public restricted-cohort-excluded release with UKB proxy cases	nalls_2019_parkinson_public_proxy	GCST009325_public_EUR_proxy_GRCh37	EUR	482730	403195	CIRCADIAN_TIMING	SELF_REPORT_QUESTIONNAIRE	timing	greater morning-person liability	False	NA	results/logs/rg_chronotype.log
chronotype	Chronotype / morningness	mdd	Major depressive disorder	psychiatric	-0.0777	0.022	-3.53181818181818	-3.53	0.00181818181818239	0.0004	0.00137739130434783	0.00139065420560748	True	0.0777	NEGATIVE	-0.0386	0.0069	-5.59420289855073	1155421	0.1769	0.0062	28.53	liability	0.0885	0.0035	25.29	liability	1.045	0.0119	0.0526	1.002	0.0098	0.0033	PRIMARY_PHASE1	PRIMARY	none	Howard 2019 Nat Neurosci — public genome-wide UKB plus PGC_139k release without 23andMe	howard_2019_mdd_no23andme	PGC_UKB_depression_genome-wide_no23andMe	EUR	500199	403195	CIRCADIAN_TIMING	SELF_REPORT_QUESTIONNAIRE	timing	greater morning-person liability	False	NA	results/logs/rg_chronotype.log
chronotype	Chronotype / morningness	scz	Schizophrenia	psychiatric	-0.1299	0.0187	-6.94652406417112	-6.967	0.0204759358288777	3.245e-12	2.51964705882353e-11	2.514875e-11	True	0.1299	NEGATIVE	-0.0015	0.0068	-0.220588235294118	1159253	0.1769	0.0062	28.53	liability	0.2282	0.0074	30.84	liability	1.045	0.0119	0.0526	1.079	0.0121	0.0782	PRIMARY_PHASE1	PRIMARY	none	Trubetskoy 2022 Nature — PGC3 Wave 3 European autosomal stratum	trubetskoy_2022_scz_eur	PGC3_SCZ_wave3_european_autosome_public_v3	EUR	130644	403195	CIRCADIAN_TIMING	SELF_REPORT_QUESTIONNAIRE	timing	greater morning-person liability	False	NA	results/logs/rg_chronotype.log
chronotype	Chronotype / morningness	bipolar	Bipolar disorder	psychiatric	-0.0529	0.0218	-2.42660550458716	-2.432	0.00539449541284398	0.015	0.0383225806451613	0.0379591836734694	True	0.0529	NEGATIVE	0.002	0.0066	0.303030303030303	1162922	0.1769	0.0062	28.53	liability	0.516	0.0196	26.33	liability	1.045	0.0119	0.0526	1.025	0.0085	0.0428	PRIMARY_PHASE1	PRIMARY	none	Mullins 2021 Nat Genet — PGC3 all-bipolar-disorder cases	mullins_2021_bipolar_eur	pgc-bip2021-all_Figshare_v2	EUR	413466	403195	CIRCADIAN_TIMING	SELF_REPORT_QUESTIONNAIRE	timing	greater morning-person liability	False	NA	results/logs/rg_chronotype.log
chronotype	Chronotype / morningness	adhd	ADHD	psychiatric	-0.0256	0.026	-0.984615384615385	-0.9823	0.00231538461538472	0.3259	0.467595652173913	0.462728244274809	False	0.0256	NEGATIVE	-0.0118	0.0073	-1.61643835616438	1084510	0.1769	0.0062	28.53	liability	0.2405	0.0107	22.48	liability	1.045	0.0119	0.0526	1.042	0.0094	0.0924	PRIMARY_PHASE1	PRIMARY	none	Demontis 2023 Nat Genet — iPSYCH, deCODE, and PGC European meta-analysis	demontis_2023_adhd_eur	ADHD2022_iPSYCH_deCODE_PGC_January_2022_release	EUR	225534	403195	CIRCADIAN_TIMING	SELF_REPORT_QUESTIONNAIRE	timing	greater morning-person liability	False	NA	results/logs/rg_chronotype.log
chronotype	Chronotype / morningness	ibd	Inflammatory bowel disease	immune	-0.0136	0.0257	-0.529182879377432	-0.5285	0.000682879377431944	0.5972	0.727665230769231	0.723642996742671	False	0.0136	NEGATIVE	-0.0026	0.0069	-0.376811594202899	1134073	0.1769	0.0062	28.53	liability	0.1483	0.0129	11.5	liability	1.045	0.0119	0.0526	1.144	0.0096	0.2886	PRIMARY_PHASE1	PRIMARY	none	de Lange 2017 Nat Genet — IIBDGC	delange_2017_ibd	GCST004131_build37_59957_20161107	EUR	59957	403195	CIRCADIAN_TIMING	SELF_REPORT_QUESTIONNAIRE	timing	greater morning-person liability	False	NA	results/logs/rg_chronotype.log
chronotype	Chronotype / morningness	crohn	Crohn's disease	immune	-0.0202	0.0256	-0.7890625	-0.7876	0.00146249999999992	0.4309	0.566898338870432	0.560471328671329	False	0.0202	NEGATIVE	0.0015	0.0068	0.220588235294118	1134023	0.1769	0.0062	28.53	liability	0.2508	0.0266	9.43	liability	1.045	0.0119	0.0526	1.114	0.0095	0.2527	PRIMARY_PHASE1	PRIMARY	none	de Lange 2017 Nat Genet — IIBDGC Crohn's stratum	delange_2017_crohn	GCST004132_build37_40266_20161107	EUR	40266	403195	CIRCADIAN_TIMING	SELF_REPORT_QUESTIONNAIRE	timing	greater morning-person liability	False	NA	results/logs/rg_chronotype.log
chronotype	Chronotype / morningness	uc	Ulcerative colitis	immune	-0.005	0.0303	-0.165016501650165	-0.1644	0.000616501650165024	0.8694	0.9108	0.91103323943662	False	0.005	NEGATIVE	-0.0049	0.0065	-0.753846153846154	1134036	0.1769	0.0062	28.53	liability	0.1876	0.0173	10.84	liability	1.045	0.0119	0.0526	1.093	0.0089	0.2994	PRIMARY_PHASE1	PRIMARY	none	de Lange 2017 Nat Genet — IIBDGC UC stratum	delange_2017_uc	GCST004133_build37_45975_20161107	EUR	45975	403195	CIRCADIAN_TIMING	SELF_REPORT_QUESTIONNAIRE	timing	greater morning-person liability	False	NA	results/logs/rg_chronotype.log
chronotype	Chronotype / morningness	ra	Rheumatoid arthritis	immune	0.1007	0.0257	3.91828793774319	3.917	0.00128793774319069	8.957e-05	0.000337806857142857	0.000340000408163265	True	0.1007	POSITIVE	-0.0173	0.0062	-2.79032258064516	1168683	0.1769	0.0062	28.53	liability	0.1412	0.0139	10.16	liability	1.045	0.0119	0.0526	1.068	0.0091	0.2123	PRIMARY_PHASE1	PRIMARY	none	Ishigaki 2022 Nat Genet — European subset	ishigaki_2022_ra_eur	GCST90132223_Ishigaki_2022_EUR	EUR	97173	403195	CIRCADIAN_TIMING	SELF_REPORT_QUESTIONNAIRE	timing	greater morning-person liability	False	NA	results/logs/rg_chronotype.log
chronotype	Chronotype / morningness	ms	Multiple sclerosis	immune	0.0139	0.0507	0.274161735700197	0.2732	0.000961735700197197	0.7847	0.870423529411765	0.871368358208955	False	0.0139	POSITIVE	-0.0048	0.0061	-0.786885245901639	1146632	0.1769	0.0062	28.53	liability	5.982	1.196	5	liability	1.045	0.0119	0.0526	1.029	0.0081	0.3197	PRIMARY_PHASE1	PRIMARY	source_substitution:Smaller hospital-record Finnish analysis than the inaccessible IMSGC discovery meta-analysis; substitution reduces power and changes ascertainment.	FinnGen R9 G6_MS Finnish-ancestry public release; smaller register-based substitute for the unavailable IMSGC discovery meta-analysis	finngen_r9_ms	FinnGen_R9_G6_MS_2023-05-04	EUR	376169	403195	CIRCADIAN_TIMING	SELF_REPORT_QUESTIONNAIRE	timing	greater morning-person liability	True	Smaller hospital-record Finnish analysis than the inaccessible IMSGC discovery meta-analysis; substitution reduces power and changes ascertainment.	results/logs/rg_chronotype.log
chronotype	Chronotype / morningness	asthma	Asthma	immune	0.0322	0.028	1.15	1.148	0.002	0.2511	0.3898125	0.385777777777778	False	0.0322	POSITIVE	-0.0077	0.0069	-1.11594202898551	1146552	0.1769	0.0062	28.53	liability	0.2342	0.0161	14.55	liability	1.045	0.0119	0.0526	1.157	0.0128	0.2987	PRIMARY_PHASE1	PRIMARY	source_substitution:Uses register-based FinnGen asthma with additional control exclusions rather than Han 2020 main-UKB all-ancestry ascertainment.	FinnGen R9 J10_ASTHMA_EXMORE Finnish-ancestry public release; ascertainment differs from the replaced Han main-UKB analysis	finngen_r9_asthma_exmore	FinnGen_R9_J10_ASTHMA_EXMORE_2023-05-04	EUR	244562	403195	CIRCADIAN_TIMING	SELF_REPORT_QUESTIONNAIRE	timing	greater morning-person liability	True	Uses register-based FinnGen asthma with additional control exclusions rather than Han 2020 main-UKB all-ancestry ascertainment.	results/logs/rg_chronotype.log
chronotype	Chronotype / morningness	bmi	BMI	metabolic	0.0213	0.0174	1.22413793103448	1.223	0.00113793103448279	0.2214	0.3564	0.35347982832618	False	0.0213	POSITIVE	-0.016	0.0097	-1.64948453608247	1013842	0.1769	0.0062	28.53	liability	0.1908	0.0053	36	observed	1.045	0.0119	0.0526	1.187	0.0206	0.0635	PRIMARY_PHASE1	PRIMARY	none	Yengo 2018 — GIANT+UKB	yengo_2018_bmi	GCST006900_Yengo_2018_GIANT_UKB	EUR	681275	403195	CIRCADIAN_TIMING	SELF_REPORT_QUESTIONNAIRE	timing	greater morning-person liability	False	NA	results/logs/rg_chronotype.log
chronotype	Chronotype / morningness	t2d	Type 2 diabetes	metabolic	0.0488	0.0226	2.15929203539823	2.155	0.00429203539823053	0.0311	0.0720210526315789	NA	False	0.0488	POSITIVE	-0.0007	0.0071	-0.0985915492957746	1146618	0.1769	0.0062	28.53	liability	0.3329	0.0176	18.91	liability	1.045	0.0119	0.0526	1.315	0.021	0.332	QC_FAILED_SENSITIVITY	EXCLUDED_FROM_PRIMARY_INFERENCE	external_h2:intercept_above_1.2; external_phase1_issues:h2_qc_not_pass; source_substitution:Public Finnish register-based combined T2D definition replaces a larger terms-gated DIAMANTE European meta-analysis.	FinnGen R9 T2D Finnish-ancestry public release; smaller public substitute for the terms-gated DIAMANTE analysis	finngen_r9_t2d	FinnGen_R9_T2D_2023-05-04	EUR	365950	403195	CIRCADIAN_TIMING	SELF_REPORT_QUESTIONNAIRE	timing	greater morning-person liability	True	Public Finnish register-based combined T2D definition replaces a larger terms-gated DIAMANTE European meta-analysis.	results/logs/rg_qc_failed_sensitivity/rg_chronotype.log
chronotype	Chronotype / morningness	ldl	LDL cholesterol	metabolic	-0.0013	0.0164	-0.0792682926829268	-0.0786	0.000668292682926813	0.9374	0.954268380462725	0.955377534246575	False	0.0013	NEGATIVE	-0.01	0.0085	-1.17647058823529	1170297	0.1769	0.0062	28.53	liability	0.0815	0.009	9.06	observed	1.045	0.0119	0.0526	1.141	0.0245	0.068	PRIMARY_PHASE1	PRIMARY	none	Graham 2021 Nature — GLGC	graham_2021_ldl_eur	GCST90239658_LDL_INV_EUR	EUR	1320016	403195	CIRCADIAN_TIMING	SELF_REPORT_QUESTIONNAIRE	timing	greater morning-person liability	False	NA	results/logs/rg_chronotype.log
chronotype	Chronotype / morningness	hdl	HDL cholesterol	metabolic	-0.0039	0.0153	-0.254901960784314	-0.2531	0.00180196078431372	0.8002	0.872396703296703	0.873709090909091	False	0.0039	NEGATIVE	0.0057	0.0086	0.662790697674419	1170764	0.1769	0.0062	28.53	liability	0.1222	0.012	10.18	observed	1.045	0.0119	0.0526	1.196	0.0298	0.0649	PRIMARY_PHASE1	PRIMARY	none	Graham 2021 Nature — GLGC	graham_2021_hdl_eur	GCST90239652_HDL_INV_EUR	EUR	1320016	403195	CIRCADIAN_TIMING	SELF_REPORT_QUESTIONNAIRE	timing	greater morning-person liability	False	NA	results/logs/rg_chronotype.log
chronotype	Chronotype / morningness	triglycerides	Triglycerides	metabolic	-0.0146	0.017	-0.858823529411765	-0.8597	0.000876470588235367	0.39	0.528904109589041	0.523754512635379	False	0.0146	NEGATIVE	-0.0078	0.009	-0.866666666666667	1170268	0.1769	0.0062	28.53	liability	0.0954	0.008	11.92	observed	1.045	0.0119	0.0526	1.165	0.0275	0.0653	PRIMARY_PHASE1	PRIMARY	none	Graham 2021 Nature — GLGC	graham_2021_triglycerides_eur	GCST90239664_logTG_INV_EUR	EUR	1320016	403195	CIRCADIAN_TIMING	SELF_REPORT_QUESTIONNAIRE	timing	greater morning-person liability	False	NA	results/logs/rg_chronotype.log
chronotype	Chronotype / morningness	cad	Coronary artery disease	cardio	0.0315	0.0241	1.30705394190871	1.306	0.00105394190871366	0.1914	0.318463865546218	0.316448	False	0.0315	POSITIVE	0.006	0.0057	1.05263157894737	1146630	0.1769	0.0062	28.53	liability	0.1346	0.01	13.46	liability	1.045	0.0119	0.0526	1.162	0.0145	0.328	PRIMARY_PHASE1	PRIMARY	source_substitution:Wide ischaemic-heart-disease endpoint is broader than coronary artery disease and must be labeled as a proxy analysis in all outputs.	FinnGen R9 I9_IHD Finnish-ancestry public release; phenotype-breadth sensitivity flag required in every CAD interpretation	finngen_r9_ihd	FinnGen_R9_I9_IHD_2023-05-04	EUR	377277	403195	CIRCADIAN_TIMING	SELF_REPORT_QUESTIONNAIRE	timing	greater morning-person liability	True	Wide ischaemic-heart-disease endpoint is broader than coronary artery disease and must be labeled as a proxy analysis in all outputs.	results/logs/rg_chronotype.log
chronotype	Chronotype / morningness	stroke	Stroke (any)	cardio	-0.0359	0.0318	-1.12893081761006	-1.13	0.00106918238993692	0.2587	0.397074418604651	0.392801632653061	False	0.0359	NEGATIVE	0.0039	0.0058	0.672413793103448	1171283	0.1769	0.0062	28.53	liability	0.0967	0.008	12.09	liability	1.045	0.0119	0.0526	1.073	0.0069	0.3222	PRIMARY_PHASE1	PRIMARY	none	Mishra 2022 Nature — GIGASTROKE European subset	mishra_2022_any_stroke_eur	GCST90104539_any_stroke_EUR	EUR	1308460	403195	CIRCADIAN_TIMING	SELF_REPORT_QUESTIONNAIRE	timing	greater morning-person liability	False	NA	results/logs/rg_chronotype.log
chronotype	Chronotype / morningness	atrial_fibrillation	Atrial fibrillation	cardio	0.0035	0.0228	0.153508771929825	0.1556	0.00209122807017542	0.8764	0.914030526315789	0.913952941176471	False	0.0035	POSITIVE	-0.0011	0.0061	-0.180327868852459	1172642	0.1769	0.0062	28.53	liability	0.316	0.035	9.03	liability	1.045	0.0119	0.0526	1.012	0.0103	0.0288	PRIMARY_PHASE1	PRIMARY	none	Nielsen 2018 Nat Genet — AFGen	nielsen_2018_atrial_fibrillation	GCST006061_AF_HRC_GWAS_ALLv11	EUR	1030836	403195	CIRCADIAN_TIMING	SELF_REPORT_QUESTIONNAIRE	timing	greater morning-person liability	False	NA	results/logs/rg_chronotype.log
chronotype	Chronotype / morningness	sbp	Systolic blood pressure	cardio	0.0225	0.0172	1.30813953488372	1.312	0.00386046511627924	0.1894	0.317806779661017	0.315949775784753	False	0.0225	POSITIVE	0.0074	0.0085	0.870588235294118	1101858	0.1769	0.0062	28.53	liability	0.1325	0.0048	27.6	observed	1.045	0.0119	0.0526	1.153	0.02	0.0721	PRIMARY_PHASE1	PRIMARY	none	Evangelou 2018 Nat Genet — UKB+ICBP European SBP meta-analysis	evangelou_2018_sbp_opengwas	OpenGWAS_ieu-b-38_Evangelou2018_SBP	EUR	757601	403195	CIRCADIAN_TIMING	SELF_REPORT_QUESTIONNAIRE	timing	greater morning-person liability	False	NA	results/logs/rg_chronotype.log
chronotype	Chronotype / morningness	longevity	Longevity (90th percentile)	aging	-0.0475	0.0463	-1.02591792656587	-1.025	0.000917926565874749	0.3052	0.447626666666667	0.441768093385214	False	0.0475	NEGATIVE	-0.0032	0.0063	-0.507936507936508	1164575	0.1769	0.0062	28.53	liability	0.1674	0.0243	6.89	liability	1.045	0.0119	0.0526	1.006	0.0064	0.0823	PRIMARY_PHASE1	PRIMARY	none	Deelen 2019 Nat Commun	deelen_2019_longevity_90th	GCST008598_90th_percentile	EUR	36745	403195	CIRCADIAN_TIMING	SELF_REPORT_QUESTIONNAIRE	timing	greater morning-person liability	False	NA	results/logs/rg_chronotype.log
chronotype	Chronotype / morningness	parental_lifespan	Parental lifespan	aging	-0.0237	0.0304	-0.779605263157895	-0.7792	0.000405263157894686	0.4358	0.571446357615894	0.56486968641115	False	0.0237	NEGATIVE	0.0092	0.0068	1.35294117647059	1149128	0.1769	0.0062	28.53	liability	0.0236	0.0012	19.67	observed	1.045	0.0119	0.0526	1.047	0.0082	0.1397	PRIMARY_PHASE1	PRIMARY	none	Timmers 2019 eLife — GCST009890	timmers_2019_parental_lifespan	GCST009890	EUR	1012240	403195	CIRCADIAN_TIMING	SELF_REPORT_QUESTIONNAIRE	timing	greater morning-person liability	False	NA	results/logs/rg_chronotype.log
chronotype	Chronotype / morningness	healthspan	Healthspan	aging	-0.0173	0.0307	-0.563517915309446	-0.5646	0.00108208469055382	0.5723	0.70822125	0.702625742574257	False	0.0173	NEGATIVE	-0.0121	0.0063	-1.92063492063492	1171659	0.1769	0.0062	28.53	liability	0.029	0.0025	11.6	observed	1.045	0.0119	0.0526	1.052	0.0081	0.2366	PRIMARY_PHASE1	PRIMARY	none	Zenin 2019 Commun Biol — GCST007406	zenin_2019_healthspan	GCST007406	EUR	300447	403195	CIRCADIAN_TIMING	SELF_REPORT_QUESTIONNAIRE	timing	greater morning-person liability	False	NA	results/logs/rg_chronotype.log
chronotype	Chronotype / morningness	frailty	Frailty index	aging	-0.0378	0.0253	-1.49407114624506	-1.492	0.00207114624505933	0.1357	0.243154751131222	0.241533014354067	False	0.0378	NEGATIVE	-0.0579	0.0074	-7.82432432432432	1166545	0.1769	0.0062	28.53	liability	0.1093	0.005	21.86	observed	1.045	0.0119	0.0526	1.02	0.0086	0.0509	PRIMARY_PHASE1	PRIMARY	none	Atkins 2021 Aging Cell — GCST90020053	atkins_2021_frailty_index	GCST90020053	EUR	175226	403195	CIRCADIAN_TIMING	SELF_REPORT_QUESTIONNAIRE	timing	greater morning-person liability	False	NA	results/logs/rg_chronotype.log
chronotype	Chronotype / morningness	telomere_length	Leukocyte telomere length	aging	0.0058	0.0221	0.262443438914027	0.2632	0.000756561085972884	0.7924	0.872396703296703	0.873709090909091	False	0.0058	POSITIVE	-0.0016	0.0066	-0.242424242424242	1167179	0.1769	0.0062	28.53	liability	0.0634	0.0038	16.68	observed	1.045	0.0119	0.0526	1.089	0.0135	0.1339	PRIMARY_PHASE1	PRIMARY	source_substitution:Strict NFE stratum replaces the larger mixed-ancestry full-UKB Codd release; no upstream checksum was located, so first acquisition relies on HTTPS byte count before local SHA-256 registration.	Burren 2024 Nat Genet — GWAS Catalog GCST90435144 non-Finnish-European stratum	burren_2024_telomere_nfe	GCST90435144_Burren_2024_NFE	EUR	438351	403195	CIRCADIAN_TIMING	SELF_REPORT_QUESTIONNAIRE	timing	greater morning-person liability	True	Strict NFE stratum replaces the larger mixed-ancestry full-UKB Codd release; no upstream checksum was located, so first acquisition relies on HTTPS byte count before local SHA-256 registration.	results/logs/rg_chronotype.log
chronotype	Chronotype / morningness	grip_strength	Hand grip strength	aging	-0.0086	0.0194	-0.443298969072165	-0.4417	0.00159896907216495	0.6587	0.769454867256637	0.76573875	False	0.0086	NEGATIVE	0.0127	0.0067	1.8955223880597	1169606	0.1769	0.0062	28.53	liability	0.1105	0.0038	29.08	observed	1.045	0.0119	0.0526	1.058	0.0118	0.0684	PRIMARY_PHASE1	PRIMARY	none	Neale Lab UKB round 2 — field 46	neale_2018_left_grip_strength	Neale_round2_field46	EUR	359704	403195	CIRCADIAN_TIMING	SELF_REPORT_QUESTIONNAIRE	timing	greater morning-person liability	False	NA	results/logs/rg_chronotype.log
chronotype	Chronotype / morningness	breast_cancer	Breast cancer (overall)	cancer	-0.0556	0.0203	-2.73891625615764	-2.737	0.00191625615763558	0.0062	0.0172901408450704	0.0172119402985075	True	0.0556	NEGATIVE	-0.0018	0.0065	-0.276923076923077	1071421	0.1769	0.0062	28.53	liability	0.1186	0.0069	17.19	liability	1.045	0.0119	0.0526	1.089	0.0116	0.1538	PRIMARY_PHASE1	PRIMARY	none	Zhang 2020 Nat Genet — BCAC overall European release	bcac_2020_overall_breast_cancer	BCAC_2020_overall_EUR	EUR	247173	403195	CIRCADIAN_TIMING	SELF_REPORT_QUESTIONNAIRE	timing	greater morning-person liability	False	NA	results/logs/rg_chronotype.log
chronotype	Chronotype / morningness	prostate_cancer	Prostate cancer (overall)	cancer	-0.0409	0.0287	-1.42508710801394	-1.423	0.0020871080139373	0.1548	0.266525217391304	0.265371428571429	False	0.0409	NEGATIVE	0.0062	0.007	0.885714285714286	815416	0.1769	0.0062	28.53	liability	0.1738	0.0272	6.39	liability	1.045	0.0119	0.0526	1.06	0.0162	0.1348	PRIMARY_PHASE1	PRIMARY	none	Schumacher 2018 Nat Genet — PRACTICAL EUR fixed-effect meta-analysis	schumacher_2018_prostate_cancer	GCST006085_EUR	EUR	140254	403195	CIRCADIAN_TIMING	SELF_REPORT_QUESTIONNAIRE	timing	greater morning-person liability	False	NA	results/logs/rg_chronotype.log
chronotype	Chronotype / morningness	colorectal_cancer	Colorectal cancer	cancer	0.0218	0.0228	0.956140350877193	0.9567	0.000559649122807038	0.3387	0.480735483870968	0.475458113207547	False	0.0218	POSITIVE	-0.0176	0.0066	-2.66666666666667	1162682	0.1769	0.0062	28.53	liability	0.0873	0.0068	12.84	liability	1.045	0.0119	0.0526	1.106	0.0107	0.2198	PRIMARY_PHASE1	PRIMARY	none	Fernandez-Rozadilla 2023 Nat Genet — European stratum	fernandez_rozadilla_2023_colorectal_eur	GCST90255675_EUR	EUR	185616	403195	CIRCADIAN_TIMING	SELF_REPORT_QUESTIONNAIRE	timing	greater morning-person liability	False	NA	results/logs/rg_chronotype.log
chronotype	Chronotype / morningness	lung_cancer	Lung cancer	cancer	-0.041	0.0318	-1.28930817610063	-1.287	0.00230817610062894	0.1982	0.324327272727273	0.321966812227074	False	0.041	NEGATIVE	-0.0016	0.0059	-0.271186440677966	1105073	0.1769	0.0062	28.53	liability	0.0876	0.0132	6.64	liability	1.045	0.0119	0.0526	1.046	0.0083	0.2495	PRIMARY_PHASE1	PRIMARY	none	McKay 2017 Nat Genet — ILCCO overall lung cancer	mckay_2017_lung_cancer_eur	GCST004748_overall	EUR	85716	403195	CIRCADIAN_TIMING	SELF_REPORT_QUESTIONNAIRE	timing	greater morning-person liability	False	NA	results/logs/rg_chronotype.log
chronotype	Chronotype / morningness	melanoma	Cutaneous melanoma	cancer	-0.0072	0.0587	-0.122657580919932	-0.1233	0.000642419080068152	0.9019	0.930084375	NA	False	0.0072	NEGATIVE	-0.0004	0.0066	-0.0606060606060606	1146510	0.1769	0.0062	28.53	liability	3.731	1.046	3.57	liability	1.045	0.0119	0.0526	1.034	0.0092	0.3797	QC_FAILED_SENSITIVITY	EXCLUDED_FROM_PRIMARY_INFERENCE	external_h2:h2_z_below_4; external_phase1_issues:h2_qc_not_pass; source_substitution:Much smaller register-based melanoma endpoint with cancer-free controls replaces the controlled Landi confirmed-only meta-analysis.	FinnGen R9 C3_MELANOMA_SKIN_EXALLC Finnish-ancestry public release; smaller register-based substitute with a distinct control definition	finngen_r9_melanoma_skin_exallc	FinnGen_R9_C3_MELANOMA_SKIN_EXALLC_2023-05-04	EUR	290130	403195	CIRCADIAN_TIMING	SELF_REPORT_QUESTIONNAIRE	timing	greater morning-person liability	True	Much smaller register-based melanoma endpoint with cancer-free controls replaces the controlled Landi confirmed-only meta-analysis.	results/logs/rg_qc_failed_sensitivity/rg_chronotype.log
chronotype	Chronotype / morningness	ovarian_cancer	Ovarian cancer (all invasive epithelial)	cancer	-0.0919	0.0454	-2.02422907488987	-2.023	0.00122907488986757	0.0431	0.0932655737704918	0.0926774566473988	False	0.0919	NEGATIVE	0.0046	0.0056	0.821428571428571	1103712	0.1769	0.0062	28.53	liability	0.0327	0.0076	4.3	liability	1.045	0.0119	0.0526	1.031	0.007	0.343	PRIMARY_PHASE1	PRIMARY	none	Phelan 2017 Nat Genet — OCAC European GCST004462	phelan_2017_ovarian_cancer	GCST004462_EUR	EUR	63347	403195	CIRCADIAN_TIMING	SELF_REPORT_QUESTIONNAIRE	timing	greater morning-person liability	False	NA	results/logs/rg_chronotype.log
sleepiness	Daytime sleepiness	alz	Alzheimer's disease	neuro	0.0064	0.0366	0.174863387978142	0.1746	0.000263387978142071	0.8614	0.90721914893617	0.907764305949009	False	0.0064	POSITIVE	0.0022	0.0057	0.385964912280702	1162341	0.0478	0.0023	20.78	observed	0.0537	0.0052	10.33	liability	1.023	0.0089	0.0515	1.069	0.0101	0.2534	PRIMARY_PHASE1	PRIMARY	none	Bellenguez 2022 Nat Genet — all-European Stage I discovery meta-analysis	bellenguez_2022_alzheimer_stage1	GCST90027158_stage1_GRCh38	EUR	487511	452071	SUBJECTIVE_SELF_REPORT	SELF_REPORT_QUESTIONNAIRE	sleep_propensity	greater reported daytime sleepiness	False	NA	results/logs/rg_sleepiness.log
sleepiness	Daytime sleepiness	parkinson	Parkinson's disease	neuro	-0.0179	0.0362	-0.494475138121547	-0.495	0.000524861878453076	0.6206	0.746777039274924	0.74232540192926	False	0.0179	NEGATIVE	-0.0017	0.005	-0.34	1131644	0.0478	0.0023	20.78	observed	0.1296	0.0117	11.08	liability	1.023	0.0089	0.0515	0.984	0.0065	NA	PRIMARY_PHASE1	PRIMARY	none	Nalls 2019 Lancet Neurol — public restricted-cohort-excluded release with UKB proxy cases	nalls_2019_parkinson_public_proxy	GCST009325_public_EUR_proxy_GRCh37	EUR	482730	452071	SUBJECTIVE_SELF_REPORT	SELF_REPORT_QUESTIONNAIRE	sleep_propensity	greater reported daytime sleepiness	False	NA	results/logs/rg_sleepiness.log
sleepiness	Daytime sleepiness	mdd	Major depressive disorder	psychiatric	0.165	0.025	6.6	6.608	0.00800000000000001	3.897e-11	2.70738947368421e-10	2.6846e-10	True	0.165	POSITIVE	0.0658	0.0063	10.4444444444444	1155418	0.0478	0.0023	20.78	observed	0.0885	0.0035	25.29	liability	1.023	0.0089	0.0515	1.002	0.0098	0.0033	PRIMARY_PHASE1	PRIMARY	none	Howard 2019 Nat Neurosci — public genome-wide UKB plus PGC_139k release without 23andMe	howard_2019_mdd_no23andme	PGC_UKB_depression_genome-wide_no23andMe	EUR	500199	452071	SUBJECTIVE_SELF_REPORT	SELF_REPORT_QUESTIONNAIRE	sleep_propensity	greater reported daytime sleepiness	False	NA	results/logs/rg_sleepiness.log
sleepiness	Daytime sleepiness	scz	Schizophrenia	psychiatric	0.0901	0.0233	3.86695278969957	3.867	4.72103004294233e-05	0.0001	0.000363302752293578	0.000364705882352941	True	0.0901	POSITIVE	-0.0006	0.0072	-0.0833333333333333	1161665	0.0478	0.0023	20.78	observed	0.2282	0.0074	30.84	liability	1.023	0.0089	0.0515	1.079	0.0121	0.0782	PRIMARY_PHASE1	PRIMARY	none	Trubetskoy 2022 Nature — PGC3 Wave 3 European autosomal stratum	trubetskoy_2022_scz_eur	PGC3_SCZ_wave3_european_autosome_public_v3	EUR	130644	452071	SUBJECTIVE_SELF_REPORT	SELF_REPORT_QUESTIONNAIRE	sleep_propensity	greater reported daytime sleepiness	False	NA	results/logs/rg_sleepiness.log
sleepiness	Daytime sleepiness	bipolar	Bipolar disorder	psychiatric	0.1233	0.0256	4.81640625	4.813	0.00340625000000028	1.485e-06	7.08506024096385e-06	7.26868421052632e-06	True	0.1233	POSITIVE	0.0034	0.0058	0.586206896551724	1165583	0.0478	0.0023	20.78	observed	0.516	0.0196	26.33	liability	1.023	0.0089	0.0515	1.025	0.0085	0.0428	PRIMARY_PHASE1	PRIMARY	none	Mullins 2021 Nat Genet — PGC3 all-bipolar-disorder cases	mullins_2021_bipolar_eur	pgc-bip2021-all_Figshare_v2	EUR	413466	452071	SUBJECTIVE_SELF_REPORT	SELF_REPORT_QUESTIONNAIRE	sleep_propensity	greater reported daytime sleepiness	False	NA	results/logs/rg_sleepiness.log
sleepiness	Daytime sleepiness	adhd	ADHD	psychiatric	0.1633	0.031	5.26774193548387	5.261	0.0067419354838707	1.435e-07	7.28538461538462e-07	7.41416666666667e-07	True	0.1633	POSITIVE	0.0008	0.0076	0.105263157894737	1086660	0.0478	0.0023	20.78	observed	0.2405	0.0107	22.48	liability	1.023	0.0089	0.0515	1.042	0.0094	0.0924	PRIMARY_PHASE1	PRIMARY	none	Demontis 2023 Nat Genet — iPSYCH, deCODE, and PGC European meta-analysis	demontis_2023_adhd_eur	ADHD2022_iPSYCH_deCODE_PGC_January_2022_release	EUR	225534	452071	SUBJECTIVE_SELF_REPORT	SELF_REPORT_QUESTIONNAIRE	sleep_propensity	greater reported daytime sleepiness	False	NA	results/logs/rg_sleepiness.log
sleepiness	Daytime sleepiness	ibd	Inflammatory bowel disease	immune	-0.0526	0.0302	-1.74172185430464	-1.741	0.000721854304635672	0.0816	0.162379899497487	0.160609523809524	False	0.0526	NEGATIVE	0.004	0.0057	0.701754385964912	1136744	0.0478	0.0023	20.78	observed	0.1483	0.0129	11.5	liability	1.023	0.0089	0.0515	1.144	0.0096	0.2886	PRIMARY_PHASE1	PRIMARY	none	de Lange 2017 Nat Genet — IIBDGC	delange_2017_ibd	GCST004131_build37_59957_20161107	EUR	59957	452071	SUBJECTIVE_SELF_REPORT	SELF_REPORT_QUESTIONNAIRE	sleep_propensity	greater reported daytime sleepiness	False	NA	results/logs/rg_sleepiness.log
sleepiness	Daytime sleepiness	crohn	Crohn's disease	immune	-0.0762	0.0323	-2.35913312693498	-2.361	0.00186687306501554	0.0182	0.0456151898734177	0.045136	True	0.0762	NEGATIVE	-0.0004	0.0059	-0.0677966101694915	1136684	0.0478	0.0023	20.78	observed	0.2508	0.0266	9.43	liability	1.023	0.0089	0.0515	1.114	0.0095	0.2527	PRIMARY_PHASE1	PRIMARY	none	de Lange 2017 Nat Genet — IIBDGC Crohn's stratum	delange_2017_crohn	GCST004132_build37_40266_20161107	EUR	40266	452071	SUBJECTIVE_SELF_REPORT	SELF_REPORT_QUESTIONNAIRE	sleep_propensity	greater reported daytime sleepiness	False	NA	results/logs/rg_sleepiness.log
sleepiness	Daytime sleepiness	uc	Ulcerative colitis	immune	-0.0038	0.0329	-0.115501519756839	-0.1156	9.84802431610865e-05	0.908	0.931728497409326	0.933288397790055	False	0.0038	NEGATIVE	0.0032	0.0052	0.615384615384615	1136708	0.0478	0.0023	20.78	observed	0.1876	0.0173	10.84	liability	1.023	0.0089	0.0515	1.093	0.0089	0.2994	PRIMARY_PHASE1	PRIMARY	none	de Lange 2017 Nat Genet — IIBDGC UC stratum	delange_2017_uc	GCST004133_build37_45975_20161107	EUR	45975	452071	SUBJECTIVE_SELF_REPORT	SELF_REPORT_QUESTIONNAIRE	sleep_propensity	greater reported daytime sleepiness	False	NA	results/logs/rg_sleepiness.log
sleepiness	Daytime sleepiness	ra	Rheumatoid arthritis	immune	0.0326	0.0307	1.06188925081433	1.061	0.00088925081433211	0.2885	0.431116981132075	0.425880952380952	False	0.0326	POSITIVE	0.0025	0.0054	0.462962962962963	1171436	0.0478	0.0023	20.78	observed	0.1412	0.0139	10.16	liability	1.023	0.0089	0.0515	1.068	0.0091	0.2123	PRIMARY_PHASE1	PRIMARY	none	Ishigaki 2022 Nat Genet — European subset	ishigaki_2022_ra_eur	GCST90132223_Ishigaki_2022_EUR	EUR	97173	452071	SUBJECTIVE_SELF_REPORT	SELF_REPORT_QUESTIONNAIRE	sleep_propensity	greater reported daytime sleepiness	False	NA	results/logs/rg_sleepiness.log
sleepiness	Daytime sleepiness	ms	Multiple sclerosis	immune	0.0149	0.0576	0.258680555555556	0.2582	0.000480555555555595	0.7963	0.872396703296703	0.873709090909091	False	0.0149	POSITIVE	0.0048	0.0054	0.888888888888889	1149292	0.0478	0.0023	20.78	observed	5.982	1.196	5	liability	1.023	0.0089	0.0515	1.029	0.0081	0.3197	PRIMARY_PHASE1	PRIMARY	source_substitution:Smaller hospital-record Finnish analysis than the inaccessible IMSGC discovery meta-analysis; substitution reduces power and changes ascertainment.	FinnGen R9 G6_MS Finnish-ancestry public release; smaller register-based substitute for the unavailable IMSGC discovery meta-analysis	finngen_r9_ms	FinnGen_R9_G6_MS_2023-05-04	EUR	376169	452071	SUBJECTIVE_SELF_REPORT	SELF_REPORT_QUESTIONNAIRE	sleep_propensity	greater reported daytime sleepiness	True	Smaller hospital-record Finnish analysis than the inaccessible IMSGC discovery meta-analysis; substitution reduces power and changes ascertainment.	results/logs/rg_sleepiness.log
sleepiness	Daytime sleepiness	asthma	Asthma	immune	0.1501	0.0314	4.78025477707006	4.787	0.0067452229299354	1.696e-06	7.90136470588235e-06	8.08861538461538e-06	True	0.1501	POSITIVE	-0.0097	0.0061	-1.59016393442623	1149212	0.0478	0.0023	20.78	observed	0.2342	0.0161	14.55	liability	1.023	0.0089	0.0515	1.157	0.0128	0.2987	PRIMARY_PHASE1	PRIMARY	source_substitution:Uses register-based FinnGen asthma with additional control exclusions rather than Han 2020 main-UKB all-ancestry ascertainment.	FinnGen R9 J10_ASTHMA_EXMORE Finnish-ancestry public release; ascertainment differs from the replaced Han main-UKB analysis	finngen_r9_asthma_exmore	FinnGen_R9_J10_ASTHMA_EXMORE_2023-05-04	EUR	244562	452071	SUBJECTIVE_SELF_REPORT	SELF_REPORT_QUESTIONNAIRE	sleep_propensity	greater reported daytime sleepiness	True	Uses register-based FinnGen asthma with additional control exclusions rather than Han 2020 main-UKB all-ancestry ascertainment.	results/logs/rg_sleepiness.log
sleepiness	Daytime sleepiness	bmi	BMI	metabolic	0.1333	0.0201	6.6318407960199	6.647	0.0151592039800992	2.995e-11	2.23777358490566e-10	2.22828e-10	True	0.1333	POSITIVE	0.0594	0.0098	6.06122448979592	1013885	0.0478	0.0023	20.78	observed	0.1908	0.0053	36	observed	1.023	0.0089	0.0515	1.187	0.0206	0.0635	PRIMARY_PHASE1	PRIMARY	none	Yengo 2018 — GIANT+UKB	yengo_2018_bmi	GCST006900_Yengo_2018_GIANT_UKB	EUR	681275	452071	SUBJECTIVE_SELF_REPORT	SELF_REPORT_QUESTIONNAIRE	sleep_propensity	greater reported daytime sleepiness	False	NA	results/logs/rg_sleepiness.log
sleepiness	Daytime sleepiness	t2d	Type 2 diabetes	metabolic	0.1605	0.0244	6.57786885245902	6.566	0.011868852459016	5.154e-11	3.51893793103448e-10	NA	False	0.1605	POSITIVE	0.0019	0.0072	0.263888888888889	1149278	0.0478	0.0023	20.78	observed	0.3329	0.0176	18.91	liability	1.023	0.0089	0.0515	1.315	0.021	0.332	QC_FAILED_SENSITIVITY	EXCLUDED_FROM_PRIMARY_INFERENCE	external_h2:intercept_above_1.2; external_phase1_issues:h2_qc_not_pass; source_substitution:Public Finnish register-based combined T2D definition replaces a larger terms-gated DIAMANTE European meta-analysis.	FinnGen R9 T2D Finnish-ancestry public release; smaller public substitute for the terms-gated DIAMANTE analysis	finngen_r9_t2d	FinnGen_R9_T2D_2023-05-04	EUR	365950	452071	SUBJECTIVE_SELF_REPORT	SELF_REPORT_QUESTIONNAIRE	sleep_propensity	greater reported daytime sleepiness	True	Public Finnish register-based combined T2D definition replaces a larger terms-gated DIAMANTE European meta-analysis.	results/logs/rg_qc_failed_sensitivity/rg_sleepiness.log
sleepiness	Daytime sleepiness	ldl	LDL cholesterol	metabolic	-0.012	0.017	-0.705882352941176	-0.7073	0.00141764705882363	0.4794	0.613927741935484	0.608658020477816	False	0.012	NEGATIVE	-0.0064	0.0066	-0.96969696969697	1172420	0.0478	0.0023	20.78	observed	0.0815	0.009	9.06	observed	1.023	0.0089	0.0515	1.141	0.0245	0.068	PRIMARY_PHASE1	PRIMARY	none	Graham 2021 Nature — GLGC	graham_2021_ldl_eur	GCST90239658_LDL_INV_EUR	EUR	1320016	452071	SUBJECTIVE_SELF_REPORT	SELF_REPORT_QUESTIONNAIRE	sleep_propensity	greater reported daytime sleepiness	False	NA	results/logs/rg_sleepiness.log
sleepiness	Daytime sleepiness	hdl	HDL cholesterol	metabolic	-0.1245	0.0188	-6.62234042553191	-6.639	0.0166595744680853	3.158e-11	2.27376e-10	2.25918461538462e-10	True	0.1245	NEGATIVE	-0.0476	0.0084	-5.66666666666667	1173291	0.0478	0.0023	20.78	observed	0.1222	0.012	10.18	observed	1.023	0.0089	0.0515	1.196	0.0298	0.0649	PRIMARY_PHASE1	PRIMARY	none	Graham 2021 Nature — GLGC	graham_2021_hdl_eur	GCST90239652_HDL_INV_EUR	EUR	1320016	452071	SUBJECTIVE_SELF_REPORT	SELF_REPORT_QUESTIONNAIRE	sleep_propensity	greater reported daytime sleepiness	False	NA	results/logs/rg_sleepiness.log
sleepiness	Daytime sleepiness	triglycerides	Triglycerides	metabolic	0.1038	0.0207	5.01449275362319	5.011	0.00349275362318835	5.43e-07	2.65466666666667e-06	2.72967567567568e-06	True	0.1038	POSITIVE	0.0271	0.0088	3.07954545454545	1172557	0.0478	0.0023	20.78	observed	0.0954	0.008	11.92	observed	1.023	0.0089	0.0515	1.165	0.0275	0.0653	PRIMARY_PHASE1	PRIMARY	none	Graham 2021 Nature — GLGC	graham_2021_triglycerides_eur	GCST90239664_logTG_INV_EUR	EUR	1320016	452071	SUBJECTIVE_SELF_REPORT	SELF_REPORT_QUESTIONNAIRE	sleep_propensity	greater reported daytime sleepiness	False	NA	results/logs/rg_sleepiness.log
sleepiness	Daytime sleepiness	cad	Coronary artery disease	cardio	0.155	0.0285	5.43859649122807	5.444	0.00540350877192974	5.2e-08	2.766192e-07	2.82450434782609e-07	True	0.155	POSITIVE	-0.0075	0.0062	-1.20967741935484	1149290	0.0478	0.0023	20.78	observed	0.1346	0.01	13.46	liability	1.023	0.0089	0.0515	1.162	0.0145	0.328	PRIMARY_PHASE1	PRIMARY	source_substitution:Wide ischaemic-heart-disease endpoint is broader than coronary artery disease and must be labeled as a proxy analysis in all outputs.	FinnGen R9 I9_IHD Finnish-ancestry public release; phenotype-breadth sensitivity flag required in every CAD interpretation	finngen_r9_ihd	FinnGen_R9_I9_IHD_2023-05-04	EUR	377277	452071	SUBJECTIVE_SELF_REPORT	SELF_REPORT_QUESTIONNAIRE	sleep_propensity	greater reported daytime sleepiness	True	Wide ischaemic-heart-disease endpoint is broader than coronary artery disease and must be labeled as a proxy analysis in all outputs.	results/logs/rg_sleepiness.log
sleepiness	Daytime sleepiness	stroke	Stroke (any)	cardio	0.1309	0.0364	3.59615384615385	3.598	0.00184615384615405	0.0003	0.00105132743362832	0.00106285714285714	True	0.1309	POSITIVE	-0.003	0.0057	-0.526315789473684	1174089	0.0478	0.0023	20.78	observed	0.0967	0.008	12.09	liability	1.023	0.0089	0.0515	1.073	0.0069	0.3222	PRIMARY_PHASE1	PRIMARY	none	Mishra 2022 Nature — GIGASTROKE European subset	mishra_2022_any_stroke_eur	GCST90104539_any_stroke_EUR	EUR	1308460	452071	SUBJECTIVE_SELF_REPORT	SELF_REPORT_QUESTIONNAIRE	sleep_propensity	greater reported daytime sleepiness	False	NA	results/logs/rg_sleepiness.log
sleepiness	Daytime sleepiness	atrial_fibrillation	Atrial fibrillation	cardio	0.0059	0.0256	0.23046875	0.2316	0.00113125000000003	0.8169	0.876673170731707	0.878285549132948	False	0.0059	POSITIVE	0.016	0.0054	2.96296296296296	1175483	0.0478	0.0023	20.78	observed	0.316	0.035	9.03	liability	1.023	0.0089	0.0515	1.012	0.0103	0.0288	PRIMARY_PHASE1	PRIMARY	none	Nielsen 2018 Nat Genet — AFGen	nielsen_2018_atrial_fibrillation	GCST006061_AF_HRC_GWAS_ALLv11	EUR	1030836	452071	SUBJECTIVE_SELF_REPORT	SELF_REPORT_QUESTIONNAIRE	sleep_propensity	greater reported daytime sleepiness	False	NA	results/logs/rg_sleepiness.log
sleepiness	Daytime sleepiness	sbp	Systolic blood pressure	cardio	0.0041	0.0204	0.200980392156863	0.2027	0.00171960784313724	0.8394	0.891159249329759	0.892162285714286	False	0.0041	POSITIVE	-0.0332	0.0079	-4.20253164556962	1104328	0.0478	0.0023	20.78	observed	0.1325	0.0048	27.6	observed	1.023	0.0089	0.0515	1.153	0.02	0.0721	PRIMARY_PHASE1	PRIMARY	none	Evangelou 2018 Nat Genet — UKB+ICBP European SBP meta-analysis	evangelou_2018_sbp_opengwas	OpenGWAS_ieu-b-38_Evangelou2018_SBP	EUR	757601	452071	SUBJECTIVE_SELF_REPORT	SELF_REPORT_QUESTIONNAIRE	sleep_propensity	greater reported daytime sleepiness	False	NA	results/logs/rg_sleepiness.log
sleepiness	Daytime sleepiness	longevity	Longevity (90th percentile)	aging	-0.0989	0.0542	-1.82472324723247	-1.824	0.000723247232472302	0.0681	0.137589795918367	0.1362	False	0.0989	NEGATIVE	-0.0026	0.0054	-0.481481481481481	1167217	0.0478	0.0023	20.78	observed	0.1674	0.0243	6.89	liability	1.023	0.0089	0.0515	1.006	0.0064	0.0823	PRIMARY_PHASE1	PRIMARY	none	Deelen 2019 Nat Commun	deelen_2019_longevity_90th	GCST008598_90th_percentile	EUR	36745	452071	SUBJECTIVE_SELF_REPORT	SELF_REPORT_QUESTIONNAIRE	sleep_propensity	greater reported daytime sleepiness	False	NA	results/logs/rg_sleepiness.log
sleepiness	Daytime sleepiness	parental_lifespan	Parental lifespan	aging	-0.1264	0.0303	-4.17161716171617	-4.172	0.000382838283827347	3.021e-05	0.000118447128712871	0.000119554468085106	True	0.1264	NEGATIVE	-0.0199	0.0056	-3.55357142857143	1151841	0.0478	0.0023	20.78	observed	0.0236	0.0012	19.67	observed	1.023	0.0089	0.0515	1.047	0.0082	0.1397	PRIMARY_PHASE1	PRIMARY	none	Timmers 2019 eLife — GCST009890	timmers_2019_parental_lifespan	GCST009890	EUR	1012240	452071	SUBJECTIVE_SELF_REPORT	SELF_REPORT_QUESTIONNAIRE	sleep_propensity	greater reported daytime sleepiness	False	NA	results/logs/rg_sleepiness.log
sleepiness	Daytime sleepiness	healthspan	Healthspan	aging	0.1588	0.0368	4.31521739130435	4.317	0.0017826086956525	1.581e-05	6.59027368421053e-05	6.68331818181818e-05	True	0.1588	POSITIVE	0.0438	0.0056	7.82142857142857	1174473	0.0478	0.0023	20.78	observed	0.029	0.0025	11.6	observed	1.023	0.0089	0.0515	1.052	0.0081	0.2366	PRIMARY_PHASE1	PRIMARY	none	Zenin 2019 Commun Biol — GCST007406	zenin_2019_healthspan	GCST007406	EUR	300447	452071	SUBJECTIVE_SELF_REPORT	SELF_REPORT_QUESTIONNAIRE	sleep_propensity	greater reported daytime sleepiness	False	NA	results/logs/rg_sleepiness.log
sleepiness	Daytime sleepiness	frailty	Frailty index	aging	0.2779	0.0269	10.3308550185874	10.33	0.000855018587358813	5.348e-25	1.32363e-23	1.42104e-23	True	0.2779	POSITIVE	0.1127	0.0059	19.1016949152542	1166545	0.0478	0.0023	20.78	observed	0.1093	0.005	21.86	observed	1.023	0.0089	0.0515	1.02	0.0086	0.0509	PRIMARY_PHASE1	PRIMARY	none	Atkins 2021 Aging Cell — GCST90020053	atkins_2021_frailty_index	GCST90020053	EUR	175226	452071	SUBJECTIVE_SELF_REPORT	SELF_REPORT_QUESTIONNAIRE	sleep_propensity	greater reported daytime sleepiness	False	NA	results/logs/rg_sleepiness.log
sleepiness	Daytime sleepiness	telomere_length	Leukocyte telomere length	aging	-0.0188	0.0251	-0.749003984063745	-0.7486	0.000403984063744978	0.4541	0.588047058823529	0.582885517241379	False	0.0188	NEGATIVE	-0.0195	0.0061	-3.19672131147541	1169988	0.0478	0.0023	20.78	observed	0.0634	0.0038	16.68	observed	1.023	0.0089	0.0515	1.089	0.0135	0.1339	PRIMARY_PHASE1	PRIMARY	source_substitution:Strict NFE stratum replaces the larger mixed-ancestry full-UKB Codd release; no upstream checksum was located, so first acquisition relies on HTTPS byte count before local SHA-256 registration.	Burren 2024 Nat Genet — GWAS Catalog GCST90435144 non-Finnish-European stratum	burren_2024_telomere_nfe	GCST90435144_Burren_2024_NFE	EUR	438351	452071	SUBJECTIVE_SELF_REPORT	SELF_REPORT_QUESTIONNAIRE	sleep_propensity	greater reported daytime sleepiness	True	Strict NFE stratum replaces the larger mixed-ancestry full-UKB Codd release; no upstream checksum was located, so first acquisition relies on HTTPS byte count before local SHA-256 registration.	results/logs/rg_sleepiness.log
sleepiness	Daytime sleepiness	grip_strength	Hand grip strength	aging	-0.0917	0.0242	-3.78925619834711	-3.789	0.000256198347107439	0.0002	0.00072	0.000722330097087379	True	0.0917	NEGATIVE	-0.0755	0.0067	-11.2686567164179	1169766	0.0478	0.0023	20.78	observed	0.1105	0.0038	29.08	observed	1.023	0.0089	0.0515	1.058	0.0118	0.0684	PRIMARY_PHASE1	PRIMARY	none	Neale Lab UKB round 2 — field 46	neale_2018_left_grip_strength	Neale_round2_field46	EUR	359704	452071	SUBJECTIVE_SELF_REPORT	SELF_REPORT_QUESTIONNAIRE	sleep_propensity	greater reported daytime sleepiness	False	NA	results/logs/rg_sleepiness.log
sleepiness	Daytime sleepiness	breast_cancer	Breast cancer (overall)	cancer	0.0325	0.0251	1.29482071713147	1.294	0.000820717131474025	0.1958	0.32307	0.320870484581498	False	0.0325	POSITIVE	-0.0082	0.0062	-1.32258064516129	1074010	0.0478	0.0023	20.78	observed	0.1186	0.0069	17.19	liability	1.023	0.0089	0.0515	1.089	0.0116	0.1538	PRIMARY_PHASE1	PRIMARY	none	Zhang 2020 Nat Genet — BCAC overall European release	bcac_2020_overall_breast_cancer	BCAC_2020_overall_EUR	EUR	247173	452071	SUBJECTIVE_SELF_REPORT	SELF_REPORT_QUESTIONNAIRE	sleep_propensity	greater reported daytime sleepiness	False	NA	results/logs/rg_sleepiness.log
sleepiness	Daytime sleepiness	prostate_cancer	Prostate cancer (overall)	cancer	-0.0552	0.0373	-1.4798927613941	-1.479	0.00089276139410166	0.1392	0.244608849557522	0.242669158878505	False	0.0552	NEGATIVE	0.0101	0.0072	1.40277777777778	817249	0.0478	0.0023	20.78	observed	0.1738	0.0272	6.39	liability	1.023	0.0089	0.0515	1.06	0.0162	0.1348	PRIMARY_PHASE1	PRIMARY	none	Schumacher 2018 Nat Genet — PRACTICAL EUR fixed-effect meta-analysis	schumacher_2018_prostate_cancer	GCST006085_EUR	EUR	140254	452071	SUBJECTIVE_SELF_REPORT	SELF_REPORT_QUESTIONNAIRE	sleep_propensity	greater reported daytime sleepiness	False	NA	results/logs/rg_sleepiness.log
sleepiness	Daytime sleepiness	colorectal_cancer	Colorectal cancer	cancer	0.0459	0.0243	1.88888888888889	1.886	0.00288888888888916	0.0593	0.121672538860104	0.120544262295082	False	0.0459	POSITIVE	0.0012	0.0054	0.222222222222222	1165432	0.0478	0.0023	20.78	observed	0.0873	0.0068	12.84	liability	1.023	0.0089	0.0515	1.106	0.0107	0.2198	PRIMARY_PHASE1	PRIMARY	none	Fernandez-Rozadilla 2023 Nat Genet — European stratum	fernandez_rozadilla_2023_colorectal_eur	GCST90255675_EUR	EUR	185616	452071	SUBJECTIVE_SELF_REPORT	SELF_REPORT_QUESTIONNAIRE	sleep_propensity	greater reported daytime sleepiness	False	NA	results/logs/rg_sleepiness.log
sleepiness	Daytime sleepiness	lung_cancer	Lung cancer	cancer	0.0024	0.0419	0.0572792362768496	0.0583	0.00102076372315036	0.9535	0.963229591836735	0.963864130434783	False	0.0024	POSITIVE	0.0039	0.0052	0.75	1107699	0.0478	0.0023	20.78	observed	0.0876	0.0132	6.64	liability	1.023	0.0089	0.0515	1.046	0.0083	0.2495	PRIMARY_PHASE1	PRIMARY	none	McKay 2017 Nat Genet — ILCCO overall lung cancer	mckay_2017_lung_cancer_eur	GCST004748_overall	EUR	85716	452071	SUBJECTIVE_SELF_REPORT	SELF_REPORT_QUESTIONNAIRE	sleep_propensity	greater reported daytime sleepiness	False	NA	results/logs/rg_sleepiness.log
sleepiness	Daytime sleepiness	melanoma	Cutaneous melanoma	cancer	-0.0921	0.0633	-1.45497630331754	-1.456	0.00102369668246438	0.1454	0.251434061135371	NA	False	0.0921	NEGATIVE	0.0094	0.0053	1.77358490566038	1149170	0.0478	0.0023	20.78	observed	3.731	1.046	3.57	liability	1.023	0.0089	0.0515	1.034	0.0092	0.3797	QC_FAILED_SENSITIVITY	EXCLUDED_FROM_PRIMARY_INFERENCE	external_h2:h2_z_below_4; external_phase1_issues:h2_qc_not_pass; source_substitution:Much smaller register-based melanoma endpoint with cancer-free controls replaces the controlled Landi confirmed-only meta-analysis.	FinnGen R9 C3_MELANOMA_SKIN_EXALLC Finnish-ancestry public release; smaller register-based substitute with a distinct control definition	finngen_r9_melanoma_skin_exallc	FinnGen_R9_C3_MELANOMA_SKIN_EXALLC_2023-05-04	EUR	290130	452071	SUBJECTIVE_SELF_REPORT	SELF_REPORT_QUESTIONNAIRE	sleep_propensity	greater reported daytime sleepiness	True	Much smaller register-based melanoma endpoint with cancer-free controls replaces the controlled Landi confirmed-only meta-analysis.	results/logs/rg_qc_failed_sensitivity/rg_sleepiness.log
sleepiness	Daytime sleepiness	ovarian_cancer	Ovarian cancer (all invasive epithelial)	cancer	-0.0142	0.0576	-0.246527777777778	-0.247	0.000472222222222207	0.8049	0.873261369863014	0.875505263157895	False	0.0142	NEGATIVE	0.0021	0.0054	0.388888888888889	1106215	0.0478	0.0023	20.78	observed	0.0327	0.0076	4.3	liability	1.023	0.0089	0.0515	1.031	0.007	0.343	PRIMARY_PHASE1	PRIMARY	none	Phelan 2017 Nat Genet — OCAC European GCST004462	phelan_2017_ovarian_cancer	GCST004462_EUR	EUR	63347	452071	SUBJECTIVE_SELF_REPORT	SELF_REPORT_QUESTIONNAIRE	sleep_propensity	greater reported daytime sleepiness	False	NA	results/logs/rg_sleepiness.log
napping	Daytime napping	alz	Alzheimer's disease	neuro	-0.0346	0.0328	-1.05487804878049	-1.056	0.00112195121951242	0.2908	0.43292030075188	0.427579446640316	False	0.0346	NEGATIVE	-0.0033	0.0069	-0.478260869565217	1160578	0.0812	0.0029	28	observed	0.0537	0.0052	10.33	liability	1.05	0.0104	0.0644	1.069	0.0101	0.2534	PRIMARY_PHASE1	PRIMARY	none	Bellenguez 2022 Nat Genet — all-European Stage I discovery meta-analysis	bellenguez_2022_alzheimer_stage1	GCST90027158_stage1_GRCh38	EUR	487511	452633	SUBJECTIVE_SELF_REPORT	SELF_REPORT_QUESTIONNAIRE	sleep_propensity	more frequent reported daytime napping	False	NA	results/logs/rg_napping.log
napping	Daytime napping	parkinson	Parkinson's disease	neuro	-0.0141	0.0374	-0.377005347593583	-0.3771	9.46524064171506e-05	0.7061	0.81758947368421	0.8132173374613	False	0.0141	NEGATIVE	-0.0062	0.006	-1.03333333333333	1131252	0.0812	0.0029	28	observed	0.1296	0.0117	11.08	liability	1.05	0.0104	0.0644	0.984	0.0065	NA	PRIMARY_PHASE1	PRIMARY	none	Nalls 2019 Lancet Neurol — public restricted-cohort-excluded release with UKB proxy cases	nalls_2019_parkinson_public_proxy	GCST009325_public_EUR_proxy_GRCh37	EUR	482730	452633	SUBJECTIVE_SELF_REPORT	SELF_REPORT_QUESTIONNAIRE	sleep_propensity	more frequent reported daytime napping	False	NA	results/logs/rg_napping.log
napping	Daytime napping	mdd	Major depressive disorder	psychiatric	0.1942	0.0219	8.8675799086758	8.881	0.0134200913241997	6.633e-19	9.05747586206896e-18	9.49029230769231e-18	True	0.1942	POSITIVE	0.0843	0.0068	12.3970588235294	1155551	0.0812	0.0029	28	observed	0.0885	0.0035	25.29	liability	1.05	0.0104	0.0644	1.002	0.0098	0.0033	PRIMARY_PHASE1	PRIMARY	none	Howard 2019 Nat Neurosci — public genome-wide UKB plus PGC_139k release without 23andMe	howard_2019_mdd_no23andme	PGC_UKB_depression_genome-wide_no23andMe	EUR	500199	452633	SUBJECTIVE_SELF_REPORT	SELF_REPORT_QUESTIONNAIRE	sleep_propensity	more frequent reported daytime napping	False	NA	results/logs/rg_napping.log
napping	Daytime napping	scz	Schizophrenia	psychiatric	0.1681	0.0199	8.44723618090452	8.431	0.0162361809045226	3.412e-17	4.22235e-16	4.3767724137931e-16	True	0.1681	POSITIVE	-0.0034	0.0073	-0.465753424657534	1159702	0.0812	0.0029	28	observed	0.2282	0.0074	30.84	liability	1.05	0.0104	0.0644	1.079	0.0121	0.0782	PRIMARY_PHASE1	PRIMARY	none	Trubetskoy 2022 Nature — PGC3 Wave 3 European autosomal stratum	trubetskoy_2022_scz_eur	PGC3_SCZ_wave3_european_autosome_public_v3	EUR	130644	452633	SUBJECTIVE_SELF_REPORT	SELF_REPORT_QUESTIONNAIRE	sleep_propensity	more frequent reported daytime napping	False	NA	results/logs/rg_napping.log
napping	Daytime napping	bipolar	Bipolar disorder	psychiatric	0.1369	0.0231	5.92640692640693	5.918	0.0084069264069262	3.253e-09	1.92266865671642e-08	1.9518e-08	True	0.1369	POSITIVE	0.0082	0.006	1.36666666666667	1163590	0.0812	0.0029	28	observed	0.516	0.0196	26.33	liability	1.05	0.0104	0.0644	1.025	0.0085	0.0428	PRIMARY_PHASE1	PRIMARY	none	Mullins 2021 Nat Genet — PGC3 all-bipolar-disorder cases	mullins_2021_bipolar_eur	pgc-bip2021-all_Figshare_v2	EUR	413466	452633	SUBJECTIVE_SELF_REPORT	SELF_REPORT_QUESTIONNAIRE	sleep_propensity	more frequent reported daytime napping	False	NA	results/logs/rg_napping.log
napping	Daytime napping	adhd	ADHD	psychiatric	0.1913	0.0262	7.30152671755725	7.314	0.0124732824427483	2.584e-13	2.22448695652174e-12	2.23546046511628e-12	True	0.1913	POSITIVE	0.0101	0.0079	1.27848101265823	1086338	0.0812	0.0029	28	observed	0.2405	0.0107	22.48	liability	1.05	0.0104	0.0644	1.042	0.0094	0.0924	PRIMARY_PHASE1	PRIMARY	none	Demontis 2023 Nat Genet — iPSYCH, deCODE, and PGC European meta-analysis	demontis_2023_adhd_eur	ADHD2022_iPSYCH_deCODE_PGC_January_2022_release	EUR	225534	452633	SUBJECTIVE_SELF_REPORT	SELF_REPORT_QUESTIONNAIRE	sleep_propensity	more frequent reported daytime napping	False	NA	results/logs/rg_napping.log
napping	Daytime napping	ibd	Inflammatory bowel disease	immune	-0.062	0.0248	-2.5	-2.498	0.00199999999999978	0.0125	0.0325657894736842	0.0322916666666667	True	0.062	NEGATIVE	-0.0002	0.0066	-0.0303030303030303	1135215	0.0812	0.0029	28	observed	0.1483	0.0129	11.5	liability	1.05	0.0104	0.0644	1.144	0.0096	0.2886	PRIMARY_PHASE1	PRIMARY	none	de Lange 2017 Nat Genet — IIBDGC	delange_2017_ibd	GCST004131_build37_59957_20161107	EUR	59957	452633	SUBJECTIVE_SELF_REPORT	SELF_REPORT_QUESTIONNAIRE	sleep_propensity	more frequent reported daytime napping	False	NA	results/logs/rg_napping.log
napping	Daytime napping	crohn	Crohn's disease	immune	-0.0862	0.0248	-3.4758064516129	-3.484	0.00819354838709652	0.0005	0.00170689655172414	0.00172222222222222	True	0.0862	NEGATIVE	0.0028	0.0062	0.451612903225806	1135169	0.0812	0.0029	28	observed	0.2508	0.0266	9.43	liability	1.05	0.0104	0.0644	1.114	0.0095	0.2527	PRIMARY_PHASE1	PRIMARY	none	de Lange 2017 Nat Genet — IIBDGC Crohn's stratum	delange_2017_crohn	GCST004132_build37_40266_20161107	EUR	40266	452633	SUBJECTIVE_SELF_REPORT	SELF_REPORT_QUESTIONNAIRE	sleep_propensity	more frequent reported daytime napping	False	NA	results/logs/rg_napping.log
napping	Daytime napping	uc	Ulcerative colitis	immune	-0.0161	0.0292	-0.551369863013699	-0.5506	0.000769863013698635	0.5819	0.713413003095975	0.709727213114754	False	0.0161	NEGATIVE	-0.0036	0.0062	-0.580645161290323	1135180	0.0812	0.0029	28	observed	0.1876	0.0173	10.84	liability	1.05	0.0104	0.0644	1.093	0.0089	0.2994	PRIMARY_PHASE1	PRIMARY	none	de Lange 2017 Nat Genet — IIBDGC UC stratum	delange_2017_uc	GCST004133_build37_45975_20161107	EUR	45975	452633	SUBJECTIVE_SELF_REPORT	SELF_REPORT_QUESTIONNAIRE	sleep_propensity	more frequent reported daytime napping	False	NA	results/logs/rg_napping.log
napping	Daytime napping	ra	Rheumatoid arthritis	immune	0.0154	0.0279	0.551971326164875	0.5507	0.00127132616487458	0.5818	0.713413003095975	0.709727213114754	False	0.0154	POSITIVE	0.0111	0.0071	1.56338028169014	1169762	0.0812	0.0029	28	observed	0.1412	0.0139	10.16	liability	1.05	0.0104	0.0644	1.068	0.0091	0.2123	PRIMARY_PHASE1	PRIMARY	none	Ishigaki 2022 Nat Genet — European subset	ishigaki_2022_ra_eur	GCST90132223_Ishigaki_2022_EUR	EUR	97173	452633	SUBJECTIVE_SELF_REPORT	SELF_REPORT_QUESTIONNAIRE	sleep_propensity	more frequent reported daytime napping	False	NA	results/logs/rg_napping.log
napping	Daytime napping	ms	Multiple sclerosis	immune	0.0442	0.0511	0.864970645792564	0.865	2.93542074363273e-05	0.3871	0.528591724137931	0.523640727272727	False	0.0442	POSITIVE	-0.003	0.0062	-0.483870967741935	1147522	0.0812	0.0029	28	observed	5.982	1.196	5	liability	1.05	0.0104	0.0644	1.029	0.0081	0.3197	PRIMARY_PHASE1	PRIMARY	source_substitution:Smaller hospital-record Finnish analysis than the inaccessible IMSGC discovery meta-analysis; substitution reduces power and changes ascertainment.	FinnGen R9 G6_MS Finnish-ancestry public release; smaller register-based substitute for the unavailable IMSGC discovery meta-analysis	finngen_r9_ms	FinnGen_R9_G6_MS_2023-05-04	EUR	376169	452633	SUBJECTIVE_SELF_REPORT	SELF_REPORT_QUESTIONNAIRE	sleep_propensity	more frequent reported daytime napping	True	Smaller hospital-record Finnish analysis than the inaccessible IMSGC discovery meta-analysis; substitution reduces power and changes ascertainment.	results/logs/rg_napping.log
napping	Daytime napping	asthma	Asthma	immune	0.1138	0.025	4.552	4.551	0.000999999999999446	5.33e-06	2.3985e-05	2.44785185185185e-05	True	0.1138	POSITIVE	-0.0082	0.0064	-1.28125	1147442	0.0812	0.0029	28	observed	0.2342	0.0161	14.55	liability	1.05	0.0104	0.0644	1.157	0.0128	0.2987	PRIMARY_PHASE1	PRIMARY	source_substitution:Uses register-based FinnGen asthma with additional control exclusions rather than Han 2020 main-UKB all-ancestry ascertainment.	FinnGen R9 J10_ASTHMA_EXMORE Finnish-ancestry public release; ascertainment differs from the replaced Han main-UKB analysis	finngen_r9_asthma_exmore	FinnGen_R9_J10_ASTHMA_EXMORE_2023-05-04	EUR	244562	452633	SUBJECTIVE_SELF_REPORT	SELF_REPORT_QUESTIONNAIRE	sleep_propensity	more frequent reported daytime napping	True	Uses register-based FinnGen asthma with additional control exclusions rather than Han 2020 main-UKB all-ancestry ascertainment.	results/logs/rg_napping.log
napping	Daytime napping	bmi	BMI	metabolic	0.1401	0.0176	7.96022727272727	7.954	0.00622727272727275	1.8e-15	1.90496842105263e-14	1.94290285714286e-14	True	0.1401	POSITIVE	0.1011	0.0101	10.009900990099	1013659	0.0812	0.0029	28	observed	0.1908	0.0053	36	observed	1.05	0.0104	0.0644	1.187	0.0206	0.0635	PRIMARY_PHASE1	PRIMARY	none	Yengo 2018 — GIANT+UKB	yengo_2018_bmi	GCST006900_Yengo_2018_GIANT_UKB	EUR	681275	452633	SUBJECTIVE_SELF_REPORT	SELF_REPORT_QUESTIONNAIRE	sleep_propensity	more frequent reported daytime napping	False	NA	results/logs/rg_napping.log
napping	Daytime napping	t2d	Type 2 diabetes	metabolic	0.1984	0.0201	9.87064676616915	9.872	0.00135323383084618	5.512e-23	1.03940571428571e-21	NA	False	0.1984	POSITIVE	0.0079	0.0076	1.03947368421053	1147508	0.0812	0.0029	28	observed	0.3329	0.0176	18.91	liability	1.05	0.0104	0.0644	1.315	0.021	0.332	QC_FAILED_SENSITIVITY	EXCLUDED_FROM_PRIMARY_INFERENCE	external_h2:intercept_above_1.2; external_phase1_issues:h2_qc_not_pass; source_substitution:Public Finnish register-based combined T2D definition replaces a larger terms-gated DIAMANTE European meta-analysis.	FinnGen R9 T2D Finnish-ancestry public release; smaller public substitute for the terms-gated DIAMANTE analysis	finngen_r9_t2d	FinnGen_R9_T2D_2023-05-04	EUR	365950	452633	SUBJECTIVE_SELF_REPORT	SELF_REPORT_QUESTIONNAIRE	sleep_propensity	more frequent reported daytime napping	True	Public Finnish register-based combined T2D definition replaces a larger terms-gated DIAMANTE European meta-analysis.	results/logs/rg_qc_failed_sensitivity/rg_napping.log
napping	Daytime napping	ldl	LDL cholesterol	metabolic	0.0323	0.0165	1.95757575757576	1.954	0.00357575757575757	0.0507	0.106793617021277	0.105957303370787	False	0.0323	POSITIVE	-0.0049	0.0076	-0.644736842105263	1171565	0.0812	0.0029	28	observed	0.0815	0.009	9.06	observed	1.05	0.0104	0.0644	1.141	0.0245	0.068	PRIMARY_PHASE1	PRIMARY	none	Graham 2021 Nature — GLGC	graham_2021_ldl_eur	GCST90239658_LDL_INV_EUR	EUR	1320016	452633	SUBJECTIVE_SELF_REPORT	SELF_REPORT_QUESTIONNAIRE	sleep_propensity	more frequent reported daytime napping	False	NA	results/logs/rg_napping.log
napping	Daytime napping	hdl	HDL cholesterol	metabolic	-0.1892	0.0174	-10.8735632183908	-10.89	0.0164367816091939	1.353e-27	3.82705714285714e-26	3.87166153846154e-26	True	0.1892	NEGATIVE	-0.0628	0.0094	-6.68085106382979	1172254	0.0812	0.0029	28	observed	0.1222	0.012	10.18	observed	1.05	0.0104	0.0644	1.196	0.0298	0.0649	PRIMARY_PHASE1	PRIMARY	none	Graham 2021 Nature — GLGC	graham_2021_hdl_eur	GCST90239652_HDL_INV_EUR	EUR	1320016	452633	SUBJECTIVE_SELF_REPORT	SELF_REPORT_QUESTIONNAIRE	sleep_propensity	more frequent reported daytime napping	False	NA	results/logs/rg_napping.log
napping	Daytime napping	triglycerides	Triglycerides	metabolic	0.1946	0.0179	10.8715083798883	10.9	0.0284916201117316	1.135e-27	3.45738461538462e-26	3.5185e-26	True	0.1946	POSITIVE	0.0559	0.0094	5.9468085106383	1171670	0.0812	0.0029	28	observed	0.0954	0.008	11.92	observed	1.05	0.0104	0.0644	1.165	0.0275	0.0653	PRIMARY_PHASE1	PRIMARY	none	Graham 2021 Nature — GLGC	graham_2021_triglycerides_eur	GCST90239664_logTG_INV_EUR	EUR	1320016	452633	SUBJECTIVE_SELF_REPORT	SELF_REPORT_QUESTIONNAIRE	sleep_propensity	more frequent reported daytime napping	False	NA	results/logs/rg_napping.log
napping	Daytime napping	cad	Coronary artery disease	cardio	0.1539	0.0255	6.03529411764706	6.037	0.00170588235294034	1.568e-09	9.702e-09	9.88637288135593e-09	True	0.1539	POSITIVE	-0.0073	0.0065	-1.12307692307692	1147520	0.0812	0.0029	28	observed	0.1346	0.01	13.46	liability	1.05	0.0104	0.0644	1.162	0.0145	0.328	PRIMARY_PHASE1	PRIMARY	source_substitution:Wide ischaemic-heart-disease endpoint is broader than coronary artery disease and must be labeled as a proxy analysis in all outputs.	FinnGen R9 I9_IHD Finnish-ancestry public release; phenotype-breadth sensitivity flag required in every CAD interpretation	finngen_r9_ihd	FinnGen_R9_I9_IHD_2023-05-04	EUR	377277	452633	SUBJECTIVE_SELF_REPORT	SELF_REPORT_QUESTIONNAIRE	sleep_propensity	more frequent reported daytime napping	True	Wide ischaemic-heart-disease endpoint is broader than coronary artery disease and must be labeled as a proxy analysis in all outputs.	results/logs/rg_napping.log
napping	Daytime napping	stroke	Stroke (any)	cardio	0.1118	0.0344	3.25	3.255	0.00499999999999989	0.0011	0.0034848	0.0034974358974359	True	0.1118	POSITIVE	0.0075	0.0057	1.31578947368421	1172050	0.0812	0.0029	28	observed	0.0967	0.008	12.09	liability	1.05	0.0104	0.0644	1.073	0.0069	0.3222	PRIMARY_PHASE1	PRIMARY	none	Mishra 2022 Nature — GIGASTROKE European subset	mishra_2022_any_stroke_eur	GCST90104539_any_stroke_EUR	EUR	1308460	452633	SUBJECTIVE_SELF_REPORT	SELF_REPORT_QUESTIONNAIRE	sleep_propensity	more frequent reported daytime napping	False	NA	results/logs/rg_napping.log
napping	Daytime napping	atrial_fibrillation	Atrial fibrillation	cardio	0.0269	0.023	1.1695652173913	1.17	0.00043478260869545	0.2422	0.385185542168675	0.381772881355932	False	0.0269	POSITIVE	0.0193	0.0065	2.96923076923077	1173338	0.0812	0.0029	28	observed	0.316	0.035	9.03	liability	1.05	0.0104	0.0644	1.012	0.0103	0.0288	PRIMARY_PHASE1	PRIMARY	none	Nielsen 2018 Nat Genet — AFGen	nielsen_2018_atrial_fibrillation	GCST006061_AF_HRC_GWAS_ALLv11	EUR	1030836	452633	SUBJECTIVE_SELF_REPORT	SELF_REPORT_QUESTIONNAIRE	sleep_propensity	more frequent reported daytime napping	False	NA	results/logs/rg_napping.log
napping	Daytime napping	sbp	Systolic blood pressure	cardio	0.0647	0.0191	3.38743455497382	3.378	0.00943455497382173	0.0007	0.00236923076923077	0.00238899082568807	True	0.0647	POSITIVE	-0.0108	0.0087	-1.24137931034483	1103344	0.0812	0.0029	28	observed	0.1325	0.0048	27.6	observed	1.05	0.0104	0.0644	1.153	0.02	0.0721	PRIMARY_PHASE1	PRIMARY	none	Evangelou 2018 Nat Genet — UKB+ICBP European SBP meta-analysis	evangelou_2018_sbp_opengwas	OpenGWAS_ieu-b-38_Evangelou2018_SBP	EUR	757601	452633	SUBJECTIVE_SELF_REPORT	SELF_REPORT_QUESTIONNAIRE	sleep_propensity	more frequent reported daytime napping	False	NA	results/logs/rg_napping.log
napping	Daytime napping	longevity	Longevity (90th percentile)	aging	-0.1416	0.0488	-2.90163934426229	-2.902	0.000360655737705162	0.0037	0.0106173913043478	0.0105876923076923	True	0.1416	NEGATIVE	-0.0041	0.0059	-0.694915254237288	1166035	0.0812	0.0029	28	observed	0.1674	0.0243	6.89	liability	1.05	0.0104	0.0644	1.006	0.0064	0.0823	PRIMARY_PHASE1	PRIMARY	none	Deelen 2019 Nat Commun	deelen_2019_longevity_90th	GCST008598_90th_percentile	EUR	36745	452633	SUBJECTIVE_SELF_REPORT	SELF_REPORT_QUESTIONNAIRE	sleep_propensity	more frequent reported daytime napping	False	NA	results/logs/rg_napping.log
napping	Daytime napping	parental_lifespan	Parental lifespan	aging	-0.1793	0.0274	-6.54379562043796	-6.545	0.00120437956204444	5.969e-11	4.00631186440678e-10	4.03721454545455e-10	True	0.1793	NEGATIVE	-0.0333	0.0062	-5.37096774193548	1149789	0.0812	0.0029	28	observed	0.0236	0.0012	19.67	observed	1.05	0.0104	0.0644	1.047	0.0082	0.1397	PRIMARY_PHASE1	PRIMARY	none	Timmers 2019 eLife — GCST009890	timmers_2019_parental_lifespan	GCST009890	EUR	1012240	452633	SUBJECTIVE_SELF_REPORT	SELF_REPORT_QUESTIONNAIRE	sleep_propensity	more frequent reported daytime napping	False	NA	results/logs/rg_napping.log
napping	Daytime napping	healthspan	Healthspan	aging	0.1848	0.0313	5.90415335463259	5.896	0.00815335463258737	3.724e-09	2.16868235294118e-08	2.19893333333333e-08	True	0.1848	POSITIVE	0.0612	0.0058	10.551724137931	1172694	0.0812	0.0029	28	observed	0.029	0.0025	11.6	observed	1.05	0.0104	0.0644	1.052	0.0081	0.2366	PRIMARY_PHASE1	PRIMARY	none	Zenin 2019 Commun Biol — GCST007406	zenin_2019_healthspan	GCST007406	EUR	300447	452633	SUBJECTIVE_SELF_REPORT	SELF_REPORT_QUESTIONNAIRE	sleep_propensity	more frequent reported daytime napping	False	NA	results/logs/rg_napping.log
napping	Daytime napping	frailty	Frailty index	aging	0.2506	0.0228	10.9912280701754	10.99	0.00122807017543813	4.166e-28	1.37478e-26	1.40886545454545e-26	True	0.2506	POSITIVE	0.1146	0.0063	18.1904761904762	1164877	0.0812	0.0029	28	observed	0.1093	0.005	21.86	observed	1.05	0.0104	0.0644	1.02	0.0086	0.0509	PRIMARY_PHASE1	PRIMARY	none	Atkins 2021 Aging Cell — GCST90020053	atkins_2021_frailty_index	GCST90020053	EUR	175226	452633	SUBJECTIVE_SELF_REPORT	SELF_REPORT_QUESTIONNAIRE	sleep_propensity	more frequent reported daytime napping	False	NA	results/logs/rg_napping.log
napping	Daytime napping	telomere_length	Leukocyte telomere length	aging	-0.0636	0.0214	-2.97196261682243	-2.973	0.00103738317756941	0.0029	0.00838248175182482	0.00836279069767442	True	0.0636	NEGATIVE	-0.0254	0.0065	-3.90769230769231	1168827	0.0812	0.0029	28	observed	0.0634	0.0038	16.68	observed	1.05	0.0104	0.0644	1.089	0.0135	0.1339	PRIMARY_PHASE1	PRIMARY	source_substitution:Strict NFE stratum replaces the larger mixed-ancestry full-UKB Codd release; no upstream checksum was located, so first acquisition relies on HTTPS byte count before local SHA-256 registration.	Burren 2024 Nat Genet — GWAS Catalog GCST90435144 non-Finnish-European stratum	burren_2024_telomere_nfe	GCST90435144_Burren_2024_NFE	EUR	438351	452633	SUBJECTIVE_SELF_REPORT	SELF_REPORT_QUESTIONNAIRE	sleep_propensity	more frequent reported daytime napping	True	Strict NFE stratum replaces the larger mixed-ancestry full-UKB Codd release; no upstream checksum was located, so first acquisition relies on HTTPS byte count before local SHA-256 registration.	results/logs/rg_napping.log
napping	Daytime napping	grip_strength	Hand grip strength	aging	-0.0532	0.0212	-2.50943396226415	-2.514	0.00456603773584918	0.0119	0.0312079470198676	0.0309566433566434	True	0.0532	NEGATIVE	-0.0647	0.0064	-10.109375	1170034	0.0812	0.0029	28	observed	0.1105	0.0038	29.08	observed	1.05	0.0104	0.0644	1.058	0.0118	0.0684	PRIMARY_PHASE1	PRIMARY	none	Neale Lab UKB round 2 — field 46	neale_2018_left_grip_strength	Neale_round2_field46	EUR	359704	452633	SUBJECTIVE_SELF_REPORT	SELF_REPORT_QUESTIONNAIRE	sleep_propensity	more frequent reported daytime napping	False	NA	results/logs/rg_napping.log
napping	Daytime napping	breast_cancer	Breast cancer (overall)	cancer	0.0291	0.0217	1.34101382488479	1.345	0.00398617511520727	0.1786	0.302246153846154	0.300629864253394	False	0.0291	POSITIVE	-0.0019	0.0065	-0.292307692307692	1072316	0.0812	0.0029	28	observed	0.1186	0.0069	17.19	liability	1.05	0.0104	0.0644	1.089	0.0116	0.1538	PRIMARY_PHASE1	PRIMARY	none	Zhang 2020 Nat Genet — BCAC overall European release	bcac_2020_overall_breast_cancer	BCAC_2020_overall_EUR	EUR	247173	452633	SUBJECTIVE_SELF_REPORT	SELF_REPORT_QUESTIONNAIRE	sleep_propensity	more frequent reported daytime napping	False	NA	results/logs/rg_napping.log
napping	Daytime napping	prostate_cancer	Prostate cancer (overall)	cancer	-0.063	0.0299	-2.10702341137124	-2.109	0.0019765886287626	0.035	0.0792	0.078433734939759	False	0.063	NEGATIVE	0.005	0.0082	0.609756097560976	816487	0.0812	0.0029	28	observed	0.1738	0.0272	6.39	liability	1.05	0.0104	0.0644	1.06	0.0162	0.1348	PRIMARY_PHASE1	PRIMARY	none	Schumacher 2018 Nat Genet — PRACTICAL EUR fixed-effect meta-analysis	schumacher_2018_prostate_cancer	GCST006085_EUR	EUR	140254	452633	SUBJECTIVE_SELF_REPORT	SELF_REPORT_QUESTIONNAIRE	sleep_propensity	more frequent reported daytime napping	False	NA	results/logs/rg_napping.log
napping	Daytime napping	colorectal_cancer	Colorectal cancer	cancer	0.0788	0.0234	3.36752136752137	3.361	0.00652136752136689	0.0008	0.00264	0.00265714285714286	True	0.0788	POSITIVE	-0.0036	0.0059	-0.610169491525424	1163811	0.0812	0.0029	28	observed	0.0873	0.0068	12.84	liability	1.05	0.0104	0.0644	1.106	0.0107	0.2198	PRIMARY_PHASE1	PRIMARY	none	Fernandez-Rozadilla 2023 Nat Genet — European stratum	fernandez_rozadilla_2023_colorectal_eur	GCST90255675_EUR	EUR	185616	452633	SUBJECTIVE_SELF_REPORT	SELF_REPORT_QUESTIONNAIRE	sleep_propensity	more frequent reported daytime napping	False	NA	results/logs/rg_napping.log
napping	Daytime napping	lung_cancer	Lung cancer	cancer	0.1103	0.0335	3.29253731343284	3.294	0.00146268656716453	0.001	0.00319354838709677	0.00320689655172414	True	0.1103	POSITIVE	0.0013	0.0057	0.228070175438596	1106162	0.0812	0.0029	28	observed	0.0876	0.0132	6.64	liability	1.05	0.0104	0.0644	1.046	0.0083	0.2495	PRIMARY_PHASE1	PRIMARY	none	McKay 2017 Nat Genet — ILCCO overall lung cancer	mckay_2017_lung_cancer_eur	GCST004748_overall	EUR	85716	452633	SUBJECTIVE_SELF_REPORT	SELF_REPORT_QUESTIONNAIRE	sleep_propensity	more frequent reported daytime napping	False	NA	results/logs/rg_napping.log
napping	Daytime napping	melanoma	Cutaneous melanoma	cancer	-0.0422	0.0598	-0.705685618729097	-0.7054	0.000285618729097048	0.4806	0.613927741935484	NA	False	0.0422	NEGATIVE	0.0093	0.0061	1.52459016393443	1147400	0.0812	0.0029	28	observed	3.731	1.046	3.57	liability	1.05	0.0104	0.0644	1.034	0.0092	0.3797	QC_FAILED_SENSITIVITY	EXCLUDED_FROM_PRIMARY_INFERENCE	external_h2:h2_z_below_4; external_phase1_issues:h2_qc_not_pass; source_substitution:Much smaller register-based melanoma endpoint with cancer-free controls replaces the controlled Landi confirmed-only meta-analysis.	FinnGen R9 C3_MELANOMA_SKIN_EXALLC Finnish-ancestry public release; smaller register-based substitute with a distinct control definition	finngen_r9_melanoma_skin_exallc	FinnGen_R9_C3_MELANOMA_SKIN_EXALLC_2023-05-04	EUR	290130	452633	SUBJECTIVE_SELF_REPORT	SELF_REPORT_QUESTIONNAIRE	sleep_propensity	more frequent reported daytime napping	True	Much smaller register-based melanoma endpoint with cancer-free controls replaces the controlled Landi confirmed-only meta-analysis.	results/logs/rg_qc_failed_sensitivity/rg_napping.log
napping	Daytime napping	ovarian_cancer	Ovarian cancer (all invasive epithelial)	cancer	-0.0249	0.053	-0.469811320754717	-0.4706	0.00078867924528303	0.6379	0.754054925373134	0.750945569620253	False	0.0249	NEGATIVE	0.0135	0.0063	2.14285714285714	1105314	0.0812	0.0029	28	observed	0.0327	0.0076	4.3	liability	1.05	0.0104	0.0644	1.031	0.007	0.343	PRIMARY_PHASE1	PRIMARY	none	Phelan 2017 Nat Genet — OCAC European GCST004462	phelan_2017_ovarian_cancer	GCST004462_EUR	EUR	63347	452633	SUBJECTIVE_SELF_REPORT	SELF_REPORT_QUESTIONNAIRE	sleep_propensity	more frequent reported daytime napping	False	NA	results/logs/rg_napping.log
snoring	Habitual snoring	alz	Alzheimer's disease	neuro	-0.0113	0.0362	-0.312154696132597	-0.3132	0.00104530386740331	0.7541	0.846295750708215	0.844955421686747	False	0.0113	NEGATIVE	0.0053	0.0056	0.946428571428571	1161826	0.1054	0.0041	25.71	liability	0.0537	0.0052	10.33	liability	1.031	0.0091	0.0606	1.069	0.0101	0.2534	PRIMARY_PHASE1	PRIMARY	none	Bellenguez 2022 Nat Genet — all-European Stage I discovery meta-analysis	bellenguez_2022_alzheimer_stage1	GCST90027158_stage1_GRCh38	EUR	487511	408317	SUBJECTIVE_SELF_REPORT	PARTNER_OR_CLOSE_CONTACT_REPORT	sleep_disordered_breathing	greater habitual-snoring liability	False	NA	results/logs/rg_snoring.log
snoring	Habitual snoring	parkinson	Parkinson's disease	neuro	-0.0371	0.0397	-0.934508816120907	-0.9354	0.000891183879093149	0.3496	0.48576	0.481671111111111	False	0.0371	NEGATIVE	-0.0033	0.0058	-0.568965517241379	1131118	0.1054	0.0041	25.71	liability	0.1296	0.0117	11.08	liability	1.031	0.0091	0.0606	0.984	0.0065	NA	PRIMARY_PHASE1	PRIMARY	none	Nalls 2019 Lancet Neurol — public restricted-cohort-excluded release with UKB proxy cases	nalls_2019_parkinson_public_proxy	GCST009325_public_EUR_proxy_GRCh37	EUR	482730	408317	SUBJECTIVE_SELF_REPORT	PARTNER_OR_CLOSE_CONTACT_REPORT	sleep_disordered_breathing	greater habitual-snoring liability	False	NA	results/logs/rg_snoring.log
snoring	Habitual snoring	mdd	Major depressive disorder	psychiatric	0.0576	0.0239	2.41004184100418	2.413	0.00295815899581608	0.0158	0.0401076923076923	0.0397135135135135	True	0.0576	POSITIVE	0.0103	0.0059	1.74576271186441	1155378	0.1054	0.0041	25.71	liability	0.0885	0.0035	25.29	liability	1.031	0.0091	0.0606	1.002	0.0098	0.0033	PRIMARY_PHASE1	PRIMARY	none	Howard 2019 Nat Neurosci — public genome-wide UKB plus PGC_139k release without 23andMe	howard_2019_mdd_no23andme	PGC_UKB_depression_genome-wide_no23andMe	EUR	500199	408317	SUBJECTIVE_SELF_REPORT	PARTNER_OR_CLOSE_CONTACT_REPORT	sleep_disordered_breathing	greater habitual-snoring liability	False	NA	results/logs/rg_snoring.log
snoring	Habitual snoring	scz	Schizophrenia	psychiatric	-0.1269	0.0178	-7.12921348314607	-7.133	0.00378651685393194	9.838e-13	7.95071020408163e-12	7.95594782608696e-12	True	0.1269	NEGATIVE	0.0061	0.0059	1.03389830508475	1161068	0.1054	0.0041	25.71	liability	0.2282	0.0074	30.84	liability	1.031	0.0091	0.0606	1.079	0.0121	0.0782	PRIMARY_PHASE1	PRIMARY	none	Trubetskoy 2022 Nature — PGC3 Wave 3 European autosomal stratum	trubetskoy_2022_scz_eur	PGC3_SCZ_wave3_european_autosome_public_v3	EUR	130644	408317	SUBJECTIVE_SELF_REPORT	PARTNER_OR_CLOSE_CONTACT_REPORT	sleep_disordered_breathing	greater habitual-snoring liability	False	NA	results/logs/rg_snoring.log
snoring	Habitual snoring	bipolar	Bipolar disorder	psychiatric	-0.0061	0.0256	-0.23828125	-0.2374	0.00088125	0.8123	0.875396739130435	0.877165217391304	False	0.0061	NEGATIVE	-0.0039	0.0066	-0.590909090909091	1165069	0.1054	0.0041	25.71	liability	0.516	0.0196	26.33	liability	1.031	0.0091	0.0606	1.025	0.0085	0.0428	PRIMARY_PHASE1	PRIMARY	none	Mullins 2021 Nat Genet — PGC3 all-bipolar-disorder cases	mullins_2021_bipolar_eur	pgc-bip2021-all_Figshare_v2	EUR	413466	408317	SUBJECTIVE_SELF_REPORT	PARTNER_OR_CLOSE_CONTACT_REPORT	sleep_disordered_breathing	greater habitual-snoring liability	False	NA	results/logs/rg_snoring.log
snoring	Habitual snoring	adhd	ADHD	psychiatric	0.1171	0.0289	4.05190311418685	4.049	0.00290311418685096	5.143e-05	0.000195829615384615	0.000197236701030928	True	0.1171	POSITIVE	0.0084	0.0075	1.12	1086387	0.1054	0.0041	25.71	liability	0.2405	0.0107	22.48	liability	1.031	0.0091	0.0606	1.042	0.0094	0.0924	PRIMARY_PHASE1	PRIMARY	none	Demontis 2023 Nat Genet — iPSYCH, deCODE, and PGC European meta-analysis	demontis_2023_adhd_eur	ADHD2022_iPSYCH_deCODE_PGC_January_2022_release	EUR	225534	408317	SUBJECTIVE_SELF_REPORT	PARTNER_OR_CLOSE_CONTACT_REPORT	sleep_disordered_breathing	greater habitual-snoring liability	False	NA	results/logs/rg_snoring.log
snoring	Habitual snoring	ibd	Inflammatory bowel disease	immune	-0.0043	0.0296	-0.14527027027027	-0.1442	0.00107027027027026	0.8853	0.920154330708661	0.919920670391061	False	0.0043	NEGATIVE	-0.0059	0.0061	-0.967213114754098	1136194	0.1054	0.0041	25.71	liability	0.1483	0.0129	11.5	liability	1.031	0.0091	0.0606	1.144	0.0096	0.2886	PRIMARY_PHASE1	PRIMARY	none	de Lange 2017 Nat Genet — IIBDGC	delange_2017_ibd	GCST004131_build37_59957_20161107	EUR	59957	408317	SUBJECTIVE_SELF_REPORT	PARTNER_OR_CLOSE_CONTACT_REPORT	sleep_disordered_breathing	greater habitual-snoring liability	False	NA	results/logs/rg_snoring.log
snoring	Habitual snoring	crohn	Crohn's disease	immune	-0.0322	0.0295	-1.09152542372881	-1.091	0.000525423728813701	0.2751	0.418998461538462	0.414320647773279	False	0.0322	NEGATIVE	-0.0018	0.0062	-0.290322580645161	1136136	0.1054	0.0041	25.71	liability	0.2508	0.0266	9.43	liability	1.031	0.0091	0.0606	1.114	0.0095	0.2527	PRIMARY_PHASE1	PRIMARY	none	de Lange 2017 Nat Genet — IIBDGC Crohn's stratum	delange_2017_crohn	GCST004132_build37_40266_20161107	EUR	40266	408317	SUBJECTIVE_SELF_REPORT	PARTNER_OR_CLOSE_CONTACT_REPORT	sleep_disordered_breathing	greater habitual-snoring liability	False	NA	results/logs/rg_snoring.log
snoring	Habitual snoring	uc	Ulcerative colitis	immune	0.0333	0.0346	0.96242774566474	0.9623	0.000127745664739942	0.3359	0.478476258992806	0.473313636363636	False	0.0333	POSITIVE	-0.0076	0.0056	-1.35714285714286	1136159	0.1054	0.0041	25.71	liability	0.1876	0.0173	10.84	liability	1.031	0.0091	0.0606	1.093	0.0089	0.2994	PRIMARY_PHASE1	PRIMARY	none	de Lange 2017 Nat Genet — IIBDGC UC stratum	delange_2017_uc	GCST004133_build37_45975_20161107	EUR	45975	408317	SUBJECTIVE_SELF_REPORT	PARTNER_OR_CLOSE_CONTACT_REPORT	sleep_disordered_breathing	greater habitual-snoring liability	False	NA	results/logs/rg_snoring.log
snoring	Habitual snoring	ra	Rheumatoid arthritis	immune	0.0512	0.0313	1.63578274760383	1.636	0.000217252396166101	0.1018	0.194747826086957	0.192231472081218	False	0.0512	POSITIVE	-0.0012	0.006	-0.2	1171001	0.1054	0.0041	25.71	liability	0.1412	0.0139	10.16	liability	1.031	0.0091	0.0606	1.068	0.0091	0.2123	PRIMARY_PHASE1	PRIMARY	none	Ishigaki 2022 Nat Genet — European subset	ishigaki_2022_ra_eur	GCST90132223_Ishigaki_2022_EUR	EUR	97173	408317	SUBJECTIVE_SELF_REPORT	PARTNER_OR_CLOSE_CONTACT_REPORT	sleep_disordered_breathing	greater habitual-snoring liability	False	NA	results/logs/rg_snoring.log
snoring	Habitual snoring	ms	Multiple sclerosis	immune	-0.0114	0.0532	-0.214285714285714	-0.2146	0.000314285714285711	0.8301	0.883654838709677	0.884805730659026	False	0.0114	NEGATIVE	0.0081	0.005	1.62	1148840	0.1054	0.0041	25.71	liability	5.982	1.196	5	liability	1.031	0.0091	0.0606	1.029	0.0081	0.3197	PRIMARY_PHASE1	PRIMARY	source_substitution:Smaller hospital-record Finnish analysis than the inaccessible IMSGC discovery meta-analysis; substitution reduces power and changes ascertainment.	FinnGen R9 G6_MS Finnish-ancestry public release; smaller register-based substitute for the unavailable IMSGC discovery meta-analysis	finngen_r9_ms	FinnGen_R9_G6_MS_2023-05-04	EUR	376169	408317	SUBJECTIVE_SELF_REPORT	PARTNER_OR_CLOSE_CONTACT_REPORT	sleep_disordered_breathing	greater habitual-snoring liability	True	Smaller hospital-record Finnish analysis than the inaccessible IMSGC discovery meta-analysis; substitution reduces power and changes ascertainment.	results/logs/rg_snoring.log
snoring	Habitual snoring	asthma	Asthma	immune	0.1223	0.0286	4.27622377622378	4.279	0.00277622377622322	1.882e-05	7.68321649484536e-05	7.77893333333333e-05	True	0.1223	POSITIVE	0.0037	0.0058	0.637931034482759	1148760	0.1054	0.0041	25.71	liability	0.2342	0.0161	14.55	liability	1.031	0.0091	0.0606	1.157	0.0128	0.2987	PRIMARY_PHASE1	PRIMARY	source_substitution:Uses register-based FinnGen asthma with additional control exclusions rather than Han 2020 main-UKB all-ancestry ascertainment.	FinnGen R9 J10_ASTHMA_EXMORE Finnish-ancestry public release; ascertainment differs from the replaced Han main-UKB analysis	finngen_r9_asthma_exmore	FinnGen_R9_J10_ASTHMA_EXMORE_2023-05-04	EUR	244562	408317	SUBJECTIVE_SELF_REPORT	PARTNER_OR_CLOSE_CONTACT_REPORT	sleep_disordered_breathing	greater habitual-snoring liability	True	Uses register-based FinnGen asthma with additional control exclusions rather than Han 2020 main-UKB all-ancestry ascertainment.	results/logs/rg_snoring.log
snoring	Habitual snoring	bmi	BMI	metabolic	0.3779	0.0187	20.2085561497326	20.2	0.00855614973261964	1.029e-90	1.35828e-88	1.27596e-88	True	0.3779	POSITIVE	0.1495	0.0099	15.1010101010101	1013522	0.1054	0.0041	25.71	liability	0.1908	0.0053	36	observed	1.031	0.0091	0.0606	1.187	0.0206	0.0635	PRIMARY_PHASE1	PRIMARY	none	Yengo 2018 — GIANT+UKB	yengo_2018_bmi	GCST006900_Yengo_2018_GIANT_UKB	EUR	681275	408317	SUBJECTIVE_SELF_REPORT	PARTNER_OR_CLOSE_CONTACT_REPORT	sleep_disordered_breathing	greater habitual-snoring liability	False	NA	results/logs/rg_snoring.log
snoring	Habitual snoring	t2d	Type 2 diabetes	metabolic	0.2614	0.0244	10.7131147540984	10.73	0.0168852459016389	7.519e-27	1.985016e-25	NA	False	0.2614	POSITIVE	0.0006	0.0063	0.0952380952380952	1148826	0.1054	0.0041	25.71	liability	0.3329	0.0176	18.91	liability	1.031	0.0091	0.0606	1.315	0.021	0.332	QC_FAILED_SENSITIVITY	EXCLUDED_FROM_PRIMARY_INFERENCE	external_h2:intercept_above_1.2; external_phase1_issues:h2_qc_not_pass; source_substitution:Public Finnish register-based combined T2D definition replaces a larger terms-gated DIAMANTE European meta-analysis.	FinnGen R9 T2D Finnish-ancestry public release; smaller public substitute for the terms-gated DIAMANTE analysis	finngen_r9_t2d	FinnGen_R9_T2D_2023-05-04	EUR	365950	408317	SUBJECTIVE_SELF_REPORT	PARTNER_OR_CLOSE_CONTACT_REPORT	sleep_disordered_breathing	greater habitual-snoring liability	True	Public Finnish register-based combined T2D definition replaces a larger terms-gated DIAMANTE European meta-analysis.	results/logs/rg_qc_failed_sensitivity/rg_snoring.log
snoring	Habitual snoring	ldl	LDL cholesterol	metabolic	0.0539	0.0243	2.21810699588477	2.216	0.0021069958847737	0.0267	0.0625633136094675	0.0616919254658385	False	0.0539	POSITIVE	0.0305	0.0087	3.50574712643678	1171977	0.1054	0.0041	25.71	liability	0.0815	0.009	9.06	observed	1.031	0.0091	0.0606	1.141	0.0245	0.068	PRIMARY_PHASE1	PRIMARY	none	Graham 2021 Nature — GLGC	graham_2021_ldl_eur	GCST90239658_LDL_INV_EUR	EUR	1320016	408317	SUBJECTIVE_SELF_REPORT	PARTNER_OR_CLOSE_CONTACT_REPORT	sleep_disordered_breathing	greater habitual-snoring liability	False	NA	results/logs/rg_snoring.log
snoring	Habitual snoring	hdl	HDL cholesterol	metabolic	-0.1893	0.019	-9.96315789473684	-9.954	0.00915789473684114	2.414e-23	5.03128421052632e-22	5.2824e-22	True	0.1893	NEGATIVE	-0.0375	0.0084	-4.46428571428571	1172849	0.1054	0.0041	25.71	liability	0.1222	0.012	10.18	observed	1.031	0.0091	0.0606	1.196	0.0298	0.0649	PRIMARY_PHASE1	PRIMARY	none	Graham 2021 Nature — GLGC	graham_2021_hdl_eur	GCST90239652_HDL_INV_EUR	EUR	1320016	408317	SUBJECTIVE_SELF_REPORT	PARTNER_OR_CLOSE_CONTACT_REPORT	sleep_disordered_breathing	greater habitual-snoring liability	False	NA	results/logs/rg_snoring.log
snoring	Habitual snoring	triglycerides	Triglycerides	metabolic	0.1985	0.0217	9.14746543778802	9.147	0.000465437788017553	5.862e-20	8.29054285714286e-19	8.722656e-19	True	0.1985	POSITIVE	0.0451	0.0094	4.79787234042553	1172114	0.1054	0.0041	25.71	liability	0.0954	0.008	11.92	observed	1.031	0.0091	0.0606	1.165	0.0275	0.0653	PRIMARY_PHASE1	PRIMARY	none	Graham 2021 Nature — GLGC	graham_2021_triglycerides_eur	GCST90239664_logTG_INV_EUR	EUR	1320016	408317	SUBJECTIVE_SELF_REPORT	PARTNER_OR_CLOSE_CONTACT_REPORT	sleep_disordered_breathing	greater habitual-snoring liability	False	NA	results/logs/rg_snoring.log
snoring	Habitual snoring	cad	Coronary artery disease	cardio	0.1506	0.0287	5.24738675958188	5.254	0.00661324041811717	1.492e-07	7.47888607594937e-07	7.60306849315069e-07	True	0.1506	POSITIVE	0.0002	0.0062	0.032258064516129	1148838	0.1054	0.0041	25.71	liability	0.1346	0.01	13.46	liability	1.031	0.0091	0.0606	1.162	0.0145	0.328	PRIMARY_PHASE1	PRIMARY	source_substitution:Wide ischaemic-heart-disease endpoint is broader than coronary artery disease and must be labeled as a proxy analysis in all outputs.	FinnGen R9 I9_IHD Finnish-ancestry public release; phenotype-breadth sensitivity flag required in every CAD interpretation	finngen_r9_ihd	FinnGen_R9_I9_IHD_2023-05-04	EUR	377277	408317	SUBJECTIVE_SELF_REPORT	PARTNER_OR_CLOSE_CONTACT_REPORT	sleep_disordered_breathing	greater habitual-snoring liability	True	Wide ischaemic-heart-disease endpoint is broader than coronary artery disease and must be labeled as a proxy analysis in all outputs.	results/logs/rg_snoring.log
snoring	Habitual snoring	stroke	Stroke (any)	cardio	0.0598	0.0358	1.67039106145251	1.668	0.002391061452514	0.0953	0.184091707317073	0.181803076923077	False	0.0598	POSITIVE	0.0031	0.0054	0.574074074074074	1173469	0.1054	0.0041	25.71	liability	0.0967	0.008	12.09	liability	1.031	0.0091	0.0606	1.073	0.0069	0.3222	PRIMARY_PHASE1	PRIMARY	none	Mishra 2022 Nature — GIGASTROKE European subset	mishra_2022_any_stroke_eur	GCST90104539_any_stroke_EUR	EUR	1308460	408317	SUBJECTIVE_SELF_REPORT	PARTNER_OR_CLOSE_CONTACT_REPORT	sleep_disordered_breathing	greater habitual-snoring liability	False	NA	results/logs/rg_snoring.log
snoring	Habitual snoring	atrial_fibrillation	Atrial fibrillation	cardio	0.034	0.0301	1.12956810631229	1.131	0.00143189368770757	0.2579	0.397074418604651	0.392801632653061	False	0.034	POSITIVE	0.0079	0.0057	1.3859649122807	1174813	0.1054	0.0041	25.71	liability	0.316	0.035	9.03	liability	1.031	0.0091	0.0606	1.012	0.0103	0.0288	PRIMARY_PHASE1	PRIMARY	none	Nielsen 2018 Nat Genet — AFGen	nielsen_2018_atrial_fibrillation	GCST006061_AF_HRC_GWAS_ALLv11	EUR	1030836	408317	SUBJECTIVE_SELF_REPORT	PARTNER_OR_CLOSE_CONTACT_REPORT	sleep_disordered_breathing	greater habitual-snoring liability	False	NA	results/logs/rg_snoring.log
snoring	Habitual snoring	sbp	Systolic blood pressure	cardio	0.0039	0.0203	0.192118226600985	0.192	0.000118226600985233	0.8478	0.897670588235294	0.898523076923077	False	0.0039	POSITIVE	0.0306	0.0082	3.73170731707317	1103829	0.1054	0.0041	25.71	liability	0.1325	0.0048	27.6	observed	1.031	0.0091	0.0606	1.153	0.02	0.0721	PRIMARY_PHASE1	PRIMARY	none	Evangelou 2018 Nat Genet — UKB+ICBP European SBP meta-analysis	evangelou_2018_sbp_opengwas	OpenGWAS_ieu-b-38_Evangelou2018_SBP	EUR	757601	408317	SUBJECTIVE_SELF_REPORT	PARTNER_OR_CLOSE_CONTACT_REPORT	sleep_disordered_breathing	greater habitual-snoring liability	False	NA	results/logs/rg_snoring.log
snoring	Habitual snoring	longevity	Longevity (90th percentile)	aging	-0.0444	0.0561	-0.79144385026738	-0.7922	0.000756149732620282	0.4283	0.565356	0.559044210526316	False	0.0444	NEGATIVE	-0.0079	0.0048	-1.64583333333333	1166927	0.1054	0.0041	25.71	liability	0.1674	0.0243	6.89	liability	1.031	0.0091	0.0606	1.006	0.0064	0.0823	PRIMARY_PHASE1	PRIMARY	none	Deelen 2019 Nat Commun	deelen_2019_longevity_90th	GCST008598_90th_percentile	EUR	36745	408317	SUBJECTIVE_SELF_REPORT	PARTNER_OR_CLOSE_CONTACT_REPORT	sleep_disordered_breathing	greater habitual-snoring liability	False	NA	results/logs/rg_snoring.log
snoring	Habitual snoring	parental_lifespan	Parental lifespan	aging	-0.1647	0.0282	-5.84042553191489	-5.85	0.00957446808510554	4.912e-09	2.77878857142857e-08	2.81117538461538e-08	True	0.1647	NEGATIVE	-0.0207	0.006	-3.45	1151200	0.1054	0.0041	25.71	liability	0.0236	0.0012	19.67	observed	1.031	0.0091	0.0606	1.047	0.0082	0.1397	PRIMARY_PHASE1	PRIMARY	none	Timmers 2019 eLife — GCST009890	timmers_2019_parental_lifespan	GCST009890	EUR	1012240	408317	SUBJECTIVE_SELF_REPORT	PARTNER_OR_CLOSE_CONTACT_REPORT	sleep_disordered_breathing	greater habitual-snoring liability	False	NA	results/logs/rg_snoring.log
snoring	Habitual snoring	healthspan	Healthspan	aging	0.2927	0.0368	7.95380434782609	7.952	0.00180434782608785	1.828e-15	1.90496842105263e-14	1.94290285714286e-14	True	0.2927	POSITIVE	0.0075	0.0056	1.33928571428571	1174031	0.1054	0.0041	25.71	liability	0.029	0.0025	11.6	observed	1.031	0.0091	0.0606	1.052	0.0081	0.2366	PRIMARY_PHASE1	PRIMARY	none	Zenin 2019 Commun Biol — GCST007406	zenin_2019_healthspan	GCST007406	EUR	300447	408317	SUBJECTIVE_SELF_REPORT	PARTNER_OR_CLOSE_CONTACT_REPORT	sleep_disordered_breathing	greater habitual-snoring liability	False	NA	results/logs/rg_snoring.log
snoring	Habitual snoring	frailty	Frailty index	aging	0.2516	0.0256	9.828125	9.812	0.0161250000000006	9.984e-23	1.71898434782609e-21	1.857024e-21	True	0.2516	POSITIVE	0.0429	0.006	7.15	1166427	0.1054	0.0041	25.71	liability	0.1093	0.005	21.86	observed	1.031	0.0091	0.0606	1.02	0.0086	0.0509	PRIMARY_PHASE1	PRIMARY	none	Atkins 2021 Aging Cell — GCST90020053	atkins_2021_frailty_index	GCST90020053	EUR	175226	408317	SUBJECTIVE_SELF_REPORT	PARTNER_OR_CLOSE_CONTACT_REPORT	sleep_disordered_breathing	greater habitual-snoring liability	False	NA	results/logs/rg_snoring.log
snoring	Habitual snoring	telomere_length	Leukocyte telomere length	aging	-0.0707	0.0226	-3.1283185840708	-3.125	0.00331858407079677	0.0018	0.0054412213740458	0.00544390243902439	True	0.0707	NEGATIVE	-0.006	0.006	-1	1169979	0.1054	0.0041	25.71	liability	0.0634	0.0038	16.68	observed	1.031	0.0091	0.0606	1.089	0.0135	0.1339	PRIMARY_PHASE1	PRIMARY	source_substitution:Strict NFE stratum replaces the larger mixed-ancestry full-UKB Codd release; no upstream checksum was located, so first acquisition relies on HTTPS byte count before local SHA-256 registration.	Burren 2024 Nat Genet — GWAS Catalog GCST90435144 non-Finnish-European stratum	burren_2024_telomere_nfe	GCST90435144_Burren_2024_NFE	EUR	438351	408317	SUBJECTIVE_SELF_REPORT	PARTNER_OR_CLOSE_CONTACT_REPORT	sleep_disordered_breathing	greater habitual-snoring liability	True	Strict NFE stratum replaces the larger mixed-ancestry full-UKB Codd release; no upstream checksum was located, so first acquisition relies on HTTPS byte count before local SHA-256 registration.	results/logs/rg_snoring.log
snoring	Habitual snoring	grip_strength	Hand grip strength	aging	-0.0958	0.0222	-4.31531531531532	-4.321	0.00568468468468453	1.556e-05	6.55506382978723e-05	6.65324137931035e-05	True	0.0958	NEGATIVE	0.0108	0.0065	1.66153846153846	1169961	0.1054	0.0041	25.71	liability	0.1105	0.0038	29.08	observed	1.031	0.0091	0.0606	1.058	0.0118	0.0684	PRIMARY_PHASE1	PRIMARY	none	Neale Lab UKB round 2 — field 46	neale_2018_left_grip_strength	Neale_round2_field46	EUR	359704	408317	SUBJECTIVE_SELF_REPORT	PARTNER_OR_CLOSE_CONTACT_REPORT	sleep_disordered_breathing	greater habitual-snoring liability	False	NA	results/logs/rg_snoring.log
snoring	Habitual snoring	breast_cancer	Breast cancer (overall)	cancer	0.0545	0.0254	2.14566929133858	2.145	0.000669291338582845	0.032	0.0736744186046512	0.0730306748466258	False	0.0545	POSITIVE	-0.0107	0.0059	-1.8135593220339	1073574	0.1054	0.0041	25.71	liability	0.1186	0.0069	17.19	liability	1.031	0.0091	0.0606	1.089	0.0116	0.1538	PRIMARY_PHASE1	PRIMARY	none	Zhang 2020 Nat Genet — BCAC overall European release	bcac_2020_overall_breast_cancer	BCAC_2020_overall_EUR	EUR	247173	408317	SUBJECTIVE_SELF_REPORT	PARTNER_OR_CLOSE_CONTACT_REPORT	sleep_disordered_breathing	greater habitual-snoring liability	False	NA	results/logs/rg_snoring.log
snoring	Habitual snoring	prostate_cancer	Prostate cancer (overall)	cancer	-0.0487	0.0351	-1.38746438746439	-1.387	0.000464387464387483	0.1656	0.282662068965517	0.281293150684931	False	0.0487	NEGATIVE	0.0094	0.0072	1.30555555555556	816819	0.1054	0.0041	25.71	liability	0.1738	0.0272	6.39	liability	1.031	0.0091	0.0606	1.06	0.0162	0.1348	PRIMARY_PHASE1	PRIMARY	none	Schumacher 2018 Nat Genet — PRACTICAL EUR fixed-effect meta-analysis	schumacher_2018_prostate_cancer	GCST006085_EUR	EUR	140254	408317	SUBJECTIVE_SELF_REPORT	PARTNER_OR_CLOSE_CONTACT_REPORT	sleep_disordered_breathing	greater habitual-snoring liability	False	NA	results/logs/rg_snoring.log
snoring	Habitual snoring	colorectal_cancer	Colorectal cancer	cancer	0.0439	0.028	1.56785714285714	1.565	0.00285714285714289	0.1175	0.216418604651163	0.214264705882353	False	0.0439	POSITIVE	0.0142	0.0061	2.32786885245902	1165203	0.1054	0.0041	25.71	liability	0.0873	0.0068	12.84	liability	1.031	0.0091	0.0606	1.106	0.0107	0.2198	PRIMARY_PHASE1	PRIMARY	none	Fernandez-Rozadilla 2023 Nat Genet — European stratum	fernandez_rozadilla_2023_colorectal_eur	GCST90255675_EUR	EUR	185616	408317	SUBJECTIVE_SELF_REPORT	PARTNER_OR_CLOSE_CONTACT_REPORT	sleep_disordered_breathing	greater habitual-snoring liability	False	NA	results/logs/rg_snoring.log
snoring	Habitual snoring	lung_cancer	Lung cancer	cancer	0.1066	0.0405	2.6320987654321	2.635	0.00290123456790115	0.0084	0.0231	0.0229764705882353	True	0.1066	POSITIVE	-0.0055	0.0056	-0.982142857142857	1107394	0.1054	0.0041	25.71	liability	0.0876	0.0132	6.64	liability	1.031	0.0091	0.0606	1.046	0.0083	0.2495	PRIMARY_PHASE1	PRIMARY	none	McKay 2017 Nat Genet — ILCCO overall lung cancer	mckay_2017_lung_cancer_eur	GCST004748_overall	EUR	85716	408317	SUBJECTIVE_SELF_REPORT	PARTNER_OR_CLOSE_CONTACT_REPORT	sleep_disordered_breathing	greater habitual-snoring liability	False	NA	results/logs/rg_snoring.log
snoring	Habitual snoring	melanoma	Cutaneous melanoma	cancer	-0.0147	0.0588	-0.25	-0.2509	0.000900000000000012	0.8019	0.872396703296703	NA	False	0.0147	NEGATIVE	0.007	0.0055	1.27272727272727	1148718	0.1054	0.0041	25.71	liability	3.731	1.046	3.57	liability	1.031	0.0091	0.0606	1.034	0.0092	0.3797	QC_FAILED_SENSITIVITY	EXCLUDED_FROM_PRIMARY_INFERENCE	external_h2:h2_z_below_4; external_phase1_issues:h2_qc_not_pass; source_substitution:Much smaller register-based melanoma endpoint with cancer-free controls replaces the controlled Landi confirmed-only meta-analysis.	FinnGen R9 C3_MELANOMA_SKIN_EXALLC Finnish-ancestry public release; smaller register-based substitute with a distinct control definition	finngen_r9_melanoma_skin_exallc	FinnGen_R9_C3_MELANOMA_SKIN_EXALLC_2023-05-04	EUR	290130	408317	SUBJECTIVE_SELF_REPORT	PARTNER_OR_CLOSE_CONTACT_REPORT	sleep_disordered_breathing	greater habitual-snoring liability	True	Much smaller register-based melanoma endpoint with cancer-free controls replaces the controlled Landi confirmed-only meta-analysis.	results/logs/rg_qc_failed_sensitivity/rg_snoring.log
snoring	Habitual snoring	ovarian_cancer	Ovarian cancer (all invasive epithelial)	cancer	0.009	0.0584	0.154109589041096	0.1546	0.000490410958904119	0.8771	0.914030526315789	0.913952941176471	False	0.009	POSITIVE	-0.0032	0.0057	-0.56140350877193	1105786	0.1054	0.0041	25.71	liability	0.0327	0.0076	4.3	liability	1.031	0.0091	0.0606	1.031	0.007	0.343	PRIMARY_PHASE1	PRIMARY	none	Phelan 2017 Nat Genet — OCAC European GCST004462	phelan_2017_ovarian_cancer	GCST004462_EUR	EUR	63347	408317	SUBJECTIVE_SELF_REPORT	PARTNER_OR_CLOSE_CONTACT_REPORT	sleep_disordered_breathing	greater habitual-snoring liability	False	NA	results/logs/rg_snoring.log
sleep_apnea	Sleep apnea	alz	Alzheimer's disease	neuro	-0.0526	0.0454	-1.15859030837004	-1.158	0.000590308370044035	0.2467	0.385866141732284	0.382033195020747	False	0.0526	NEGATIVE	-0.002	0.0064	-0.3125	1142162	0.2604	0.0158	16.48	liability	0.0537	0.0052	10.33	liability	1.117	0.0103	0.2693	1.069	0.0101	0.2534	PRIMARY_PHASE1	PRIMARY	none	Bellenguez 2022 Nat Genet — all-European Stage I discovery meta-analysis	bellenguez_2022_alzheimer_stage1	GCST90027158_stage1_GRCh38	EUR	487511	375657	DISEASE_LIKE_CLINICAL	HEALTH_REGISTRY_DIAGNOSIS	sleep_disordered_breathing	greater sleep-apnea liability	False	NA	results/logs/rg_sleep_apnea.log
sleep_apnea	Sleep apnea	parkinson	Parkinson's disease	neuro	-0.0194	0.0428	-0.453271028037383	-0.4542	0.000928971962616765	0.6497	0.761186982248521	0.757643887147336	False	0.0194	NEGATIVE	0.0012	0.0056	0.214285714285714	1107188	0.2604	0.0158	16.48	liability	0.1296	0.0117	11.08	liability	1.117	0.0103	0.2693	0.984	0.0065	NA	PRIMARY_PHASE1	PRIMARY	none	Nalls 2019 Lancet Neurol — public restricted-cohort-excluded release with UKB proxy cases	nalls_2019_parkinson_public_proxy	GCST009325_public_EUR_proxy_GRCh37	EUR	482730	375657	DISEASE_LIKE_CLINICAL	HEALTH_REGISTRY_DIAGNOSIS	sleep_disordered_breathing	greater sleep-apnea liability	False	NA	results/logs/rg_sleep_apnea.log
sleep_apnea	Sleep apnea	mdd	Major depressive disorder	psychiatric	0.3057	0.0311	9.82958199356913	9.836	0.00641800643086654	7.895e-23	1.4211e-21	1.54575789473684e-21	True	0.3057	POSITIVE	0.0043	0.0066	0.651515151515151	1131116	0.2604	0.0158	16.48	liability	0.0885	0.0035	25.29	liability	1.117	0.0103	0.2693	1.002	0.0098	0.0033	PRIMARY_PHASE1	PRIMARY	none	Howard 2019 Nat Neurosci — public genome-wide UKB plus PGC_139k release without 23andMe	howard_2019_mdd_no23andme	PGC_UKB_depression_genome-wide_no23andMe	EUR	500199	375657	DISEASE_LIKE_CLINICAL	HEALTH_REGISTRY_DIAGNOSIS	sleep_disordered_breathing	greater sleep-apnea liability	False	NA	results/logs/rg_sleep_apnea.log
sleep_apnea	Sleep apnea	scz	Schizophrenia	psychiatric	0.0486	0.0237	2.0506329113924	2.054	0.00336708860759494	0.04	0.0884916201117318	0.0875294117647059	False	0.0486	POSITIVE	0.0046	0.0062	0.741935483870968	1136949	0.2604	0.0158	16.48	liability	0.2282	0.0074	30.84	liability	1.117	0.0103	0.2693	1.079	0.0121	0.0782	PRIMARY_PHASE1	PRIMARY	none	Trubetskoy 2022 Nature — PGC3 Wave 3 European autosomal stratum	trubetskoy_2022_scz_eur	PGC3_SCZ_wave3_european_autosome_public_v3	EUR	130644	375657	DISEASE_LIKE_CLINICAL	HEALTH_REGISTRY_DIAGNOSIS	sleep_disordered_breathing	greater sleep-apnea liability	False	NA	results/logs/rg_sleep_apnea.log
sleep_apnea	Sleep apnea	bipolar	Bipolar disorder	psychiatric	0.1649	0.0277	5.95306859205776	5.943	0.0100685920577623	2.793e-09	1.6758e-08	1.70327213114754e-08	True	0.1649	POSITIVE	-0.0022	0.0061	-0.360655737704918	1141559	0.2604	0.0158	16.48	liability	0.516	0.0196	26.33	liability	1.117	0.0103	0.2693	1.025	0.0085	0.0428	PRIMARY_PHASE1	PRIMARY	none	Mullins 2021 Nat Genet — PGC3 all-bipolar-disorder cases	mullins_2021_bipolar_eur	pgc-bip2021-all_Figshare_v2	EUR	413466	375657	DISEASE_LIKE_CLINICAL	HEALTH_REGISTRY_DIAGNOSIS	sleep_disordered_breathing	greater sleep-apnea liability	False	NA	results/logs/rg_sleep_apnea.log
sleep_apnea	Sleep apnea	adhd	ADHD	psychiatric	0.3278	0.033	9.93333333333333	9.941	0.00766666666666893	2.774e-23	5.49252e-22	5.73293333333333e-22	True	0.3278	POSITIVE	0.0048	0.0077	0.623376623376623	1069213	0.2604	0.0158	16.48	liability	0.2405	0.0107	22.48	liability	1.117	0.0103	0.2693	1.042	0.0094	0.0924	PRIMARY_PHASE1	PRIMARY	none	Demontis 2023 Nat Genet — iPSYCH, deCODE, and PGC European meta-analysis	demontis_2023_adhd_eur	ADHD2022_iPSYCH_deCODE_PGC_January_2022_release	EUR	225534	375657	DISEASE_LIKE_CLINICAL	HEALTH_REGISTRY_DIAGNOSIS	sleep_disordered_breathing	greater sleep-apnea liability	False	NA	results/logs/rg_sleep_apnea.log
sleep_apnea	Sleep apnea	ibd	Inflammatory bowel disease	immune	-0.0008	0.0297	-0.0269360269360269	-0.027	6.39730639730614e-05	0.9785	0.9785	0.9785	False	0.0008	NEGATIVE	-0.007	0.0057	-1.2280701754386	1117716	0.2604	0.0158	16.48	liability	0.1483	0.0129	11.5	liability	1.117	0.0103	0.2693	1.144	0.0096	0.2886	PRIMARY_PHASE1	PRIMARY	none	de Lange 2017 Nat Genet — IIBDGC	delange_2017_ibd	GCST004131_build37_59957_20161107	EUR	59957	375657	DISEASE_LIKE_CLINICAL	HEALTH_REGISTRY_DIAGNOSIS	sleep_disordered_breathing	greater sleep-apnea liability	False	NA	results/logs/rg_sleep_apnea.log
sleep_apnea	Sleep apnea	crohn	Crohn's disease	immune	-0.0265	0.0316	-0.838607594936709	-0.8379	0.0007075949367088	0.4021	0.542008163265306	0.536533333333333	False	0.0265	NEGATIVE	-0.0067	0.0061	-1.0983606557377	1117616	0.2604	0.0158	16.48	liability	0.2508	0.0266	9.43	liability	1.117	0.0103	0.2693	1.114	0.0095	0.2527	PRIMARY_PHASE1	PRIMARY	none	de Lange 2017 Nat Genet — IIBDGC Crohn's stratum	delange_2017_crohn	GCST004132_build37_40266_20161107	EUR	40266	375657	DISEASE_LIKE_CLINICAL	HEALTH_REGISTRY_DIAGNOSIS	sleep_disordered_breathing	greater sleep-apnea liability	False	NA	results/logs/rg_sleep_apnea.log
sleep_apnea	Sleep apnea	uc	Ulcerative colitis	immune	0.0435	0.0344	1.26453488372093	1.265	0.000465116279069866	0.206	0.334977049180328	0.332384415584416	False	0.0435	POSITIVE	-0.005	0.0055	-0.909090909090909	1117662	0.2604	0.0158	16.48	liability	0.1876	0.0173	10.84	liability	1.117	0.0103	0.2693	1.093	0.0089	0.2994	PRIMARY_PHASE1	PRIMARY	none	de Lange 2017 Nat Genet — IIBDGC UC stratum	delange_2017_uc	GCST004133_build37_45975_20161107	EUR	45975	375657	DISEASE_LIKE_CLINICAL	HEALTH_REGISTRY_DIAGNOSIS	sleep_disordered_breathing	greater sleep-apnea liability	False	NA	results/logs/rg_sleep_apnea.log
sleep_apnea	Sleep apnea	ra	Rheumatoid arthritis	immune	0.0534	0.0363	1.47107438016529	1.473	0.00192561983471062	0.1409	0.245799118942731	0.24378976744186	False	0.0534	POSITIVE	-0.0002	0.0058	-0.0344827586206897	1150375	0.2604	0.0158	16.48	liability	0.1412	0.0139	10.16	liability	1.117	0.0103	0.2693	1.068	0.0091	0.2123	PRIMARY_PHASE1	PRIMARY	none	Ishigaki 2022 Nat Genet — European subset	ishigaki_2022_ra_eur	GCST90132223_Ishigaki_2022_EUR	EUR	97173	375657	DISEASE_LIKE_CLINICAL	HEALTH_REGISTRY_DIAGNOSIS	sleep_disordered_breathing	greater sleep-apnea liability	False	NA	results/logs/rg_sleep_apnea.log
sleep_apnea	Sleep apnea	ms	Multiple sclerosis	immune	0.0216	0.073	0.295890410958904	0.2958	9.04109589041635e-05	0.7674	0.855515730337079	0.854708982035928	False	0.0216	POSITIVE	0.0044	0.0062	0.709677419354839	1154418	0.2604	0.0158	16.48	liability	5.982	1.196	5	liability	1.117	0.0103	0.2693	1.029	0.0081	0.3197	PRIMARY_PHASE1	PRIMARY	source_substitution:Smaller hospital-record Finnish analysis than the inaccessible IMSGC discovery meta-analysis; substitution reduces power and changes ascertainment.	FinnGen R9 G6_MS Finnish-ancestry public release; smaller register-based substitute for the unavailable IMSGC discovery meta-analysis	finngen_r9_ms	FinnGen_R9_G6_MS_2023-05-04	EUR	376169	375657	DISEASE_LIKE_CLINICAL	HEALTH_REGISTRY_DIAGNOSIS	sleep_disordered_breathing	greater sleep-apnea liability	True	Smaller hospital-record Finnish analysis than the inaccessible IMSGC discovery meta-analysis; substitution reduces power and changes ascertainment.	results/logs/rg_sleep_apnea.log
sleep_apnea	Sleep apnea	asthma	Asthma	immune	0.3583	0.0414	8.65458937198068	8.65	0.00458937198067666	5.135e-18	6.7782e-17	7.07488888888889e-17	True	0.3583	POSITIVE	0.1563	0.0069	22.6521739130435	1154300	0.2604	0.0158	16.48	liability	0.2342	0.0161	14.55	liability	1.117	0.0103	0.2693	1.157	0.0128	0.2987	PRIMARY_PHASE1	PRIMARY	source_substitution:Uses register-based FinnGen asthma with additional control exclusions rather than Han 2020 main-UKB all-ancestry ascertainment.	FinnGen R9 J10_ASTHMA_EXMORE Finnish-ancestry public release; ascertainment differs from the replaced Han main-UKB analysis	finngen_r9_asthma_exmore	FinnGen_R9_J10_ASTHMA_EXMORE_2023-05-04	EUR	244562	375657	DISEASE_LIKE_CLINICAL	HEALTH_REGISTRY_DIAGNOSIS	sleep_disordered_breathing	greater sleep-apnea liability	True	Uses register-based FinnGen asthma with additional control exclusions rather than Han 2020 main-UKB all-ancestry ascertainment.	results/logs/rg_sleep_apnea.log
sleep_apnea	Sleep apnea	bmi	BMI	metabolic	0.5238	0.0211	24.824644549763	24.85	0.0253554502369653	2.789e-136	5.52222e-134	5.18754e-134	True	0.5238	POSITIVE	-0.013	0.0096	-1.35416666666667	995662	0.2604	0.0158	16.48	liability	0.1908	0.0053	36	observed	1.117	0.0103	0.2693	1.187	0.0206	0.0635	PRIMARY_PHASE1	PRIMARY	none	Yengo 2018 — GIANT+UKB	yengo_2018_bmi	GCST006900_Yengo_2018_GIANT_UKB	EUR	681275	375657	DISEASE_LIKE_CLINICAL	HEALTH_REGISTRY_DIAGNOSIS	sleep_disordered_breathing	greater sleep-apnea liability	False	NA	results/logs/rg_sleep_apnea.log
sleep_apnea	Sleep apnea	t2d	Type 2 diabetes	metabolic	0.4471	0.0319	14.0156739811912	14	0.0156739811912239	1.597e-44	9.03445714285714e-43	NA	False	0.4471	POSITIVE	0.1915	0.0082	23.3536585365854	1154399	0.2604	0.0158	16.48	liability	0.3329	0.0176	18.91	liability	1.117	0.0103	0.2693	1.315	0.021	0.332	QC_FAILED_SENSITIVITY	EXCLUDED_FROM_PRIMARY_INFERENCE	external_h2:intercept_above_1.2; external_phase1_issues:h2_qc_not_pass; source_substitution:Public Finnish register-based combined T2D definition replaces a larger terms-gated DIAMANTE European meta-analysis.	FinnGen R9 T2D Finnish-ancestry public release; smaller public substitute for the terms-gated DIAMANTE analysis	finngen_r9_t2d	FinnGen_R9_T2D_2023-05-04	EUR	365950	375657	DISEASE_LIKE_CLINICAL	HEALTH_REGISTRY_DIAGNOSIS	sleep_disordered_breathing	greater sleep-apnea liability	True	Public Finnish register-based combined T2D definition replaces a larger terms-gated DIAMANTE European meta-analysis.	results/logs/rg_qc_failed_sensitivity/rg_sleep_apnea.log
sleep_apnea	Sleep apnea	ldl	LDL cholesterol	metabolic	0.0214	0.0262	0.816793893129771	0.8169	0.00010610687022905	0.414	0.553864864864865	0.548071174377224	False	0.0214	POSITIVE	0.0163	0.0086	1.8953488372093	1148749	0.2604	0.0158	16.48	liability	0.0815	0.009	9.06	observed	1.117	0.0103	0.2693	1.141	0.0245	0.068	PRIMARY_PHASE1	PRIMARY	none	Graham 2021 Nature — GLGC	graham_2021_ldl_eur	GCST90239658_LDL_INV_EUR	EUR	1320016	375657	DISEASE_LIKE_CLINICAL	HEALTH_REGISTRY_DIAGNOSIS	sleep_disordered_breathing	greater sleep-apnea liability	False	NA	results/logs/rg_sleep_apnea.log
sleep_apnea	Sleep apnea	hdl	HDL cholesterol	metabolic	-0.2749	0.025	-10.996	-11.01	0.0140000000000011	3.306e-28	1.19016e-26	1.229832e-26	True	0.2749	NEGATIVE	0.0004	0.0077	0.051948051948052	1149601	0.2604	0.0158	16.48	liability	0.1222	0.012	10.18	observed	1.117	0.0103	0.2693	1.196	0.0298	0.0649	PRIMARY_PHASE1	PRIMARY	none	Graham 2021 Nature — GLGC	graham_2021_hdl_eur	GCST90239652_HDL_INV_EUR	EUR	1320016	375657	DISEASE_LIKE_CLINICAL	HEALTH_REGISTRY_DIAGNOSIS	sleep_disordered_breathing	greater sleep-apnea liability	False	NA	results/logs/rg_sleep_apnea.log
sleep_apnea	Sleep apnea	triglycerides	Triglycerides	metabolic	0.2144	0.0279	7.68458781362007	7.689	0.00441218637992868	1.48e-14	1.4652e-13	1.488e-13	True	0.2144	POSITIVE	0.0182	0.0091	2	1148886	0.2604	0.0158	16.48	liability	0.0954	0.008	11.92	observed	1.117	0.0103	0.2693	1.165	0.0275	0.0653	PRIMARY_PHASE1	PRIMARY	none	Graham 2021 Nature — GLGC	graham_2021_triglycerides_eur	GCST90239664_logTG_INV_EUR	EUR	1320016	375657	DISEASE_LIKE_CLINICAL	HEALTH_REGISTRY_DIAGNOSIS	sleep_disordered_breathing	greater sleep-apnea liability	False	NA	results/logs/rg_sleep_apnea.log
sleep_apnea	Sleep apnea	cad	Coronary artery disease	cardio	0.2796	0.0367	7.61852861035422	7.613	0.00552861035422314	2.672e-14	2.58076097560976e-13	2.61574736842105e-13	True	0.2796	POSITIVE	0.0814	0.0066	12.3333333333333	1154417	0.2604	0.0158	16.48	liability	0.1346	0.01	13.46	liability	1.117	0.0103	0.2693	1.162	0.0145	0.328	PRIMARY_PHASE1	PRIMARY	source_substitution:Wide ischaemic-heart-disease endpoint is broader than coronary artery disease and must be labeled as a proxy analysis in all outputs.	FinnGen R9 I9_IHD Finnish-ancestry public release; phenotype-breadth sensitivity flag required in every CAD interpretation	finngen_r9_ihd	FinnGen_R9_I9_IHD_2023-05-04	EUR	377277	375657	DISEASE_LIKE_CLINICAL	HEALTH_REGISTRY_DIAGNOSIS	sleep_disordered_breathing	greater sleep-apnea liability	True	Wide ischaemic-heart-disease endpoint is broader than coronary artery disease and must be labeled as a proxy analysis in all outputs.	results/logs/rg_sleep_apnea.log
sleep_apnea	Sleep apnea	stroke	Stroke (any)	cardio	0.2476	0.0426	5.81220657276995	5.819	0.00679342723004694	5.919e-09	3.3013014084507e-08	3.33616363636364e-08	True	0.2476	POSITIVE	-0.0027	0.0054	-0.5	1150109	0.2604	0.0158	16.48	liability	0.0967	0.008	12.09	liability	1.117	0.0103	0.2693	1.073	0.0069	0.3222	PRIMARY_PHASE1	PRIMARY	none	Mishra 2022 Nature — GIGASTROKE European subset	mishra_2022_any_stroke_eur	GCST90104539_any_stroke_EUR	EUR	1308460	375657	DISEASE_LIKE_CLINICAL	HEALTH_REGISTRY_DIAGNOSIS	sleep_disordered_breathing	greater sleep-apnea liability	False	NA	results/logs/rg_sleep_apnea.log
sleep_apnea	Sleep apnea	atrial_fibrillation	Atrial fibrillation	cardio	0.1304	0.0306	4.26143790849673	4.261	0.000437908496731865	2.032e-05	8.2109387755102e-05	8.30663736263736e-05	True	0.1304	POSITIVE	0.0175	0.0053	3.30188679245283	1153929	0.2604	0.0158	16.48	liability	0.316	0.035	9.03	liability	1.117	0.0103	0.2693	1.012	0.0103	0.0288	PRIMARY_PHASE1	PRIMARY	none	Nielsen 2018 Nat Genet — AFGen	nielsen_2018_atrial_fibrillation	GCST006061_AF_HRC_GWAS_ALLv11	EUR	1030836	375657	DISEASE_LIKE_CLINICAL	HEALTH_REGISTRY_DIAGNOSIS	sleep_disordered_breathing	greater sleep-apnea liability	False	NA	results/logs/rg_sleep_apnea.log
sleep_apnea	Sleep apnea	sbp	Systolic blood pressure	cardio	0.0182	0.025	0.728	0.7299	0.00190000000000001	0.4654	0.598371428571429	0.592906849315068	False	0.0182	POSITIVE	0.011	0.0078	1.41025641025641	1082089	0.2604	0.0158	16.48	liability	0.1325	0.0048	27.6	observed	1.117	0.0103	0.2693	1.153	0.02	0.0721	PRIMARY_PHASE1	PRIMARY	none	Evangelou 2018 Nat Genet — UKB+ICBP European SBP meta-analysis	evangelou_2018_sbp_opengwas	OpenGWAS_ieu-b-38_Evangelou2018_SBP	EUR	757601	375657	DISEASE_LIKE_CLINICAL	HEALTH_REGISTRY_DIAGNOSIS	sleep_disordered_breathing	greater sleep-apnea liability	False	NA	results/logs/rg_sleep_apnea.log
sleep_apnea	Sleep apnea	longevity	Longevity (90th percentile)	aging	-0.136	0.0718	-1.8941504178273	-1.894	0.000150417827298188	0.0582	0.1200375	0.118958241758242	False	0.136	NEGATIVE	-0.0076	0.0054	-1.40740740740741	1144370	0.2604	0.0158	16.48	liability	0.1674	0.0243	6.89	liability	1.117	0.0103	0.2693	1.006	0.0064	0.0823	PRIMARY_PHASE1	PRIMARY	none	Deelen 2019 Nat Commun	deelen_2019_longevity_90th	GCST008598_90th_percentile	EUR	36745	375657	DISEASE_LIKE_CLINICAL	HEALTH_REGISTRY_DIAGNOSIS	sleep_disordered_breathing	greater sleep-apnea liability	False	NA	results/logs/rg_sleep_apnea.log
sleep_apnea	Sleep apnea	parental_lifespan	Parental lifespan	aging	-0.2617	0.0364	-7.18956043956044	-7.187	0.00256043956043861	6.624e-13	5.58107234042553e-12	5.60029090909091e-12	True	0.2617	NEGATIVE	0.0038	0.0056	0.678571428571429	1128460	0.2604	0.0158	16.48	liability	0.0236	0.0012	19.67	observed	1.117	0.0103	0.2693	1.047	0.0082	0.1397	PRIMARY_PHASE1	PRIMARY	none	Timmers 2019 eLife — GCST009890	timmers_2019_parental_lifespan	GCST009890	EUR	1012240	375657	DISEASE_LIKE_CLINICAL	HEALTH_REGISTRY_DIAGNOSIS	sleep_disordered_breathing	greater sleep-apnea liability	False	NA	results/logs/rg_sleep_apnea.log
sleep_apnea	Sleep apnea	healthspan	Healthspan	aging	0.4005	0.0421	9.51306413301663	9.504	0.00906413301662923	2.022e-21	3.07966153846154e-20	3.2703652173913e-20	True	0.4005	POSITIVE	-0.0036	0.0057	-0.631578947368421	1148830	0.2604	0.0158	16.48	liability	0.029	0.0025	11.6	observed	1.117	0.0103	0.2693	1.052	0.0081	0.2366	PRIMARY_PHASE1	PRIMARY	none	Zenin 2019 Commun Biol — GCST007406	zenin_2019_healthspan	GCST007406	EUR	300447	375657	DISEASE_LIKE_CLINICAL	HEALTH_REGISTRY_DIAGNOSIS	sleep_disordered_breathing	greater sleep-apnea liability	False	NA	results/logs/rg_sleep_apnea.log
sleep_apnea	Sleep apnea	frailty	Frailty index	aging	0.4687	0.0321	14.601246105919	14.58	0.0212461059190048	3.516e-48	2.32056e-46	2.17992e-46	True	0.4687	POSITIVE	-0.0026	0.0062	-0.419354838709677	1143033	0.2604	0.0158	16.48	liability	0.1093	0.005	21.86	observed	1.117	0.0103	0.2693	1.02	0.0086	0.0509	PRIMARY_PHASE1	PRIMARY	none	Atkins 2021 Aging Cell — GCST90020053	atkins_2021_frailty_index	GCST90020053	EUR	175226	375657	DISEASE_LIKE_CLINICAL	HEALTH_REGISTRY_DIAGNOSIS	sleep_disordered_breathing	greater sleep-apnea liability	False	NA	results/logs/rg_sleep_apnea.log
sleep_apnea	Sleep apnea	telomere_length	Leukocyte telomere length	aging	-0.0685	0.0301	-2.27574750830565	-2.274	0.00174750830564818	0.023	0.0547760479041916	0.0540452830188679	False	0.0685	NEGATIVE	-0.0009	0.0068	-0.132352941176471	1144413	0.2604	0.0158	16.48	liability	0.0634	0.0038	16.68	observed	1.117	0.0103	0.2693	1.089	0.0135	0.1339	PRIMARY_PHASE1	PRIMARY	source_substitution:Strict NFE stratum replaces the larger mixed-ancestry full-UKB Codd release; no upstream checksum was located, so first acquisition relies on HTTPS byte count before local SHA-256 registration.	Burren 2024 Nat Genet — GWAS Catalog GCST90435144 non-Finnish-European stratum	burren_2024_telomere_nfe	GCST90435144_Burren_2024_NFE	EUR	438351	375657	DISEASE_LIKE_CLINICAL	HEALTH_REGISTRY_DIAGNOSIS	sleep_disordered_breathing	greater sleep-apnea liability	True	Strict NFE stratum replaces the larger mixed-ancestry full-UKB Codd release; no upstream checksum was located, so first acquisition relies on HTTPS byte count before local SHA-256 registration.	results/logs/rg_sleep_apnea.log
sleep_apnea	Sleep apnea	grip_strength	Hand grip strength	aging	-0.0927	0.0244	-3.79918032786885	-3.794	0.00518032786885225	0.0001	0.000363302752293578	0.000364705882352941	True	0.0927	NEGATIVE	0.0009	0.006	0.15	1143986	0.2604	0.0158	16.48	liability	0.1105	0.0038	29.08	observed	1.117	0.0103	0.2693	1.058	0.0118	0.0684	PRIMARY_PHASE1	PRIMARY	none	Neale Lab UKB round 2 — field 46	neale_2018_left_grip_strength	Neale_round2_field46	EUR	359704	375657	DISEASE_LIKE_CLINICAL	HEALTH_REGISTRY_DIAGNOSIS	sleep_disordered_breathing	greater sleep-apnea liability	False	NA	results/logs/rg_sleep_apnea.log
sleep_apnea	Sleep apnea	breast_cancer	Breast cancer (overall)	cancer	-0.0049	0.0292	-0.167808219178082	-0.1671	0.000708219178082198	0.8673	0.9108	0.91103323943662	False	0.0049	NEGATIVE	0.0037	0.0063	0.587301587301587	1053978	0.2604	0.0158	16.48	liability	0.1186	0.0069	17.19	liability	1.117	0.0103	0.2693	1.089	0.0116	0.1538	PRIMARY_PHASE1	PRIMARY	none	Zhang 2020 Nat Genet — BCAC overall European release	bcac_2020_overall_breast_cancer	BCAC_2020_overall_EUR	EUR	247173	375657	DISEASE_LIKE_CLINICAL	HEALTH_REGISTRY_DIAGNOSIS	sleep_disordered_breathing	greater sleep-apnea liability	False	NA	results/logs/rg_sleep_apnea.log
sleep_apnea	Sleep apnea	prostate_cancer	Prostate cancer (overall)	cancer	0.0315	0.0469	0.671641791044776	0.6713	0.000341791044776163	0.5021	0.639329903536977	0.635310204081633	False	0.0315	POSITIVE	-0.0138	0.0077	-1.79220779220779	802032	0.2604	0.0158	16.48	liability	0.1738	0.0272	6.39	liability	1.117	0.0103	0.2693	1.06	0.0162	0.1348	PRIMARY_PHASE1	PRIMARY	none	Schumacher 2018 Nat Genet — PRACTICAL EUR fixed-effect meta-analysis	schumacher_2018_prostate_cancer	GCST006085_EUR	EUR	140254	375657	DISEASE_LIKE_CLINICAL	HEALTH_REGISTRY_DIAGNOSIS	sleep_disordered_breathing	greater sleep-apnea liability	False	NA	results/logs/rg_sleep_apnea.log
sleep_apnea	Sleep apnea	colorectal_cancer	Colorectal cancer	cancer	0.0145	0.0332	0.436746987951807	0.436	0.000746987951807221	0.6628	0.771967058823529	0.768104672897196	False	0.0145	POSITIVE	0.0009	0.0064	0.140625	1142577	0.2604	0.0158	16.48	liability	0.0873	0.0068	12.84	liability	1.117	0.0103	0.2693	1.106	0.0107	0.2198	PRIMARY_PHASE1	PRIMARY	none	Fernandez-Rozadilla 2023 Nat Genet — European stratum	fernandez_rozadilla_2023_colorectal_eur	GCST90255675_EUR	EUR	185616	375657	DISEASE_LIKE_CLINICAL	HEALTH_REGISTRY_DIAGNOSIS	sleep_disordered_breathing	greater sleep-apnea liability	False	NA	results/logs/rg_sleep_apnea.log
sleep_apnea	Sleep apnea	lung_cancer	Lung cancer	cancer	-0.0018	0.047	-0.0382978723404255	-0.0379	0.000397872340425529	0.9697	0.972154936708861	0.972313746630728	False	0.0018	NEGATIVE	0.0017	0.006	0.283333333333333	1086027	0.2604	0.0158	16.48	liability	0.0876	0.0132	6.64	liability	1.117	0.0103	0.2693	1.046	0.0083	0.2495	PRIMARY_PHASE1	PRIMARY	none	McKay 2017 Nat Genet — ILCCO overall lung cancer	mckay_2017_lung_cancer_eur	GCST004748_overall	EUR	85716	375657	DISEASE_LIKE_CLINICAL	HEALTH_REGISTRY_DIAGNOSIS	sleep_disordered_breathing	greater sleep-apnea liability	False	NA	results/logs/rg_sleep_apnea.log
sleep_apnea	Sleep apnea	melanoma	Cutaneous melanoma	cancer	-0.1351	0.0878	-1.53872437357631	-1.539	0.000275626423690278	0.1239	0.225066055045872	NA	False	0.1351	NEGATIVE	0.0129	0.0066	1.95454545454545	1154266	0.2604	0.0158	16.48	liability	3.731	1.046	3.57	liability	1.117	0.0103	0.2693	1.034	0.0092	0.3797	QC_FAILED_SENSITIVITY	EXCLUDED_FROM_PRIMARY_INFERENCE	external_h2:h2_z_below_4; external_phase1_issues:h2_qc_not_pass; source_substitution:Much smaller register-based melanoma endpoint with cancer-free controls replaces the controlled Landi confirmed-only meta-analysis.	FinnGen R9 C3_MELANOMA_SKIN_EXALLC Finnish-ancestry public release; smaller register-based substitute with a distinct control definition	finngen_r9_melanoma_skin_exallc	FinnGen_R9_C3_MELANOMA_SKIN_EXALLC_2023-05-04	EUR	290130	375657	DISEASE_LIKE_CLINICAL	HEALTH_REGISTRY_DIAGNOSIS	sleep_disordered_breathing	greater sleep-apnea liability	True	Much smaller register-based melanoma endpoint with cancer-free controls replaces the controlled Landi confirmed-only meta-analysis.	results/logs/rg_qc_failed_sensitivity/rg_sleep_apnea.log
sleep_apnea	Sleep apnea	ovarian_cancer	Ovarian cancer (all invasive epithelial)	cancer	-0.0355	0.0665	-0.533834586466165	-0.5341	0.000265413533834691	0.5933	0.725144444444444	0.721266666666667	False	0.0355	NEGATIVE	0.0016	0.0057	0.280701754385965	1084645	0.2604	0.0158	16.48	liability	0.0327	0.0076	4.3	liability	1.117	0.0103	0.2693	1.031	0.007	0.343	PRIMARY_PHASE1	PRIMARY	none	Phelan 2017 Nat Genet — OCAC European GCST004462	phelan_2017_ovarian_cancer	GCST004462_EUR	EUR	63347	375657	DISEASE_LIKE_CLINICAL	HEALTH_REGISTRY_DIAGNOSIS	sleep_disordered_breathing	greater sleep-apnea liability	False	NA	results/logs/rg_sleep_apnea.log
sleep_efficiency	Actigraphy sleep efficiency	alz	Alzheimer's disease	neuro	-0.0241	0.0515	-0.467961165048544	-0.4677	0.000261165048543732	0.64	0.754285714285714	0.751041009463722	False	0.0241	NEGATIVE	-0.0001	0.0051	-0.0196078431372549	1159696	0.1024	0.0074	13.84	observed	0.0537	0.0052	10.33	liability	1.011	0.007	0.0584	1.069	0.0101	0.2534	PRIMARY_PHASE1	PRIMARY	none	Bellenguez 2022 Nat Genet — all-European Stage I discovery meta-analysis	bellenguez_2022_alzheimer_stage1	GCST90027158_stage1_GRCh38	EUR	487511	84810	OBJECTIVE_ACTIGRAPHY	WRIST_ACTIGRAPHY	objective_sleep_quality	higher actigraphy sleep efficiency	False	NA	results/logs/rg_sleep_efficiency.log
sleep_efficiency	Actigraphy sleep efficiency	parkinson	Parkinson's disease	neuro	0.0466	0.0484	0.962809917355372	0.9629	9.00826446279535e-05	0.3356	0.478476258992806	0.473313636363636	False	0.0466	POSITIVE	-0.0005	0.005	-0.1	1131541	0.1024	0.0074	13.84	observed	0.1296	0.0117	11.08	liability	1.011	0.007	0.0584	0.984	0.0065	NA	PRIMARY_PHASE1	PRIMARY	none	Nalls 2019 Lancet Neurol — public restricted-cohort-excluded release with UKB proxy cases	nalls_2019_parkinson_public_proxy	GCST009325_public_EUR_proxy_GRCh37	EUR	482730	84810	OBJECTIVE_ACTIGRAPHY	WRIST_ACTIGRAPHY	objective_sleep_quality	higher actigraphy sleep efficiency	False	NA	results/logs/rg_sleep_efficiency.log
sleep_efficiency	Actigraphy sleep efficiency	mdd	Major depressive disorder	psychiatric	-0.1158	0.0353	-3.28045325779037	-3.278	0.00245325779036865	0.001	0.00319354838709677	0.00320689655172414	True	0.1158	NEGATIVE	-0.0089	0.0061	-1.45901639344262	1155430	0.1024	0.0074	13.84	observed	0.0885	0.0035	25.29	liability	1.011	0.007	0.0584	1.002	0.0098	0.0033	PRIMARY_PHASE1	PRIMARY	none	Howard 2019 Nat Neurosci — public genome-wide UKB plus PGC_139k release without 23andMe	howard_2019_mdd_no23andme	PGC_UKB_depression_genome-wide_no23andMe	EUR	500199	84810	OBJECTIVE_ACTIGRAPHY	WRIST_ACTIGRAPHY	objective_sleep_quality	higher actigraphy sleep efficiency	False	NA	results/logs/rg_sleep_efficiency.log
sleep_efficiency	Actigraphy sleep efficiency	scz	Schizophrenia	psychiatric	-0.1253	0.035	-3.58	-3.585	0.00500000000000034	0.0003	0.00105132743362832	0.00106285714285714	True	0.1253	NEGATIVE	-0.011	0.0067	-1.64179104477612	1159270	0.1024	0.0074	13.84	observed	0.2282	0.0074	30.84	liability	1.011	0.007	0.0584	1.079	0.0121	0.0782	PRIMARY_PHASE1	PRIMARY	none	Trubetskoy 2022 Nature — PGC3 Wave 3 European autosomal stratum	trubetskoy_2022_scz_eur	PGC3_SCZ_wave3_european_autosome_public_v3	EUR	130644	84810	OBJECTIVE_ACTIGRAPHY	WRIST_ACTIGRAPHY	objective_sleep_quality	higher actigraphy sleep efficiency	False	NA	results/logs/rg_sleep_efficiency.log
sleep_efficiency	Actigraphy sleep efficiency	bipolar	Bipolar disorder	psychiatric	-0.0418	0.0339	-1.2330383480826	-1.233	3.83480825956184e-05	0.2176	0.351712653061224	0.348910344827586	False	0.0418	NEGATIVE	-0.0108	0.0056	-1.92857142857143	1162937	0.1024	0.0074	13.84	observed	0.516	0.0196	26.33	liability	1.011	0.007	0.0584	1.025	0.0085	0.0428	PRIMARY_PHASE1	PRIMARY	none	Mullins 2021 Nat Genet — PGC3 all-bipolar-disorder cases	mullins_2021_bipolar_eur	pgc-bip2021-all_Figshare_v2	EUR	413466	84810	OBJECTIVE_ACTIGRAPHY	WRIST_ACTIGRAPHY	objective_sleep_quality	higher actigraphy sleep efficiency	False	NA	results/logs/rg_sleep_efficiency.log
sleep_efficiency	Actigraphy sleep efficiency	adhd	ADHD	psychiatric	-0.1237	0.0403	-3.06947890818859	-3.07	0.000521091811414465	0.0021	0.00625263157894737	0.0062496	True	0.1237	NEGATIVE	-0.0014	0.0069	-0.202898550724638	1084516	0.1024	0.0074	13.84	observed	0.2405	0.0107	22.48	liability	1.011	0.007	0.0584	1.042	0.0094	0.0924	PRIMARY_PHASE1	PRIMARY	none	Demontis 2023 Nat Genet — iPSYCH, deCODE, and PGC European meta-analysis	demontis_2023_adhd_eur	ADHD2022_iPSYCH_deCODE_PGC_January_2022_release	EUR	225534	84810	OBJECTIVE_ACTIGRAPHY	WRIST_ACTIGRAPHY	objective_sleep_quality	higher actigraphy sleep efficiency	False	NA	results/logs/rg_sleep_efficiency.log
sleep_efficiency	Actigraphy sleep efficiency	ibd	Inflammatory bowel disease	immune	0.0312	0.039	0.8	0.799	0.00099999999999989	0.4243	0.561949163879599	0.55577323943662	False	0.0312	POSITIVE	-0.0066	0.0057	-1.15789473684211	1134096	0.1024	0.0074	13.84	observed	0.1483	0.0129	11.5	liability	1.011	0.007	0.0584	1.144	0.0096	0.2886	PRIMARY_PHASE1	PRIMARY	none	de Lange 2017 Nat Genet — IIBDGC	delange_2017_ibd	GCST004131_build37_59957_20161107	EUR	59957	84810	OBJECTIVE_ACTIGRAPHY	WRIST_ACTIGRAPHY	objective_sleep_quality	higher actigraphy sleep efficiency	False	NA	results/logs/rg_sleep_efficiency.log
sleep_efficiency	Actigraphy sleep efficiency	crohn	Crohn's disease	immune	0.0402	0.0375	1.072	1.071	0.00100000000000011	0.284	0.426	0.420908366533865	False	0.0402	POSITIVE	-0.007	0.0054	-1.2962962962963	1134045	0.1024	0.0074	13.84	observed	0.2508	0.0266	9.43	liability	1.011	0.007	0.0584	1.114	0.0095	0.2527	PRIMARY_PHASE1	PRIMARY	none	de Lange 2017 Nat Genet — IIBDGC Crohn's stratum	delange_2017_crohn	GCST004132_build37_40266_20161107	EUR	40266	84810	OBJECTIVE_ACTIGRAPHY	WRIST_ACTIGRAPHY	objective_sleep_quality	higher actigraphy sleep efficiency	False	NA	results/logs/rg_sleep_efficiency.log
sleep_efficiency	Actigraphy sleep efficiency	uc	Ulcerative colitis	immune	0.0124	0.0483	0.256728778467909	0.2563	0.000428778467908897	0.7977	0.872396703296703	0.873709090909091	False	0.0124	POSITIVE	-0.0009	0.006	-0.15	1134059	0.1024	0.0074	13.84	observed	0.1876	0.0173	10.84	liability	1.011	0.007	0.0584	1.093	0.0089	0.2994	PRIMARY_PHASE1	PRIMARY	none	de Lange 2017 Nat Genet — IIBDGC UC stratum	delange_2017_uc	GCST004133_build37_45975_20161107	EUR	45975	84810	OBJECTIVE_ACTIGRAPHY	WRIST_ACTIGRAPHY	objective_sleep_quality	higher actigraphy sleep efficiency	False	NA	results/logs/rg_sleep_efficiency.log
sleep_efficiency	Actigraphy sleep efficiency	ra	Rheumatoid arthritis	immune	0.0883	0.0428	2.06308411214953	2.064	0.000915887850467367	0.039	0.0867640449438202	0.0858461538461538	False	0.0883	POSITIVE	0.0028	0.0054	0.518518518518518	1168701	0.1024	0.0074	13.84	observed	0.1412	0.0139	10.16	liability	1.011	0.007	0.0584	1.068	0.0091	0.2123	PRIMARY_PHASE1	PRIMARY	none	Ishigaki 2022 Nat Genet — European subset	ishigaki_2022_ra_eur	GCST90132223_Ishigaki_2022_EUR	EUR	97173	84810	OBJECTIVE_ACTIGRAPHY	WRIST_ACTIGRAPHY	objective_sleep_quality	higher actigraphy sleep efficiency	False	NA	results/logs/rg_sleep_efficiency.log
sleep_efficiency	Actigraphy sleep efficiency	ms	Multiple sclerosis	immune	-0.0073	0.0786	-0.0928753180661578	-0.0933	0.000424681933842236	0.9257	0.947227906976744	0.948651239669421	False	0.0073	NEGATIVE	0.0032	0.0048	0.666666666666667	1146644	0.1024	0.0074	13.84	observed	5.982	1.196	5	liability	1.011	0.007	0.0584	1.029	0.0081	0.3197	PRIMARY_PHASE1	PRIMARY	source_substitution:Smaller hospital-record Finnish analysis than the inaccessible IMSGC discovery meta-analysis; substitution reduces power and changes ascertainment.	FinnGen R9 G6_MS Finnish-ancestry public release; smaller register-based substitute for the unavailable IMSGC discovery meta-analysis	finngen_r9_ms	FinnGen_R9_G6_MS_2023-05-04	EUR	376169	84810	OBJECTIVE_ACTIGRAPHY	WRIST_ACTIGRAPHY	objective_sleep_quality	higher actigraphy sleep efficiency	True	Smaller hospital-record Finnish analysis than the inaccessible IMSGC discovery meta-analysis; substitution reduces power and changes ascertainment.	results/logs/rg_sleep_efficiency.log
sleep_efficiency	Actigraphy sleep efficiency	asthma	Asthma	immune	-0.0186	0.0394	-0.472081218274112	-0.4729	0.00081878172588834	0.6363	0.754054925373134	0.750945569620253	False	0.0186	NEGATIVE	-0.0079	0.0055	-1.43636363636364	1146564	0.1024	0.0074	13.84	observed	0.2342	0.0161	14.55	liability	1.011	0.007	0.0584	1.157	0.0128	0.2987	PRIMARY_PHASE1	PRIMARY	source_substitution:Uses register-based FinnGen asthma with additional control exclusions rather than Han 2020 main-UKB all-ancestry ascertainment.	FinnGen R9 J10_ASTHMA_EXMORE Finnish-ancestry public release; ascertainment differs from the replaced Han main-UKB analysis	finngen_r9_asthma_exmore	FinnGen_R9_J10_ASTHMA_EXMORE_2023-05-04	EUR	244562	84810	OBJECTIVE_ACTIGRAPHY	WRIST_ACTIGRAPHY	objective_sleep_quality	higher actigraphy sleep efficiency	True	Uses register-based FinnGen asthma with additional control exclusions rather than Han 2020 main-UKB all-ancestry ascertainment.	results/logs/rg_sleep_efficiency.log
sleep_efficiency	Actigraphy sleep efficiency	bmi	BMI	metabolic	-0.1631	0.0247	-6.60323886639676	-6.608	0.00476113360323893	3.893e-11	2.70738947368421e-10	2.6846e-10	True	0.1631	NEGATIVE	-0.042	0.008	-5.25	1013850	0.1024	0.0074	13.84	observed	0.1908	0.0053	36	observed	1.011	0.007	0.0584	1.187	0.0206	0.0635	PRIMARY_PHASE1	PRIMARY	none	Yengo 2018 — GIANT+UKB	yengo_2018_bmi	GCST006900_Yengo_2018_GIANT_UKB	EUR	681275	84810	OBJECTIVE_ACTIGRAPHY	WRIST_ACTIGRAPHY	objective_sleep_quality	higher actigraphy sleep efficiency	False	NA	results/logs/rg_sleep_efficiency.log
sleep_efficiency	Actigraphy sleep efficiency	t2d	Type 2 diabetes	metabolic	-0.1278	0.0352	-3.63068181818182	-3.625	0.0056818181818179	0.0003	0.00105132743362832	NA	False	0.1278	NEGATIVE	0.004	0.0059	0.677966101694915	1146630	0.1024	0.0074	13.84	observed	0.3329	0.0176	18.91	liability	1.011	0.007	0.0584	1.315	0.021	0.332	QC_FAILED_SENSITIVITY	EXCLUDED_FROM_PRIMARY_INFERENCE	external_h2:intercept_above_1.2; external_phase1_issues:h2_qc_not_pass; source_substitution:Public Finnish register-based combined T2D definition replaces a larger terms-gated DIAMANTE European meta-analysis.	FinnGen R9 T2D Finnish-ancestry public release; smaller public substitute for the terms-gated DIAMANTE analysis	finngen_r9_t2d	FinnGen_R9_T2D_2023-05-04	EUR	365950	84810	OBJECTIVE_ACTIGRAPHY	WRIST_ACTIGRAPHY	objective_sleep_quality	higher actigraphy sleep efficiency	True	Public Finnish register-based combined T2D definition replaces a larger terms-gated DIAMANTE European meta-analysis.	results/logs/rg_qc_failed_sensitivity/rg_sleep_efficiency.log
sleep_efficiency	Actigraphy sleep efficiency	ldl	LDL cholesterol	metabolic	0.0361	0.0264	1.36742424242424	1.366	0.00142424242424233	0.1721	0.292496137339056	0.291005454545455	False	0.0361	POSITIVE	-0.0038	0.0071	-0.535211267605634	1170326	0.1024	0.0074	13.84	observed	0.0815	0.009	9.06	observed	1.011	0.007	0.0584	1.141	0.0245	0.068	PRIMARY_PHASE1	PRIMARY	none	Graham 2021 Nature — GLGC	graham_2021_ldl_eur	GCST90239658_LDL_INV_EUR	EUR	1320016	84810	OBJECTIVE_ACTIGRAPHY	WRIST_ACTIGRAPHY	objective_sleep_quality	higher actigraphy sleep efficiency	False	NA	results/logs/rg_sleep_efficiency.log
sleep_efficiency	Actigraphy sleep efficiency	hdl	HDL cholesterol	metabolic	0.0691	0.0263	2.62737642585551	2.632	0.00462357414448711	0.0085	0.0232137931034483	0.0230802919708029	True	0.0691	POSITIVE	0.0105	0.0072	1.45833333333333	1170792	0.1024	0.0074	13.84	observed	0.1222	0.012	10.18	observed	1.011	0.007	0.0584	1.196	0.0298	0.0649	PRIMARY_PHASE1	PRIMARY	none	Graham 2021 Nature — GLGC	graham_2021_hdl_eur	GCST90239652_HDL_INV_EUR	EUR	1320016	84810	OBJECTIVE_ACTIGRAPHY	WRIST_ACTIGRAPHY	objective_sleep_quality	higher actigraphy sleep efficiency	False	NA	results/logs/rg_sleep_efficiency.log
sleep_efficiency	Actigraphy sleep efficiency	triglycerides	Triglycerides	metabolic	-0.0786	0.0245	-3.20816326530612	-3.204	0.0041632653061221	0.0014	0.00429767441860465	0.00430413223140496	True	0.0786	NEGATIVE	-0.0018	0.0065	-0.276923076923077	1170296	0.1024	0.0074	13.84	observed	0.0954	0.008	11.92	observed	1.011	0.007	0.0584	1.165	0.0275	0.0653	PRIMARY_PHASE1	PRIMARY	none	Graham 2021 Nature — GLGC	graham_2021_triglycerides_eur	GCST90239664_logTG_INV_EUR	EUR	1320016	84810	OBJECTIVE_ACTIGRAPHY	WRIST_ACTIGRAPHY	objective_sleep_quality	higher actigraphy sleep efficiency	False	NA	results/logs/rg_sleep_efficiency.log
sleep_efficiency	Actigraphy sleep efficiency	cad	Coronary artery disease	cardio	0.0026	0.0407	0.0638820638820639	0.0642	0.00031793611793611	0.9488	0.963229591836735	0.963864130434783	False	0.0026	POSITIVE	0.0043	0.0052	0.826923076923077	1146642	0.1024	0.0074	13.84	observed	0.1346	0.01	13.46	liability	1.011	0.007	0.0584	1.162	0.0145	0.328	PRIMARY_PHASE1	PRIMARY	source_substitution:Wide ischaemic-heart-disease endpoint is broader than coronary artery disease and must be labeled as a proxy analysis in all outputs.	FinnGen R9 I9_IHD Finnish-ancestry public release; phenotype-breadth sensitivity flag required in every CAD interpretation	finngen_r9_ihd	FinnGen_R9_I9_IHD_2023-05-04	EUR	377277	84810	OBJECTIVE_ACTIGRAPHY	WRIST_ACTIGRAPHY	objective_sleep_quality	higher actigraphy sleep efficiency	True	Wide ischaemic-heart-disease endpoint is broader than coronary artery disease and must be labeled as a proxy analysis in all outputs.	results/logs/rg_sleep_efficiency.log
sleep_efficiency	Actigraphy sleep efficiency	stroke	Stroke (any)	cardio	-0.1213	0.0509	-2.38310412573674	-2.385	0.0018958742632611	0.0171	0.0431312101910828	0.0426926174496644	True	0.1213	NEGATIVE	0.0041	0.0051	0.803921568627451	1171297	0.1024	0.0074	13.84	observed	0.0967	0.008	12.09	liability	1.011	0.007	0.0584	1.073	0.0069	0.3222	PRIMARY_PHASE1	PRIMARY	none	Mishra 2022 Nature — GIGASTROKE European subset	mishra_2022_any_stroke_eur	GCST90104539_any_stroke_EUR	EUR	1308460	84810	OBJECTIVE_ACTIGRAPHY	WRIST_ACTIGRAPHY	objective_sleep_quality	higher actigraphy sleep efficiency	False	NA	results/logs/rg_sleep_efficiency.log
sleep_efficiency	Actigraphy sleep efficiency	atrial_fibrillation	Atrial fibrillation	cardio	-0.0532	0.0341	-1.56011730205279	-1.56	0.000117302052785817	0.1187	0.217616666666667	0.215397073170732	False	0.0532	NEGATIVE	-0.0023	0.0051	-0.450980392156863	1172657	0.1024	0.0074	13.84	observed	0.316	0.035	9.03	liability	1.011	0.007	0.0584	1.012	0.0103	0.0288	PRIMARY_PHASE1	PRIMARY	none	Nielsen 2018 Nat Genet — AFGen	nielsen_2018_atrial_fibrillation	GCST006061_AF_HRC_GWAS_ALLv11	EUR	1030836	84810	OBJECTIVE_ACTIGRAPHY	WRIST_ACTIGRAPHY	objective_sleep_quality	higher actigraphy sleep efficiency	False	NA	results/logs/rg_sleep_efficiency.log
sleep_efficiency	Actigraphy sleep efficiency	sbp	Systolic blood pressure	cardio	0.0268	0.0267	1.00374531835206	1.006	0.00225468164794007	0.3145	0.456197802197802	0.451714285714286	False	0.0268	POSITIVE	0.0069	0.0077	0.896103896103896	1101845	0.1024	0.0074	13.84	observed	0.1325	0.0048	27.6	observed	1.011	0.007	0.0584	1.153	0.02	0.0721	PRIMARY_PHASE1	PRIMARY	none	Evangelou 2018 Nat Genet — UKB+ICBP European SBP meta-analysis	evangelou_2018_sbp_opengwas	OpenGWAS_ieu-b-38_Evangelou2018_SBP	EUR	757601	84810	OBJECTIVE_ACTIGRAPHY	WRIST_ACTIGRAPHY	objective_sleep_quality	higher actigraphy sleep efficiency	False	NA	results/logs/rg_sleep_efficiency.log
sleep_efficiency	Actigraphy sleep efficiency	longevity	Longevity (90th percentile)	aging	-0.0776	0.0741	-1.0472334682861	-1.047	0.000233468286100047	0.295	0.435747211895911	0.430125	False	0.0776	NEGATIVE	0.0122	0.0042	2.90476190476191	1164620	0.1024	0.0074	13.84	observed	0.1674	0.0243	6.89	liability	1.011	0.007	0.0584	1.006	0.0064	0.0823	PRIMARY_PHASE1	PRIMARY	none	Deelen 2019 Nat Commun	deelen_2019_longevity_90th	GCST008598_90th_percentile	EUR	36745	84810	OBJECTIVE_ACTIGRAPHY	WRIST_ACTIGRAPHY	objective_sleep_quality	higher actigraphy sleep efficiency	False	NA	results/logs/rg_sleep_efficiency.log
sleep_efficiency	Actigraphy sleep efficiency	parental_lifespan	Parental lifespan	aging	0.1229	0.0411	2.99026763990268	2.986	0.0042676399026762	0.0028	0.00821333333333333	0.00820157480314961	True	0.1229	POSITIVE	-0.0021	0.0049	-0.428571428571429	1149155	0.1024	0.0074	13.84	observed	0.0236	0.0012	19.67	observed	1.011	0.007	0.0584	1.047	0.0082	0.1397	PRIMARY_PHASE1	PRIMARY	none	Timmers 2019 eLife — GCST009890	timmers_2019_parental_lifespan	GCST009890	EUR	1012240	84810	OBJECTIVE_ACTIGRAPHY	WRIST_ACTIGRAPHY	objective_sleep_quality	higher actigraphy sleep efficiency	False	NA	results/logs/rg_sleep_efficiency.log
sleep_efficiency	Actigraphy sleep efficiency	healthspan	Healthspan	aging	-0.1156	0.0502	-2.30278884462151	-2.303	0.000211155378486261	0.0213	0.0514317073170732	0.0507923076923077	False	0.1156	NEGATIVE	-0.0094	0.005	-1.88	1171676	0.1024	0.0074	13.84	observed	0.029	0.0025	11.6	observed	1.011	0.007	0.0584	1.052	0.0081	0.2366	PRIMARY_PHASE1	PRIMARY	none	Zenin 2019 Commun Biol — GCST007406	zenin_2019_healthspan	GCST007406	EUR	300447	84810	OBJECTIVE_ACTIGRAPHY	WRIST_ACTIGRAPHY	objective_sleep_quality	higher actigraphy sleep efficiency	False	NA	results/logs/rg_sleep_efficiency.log
sleep_efficiency	Actigraphy sleep efficiency	frailty	Frailty index	aging	-0.152	0.0365	-4.16438356164384	-4.166	0.00161643835616498	3.098e-05	0.000120275294117647	0.000121311157894737	True	0.152	NEGATIVE	-0.0213	0.0049	-4.3469387755102	1166540	0.1024	0.0074	13.84	observed	0.1093	0.005	21.86	observed	1.011	0.007	0.0584	1.02	0.0086	0.0509	PRIMARY_PHASE1	PRIMARY	none	Atkins 2021 Aging Cell — GCST90020053	atkins_2021_frailty_index	GCST90020053	EUR	175226	84810	OBJECTIVE_ACTIGRAPHY	WRIST_ACTIGRAPHY	objective_sleep_quality	higher actigraphy sleep efficiency	False	NA	results/logs/rg_sleep_efficiency.log
sleep_efficiency	Actigraphy sleep efficiency	telomere_length	Leukocyte telomere length	aging	-0.0174	0.0365	-0.476712328767123	-0.4751	0.00161232876712325	0.6347	0.754054925373134	0.750945569620253	False	0.0174	NEGATIVE	-0.0053	0.0058	-0.913793103448276	1167100	0.1024	0.0074	13.84	observed	0.0634	0.0038	16.68	observed	1.011	0.007	0.0584	1.089	0.0135	0.1339	PRIMARY_PHASE1	PRIMARY	source_substitution:Strict NFE stratum replaces the larger mixed-ancestry full-UKB Codd release; no upstream checksum was located, so first acquisition relies on HTTPS byte count before local SHA-256 registration.	Burren 2024 Nat Genet — GWAS Catalog GCST90435144 non-Finnish-European stratum	burren_2024_telomere_nfe	GCST90435144_Burren_2024_NFE	EUR	438351	84810	OBJECTIVE_ACTIGRAPHY	WRIST_ACTIGRAPHY	objective_sleep_quality	higher actigraphy sleep efficiency	True	Strict NFE stratum replaces the larger mixed-ancestry full-UKB Codd release; no upstream checksum was located, so first acquisition relies on HTTPS byte count before local SHA-256 registration.	results/logs/rg_sleep_efficiency.log
sleep_efficiency	Actigraphy sleep efficiency	grip_strength	Hand grip strength	aging	0.0492	0.031	1.58709677419355	1.588	0.000903225806451635	0.1123	0.207807476635514	0.205791133004926	False	0.0492	POSITIVE	0.0126	0.0061	2.0655737704918	1169540	0.1024	0.0074	13.84	observed	0.1105	0.0038	29.08	observed	1.011	0.007	0.0584	1.058	0.0118	0.0684	PRIMARY_PHASE1	PRIMARY	none	Neale Lab UKB round 2 — field 46	neale_2018_left_grip_strength	Neale_round2_field46	EUR	359704	84810	OBJECTIVE_ACTIGRAPHY	WRIST_ACTIGRAPHY	objective_sleep_quality	higher actigraphy sleep efficiency	False	NA	results/logs/rg_sleep_efficiency.log
sleep_efficiency	Actigraphy sleep efficiency	breast_cancer	Breast cancer (overall)	cancer	-0.0625	0.0349	-1.79083094555874	-1.792	0.00116905444126081	0.0731	0.146942131979695	0.145418181818182	False	0.0625	NEGATIVE	0.0024	0.0061	0.39344262295082	1071440	0.1024	0.0074	13.84	observed	0.1186	0.0069	17.19	liability	1.011	0.007	0.0584	1.089	0.0116	0.1538	PRIMARY_PHASE1	PRIMARY	none	Zhang 2020 Nat Genet — BCAC overall European release	bcac_2020_overall_breast_cancer	BCAC_2020_overall_EUR	EUR	247173	84810	OBJECTIVE_ACTIGRAPHY	WRIST_ACTIGRAPHY	objective_sleep_quality	higher actigraphy sleep efficiency	False	NA	results/logs/rg_sleep_efficiency.log
sleep_efficiency	Actigraphy sleep efficiency	prostate_cancer	Prostate cancer (overall)	cancer	-0.0389	0.0473	-0.822410147991543	-0.8225	8.98520084567922e-05	0.4108	0.551446779661017	0.545777142857143	False	0.0389	NEGATIVE	-0.0002	0.007	-0.0285714285714286	815437	0.1024	0.0074	13.84	observed	0.1738	0.0272	6.39	liability	1.011	0.007	0.0584	1.06	0.0162	0.1348	PRIMARY_PHASE1	PRIMARY	none	Schumacher 2018 Nat Genet — PRACTICAL EUR fixed-effect meta-analysis	schumacher_2018_prostate_cancer	GCST006085_EUR	EUR	140254	84810	OBJECTIVE_ACTIGRAPHY	WRIST_ACTIGRAPHY	objective_sleep_quality	higher actigraphy sleep efficiency	False	NA	results/logs/rg_sleep_efficiency.log
sleep_efficiency	Actigraphy sleep efficiency	colorectal_cancer	Colorectal cancer	cancer	0.0132	0.0362	0.364640883977901	0.3641	0.00054088397790053	0.7158	0.824002325581395	0.819315692307692	False	0.0132	POSITIVE	-0.0084	0.0054	-1.55555555555556	1162696	0.1024	0.0074	13.84	observed	0.0873	0.0068	12.84	liability	1.011	0.007	0.0584	1.106	0.0107	0.2198	PRIMARY_PHASE1	PRIMARY	none	Fernandez-Rozadilla 2023 Nat Genet — European stratum	fernandez_rozadilla_2023_colorectal_eur	GCST90255675_EUR	EUR	185616	84810	OBJECTIVE_ACTIGRAPHY	WRIST_ACTIGRAPHY	objective_sleep_quality	higher actigraphy sleep efficiency	False	NA	results/logs/rg_sleep_efficiency.log
sleep_efficiency	Actigraphy sleep efficiency	lung_cancer	Lung cancer	cancer	-0.0859	0.0526	-1.63307984790875	-1.633	7.98479087453785e-05	0.1025	0.195144230769231	0.192575757575758	False	0.0859	NEGATIVE	-0.0048	0.0053	-0.90566037735849	1105101	0.1024	0.0074	13.84	observed	0.0876	0.0132	6.64	liability	1.011	0.007	0.0584	1.046	0.0083	0.2495	PRIMARY_PHASE1	PRIMARY	none	McKay 2017 Nat Genet — ILCCO overall lung cancer	mckay_2017_lung_cancer_eur	GCST004748_overall	EUR	85716	84810	OBJECTIVE_ACTIGRAPHY	WRIST_ACTIGRAPHY	objective_sleep_quality	higher actigraphy sleep efficiency	False	NA	results/logs/rg_sleep_efficiency.log
sleep_efficiency	Actigraphy sleep efficiency	melanoma	Cutaneous melanoma	cancer	0.0316	0.101	0.312871287128713	0.3128	7.12871287128491e-05	0.7544	0.846295750708215	NA	False	0.0316	POSITIVE	-0.0043	0.0056	-0.767857142857143	1146522	0.1024	0.0074	13.84	observed	3.731	1.046	3.57	liability	1.011	0.007	0.0584	1.034	0.0092	0.3797	QC_FAILED_SENSITIVITY	EXCLUDED_FROM_PRIMARY_INFERENCE	external_h2:h2_z_below_4; external_phase1_issues:h2_qc_not_pass; source_substitution:Much smaller register-based melanoma endpoint with cancer-free controls replaces the controlled Landi confirmed-only meta-analysis.	FinnGen R9 C3_MELANOMA_SKIN_EXALLC Finnish-ancestry public release; smaller register-based substitute with a distinct control definition	finngen_r9_melanoma_skin_exallc	FinnGen_R9_C3_MELANOMA_SKIN_EXALLC_2023-05-04	EUR	290130	84810	OBJECTIVE_ACTIGRAPHY	WRIST_ACTIGRAPHY	objective_sleep_quality	higher actigraphy sleep efficiency	True	Much smaller register-based melanoma endpoint with cancer-free controls replaces the controlled Landi confirmed-only meta-analysis.	results/logs/rg_qc_failed_sensitivity/rg_sleep_efficiency.log
sleep_efficiency	Actigraphy sleep efficiency	ovarian_cancer	Ovarian cancer (all invasive epithelial)	cancer	-0.2289	0.0712	-3.21488764044944	-3.216	0.00111235955056221	0.0013	0.004021875	0.00403	True	0.2289	NEGATIVE	0.0069	0.0051	1.35294117647059	1103733	0.1024	0.0074	13.84	observed	0.0327	0.0076	4.3	liability	1.011	0.007	0.0584	1.031	0.007	0.343	PRIMARY_PHASE1	PRIMARY	none	Phelan 2017 Nat Genet — OCAC European GCST004462	phelan_2017_ovarian_cancer	GCST004462_EUR	EUR	63347	84810	OBJECTIVE_ACTIGRAPHY	WRIST_ACTIGRAPHY	objective_sleep_quality	higher actigraphy sleep efficiency	False	NA	results/logs/rg_sleep_efficiency.log
accel_sleep_duration	Actigraphy sleep duration	alz	Alzheimer's disease	neuro	-0.0129	0.0512	-0.251953125	-0.2522	0.00024687499999998	0.8009	0.872396703296703	0.873709090909091	False	0.0129	NEGATIVE	-0.009	0.0064	-1.40625	1159685	0.1445	0.0101	14.31	observed	0.0537	0.0052	10.33	liability	1.008	0.0081	0.031	1.069	0.0101	0.2534	PRIMARY_PHASE1	PRIMARY	none	Bellenguez 2022 Nat Genet — all-European Stage I discovery meta-analysis	bellenguez_2022_alzheimer_stage1	GCST90027158_stage1_GRCh38	EUR	487511	85449	OBJECTIVE_ACTIGRAPHY	WRIST_ACTIGRAPHY	duration	longer actigraphy SPT-window sleep duration	False	NA	results/logs/rg_accel_sleep_duration.log
accel_sleep_duration	Actigraphy sleep duration	parkinson	Parkinson's disease	neuro	0.0398	0.0441	0.90249433106576	0.9016	0.000894331065759757	0.3672	0.506659233449477	0.5022	False	0.0398	POSITIVE	-0.0048	0.005	-0.96	1131539	0.1445	0.0101	14.31	observed	0.1296	0.0117	11.08	liability	1.008	0.0081	0.031	0.984	0.0065	NA	PRIMARY_PHASE1	PRIMARY	none	Nalls 2019 Lancet Neurol — public restricted-cohort-excluded release with UKB proxy cases	nalls_2019_parkinson_public_proxy	GCST009325_public_EUR_proxy_GRCh37	EUR	482730	85449	OBJECTIVE_ACTIGRAPHY	WRIST_ACTIGRAPHY	duration	longer actigraphy SPT-window sleep duration	False	NA	results/logs/rg_accel_sleep_duration.log
accel_sleep_duration	Actigraphy sleep duration	mdd	Major depressive disorder	psychiatric	-0.0389	0.0291	-1.33676975945017	-1.34	0.00323024054982834	0.1801	0.303487659574468	0.301789189189189	False	0.0389	NEGATIVE	0.0049	0.006	0.816666666666667	1155428	0.1445	0.0101	14.31	observed	0.0885	0.0035	25.29	liability	1.008	0.0081	0.031	1.002	0.0098	0.0033	PRIMARY_PHASE1	PRIMARY	none	Howard 2019 Nat Neurosci — public genome-wide UKB plus PGC_139k release without 23andMe	howard_2019_mdd_no23andme	PGC_UKB_depression_genome-wide_no23andMe	EUR	500199	85449	OBJECTIVE_ACTIGRAPHY	WRIST_ACTIGRAPHY	duration	longer actigraphy SPT-window sleep duration	False	NA	results/logs/rg_accel_sleep_duration.log
accel_sleep_duration	Actigraphy sleep duration	scz	Schizophrenia	psychiatric	-0.0591	0.0291	-2.03092783505155	-2.034	0.00307216494845353	0.042	0.0918895027624309	0.0908372093023256	False	0.0591	NEGATIVE	-0.0161	0.0062	-2.59677419354839	1159264	0.1445	0.0101	14.31	observed	0.2282	0.0074	30.84	liability	1.008	0.0081	0.031	1.079	0.0121	0.0782	PRIMARY_PHASE1	PRIMARY	none	Trubetskoy 2022 Nature — PGC3 Wave 3 European autosomal stratum	trubetskoy_2022_scz_eur	PGC3_SCZ_wave3_european_autosome_public_v3	EUR	130644	85449	OBJECTIVE_ACTIGRAPHY	WRIST_ACTIGRAPHY	duration	longer actigraphy SPT-window sleep duration	False	NA	results/logs/rg_accel_sleep_duration.log
accel_sleep_duration	Actigraphy sleep duration	bipolar	Bipolar disorder	psychiatric	-0.1033	0.0331	-3.12084592145015	-3.116	0.00484592145015128	0.0018	0.0054412213740458	0.00544390243902439	True	0.1033	NEGATIVE	-0.0057	0.0058	-0.982758620689655	1162930	0.1445	0.0101	14.31	observed	0.516	0.0196	26.33	liability	1.008	0.0081	0.031	1.025	0.0085	0.0428	PRIMARY_PHASE1	PRIMARY	none	Mullins 2021 Nat Genet — PGC3 all-bipolar-disorder cases	mullins_2021_bipolar_eur	pgc-bip2021-all_Figshare_v2	EUR	413466	85449	OBJECTIVE_ACTIGRAPHY	WRIST_ACTIGRAPHY	duration	longer actigraphy SPT-window sleep duration	False	NA	results/logs/rg_accel_sleep_duration.log
accel_sleep_duration	Actigraphy sleep duration	adhd	ADHD	psychiatric	-0.0617	0.0384	-1.60677083333333	-1.605	0.0017708333333335	0.1085	0.202669811320755	0.200805970149254	False	0.0617	NEGATIVE	-0.0012	0.0069	-0.173913043478261	1084512	0.1445	0.0101	14.31	observed	0.2405	0.0107	22.48	liability	1.008	0.0081	0.031	1.042	0.0094	0.0924	PRIMARY_PHASE1	PRIMARY	none	Demontis 2023 Nat Genet — iPSYCH, deCODE, and PGC European meta-analysis	demontis_2023_adhd_eur	ADHD2022_iPSYCH_deCODE_PGC_January_2022_release	EUR	225534	85449	OBJECTIVE_ACTIGRAPHY	WRIST_ACTIGRAPHY	duration	longer actigraphy SPT-window sleep duration	False	NA	results/logs/rg_accel_sleep_duration.log
accel_sleep_duration	Actigraphy sleep duration	ibd	Inflammatory bowel disease	immune	-0.0752	0.0361	-2.08310249307479	-2.079	0.00410249307479216	0.0376	0.0846	0.0837556886227545	False	0.0752	NEGATIVE	0.0055	0.0062	0.887096774193548	1134088	0.1445	0.0101	14.31	observed	0.1483	0.0129	11.5	liability	1.008	0.0081	0.031	1.144	0.0096	0.2886	PRIMARY_PHASE1	PRIMARY	none	de Lange 2017 Nat Genet — IIBDGC	delange_2017_ibd	GCST004131_build37_59957_20161107	EUR	59957	85449	OBJECTIVE_ACTIGRAPHY	WRIST_ACTIGRAPHY	duration	longer actigraphy SPT-window sleep duration	False	NA	results/logs/rg_accel_sleep_duration.log
accel_sleep_duration	Actigraphy sleep duration	crohn	Crohn's disease	immune	-0.0798	0.0345	-2.31304347826087	-2.315	0.00195652173913086	0.0206	0.0503555555555556	0.049761038961039	False	0.0798	NEGATIVE	0.0057	0.0059	0.966101694915254	1134038	0.1445	0.0101	14.31	observed	0.2508	0.0266	9.43	liability	1.008	0.0081	0.031	1.114	0.0095	0.2527	PRIMARY_PHASE1	PRIMARY	none	de Lange 2017 Nat Genet — IIBDGC Crohn's stratum	delange_2017_crohn	GCST004132_build37_40266_20161107	EUR	40266	85449	OBJECTIVE_ACTIGRAPHY	WRIST_ACTIGRAPHY	duration	longer actigraphy SPT-window sleep duration	False	NA	results/logs/rg_accel_sleep_duration.log
accel_sleep_duration	Actigraphy sleep duration	uc	Ulcerative colitis	immune	-0.0659	0.0464	-1.42025862068966	-1.419	0.00125862068965521	0.1559	0.267257142857143	0.26603119266055	False	0.0659	NEGATIVE	0.0068	0.0064	1.0625	1134051	0.1445	0.0101	14.31	observed	0.1876	0.0173	10.84	liability	1.008	0.0081	0.031	1.093	0.0089	0.2994	PRIMARY_PHASE1	PRIMARY	none	de Lange 2017 Nat Genet — IIBDGC UC stratum	delange_2017_uc	GCST004133_build37_45975_20161107	EUR	45975	85449	OBJECTIVE_ACTIGRAPHY	WRIST_ACTIGRAPHY	duration	longer actigraphy SPT-window sleep duration	False	NA	results/logs/rg_accel_sleep_duration.log
accel_sleep_duration	Actigraphy sleep duration	ra	Rheumatoid arthritis	immune	0.0621	0.0384	1.6171875	1.616	0.00118750000000012	0.1061	0.200074285714286	0.197346	False	0.0621	POSITIVE	0.0078	0.0055	1.41818181818182	1168693	0.1445	0.0101	14.31	observed	0.1412	0.0139	10.16	liability	1.008	0.0081	0.031	1.068	0.0091	0.2123	PRIMARY_PHASE1	PRIMARY	none	Ishigaki 2022 Nat Genet — European subset	ishigaki_2022_ra_eur	GCST90132223_Ishigaki_2022_EUR	EUR	97173	85449	OBJECTIVE_ACTIGRAPHY	WRIST_ACTIGRAPHY	duration	longer actigraphy SPT-window sleep duration	False	NA	results/logs/rg_accel_sleep_duration.log
accel_sleep_duration	Actigraphy sleep duration	ms	Multiple sclerosis	immune	0.0728	0.0696	1.04597701149425	1.045	0.000977011494253111	0.296	0.435747211895911	0.430125	False	0.0728	POSITIVE	0.0022	0.0048	0.458333333333333	1146632	0.1445	0.0101	14.31	observed	5.982	1.196	5	liability	1.008	0.0081	0.031	1.029	0.0081	0.3197	PRIMARY_PHASE1	PRIMARY	source_substitution:Smaller hospital-record Finnish analysis than the inaccessible IMSGC discovery meta-analysis; substitution reduces power and changes ascertainment.	FinnGen R9 G6_MS Finnish-ancestry public release; smaller register-based substitute for the unavailable IMSGC discovery meta-analysis	finngen_r9_ms	FinnGen_R9_G6_MS_2023-05-04	EUR	376169	85449	OBJECTIVE_ACTIGRAPHY	WRIST_ACTIGRAPHY	duration	longer actigraphy SPT-window sleep duration	True	Smaller hospital-record Finnish analysis than the inaccessible IMSGC discovery meta-analysis; substitution reduces power and changes ascertainment.	results/logs/rg_accel_sleep_duration.log
accel_sleep_duration	Actigraphy sleep duration	asthma	Asthma	immune	-0.013	0.0439	-0.296127562642369	-0.2973	0.00117243735763101	0.7662	0.855515730337079	0.854708982035928	False	0.013	NEGATIVE	-0.0088	0.0066	-1.33333333333333	1146552	0.1445	0.0101	14.31	observed	0.2342	0.0161	14.55	liability	1.008	0.0081	0.031	1.157	0.0128	0.2987	PRIMARY_PHASE1	PRIMARY	source_substitution:Uses register-based FinnGen asthma with additional control exclusions rather than Han 2020 main-UKB all-ancestry ascertainment.	FinnGen R9 J10_ASTHMA_EXMORE Finnish-ancestry public release; ascertainment differs from the replaced Han main-UKB analysis	finngen_r9_asthma_exmore	FinnGen_R9_J10_ASTHMA_EXMORE_2023-05-04	EUR	244562	85449	OBJECTIVE_ACTIGRAPHY	WRIST_ACTIGRAPHY	duration	longer actigraphy SPT-window sleep duration	True	Uses register-based FinnGen asthma with additional control exclusions rather than Han 2020 main-UKB all-ancestry ascertainment.	results/logs/rg_accel_sleep_duration.log
accel_sleep_duration	Actigraphy sleep duration	bmi	BMI	metabolic	-0.0372	0.025	-1.488	-1.488	2.22044604925031e-16	0.1368	0.244021621621622	0.242331428571429	False	0.0372	NEGATIVE	-0.0172	0.0084	-2.04761904761905	1013845	0.1445	0.0101	14.31	observed	0.1908	0.0053	36	observed	1.008	0.0081	0.031	1.187	0.0206	0.0635	PRIMARY_PHASE1	PRIMARY	none	Yengo 2018 — GIANT+UKB	yengo_2018_bmi	GCST006900_Yengo_2018_GIANT_UKB	EUR	681275	85449	OBJECTIVE_ACTIGRAPHY	WRIST_ACTIGRAPHY	duration	longer actigraphy SPT-window sleep duration	False	NA	results/logs/rg_accel_sleep_duration.log
accel_sleep_duration	Actigraphy sleep duration	t2d	Type 2 diabetes	metabolic	-0.0095	0.0323	-0.294117647058823	-0.2935	0.000617647058823501	0.7691	0.855515730337079	NA	False	0.0095	NEGATIVE	0.0049	0.0069	0.710144927536232	1146618	0.1445	0.0101	14.31	observed	0.3329	0.0176	18.91	liability	1.008	0.0081	0.031	1.315	0.021	0.332	QC_FAILED_SENSITIVITY	EXCLUDED_FROM_PRIMARY_INFERENCE	external_h2:intercept_above_1.2; external_phase1_issues:h2_qc_not_pass; source_substitution:Public Finnish register-based combined T2D definition replaces a larger terms-gated DIAMANTE European meta-analysis.	FinnGen R9 T2D Finnish-ancestry public release; smaller public substitute for the terms-gated DIAMANTE analysis	finngen_r9_t2d	FinnGen_R9_T2D_2023-05-04	EUR	365950	85449	OBJECTIVE_ACTIGRAPHY	WRIST_ACTIGRAPHY	duration	longer actigraphy SPT-window sleep duration	True	Public Finnish register-based combined T2D definition replaces a larger terms-gated DIAMANTE European meta-analysis.	results/logs/rg_qc_failed_sensitivity/rg_accel_sleep_duration.log
accel_sleep_duration	Actigraphy sleep duration	ldl	LDL cholesterol	metabolic	0.0703	0.0229	3.06986899563319	3.072	0.00213100436681213	0.0021	0.00625263157894737	0.0062496	True	0.0703	POSITIVE	0.001	0.0078	0.128205128205128	1170317	0.1445	0.0101	14.31	observed	0.0815	0.009	9.06	observed	1.008	0.0081	0.031	1.141	0.0245	0.068	PRIMARY_PHASE1	PRIMARY	none	Graham 2021 Nature — GLGC	graham_2021_ldl_eur	GCST90239658_LDL_INV_EUR	EUR	1320016	85449	OBJECTIVE_ACTIGRAPHY	WRIST_ACTIGRAPHY	duration	longer actigraphy SPT-window sleep duration	False	NA	results/logs/rg_accel_sleep_duration.log
accel_sleep_duration	Actigraphy sleep duration	hdl	HDL cholesterol	metabolic	-0.0497	0.0233	-2.13304721030043	-2.13	0.00304721030042909	0.0332	0.0759953757225433	0.0753073170731707	False	0.0497	NEGATIVE	0.015	0.0093	1.61290322580645	1170783	0.1445	0.0101	14.31	observed	0.1222	0.012	10.18	observed	1.008	0.0081	0.031	1.196	0.0298	0.0649	PRIMARY_PHASE1	PRIMARY	none	Graham 2021 Nature — GLGC	graham_2021_hdl_eur	GCST90239652_HDL_INV_EUR	EUR	1320016	85449	OBJECTIVE_ACTIGRAPHY	WRIST_ACTIGRAPHY	duration	longer actigraphy SPT-window sleep duration	False	NA	results/logs/rg_accel_sleep_duration.log
accel_sleep_duration	Actigraphy sleep duration	triglycerides	Triglycerides	metabolic	0.0083	0.0264	0.314393939393939	0.3157	0.00130606060606059	0.7522	0.846295750708215	0.844955421686747	False	0.0083	POSITIVE	0.0034	0.0078	0.435897435897436	1170287	0.1445	0.0101	14.31	observed	0.0954	0.008	11.92	observed	1.008	0.0081	0.031	1.165	0.0275	0.0653	PRIMARY_PHASE1	PRIMARY	none	Graham 2021 Nature — GLGC	graham_2021_triglycerides_eur	GCST90239664_logTG_INV_EUR	EUR	1320016	85449	OBJECTIVE_ACTIGRAPHY	WRIST_ACTIGRAPHY	duration	longer actigraphy SPT-window sleep duration	False	NA	results/logs/rg_accel_sleep_duration.log
accel_sleep_duration	Actigraphy sleep duration	cad	Coronary artery disease	cardio	0.0427	0.0373	1.14477211796247	1.145	0.000227882037533433	0.252	0.3898125	0.385777777777778	False	0.0427	POSITIVE	0.0017	0.0058	0.293103448275862	1146630	0.1445	0.0101	14.31	observed	0.1346	0.01	13.46	liability	1.008	0.0081	0.031	1.162	0.0145	0.328	PRIMARY_PHASE1	PRIMARY	source_substitution:Wide ischaemic-heart-disease endpoint is broader than coronary artery disease and must be labeled as a proxy analysis in all outputs.	FinnGen R9 I9_IHD Finnish-ancestry public release; phenotype-breadth sensitivity flag required in every CAD interpretation	finngen_r9_ihd	FinnGen_R9_I9_IHD_2023-05-04	EUR	377277	85449	OBJECTIVE_ACTIGRAPHY	WRIST_ACTIGRAPHY	duration	longer actigraphy SPT-window sleep duration	True	Wide ischaemic-heart-disease endpoint is broader than coronary artery disease and must be labeled as a proxy analysis in all outputs.	results/logs/rg_accel_sleep_duration.log
accel_sleep_duration	Actigraphy sleep duration	stroke	Stroke (any)	cardio	-0.0136	0.0415	-0.327710843373494	-0.3269	0.000810843373493908	0.7438	0.844421776504298	0.841466261398176	False	0.0136	NEGATIVE	0.0005	0.0046	0.108695652173913	1171290	0.1445	0.0101	14.31	observed	0.0967	0.008	12.09	liability	1.008	0.0081	0.031	1.073	0.0069	0.3222	PRIMARY_PHASE1	PRIMARY	none	Mishra 2022 Nature — GIGASTROKE European subset	mishra_2022_any_stroke_eur	GCST90104539_any_stroke_EUR	EUR	1308460	85449	OBJECTIVE_ACTIGRAPHY	WRIST_ACTIGRAPHY	duration	longer actigraphy SPT-window sleep duration	False	NA	results/logs/rg_accel_sleep_duration.log
accel_sleep_duration	Actigraphy sleep duration	atrial_fibrillation	Atrial fibrillation	cardio	-0.0372	0.0314	-1.18471337579618	-1.183	0.00171337579617825	0.2368	0.378116129032258	0.374849361702128	False	0.0372	NEGATIVE	0.0021	0.0052	0.403846153846154	1172649	0.1445	0.0101	14.31	observed	0.316	0.035	9.03	liability	1.008	0.0081	0.031	1.012	0.0103	0.0288	PRIMARY_PHASE1	PRIMARY	none	Nielsen 2018 Nat Genet — AFGen	nielsen_2018_atrial_fibrillation	GCST006061_AF_HRC_GWAS_ALLv11	EUR	1030836	85449	OBJECTIVE_ACTIGRAPHY	WRIST_ACTIGRAPHY	duration	longer actigraphy SPT-window sleep duration	False	NA	results/logs/rg_accel_sleep_duration.log
accel_sleep_duration	Actigraphy sleep duration	sbp	Systolic blood pressure	cardio	0.0859	0.0265	3.24150943396226	3.239	0.00250943396226466	0.0012	0.00374173228346457	0.00375126050420168	True	0.0859	POSITIVE	-0	0.0083	-0	1101841	0.1445	0.0101	14.31	observed	0.1325	0.0048	27.6	observed	1.008	0.0081	0.031	1.153	0.02	0.0721	PRIMARY_PHASE1	PRIMARY	none	Evangelou 2018 Nat Genet — UKB+ICBP European SBP meta-analysis	evangelou_2018_sbp_opengwas	OpenGWAS_ieu-b-38_Evangelou2018_SBP	EUR	757601	85449	OBJECTIVE_ACTIGRAPHY	WRIST_ACTIGRAPHY	duration	longer actigraphy SPT-window sleep duration	False	NA	results/logs/rg_accel_sleep_duration.log
accel_sleep_duration	Actigraphy sleep duration	longevity	Longevity (90th percentile)	aging	-0.0946	0.0729	-1.29766803840878	-1.298	0.000331961591220953	0.1942	0.321770711297071	0.319656637168142	False	0.0946	NEGATIVE	0.0052	0.0051	1.01960784313725	1164611	0.1445	0.0101	14.31	observed	0.1674	0.0243	6.89	liability	1.008	0.0081	0.031	1.006	0.0064	0.0823	PRIMARY_PHASE1	PRIMARY	none	Deelen 2019 Nat Commun	deelen_2019_longevity_90th	GCST008598_90th_percentile	EUR	36745	85449	OBJECTIVE_ACTIGRAPHY	WRIST_ACTIGRAPHY	duration	longer actigraphy SPT-window sleep duration	False	NA	results/logs/rg_accel_sleep_duration.log
accel_sleep_duration	Actigraphy sleep duration	parental_lifespan	Parental lifespan	aging	-0.0084	0.039	-0.215384615384615	-0.216	0.000615384615384629	0.829	0.883654838709677	0.884805730659026	False	0.0084	NEGATIVE	-0.0035	0.0056	-0.625	1149147	0.1445	0.0101	14.31	observed	0.0236	0.0012	19.67	observed	1.008	0.0081	0.031	1.047	0.0082	0.1397	PRIMARY_PHASE1	PRIMARY	none	Timmers 2019 eLife — GCST009890	timmers_2019_parental_lifespan	GCST009890	EUR	1012240	85449	OBJECTIVE_ACTIGRAPHY	WRIST_ACTIGRAPHY	duration	longer actigraphy SPT-window sleep duration	False	NA	results/logs/rg_accel_sleep_duration.log
accel_sleep_duration	Actigraphy sleep duration	healthspan	Healthspan	aging	0.0067	0.0502	0.133466135458167	0.134	0.000533864541832685	0.8934	0.925792167101828	0.925246666666667	False	0.0067	POSITIVE	0.0057	0.0058	0.982758620689655	1171671	0.1445	0.0101	14.31	observed	0.029	0.0025	11.6	observed	1.008	0.0081	0.031	1.052	0.0081	0.2366	PRIMARY_PHASE1	PRIMARY	none	Zenin 2019 Commun Biol — GCST007406	zenin_2019_healthspan	GCST007406	EUR	300447	85449	OBJECTIVE_ACTIGRAPHY	WRIST_ACTIGRAPHY	duration	longer actigraphy SPT-window sleep duration	False	NA	results/logs/rg_accel_sleep_duration.log
accel_sleep_duration	Actigraphy sleep duration	frailty	Frailty index	aging	-0.0479	0.032	-1.496875	-1.496	0.000874999999999959	0.1345	0.2421	0.240548076923077	False	0.0479	NEGATIVE	0.0007	0.0051	0.137254901960784	1166533	0.1445	0.0101	14.31	observed	0.1093	0.005	21.86	observed	1.008	0.0081	0.031	1.02	0.0086	0.0509	PRIMARY_PHASE1	PRIMARY	none	Atkins 2021 Aging Cell — GCST90020053	atkins_2021_frailty_index	GCST90020053	EUR	175226	85449	OBJECTIVE_ACTIGRAPHY	WRIST_ACTIGRAPHY	duration	longer actigraphy SPT-window sleep duration	False	NA	results/logs/rg_accel_sleep_duration.log
accel_sleep_duration	Actigraphy sleep duration	telomere_length	Leukocyte telomere length	aging	0.0025	0.0316	0.0791139240506329	0.0787	0.000413924050632897	0.9373	0.954268380462725	0.955377534246575	False	0.0025	POSITIVE	-0.012	0.006	-2	1167099	0.1445	0.0101	14.31	observed	0.0634	0.0038	16.68	observed	1.008	0.0081	0.031	1.089	0.0135	0.1339	PRIMARY_PHASE1	PRIMARY	source_substitution:Strict NFE stratum replaces the larger mixed-ancestry full-UKB Codd release; no upstream checksum was located, so first acquisition relies on HTTPS byte count before local SHA-256 registration.	Burren 2024 Nat Genet — GWAS Catalog GCST90435144 non-Finnish-European stratum	burren_2024_telomere_nfe	GCST90435144_Burren_2024_NFE	EUR	438351	85449	OBJECTIVE_ACTIGRAPHY	WRIST_ACTIGRAPHY	duration	longer actigraphy SPT-window sleep duration	True	Strict NFE stratum replaces the larger mixed-ancestry full-UKB Codd release; no upstream checksum was located, so first acquisition relies on HTTPS byte count before local SHA-256 registration.	results/logs/rg_accel_sleep_duration.log
accel_sleep_duration	Actigraphy sleep duration	grip_strength	Hand grip strength	aging	0.0577	0.0295	1.95593220338983	1.956	6.77966101692018e-05	0.0504	0.106793617021277	0.105957303370787	False	0.0577	POSITIVE	0.0159	0.0064	2.484375	1169543	0.1445	0.0101	14.31	observed	0.1105	0.0038	29.08	observed	1.008	0.0081	0.031	1.058	0.0118	0.0684	PRIMARY_PHASE1	PRIMARY	none	Neale Lab UKB round 2 — field 46	neale_2018_left_grip_strength	Neale_round2_field46	EUR	359704	85449	OBJECTIVE_ACTIGRAPHY	WRIST_ACTIGRAPHY	duration	longer actigraphy SPT-window sleep duration	False	NA	results/logs/rg_accel_sleep_duration.log
accel_sleep_duration	Actigraphy sleep duration	breast_cancer	Breast cancer (overall)	cancer	0.061	0.0314	1.94267515923567	1.945	0.00232484076433126	0.0518	0.107962105263158	0.107053333333333	False	0.061	POSITIVE	0.0033	0.0064	0.515625	1071432	0.1445	0.0101	14.31	observed	0.1186	0.0069	17.19	liability	1.008	0.0081	0.031	1.089	0.0116	0.1538	PRIMARY_PHASE1	PRIMARY	none	Zhang 2020 Nat Genet — BCAC overall European release	bcac_2020_overall_breast_cancer	BCAC_2020_overall_EUR	EUR	247173	85449	OBJECTIVE_ACTIGRAPHY	WRIST_ACTIGRAPHY	duration	longer actigraphy SPT-window sleep duration	False	NA	results/logs/rg_accel_sleep_duration.log
accel_sleep_duration	Actigraphy sleep duration	prostate_cancer	Prostate cancer (overall)	cancer	0.0689	0.0471	1.46284501061571	1.465	0.00215498938428893	0.143	0.248368421052632	0.246277777777778	False	0.0689	POSITIVE	-0.0052	0.0077	-0.675324675324675	815422	0.1445	0.0101	14.31	observed	0.1738	0.0272	6.39	liability	1.008	0.0081	0.031	1.06	0.0162	0.1348	PRIMARY_PHASE1	PRIMARY	none	Schumacher 2018 Nat Genet — PRACTICAL EUR fixed-effect meta-analysis	schumacher_2018_prostate_cancer	GCST006085_EUR	EUR	140254	85449	OBJECTIVE_ACTIGRAPHY	WRIST_ACTIGRAPHY	duration	longer actigraphy SPT-window sleep duration	False	NA	results/logs/rg_accel_sleep_duration.log
accel_sleep_duration	Actigraphy sleep duration	colorectal_cancer	Colorectal cancer	cancer	0.0755	0.0321	2.35202492211838	2.352	2.49221183805659e-05	0.0187	0.0462825	0.0457657894736842	True	0.0755	POSITIVE	-0.0012	0.0057	-0.210526315789474	1162688	0.1445	0.0101	14.31	observed	0.0873	0.0068	12.84	liability	1.008	0.0081	0.031	1.106	0.0107	0.2198	PRIMARY_PHASE1	PRIMARY	none	Fernandez-Rozadilla 2023 Nat Genet — European stratum	fernandez_rozadilla_2023_colorectal_eur	GCST90255675_EUR	EUR	185616	85449	OBJECTIVE_ACTIGRAPHY	WRIST_ACTIGRAPHY	duration	longer actigraphy SPT-window sleep duration	False	NA	results/logs/rg_accel_sleep_duration.log
accel_sleep_duration	Actigraphy sleep duration	lung_cancer	Lung cancer	cancer	0.0422	0.0449	0.939866369710468	0.9419	0.0020336302895323	0.3462	0.484435335689046	0.478759851301115	False	0.0422	POSITIVE	-0.0053	0.0055	-0.963636363636364	1105092	0.1445	0.0101	14.31	observed	0.0876	0.0132	6.64	liability	1.008	0.0081	0.031	1.046	0.0083	0.2495	PRIMARY_PHASE1	PRIMARY	none	McKay 2017 Nat Genet — ILCCO overall lung cancer	mckay_2017_lung_cancer_eur	GCST004748_overall	EUR	85716	85449	OBJECTIVE_ACTIGRAPHY	WRIST_ACTIGRAPHY	duration	longer actigraphy SPT-window sleep duration	False	NA	results/logs/rg_accel_sleep_duration.log
accel_sleep_duration	Actigraphy sleep duration	melanoma	Cutaneous melanoma	cancer	-0.0325	0.0983	-0.330620549338759	-0.3306	2.05493387588906e-05	0.7409	0.844421776504298	NA	False	0.0325	NEGATIVE	-0.001	0.0061	-0.163934426229508	1146510	0.1445	0.0101	14.31	observed	3.731	1.046	3.57	liability	1.008	0.0081	0.031	1.034	0.0092	0.3797	QC_FAILED_SENSITIVITY	EXCLUDED_FROM_PRIMARY_INFERENCE	external_h2:h2_z_below_4; external_phase1_issues:h2_qc_not_pass; source_substitution:Much smaller register-based melanoma endpoint with cancer-free controls replaces the controlled Landi confirmed-only meta-analysis.	FinnGen R9 C3_MELANOMA_SKIN_EXALLC Finnish-ancestry public release; smaller register-based substitute with a distinct control definition	finngen_r9_melanoma_skin_exallc	FinnGen_R9_C3_MELANOMA_SKIN_EXALLC_2023-05-04	EUR	290130	85449	OBJECTIVE_ACTIGRAPHY	WRIST_ACTIGRAPHY	duration	longer actigraphy SPT-window sleep duration	True	Much smaller register-based melanoma endpoint with cancer-free controls replaces the controlled Landi confirmed-only meta-analysis.	results/logs/rg_qc_failed_sensitivity/rg_accel_sleep_duration.log
accel_sleep_duration	Actigraphy sleep duration	ovarian_cancer	Ovarian cancer (all invasive epithelial)	cancer	0.0048	0.08	0.06	0.0596	0.000399999999999991	0.9525	0.963229591836735	0.963864130434783	False	0.0048	POSITIVE	-0.004	0.0053	-0.754716981132076	1103727	0.1445	0.0101	14.31	observed	0.0327	0.0076	4.3	liability	1.008	0.0081	0.031	1.031	0.007	0.343	PRIMARY_PHASE1	PRIMARY	none	Phelan 2017 Nat Genet — OCAC European GCST004462	phelan_2017_ovarian_cancer	GCST004462_EUR	EUR	63347	85449	OBJECTIVE_ACTIGRAPHY	WRIST_ACTIGRAPHY	duration	longer actigraphy SPT-window sleep duration	False	NA	results/logs/rg_accel_sleep_duration.log
sleep_timing	Actigraphy sleep timing	alz	Alzheimer's disease	neuro	0.1083	0.0682	1.58797653958944	1.589	0.00102346041055723	0.1122	0.207807476635514	0.205791133004926	False	0.1083	POSITIVE	-0.0084	0.0057	-1.47368421052632	1159696	0.0698	0.0072	9.69	observed	0.0537	0.0052	10.33	liability	1.018	0.0072	0.1314	1.069	0.0101	0.2534	PRIMARY_PHASE1	PRIMARY	none	Bellenguez 2022 Nat Genet — all-European Stage I discovery meta-analysis	bellenguez_2022_alzheimer_stage1	GCST90027158_stage1_GRCh38	EUR	487511	84810	OBJECTIVE_ACTIGRAPHY	WRIST_ACTIGRAPHY	timing	later actigraphy SPT-window midpoint	False	NA	results/logs/rg_sleep_timing.log
sleep_timing	Actigraphy sleep timing	parkinson	Parkinson's disease	neuro	0.0161	0.0495	0.325252525252525	0.3263	0.00104747474747474	0.7442	0.844421776504298	0.841466261398176	False	0.0161	POSITIVE	0.0005	0.0046	0.108695652173913	1131541	0.0698	0.0072	9.69	observed	0.1296	0.0117	11.08	liability	1.018	0.0072	0.1314	0.984	0.0065	NA	PRIMARY_PHASE1	PRIMARY	none	Nalls 2019 Lancet Neurol — public restricted-cohort-excluded release with UKB proxy cases	nalls_2019_parkinson_public_proxy	GCST009325_public_EUR_proxy_GRCh37	EUR	482730	84810	OBJECTIVE_ACTIGRAPHY	WRIST_ACTIGRAPHY	timing	later actigraphy SPT-window midpoint	False	NA	results/logs/rg_sleep_timing.log
sleep_timing	Actigraphy sleep timing	mdd	Major depressive disorder	psychiatric	0.0727	0.0387	1.87855297157623	1.88	0.00144702842377242	0.0601	0.122678350515464	0.12150652173913	False	0.0727	POSITIVE	0.0072	0.0054	1.33333333333333	1155430	0.0698	0.0072	9.69	observed	0.0885	0.0035	25.29	liability	1.018	0.0072	0.1314	1.002	0.0098	0.0033	PRIMARY_PHASE1	PRIMARY	none	Howard 2019 Nat Neurosci — public genome-wide UKB plus PGC_139k release without 23andMe	howard_2019_mdd_no23andme	PGC_UKB_depression_genome-wide_no23andMe	EUR	500199	84810	OBJECTIVE_ACTIGRAPHY	WRIST_ACTIGRAPHY	timing	later actigraphy SPT-window midpoint	False	NA	results/logs/rg_sleep_timing.log
sleep_timing	Actigraphy sleep timing	scz	Schizophrenia	psychiatric	0.0454	0.039	1.16410256410256	1.165	0.00089743589743585	0.2442	0.385866141732284	0.382033195020747	False	0.0454	POSITIVE	0.0148	0.006	2.46666666666667	1159270	0.0698	0.0072	9.69	observed	0.2282	0.0074	30.84	liability	1.018	0.0072	0.1314	1.079	0.0121	0.0782	PRIMARY_PHASE1	PRIMARY	none	Trubetskoy 2022 Nature — PGC3 Wave 3 European autosomal stratum	trubetskoy_2022_scz_eur	PGC3_SCZ_wave3_european_autosome_public_v3	EUR	130644	84810	OBJECTIVE_ACTIGRAPHY	WRIST_ACTIGRAPHY	timing	later actigraphy SPT-window midpoint	False	NA	results/logs/rg_sleep_timing.log
sleep_timing	Actigraphy sleep timing	bipolar	Bipolar disorder	psychiatric	0.0583	0.0452	1.28982300884956	1.29	0.000176991150442563	0.1972	0.324029875518672	0.321747368421053	False	0.0583	POSITIVE	0.0056	0.0055	1.01818181818182	1162937	0.0698	0.0072	9.69	observed	0.516	0.0196	26.33	liability	1.018	0.0072	0.1314	1.025	0.0085	0.0428	PRIMARY_PHASE1	PRIMARY	none	Mullins 2021 Nat Genet — PGC3 all-bipolar-disorder cases	mullins_2021_bipolar_eur	pgc-bip2021-all_Figshare_v2	EUR	413466	84810	OBJECTIVE_ACTIGRAPHY	WRIST_ACTIGRAPHY	timing	later actigraphy SPT-window midpoint	False	NA	results/logs/rg_sleep_timing.log
sleep_timing	Actigraphy sleep timing	adhd	ADHD	psychiatric	-0.0395	0.0489	-0.807770961145194	-0.8069	0.00087096114519436	0.4197	0.5596	0.553646808510638	False	0.0395	NEGATIVE	0.0101	0.0058	1.74137931034483	1084516	0.0698	0.0072	9.69	observed	0.2405	0.0107	22.48	liability	1.018	0.0072	0.1314	1.042	0.0094	0.0924	PRIMARY_PHASE1	PRIMARY	none	Demontis 2023 Nat Genet — iPSYCH, deCODE, and PGC European meta-analysis	demontis_2023_adhd_eur	ADHD2022_iPSYCH_deCODE_PGC_January_2022_release	EUR	225534	84810	OBJECTIVE_ACTIGRAPHY	WRIST_ACTIGRAPHY	timing	later actigraphy SPT-window midpoint	False	NA	results/logs/rg_sleep_timing.log
sleep_timing	Actigraphy sleep timing	ibd	Inflammatory bowel disease	immune	0.0055	0.048	0.114583333333333	0.1153	0.000716666666666671	0.9082	0.931728497409326	0.933288397790055	False	0.0055	POSITIVE	-0.0006	0.0054	-0.111111111111111	1134096	0.0698	0.0072	9.69	observed	0.1483	0.0129	11.5	liability	1.018	0.0072	0.1314	1.144	0.0096	0.2886	PRIMARY_PHASE1	PRIMARY	none	de Lange 2017 Nat Genet — IIBDGC	delange_2017_ibd	GCST004131_build37_59957_20161107	EUR	59957	84810	OBJECTIVE_ACTIGRAPHY	WRIST_ACTIGRAPHY	timing	later actigraphy SPT-window midpoint	False	NA	results/logs/rg_sleep_timing.log
sleep_timing	Actigraphy sleep timing	crohn	Crohn's disease	immune	0.0467	0.049	0.953061224489796	0.9526	0.000461224489795797	0.3408	0.48097793594306	0.475519101123596	False	0.0467	POSITIVE	-0.0031	0.0058	-0.53448275862069	1134045	0.0698	0.0072	9.69	observed	0.2508	0.0266	9.43	liability	1.018	0.0072	0.1314	1.114	0.0095	0.2527	PRIMARY_PHASE1	PRIMARY	none	de Lange 2017 Nat Genet — IIBDGC Crohn's stratum	delange_2017_crohn	GCST004132_build37_40266_20161107	EUR	40266	84810	OBJECTIVE_ACTIGRAPHY	WRIST_ACTIGRAPHY	timing	later actigraphy SPT-window midpoint	False	NA	results/logs/rg_sleep_timing.log
sleep_timing	Actigraphy sleep timing	uc	Ulcerative colitis	immune	-0.0613	0.0567	-1.08112874779541	-1.08	0.0011287477954145	0.28	0.423810687022901	0.418910843373494	False	0.0613	NEGATIVE	0.0029	0.0051	0.568627450980392	1134059	0.0698	0.0072	9.69	observed	0.1876	0.0173	10.84	liability	1.018	0.0072	0.1314	1.093	0.0089	0.2994	PRIMARY_PHASE1	PRIMARY	none	de Lange 2017 Nat Genet — IIBDGC UC stratum	delange_2017_uc	GCST004133_build37_45975_20161107	EUR	45975	84810	OBJECTIVE_ACTIGRAPHY	WRIST_ACTIGRAPHY	timing	later actigraphy SPT-window midpoint	False	NA	results/logs/rg_sleep_timing.log
sleep_timing	Actigraphy sleep timing	ra	Rheumatoid arthritis	immune	-0.1255	0.0489	-2.56646216768916	-2.568	0.00153783231083837	0.0102	0.0274775510204082	0.0272978417266187	True	0.1255	NEGATIVE	0.0018	0.0052	0.346153846153846	1168701	0.0698	0.0072	9.69	observed	0.1412	0.0139	10.16	liability	1.018	0.0072	0.1314	1.068	0.0091	0.2123	PRIMARY_PHASE1	PRIMARY	none	Ishigaki 2022 Nat Genet — European subset	ishigaki_2022_ra_eur	GCST90132223_Ishigaki_2022_EUR	EUR	97173	84810	OBJECTIVE_ACTIGRAPHY	WRIST_ACTIGRAPHY	timing	later actigraphy SPT-window midpoint	False	NA	results/logs/rg_sleep_timing.log
sleep_timing	Actigraphy sleep timing	ms	Multiple sclerosis	immune	-0.1303	0.0878	-1.48405466970387	-1.483	0.00105466970387225	0.1381	0.244608849557522	0.242669158878505	False	0.1303	NEGATIVE	0.0005	0.0047	0.106382978723404	1146644	0.0698	0.0072	9.69	observed	5.982	1.196	5	liability	1.018	0.0072	0.1314	1.029	0.0081	0.3197	PRIMARY_PHASE1	PRIMARY	source_substitution:Smaller hospital-record Finnish analysis than the inaccessible IMSGC discovery meta-analysis; substitution reduces power and changes ascertainment.	FinnGen R9 G6_MS Finnish-ancestry public release; smaller register-based substitute for the unavailable IMSGC discovery meta-analysis	finngen_r9_ms	FinnGen_R9_G6_MS_2023-05-04	EUR	376169	84810	OBJECTIVE_ACTIGRAPHY	WRIST_ACTIGRAPHY	timing	later actigraphy SPT-window midpoint	True	Smaller hospital-record Finnish analysis than the inaccessible IMSGC discovery meta-analysis; substitution reduces power and changes ascertainment.	results/logs/rg_sleep_timing.log
sleep_timing	Actigraphy sleep timing	asthma	Asthma	immune	-0.0704	0.0557	-1.26391382405745	-1.264	8.6175942549227e-05	0.2064	0.334977049180328	0.332384415584416	False	0.0704	NEGATIVE	0.0082	0.006	1.36666666666667	1146564	0.0698	0.0072	9.69	observed	0.2342	0.0161	14.55	liability	1.018	0.0072	0.1314	1.157	0.0128	0.2987	PRIMARY_PHASE1	PRIMARY	source_substitution:Uses register-based FinnGen asthma with additional control exclusions rather than Han 2020 main-UKB all-ancestry ascertainment.	FinnGen R9 J10_ASTHMA_EXMORE Finnish-ancestry public release; ascertainment differs from the replaced Han main-UKB analysis	finngen_r9_asthma_exmore	FinnGen_R9_J10_ASTHMA_EXMORE_2023-05-04	EUR	244562	84810	OBJECTIVE_ACTIGRAPHY	WRIST_ACTIGRAPHY	timing	later actigraphy SPT-window midpoint	True	Uses register-based FinnGen asthma with additional control exclusions rather than Han 2020 main-UKB all-ancestry ascertainment.	results/logs/rg_sleep_timing.log
sleep_timing	Actigraphy sleep timing	bmi	BMI	metabolic	-0.0327	0.0328	-0.996951219512195	-0.9943	0.00265121951219505	0.3201	0.462626277372263	0.457989230769231	False	0.0327	NEGATIVE	0.0078	0.0084	0.928571428571429	1013850	0.0698	0.0072	9.69	observed	0.1908	0.0053	36	observed	1.018	0.0072	0.1314	1.187	0.0206	0.0635	PRIMARY_PHASE1	PRIMARY	none	Yengo 2018 — GIANT+UKB	yengo_2018_bmi	GCST006900_Yengo_2018_GIANT_UKB	EUR	681275	84810	OBJECTIVE_ACTIGRAPHY	WRIST_ACTIGRAPHY	timing	later actigraphy SPT-window midpoint	False	NA	results/logs/rg_sleep_timing.log
sleep_timing	Actigraphy sleep timing	t2d	Type 2 diabetes	metabolic	-0.075	0.0465	-1.61290322580645	-1.613	9.67741935484767e-05	0.1069	0.200627488151659	NA	False	0.075	NEGATIVE	-0.0056	0.0066	-0.848484848484849	1146630	0.0698	0.0072	9.69	observed	0.3329	0.0176	18.91	liability	1.018	0.0072	0.1314	1.315	0.021	0.332	QC_FAILED_SENSITIVITY	EXCLUDED_FROM_PRIMARY_INFERENCE	external_h2:intercept_above_1.2; external_phase1_issues:h2_qc_not_pass; source_substitution:Public Finnish register-based combined T2D definition replaces a larger terms-gated DIAMANTE European meta-analysis.	FinnGen R9 T2D Finnish-ancestry public release; smaller public substitute for the terms-gated DIAMANTE analysis	finngen_r9_t2d	FinnGen_R9_T2D_2023-05-04	EUR	365950	84810	OBJECTIVE_ACTIGRAPHY	WRIST_ACTIGRAPHY	timing	later actigraphy SPT-window midpoint	True	Public Finnish register-based combined T2D definition replaces a larger terms-gated DIAMANTE European meta-analysis.	results/logs/rg_qc_failed_sensitivity/rg_sleep_timing.log
sleep_timing	Actigraphy sleep timing	ldl	LDL cholesterol	metabolic	0.0041	0.0313	0.130990415335463	0.1315	0.000509584664536739	0.8954	0.925792167101828	0.925246666666667	False	0.0041	POSITIVE	-0.0031	0.0077	-0.402597402597403	1170326	0.0698	0.0072	9.69	observed	0.0815	0.009	9.06	observed	1.018	0.0072	0.1314	1.141	0.0245	0.068	PRIMARY_PHASE1	PRIMARY	none	Graham 2021 Nature — GLGC	graham_2021_ldl_eur	GCST90239658_LDL_INV_EUR	EUR	1320016	84810	OBJECTIVE_ACTIGRAPHY	WRIST_ACTIGRAPHY	timing	later actigraphy SPT-window midpoint	False	NA	results/logs/rg_sleep_timing.log
sleep_timing	Actigraphy sleep timing	hdl	HDL cholesterol	metabolic	-0.0102	0.0278	-0.366906474820144	-0.3655	0.00140647482014394	0.7148	0.824002325581395	0.819315692307692	False	0.0102	NEGATIVE	0.0108	0.0073	1.47945205479452	1170792	0.0698	0.0072	9.69	observed	0.1222	0.012	10.18	observed	1.018	0.0072	0.1314	1.196	0.0298	0.0649	PRIMARY_PHASE1	PRIMARY	none	Graham 2021 Nature — GLGC	graham_2021_hdl_eur	GCST90239652_HDL_INV_EUR	EUR	1320016	84810	OBJECTIVE_ACTIGRAPHY	WRIST_ACTIGRAPHY	timing	later actigraphy SPT-window midpoint	False	NA	results/logs/rg_sleep_timing.log
sleep_timing	Actigraphy sleep timing	triglycerides	Triglycerides	metabolic	0.0188	0.0366	0.513661202185792	0.5128	0.000861202185792331	0.6081	0.738673619631902	0.734458441558442	False	0.0188	POSITIVE	-0.0041	0.0077	-0.532467532467533	1170296	0.0698	0.0072	9.69	observed	0.0954	0.008	11.92	observed	1.018	0.0072	0.1314	1.165	0.0275	0.0653	PRIMARY_PHASE1	PRIMARY	none	Graham 2021 Nature — GLGC	graham_2021_triglycerides_eur	GCST90239664_logTG_INV_EUR	EUR	1320016	84810	OBJECTIVE_ACTIGRAPHY	WRIST_ACTIGRAPHY	timing	later actigraphy SPT-window midpoint	False	NA	results/logs/rg_sleep_timing.log
sleep_timing	Actigraphy sleep timing	cad	Coronary artery disease	cardio	-0.0484	0.0491	-0.985743380855397	-0.9849	0.000843380855397147	0.3247	0.467568	0.462728244274809	False	0.0484	NEGATIVE	-0.0008	0.0053	-0.150943396226415	1146642	0.0698	0.0072	9.69	observed	0.1346	0.01	13.46	liability	1.018	0.0072	0.1314	1.162	0.0145	0.328	PRIMARY_PHASE1	PRIMARY	source_substitution:Wide ischaemic-heart-disease endpoint is broader than coronary artery disease and must be labeled as a proxy analysis in all outputs.	FinnGen R9 I9_IHD Finnish-ancestry public release; phenotype-breadth sensitivity flag required in every CAD interpretation	finngen_r9_ihd	FinnGen_R9_I9_IHD_2023-05-04	EUR	377277	84810	OBJECTIVE_ACTIGRAPHY	WRIST_ACTIGRAPHY	timing	later actigraphy SPT-window midpoint	True	Wide ischaemic-heart-disease endpoint is broader than coronary artery disease and must be labeled as a proxy analysis in all outputs.	results/logs/rg_sleep_timing.log
sleep_timing	Actigraphy sleep timing	stroke	Stroke (any)	cardio	-0.0395	0.0614	-0.643322475570033	-0.6429	0.000422475570032499	0.5203	0.659662619808307	0.655272972972973	False	0.0395	NEGATIVE	0.0047	0.005	0.94	1171297	0.0698	0.0072	9.69	observed	0.0967	0.008	12.09	liability	1.018	0.0072	0.1314	1.073	0.0069	0.3222	PRIMARY_PHASE1	PRIMARY	none	Mishra 2022 Nature — GIGASTROKE European subset	mishra_2022_any_stroke_eur	GCST90104539_any_stroke_EUR	EUR	1308460	84810	OBJECTIVE_ACTIGRAPHY	WRIST_ACTIGRAPHY	timing	later actigraphy SPT-window midpoint	False	NA	results/logs/rg_sleep_timing.log
sleep_timing	Actigraphy sleep timing	atrial_fibrillation	Atrial fibrillation	cardio	0.0222	0.044	0.504545454545455	0.5051	0.000554545454545363	0.6135	0.742137804878049	0.73764	False	0.0222	POSITIVE	-0.0017	0.0051	-0.333333333333333	1172657	0.0698	0.0072	9.69	observed	0.316	0.035	9.03	liability	1.018	0.0072	0.1314	1.012	0.0103	0.0288	PRIMARY_PHASE1	PRIMARY	none	Nielsen 2018 Nat Genet — AFGen	nielsen_2018_atrial_fibrillation	GCST006061_AF_HRC_GWAS_ALLv11	EUR	1030836	84810	OBJECTIVE_ACTIGRAPHY	WRIST_ACTIGRAPHY	timing	later actigraphy SPT-window midpoint	False	NA	results/logs/rg_sleep_timing.log
sleep_timing	Actigraphy sleep timing	sbp	Systolic blood pressure	cardio	-0.0429	0.0399	-1.07518796992481	-1.075	0.000187969924812181	0.2825	0.425361216730038	0.42036	False	0.0429	NEGATIVE	-0.0147	0.0088	-1.67045454545455	1101845	0.0698	0.0072	9.69	observed	0.1325	0.0048	27.6	observed	1.018	0.0072	0.1314	1.153	0.02	0.0721	PRIMARY_PHASE1	PRIMARY	none	Evangelou 2018 Nat Genet — UKB+ICBP European SBP meta-analysis	evangelou_2018_sbp_opengwas	OpenGWAS_ieu-b-38_Evangelou2018_SBP	EUR	757601	84810	OBJECTIVE_ACTIGRAPHY	WRIST_ACTIGRAPHY	timing	later actigraphy SPT-window midpoint	False	NA	results/logs/rg_sleep_timing.log
sleep_timing	Actigraphy sleep timing	longevity	Longevity (90th percentile)	aging	0.0813	0.0858	0.947552447552447	0.9475	5.24475524474877e-05	0.3434	0.482221276595745	0.476659701492537	False	0.0813	POSITIVE	-0.0026	0.0049	-0.530612244897959	1164620	0.0698	0.0072	9.69	observed	0.1674	0.0243	6.89	liability	1.018	0.0072	0.1314	1.006	0.0064	0.0823	PRIMARY_PHASE1	PRIMARY	none	Deelen 2019 Nat Commun	deelen_2019_longevity_90th	GCST008598_90th_percentile	EUR	36745	84810	OBJECTIVE_ACTIGRAPHY	WRIST_ACTIGRAPHY	timing	later actigraphy SPT-window midpoint	False	NA	results/logs/rg_sleep_timing.log
sleep_timing	Actigraphy sleep timing	parental_lifespan	Parental lifespan	aging	0.0465	0.054	0.861111111111111	0.8611	1.11111111111839e-05	0.3892	0.528904109589041	0.523754512635379	False	0.0465	POSITIVE	0.0089	0.0054	1.64814814814815	1149155	0.0698	0.0072	9.69	observed	0.0236	0.0012	19.67	observed	1.018	0.0072	0.1314	1.047	0.0082	0.1397	PRIMARY_PHASE1	PRIMARY	none	Timmers 2019 eLife — GCST009890	timmers_2019_parental_lifespan	GCST009890	EUR	1012240	84810	OBJECTIVE_ACTIGRAPHY	WRIST_ACTIGRAPHY	timing	later actigraphy SPT-window midpoint	False	NA	results/logs/rg_sleep_timing.log
sleep_timing	Actigraphy sleep timing	healthspan	Healthspan	aging	-0.0621	0.061	-1.01803278688525	-1.018	3.27868852458835e-05	0.3086	0.449285294117647	0.444958139534884	False	0.0621	NEGATIVE	0.011	0.0051	2.15686274509804	1171676	0.0698	0.0072	9.69	observed	0.029	0.0025	11.6	observed	1.018	0.0072	0.1314	1.052	0.0081	0.2366	PRIMARY_PHASE1	PRIMARY	none	Zenin 2019 Commun Biol — GCST007406	zenin_2019_healthspan	GCST007406	EUR	300447	84810	OBJECTIVE_ACTIGRAPHY	WRIST_ACTIGRAPHY	timing	later actigraphy SPT-window midpoint	False	NA	results/logs/rg_sleep_timing.log
sleep_timing	Actigraphy sleep timing	frailty	Frailty index	aging	0.0668	0.0411	1.62530413625304	1.626	0.000695863746958514	0.1039	0.196863157894737	0.194225125628141	False	0.0668	POSITIVE	0.006	0.0049	1.22448979591837	1166540	0.0698	0.0072	9.69	observed	0.1093	0.005	21.86	observed	1.018	0.0072	0.1314	1.02	0.0086	0.0509	PRIMARY_PHASE1	PRIMARY	none	Atkins 2021 Aging Cell — GCST90020053	atkins_2021_frailty_index	GCST90020053	EUR	175226	84810	OBJECTIVE_ACTIGRAPHY	WRIST_ACTIGRAPHY	timing	later actigraphy SPT-window midpoint	False	NA	results/logs/rg_sleep_timing.log
sleep_timing	Actigraphy sleep timing	telomere_length	Leukocyte telomere length	aging	-0.0123	0.0393	-0.312977099236641	-0.314	0.00102290076335881	0.7535	0.846295750708215	0.844955421686747	False	0.0123	NEGATIVE	0.0076	0.0051	1.49019607843137	1167100	0.0698	0.0072	9.69	observed	0.0634	0.0038	16.68	observed	1.018	0.0072	0.1314	1.089	0.0135	0.1339	PRIMARY_PHASE1	PRIMARY	source_substitution:Strict NFE stratum replaces the larger mixed-ancestry full-UKB Codd release; no upstream checksum was located, so first acquisition relies on HTTPS byte count before local SHA-256 registration.	Burren 2024 Nat Genet — GWAS Catalog GCST90435144 non-Finnish-European stratum	burren_2024_telomere_nfe	GCST90435144_Burren_2024_NFE	EUR	438351	84810	OBJECTIVE_ACTIGRAPHY	WRIST_ACTIGRAPHY	timing	later actigraphy SPT-window midpoint	True	Strict NFE stratum replaces the larger mixed-ancestry full-UKB Codd release; no upstream checksum was located, so first acquisition relies on HTTPS byte count before local SHA-256 registration.	results/logs/rg_sleep_timing.log
sleep_timing	Actigraphy sleep timing	grip_strength	Hand grip strength	aging	-0.02	0.0345	-0.579710144927536	-0.5787	0.00101014492753615	0.5628	0.703056151419558	0.697872	False	0.02	NEGATIVE	-0.011	0.0058	-1.89655172413793	1169540	0.0698	0.0072	9.69	observed	0.1105	0.0038	29.08	observed	1.018	0.0072	0.1314	1.058	0.0118	0.0684	PRIMARY_PHASE1	PRIMARY	none	Neale Lab UKB round 2 — field 46	neale_2018_left_grip_strength	Neale_round2_field46	EUR	359704	84810	OBJECTIVE_ACTIGRAPHY	WRIST_ACTIGRAPHY	timing	later actigraphy SPT-window midpoint	False	NA	results/logs/rg_sleep_timing.log
sleep_timing	Actigraphy sleep timing	breast_cancer	Breast cancer (overall)	cancer	-0.015	0.0434	-0.345622119815668	-0.3454	0.00022211981566822	0.7298	0.835262427745665	0.83023119266055	False	0.015	NEGATIVE	0	0.0062	0	1071440	0.0698	0.0072	9.69	observed	0.1186	0.0069	17.19	liability	1.018	0.0072	0.1314	1.089	0.0116	0.1538	PRIMARY_PHASE1	PRIMARY	none	Zhang 2020 Nat Genet — BCAC overall European release	bcac_2020_overall_breast_cancer	BCAC_2020_overall_EUR	EUR	247173	84810	OBJECTIVE_ACTIGRAPHY	WRIST_ACTIGRAPHY	timing	later actigraphy SPT-window midpoint	False	NA	results/logs/rg_sleep_timing.log
sleep_timing	Actigraphy sleep timing	prostate_cancer	Prostate cancer (overall)	cancer	-0.0357	0.0606	-0.589108910891089	-0.5889	0.000208910891089209	0.556	0.698971428571429	0.69406711409396	False	0.0357	NEGATIVE	0.0054	0.0072	0.75	815437	0.0698	0.0072	9.69	observed	0.1738	0.0272	6.39	liability	1.018	0.0072	0.1314	1.06	0.0162	0.1348	PRIMARY_PHASE1	PRIMARY	none	Schumacher 2018 Nat Genet — PRACTICAL EUR fixed-effect meta-analysis	schumacher_2018_prostate_cancer	GCST006085_EUR	EUR	140254	84810	OBJECTIVE_ACTIGRAPHY	WRIST_ACTIGRAPHY	timing	later actigraphy SPT-window midpoint	False	NA	results/logs/rg_sleep_timing.log
sleep_timing	Actigraphy sleep timing	colorectal_cancer	Colorectal cancer	cancer	-0.0372	0.048	-0.775	-0.7764	0.00140000000000007	0.4375	0.571782178217822	0.565104166666667	False	0.0372	NEGATIVE	0.0078	0.0053	1.47169811320755	1162696	0.0698	0.0072	9.69	observed	0.0873	0.0068	12.84	liability	1.018	0.0072	0.1314	1.106	0.0107	0.2198	PRIMARY_PHASE1	PRIMARY	none	Fernandez-Rozadilla 2023 Nat Genet — European stratum	fernandez_rozadilla_2023_colorectal_eur	GCST90255675_EUR	EUR	185616	84810	OBJECTIVE_ACTIGRAPHY	WRIST_ACTIGRAPHY	timing	later actigraphy SPT-window midpoint	False	NA	results/logs/rg_sleep_timing.log
sleep_timing	Actigraphy sleep timing	lung_cancer	Lung cancer	cancer	-0.1196	0.0604	-1.98013245033113	-1.981	0.000867549668874368	0.0475	0.102228260869565	0.101551724137931	False	0.1196	NEGATIVE	0.0176	0.0049	3.59183673469388	1105101	0.0698	0.0072	9.69	observed	0.0876	0.0132	6.64	liability	1.018	0.0072	0.1314	1.046	0.0083	0.2495	PRIMARY_PHASE1	PRIMARY	none	McKay 2017 Nat Genet — ILCCO overall lung cancer	mckay_2017_lung_cancer_eur	GCST004748_overall	EUR	85716	84810	OBJECTIVE_ACTIGRAPHY	WRIST_ACTIGRAPHY	timing	later actigraphy SPT-window midpoint	False	NA	results/logs/rg_sleep_timing.log
sleep_timing	Actigraphy sleep timing	melanoma	Cutaneous melanoma	cancer	0.1172	0.1249	0.938350680544436	0.9389	0.000549319455564357	0.3478	0.484960563380282	NA	False	0.1172	POSITIVE	-0.0068	0.0059	-1.15254237288136	1146522	0.0698	0.0072	9.69	observed	3.731	1.046	3.57	liability	1.018	0.0072	0.1314	1.034	0.0092	0.3797	QC_FAILED_SENSITIVITY	EXCLUDED_FROM_PRIMARY_INFERENCE	external_h2:h2_z_below_4; external_phase1_issues:h2_qc_not_pass; source_substitution:Much smaller register-based melanoma endpoint with cancer-free controls replaces the controlled Landi confirmed-only meta-analysis.	FinnGen R9 C3_MELANOMA_SKIN_EXALLC Finnish-ancestry public release; smaller register-based substitute with a distinct control definition	finngen_r9_melanoma_skin_exallc	FinnGen_R9_C3_MELANOMA_SKIN_EXALLC_2023-05-04	EUR	290130	84810	OBJECTIVE_ACTIGRAPHY	WRIST_ACTIGRAPHY	timing	later actigraphy SPT-window midpoint	True	Much smaller register-based melanoma endpoint with cancer-free controls replaces the controlled Landi confirmed-only meta-analysis.	results/logs/rg_qc_failed_sensitivity/rg_sleep_timing.log
sleep_timing	Actigraphy sleep timing	ovarian_cancer	Ovarian cancer (all invasive epithelial)	cancer	-0.0783	0.0878	-0.891799544419134	-0.8918	4.5558086569919e-07	0.3725	0.5121875	0.507582417582418	False	0.0783	NEGATIVE	0.0042	0.0045	0.933333333333333	1103733	0.0698	0.0072	9.69	observed	0.0327	0.0076	4.3	liability	1.018	0.0072	0.1314	1.031	0.007	0.343	PRIMARY_PHASE1	PRIMARY	none	Phelan 2017 Nat Genet — OCAC European GCST004462	phelan_2017_ovarian_cancer	GCST004462_EUR	EUR	63347	84810	OBJECTIVE_ACTIGRAPHY	WRIST_ACTIGRAPHY	timing	later actigraphy SPT-window midpoint	False	NA	results/logs/rg_sleep_timing.log
