path	bytes	expected_sha256	actual_sha256	source_release	genome_build	ancestry	phenotype_identity	effect_coding	permitted_use	required_downstream_tasks	verification_status	asset_kind
/Volumes/Extreme SSD/Codex Archive/2026-08-26-sleep-gwas-atlas/raw/.melanoma.txt.gz.9zcnKfXJ7M	516882432			UNKNOWN	UNKNOWN	UNKNOWN	UNKNOWN	UNKNOWN	RESEARCH_ONLY; SOURCE_LICENSE_REVIEW_REQUIRED; NO_RAW_REDISTRIBUTION	VERIFY_SOURCE_AND_PREPROCESSING_PROVENANCE	INVENTORIED_NOT_YET_HASHED	raw_gwas
/Volumes/Extreme SSD/Codex Archive/2026-08-26-sleep-gwas-atlas/raw/accel_sleep_duration.txt.gz	310074893			GCST007803_sleep_duration	hg19	EUR	accel_sleep_duration	beta_per_ALLELE1_for_rank_normalized_sleep_duration	RESEARCH_ONLY; SOURCE_LICENSE_REVIEW_REQUIRED; NO_RAW_REDISTRIBUTION	VERIFY_SOURCE_AND_PREPROCESSING_PROVENANCE	INVENTORIED_NOT_YET_HASHED	raw_gwas
/Volumes/Extreme SSD/Codex Archive/2026-08-26-sleep-gwas-atlas/raw/adhd.txt.gz	200588408			ADHD2022_iPSYCH_deCODE_PGC_January_2022_release	hg19	EUR	adhd	odds_ratio_per_A1_effect_allele	RESEARCH_ONLY; SOURCE_LICENSE_REVIEW_REQUIRED; NO_RAW_REDISTRIBUTION	VERIFY_SOURCE_AND_PREPROCESSING_PROVENANCE	INVENTORIED_NOT_YET_HASHED	raw_gwas
/Volumes/Extreme SSD/Codex Archive/2026-08-26-sleep-gwas-atlas/raw/alz.txt.gz	755201909			GCST90027158_stage1_GRCh38	hg38	EUR	alz	log_odds_beta_per_effect_allele	RESEARCH_ONLY; SOURCE_LICENSE_REVIEW_REQUIRED; NO_RAW_REDISTRIBUTION	VERIFY_SOURCE_AND_PREPROCESSING_PROVENANCE	INVENTORIED_NOT_YET_HASHED	raw_gwas
/Volumes/Extreme SSD/Codex Archive/2026-08-26-sleep-gwas-atlas/raw/asthma.txt.gz	763248427			FinnGen_R9_J10_ASTHMA_EXMORE_2023-05-04	hg38	EUR	asthma	log_odds_per_alt_effect_allele	RESEARCH_ONLY; SOURCE_LICENSE_REVIEW_REQUIRED; NO_RAW_REDISTRIBUTION	VERIFY_SOURCE_AND_PREPROCESSING_PROVENANCE	INVENTORIED_NOT_YET_HASHED	raw_gwas
/Volumes/Extreme SSD/Codex Archive/2026-08-26-sleep-gwas-atlas/raw/atrial_fibrillation.txt.gz	190430117			GCST006061_AF_HRC_GWAS_ALLv11	hg19	EUR	atrial_fibrillation	log_effect_per_Allele1_combining_logistic_and_cox_models	RESEARCH_ONLY; SOURCE_LICENSE_REVIEW_REQUIRED; NO_RAW_REDISTRIBUTION	VERIFY_SOURCE_AND_PREPROCESSING_PROVENANCE	INVENTORIED_NOT_YET_HASHED	raw_gwas
/Volumes/Extreme SSD/Codex Archive/2026-08-26-sleep-gwas-atlas/raw/bipolar.txt.gz	385014083			pgc-bip2021-all_Figshare_v2	hg19	EUR	bipolar	fixed_effect_log_odds_beta_per_A1_effect_allele	RESEARCH_ONLY; SOURCE_LICENSE_REVIEW_REQUIRED; NO_RAW_REDISTRIBUTION	VERIFY_SOURCE_AND_PREPROCESSING_PROVENANCE	INVENTORIED_NOT_YET_HASHED	raw_gwas
/Volumes/Extreme SSD/Codex Archive/2026-08-26-sleep-gwas-atlas/raw/bmi.txt.gz	46754937			GCST006900_Yengo_2018_GIANT_UKB	hg19	EUR	bmi	beta_per_Tested_Allele	RESEARCH_ONLY; SOURCE_LICENSE_REVIEW_REQUIRED; NO_RAW_REDISTRIBUTION	VERIFY_SOURCE_AND_PREPROCESSING_PROVENANCE	INVENTORIED_NOT_YET_HASHED	raw_gwas
/Volumes/Extreme SSD/Codex Archive/2026-08-26-sleep-gwas-atlas/raw/breast_cancer.txt.gz	287809087			BCAC_2020_overall_EUR	hg19	EUR	breast_cancer	beta_per_Effect.Meta	RESEARCH_ONLY; SOURCE_LICENSE_REVIEW_REQUIRED; NO_RAW_REDISTRIBUTION	VERIFY_SOURCE_AND_PREPROCESSING_PROVENANCE	INVENTORIED_NOT_YET_HASHED	raw_gwas
/Volumes/Extreme SSD/Codex Archive/2026-08-26-sleep-gwas-atlas/raw/cad.txt.gz	764316665			FinnGen_R9_I9_IHD_2023-05-04	hg38	EUR	cad	log_odds_per_alt_effect_allele	RESEARCH_ONLY; SOURCE_LICENSE_REVIEW_REQUIRED; NO_RAW_REDISTRIBUTION	VERIFY_SOURCE_AND_PREPROCESSING_PROVENANCE	INVENTORIED_NOT_YET_HASHED	raw_gwas
/Volumes/Extreme SSD/Codex Archive/2026-08-26-sleep-gwas-atlas/raw/chronotype.txt.gz	354578112			GCST007565_UKB_morning_person	hg19	EUR	chronotype	natural_log_odds_per_ALLELE1_effect_allele	RESEARCH_ONLY; SOURCE_LICENSE_REVIEW_REQUIRED; NO_RAW_REDISTRIBUTION	VERIFY_SOURCE_AND_PREPROCESSING_PROVENANCE	INVENTORIED_NOT_YET_HASHED	raw_gwas
/Volumes/Extreme SSD/Codex Archive/2026-08-26-sleep-gwas-atlas/raw/colorectal_cancer.txt.gz	266121242			GCST90255675_EUR	hg19	EUR	colorectal_cancer	beta_per_effect_allele	RESEARCH_ONLY; SOURCE_LICENSE_REVIEW_REQUIRED; NO_RAW_REDISTRIBUTION	VERIFY_SOURCE_AND_PREPROCESSING_PROVENANCE	INVENTORIED_NOT_YET_HASHED	raw_gwas
/Volumes/Extreme SSD/Codex Archive/2026-08-26-sleep-gwas-atlas/raw/crohn.txt.gz	312502048			GCST004132_build37_40266_20161107	hg19	EUR	crohn	beta_per_Allele1	RESEARCH_ONLY; SOURCE_LICENSE_REVIEW_REQUIRED; NO_RAW_REDISTRIBUTION	VERIFY_SOURCE_AND_PREPROCESSING_PROVENANCE	INVENTORIED_NOT_YET_HASHED	raw_gwas
/Volumes/Extreme SSD/Codex Archive/2026-08-26-sleep-gwas-atlas/raw/frailty.txt.gz	179169168			GCST90020053	hg19	EUR	frailty	beta_per_effect_allele	RESEARCH_ONLY; SOURCE_LICENSE_REVIEW_REQUIRED; NO_RAW_REDISTRIBUTION	VERIFY_SOURCE_AND_PREPROCESSING_PROVENANCE	INVENTORIED_NOT_YET_HASHED	raw_gwas
/Volumes/Extreme SSD/Codex Archive/2026-08-26-sleep-gwas-atlas/raw/grip_strength.txt.gz	371472045			Neale_round2_field46	hg19	EUR	grip_strength	beta_per_alt_effect_allele	RESEARCH_ONLY; SOURCE_LICENSE_REVIEW_REQUIRED; NO_RAW_REDISTRIBUTION	VERIFY_SOURCE_AND_PREPROCESSING_PROVENANCE	INVENTORIED_NOT_YET_HASHED	raw_gwas
/Volumes/Extreme SSD/Codex Archive/2026-08-26-sleep-gwas-atlas/raw/healthspan.txt.gz	267320507			GCST007406	hg19	EUR	healthspan	beta_per_effect_allele	RESEARCH_ONLY; SOURCE_LICENSE_REVIEW_REQUIRED; NO_RAW_REDISTRIBUTION	VERIFY_SOURCE_AND_PREPROCESSING_PROVENANCE	INVENTORIED_NOT_YET_HASHED	raw_gwas
/Volumes/Extreme SSD/Codex Archive/2026-08-26-sleep-gwas-atlas/raw/ibd.txt.gz	317627248			GCST004131_build37_59957_20161107	hg19	EUR	ibd	beta_per_Allele1	RESEARCH_ONLY; SOURCE_LICENSE_REVIEW_REQUIRED; NO_RAW_REDISTRIBUTION	VERIFY_SOURCE_AND_PREPROCESSING_PROVENANCE	INVENTORIED_NOT_YET_HASHED	raw_gwas
/Volumes/Extreme SSD/Codex Archive/2026-08-26-sleep-gwas-atlas/raw/insomnia.txt.gz	314778585			Jansen_2019_UKB_only_public	hg19	EUR	insomnia	odds_ratio_per_A1_effect_allele	RESEARCH_ONLY; SOURCE_LICENSE_REVIEW_REQUIRED; NO_RAW_REDISTRIBUTION	VERIFY_SOURCE_AND_PREPROCESSING_PROVENANCE	INVENTORIED_NOT_YET_HASHED	raw_gwas
/Volumes/Extreme SSD/Codex Archive/2026-08-26-sleep-gwas-atlas/raw/longevity.txt.gz	141843112			GCST008598_90th_percentile	hg19	EUR	longevity	log_odds_per_EA	RESEARCH_ONLY; SOURCE_LICENSE_REVIEW_REQUIRED; NO_RAW_REDISTRIBUTION	VERIFY_SOURCE_AND_PREPROCESSING_PROVENANCE	INVENTORIED_NOT_YET_HASHED	raw_gwas
/Volumes/Extreme SSD/Codex Archive/2026-08-26-sleep-gwas-atlas/raw/longsleep.txt.gz	384522668			Dashti_2019_ge9h	hg19	EUR	longsleep	linear_mixed_model_beta_per_ALLELE1_effect_allele	RESEARCH_ONLY; SOURCE_LICENSE_REVIEW_REQUIRED; NO_RAW_REDISTRIBUTION	VERIFY_SOURCE_AND_PREPROCESSING_PROVENANCE	INVENTORIED_NOT_YET_HASHED	raw_gwas
/Volumes/Extreme SSD/Codex Archive/2026-08-26-sleep-gwas-atlas/raw/lung_cancer.txt.gz	281506090			GCST004748_overall	hg19	EUR	lung_cancer	beta_per_effect_allele	RESEARCH_ONLY; SOURCE_LICENSE_REVIEW_REQUIRED; NO_RAW_REDISTRIBUTION	VERIFY_SOURCE_AND_PREPROCESSING_PROVENANCE	INVENTORIED_NOT_YET_HASHED	raw_gwas
/Volumes/Extreme SSD/Codex Archive/2026-08-26-sleep-gwas-atlas/raw/mdd.txt.gz	128101061			PGC_UKB_depression_genome-wide_no23andMe	UNRESOLVED	EUR	mdd	log_odds_per_A1_effect_allele	RESEARCH_ONLY; SOURCE_LICENSE_REVIEW_REQUIRED; NO_RAW_REDISTRIBUTION	VERIFY_SOURCE_AND_PREPROCESSING_PROVENANCE	INVENTORIED_NOT_YET_HASHED	raw_gwas
/Volumes/Extreme SSD/Utsav-Research-Archive/Sleep-GWAS/Sep1-local-dependencies/data/harmonized/accel_sleep_duration.harmonized.tsv.gz	144197232		2542acca8721854536a9abd7f75222ff13aebab34c89c6ffbbcabfa4e57a9023	GCST007803_sleep_duration	hg19	EUR	accel_sleep_duration	beta_per_ALLELE1_for_rank_normalized_sleep_duration	RESEARCH_ONLY; SOURCE_LICENSE_REVIEW_REQUIRED; NO_RAW_REDISTRIBUTION	VERIFY_SOURCE_AND_PREPROCESSING_PROVENANCE	HASH_RECORDED_NO_HISTORICAL_EXPECTED_HASH	harmonized_gwas
/Volumes/Extreme SSD/Utsav-Research-Archive/Sleep-GWAS/Sep1-local-dependencies/data/harmonized/accel_sleep_duration.qc.txt	1366			UNKNOWN	UNKNOWN	UNKNOWN	UNKNOWN	UNKNOWN	RESEARCH_ONLY; SOURCE_LICENSE_REVIEW_REQUIRED; NO_RAW_REDISTRIBUTION	VERIFY_SOURCE_AND_PREPROCESSING_PROVENANCE	INVENTORIED_NOT_YET_HASHED	harmonized_gwas
/Volumes/Extreme SSD/Utsav-Research-Archive/Sleep-GWAS/Sep1-local-dependencies/data/harmonized/adhd.harmonized.tsv.gz	148886736		25cdc39268559321465583a445fadc02b49efc1019cfa9a3a07a33e2b24dfcd3	ADHD2022_iPSYCH_deCODE_PGC_January_2022_release	hg19	EUR	adhd	odds_ratio_per_A1_effect_allele	RESEARCH_ONLY; SOURCE_LICENSE_REVIEW_REQUIRED; NO_RAW_REDISTRIBUTION	VERIFY_SOURCE_AND_PREPROCESSING_PROVENANCE	HASH_RECORDED_NO_HISTORICAL_EXPECTED_HASH	harmonized_gwas
/Volumes/Extreme SSD/Utsav-Research-Archive/Sleep-GWAS/Sep1-local-dependencies/data/harmonized/adhd.qc.txt	1285			UNKNOWN	UNKNOWN	UNKNOWN	UNKNOWN	UNKNOWN	RESEARCH_ONLY; SOURCE_LICENSE_REVIEW_REQUIRED; NO_RAW_REDISTRIBUTION	VERIFY_SOURCE_AND_PREPROCESSING_PROVENANCE	INVENTORIED_NOT_YET_HASHED	harmonized_gwas
/Volumes/Extreme SSD/Utsav-Research-Archive/Sleep-GWAS/Sep1-local-dependencies/data/harmonized/alz.harmonized.tsv.gz	125371554		5ba5145b35fa39d665f9618340816e7d45746e2afc3fdad8aacc56d27241c816	GCST90027158_stage1_GRCh38	hg38	EUR	alz	log_odds_beta_per_effect_allele	RESEARCH_ONLY; SOURCE_LICENSE_REVIEW_REQUIRED; NO_RAW_REDISTRIBUTION	VERIFY_SOURCE_AND_PREPROCESSING_PROVENANCE	HASH_RECORDED_NO_HISTORICAL_EXPECTED_HASH	harmonized_gwas
/Volumes/Extreme SSD/Utsav-Research-Archive/Sleep-GWAS/Sep1-local-dependencies/data/harmonized/alz.qc.txt	1985			UNKNOWN	UNKNOWN	UNKNOWN	UNKNOWN	UNKNOWN	RESEARCH_ONLY; SOURCE_LICENSE_REVIEW_REQUIRED; NO_RAW_REDISTRIBUTION	VERIFY_SOURCE_AND_PREPROCESSING_PROVENANCE	INVENTORIED_NOT_YET_HASHED	harmonized_gwas
/Volumes/Extreme SSD/Utsav-Research-Archive/Sleep-GWAS/Sep1-local-dependencies/data/harmonized/asthma.harmonized.tsv.gz	29441987		1b8a930fd20e9771465dffe27bbd765289461f3540608988084ad02f62ee9228	FinnGen_R9_J10_ASTHMA_EXMORE_2023-05-04	hg38	EUR	asthma	log_odds_per_alt_effect_allele	RESEARCH_ONLY; SOURCE_LICENSE_REVIEW_REQUIRED; NO_RAW_REDISTRIBUTION	VERIFY_SOURCE_AND_PREPROCESSING_PROVENANCE	HASH_RECORDED_NO_HISTORICAL_EXPECTED_HASH	harmonized_gwas
/Volumes/Extreme SSD/Utsav-Research-Archive/Sleep-GWAS/Sep1-local-dependencies/data/harmonized/asthma.prefilter.provenance.json	848			UNKNOWN	UNKNOWN	UNKNOWN	UNKNOWN	UNKNOWN	RESEARCH_ONLY; SOURCE_LICENSE_REVIEW_REQUIRED; NO_RAW_REDISTRIBUTION	VERIFY_SOURCE_AND_PREPROCESSING_PROVENANCE	INVENTORIED_NOT_YET_HASHED	harmonized_gwas
/Volumes/Extreme SSD/Utsav-Research-Archive/Sleep-GWAS/Sep1-local-dependencies/data/harmonized/asthma.qc.txt	2347			UNKNOWN	UNKNOWN	UNKNOWN	UNKNOWN	UNKNOWN	RESEARCH_ONLY; SOURCE_LICENSE_REVIEW_REQUIRED; NO_RAW_REDISTRIBUTION	VERIFY_SOURCE_AND_PREPROCESSING_PROVENANCE	INVENTORIED_NOT_YET_HASHED	harmonized_gwas
/Volumes/Extreme SSD/Utsav-Research-Archive/Sleep-GWAS/Sep1-local-dependencies/data/harmonized/atrial_fibrillation.harmonized.tsv.gz	169201432		23cdf289bbb502d0676ae5335a8ae9aae2b56fa527d921dd18ad125d75a235b8	GCST006061_AF_HRC_GWAS_ALLv11	hg19	EUR	atrial_fibrillation	log_effect_per_Allele1_combining_logistic_and_cox_models	RESEARCH_ONLY; SOURCE_LICENSE_REVIEW_REQUIRED; NO_RAW_REDISTRIBUTION	VERIFY_SOURCE_AND_PREPROCESSING_PROVENANCE	HASH_RECORDED_NO_HISTORICAL_EXPECTED_HASH	harmonized_gwas
/Volumes/Extreme SSD/Utsav-Research-Archive/Sleep-GWAS/Sep1-local-dependencies/data/harmonized/atrial_fibrillation.qc.txt	1365			UNKNOWN	UNKNOWN	UNKNOWN	UNKNOWN	UNKNOWN	RESEARCH_ONLY; SOURCE_LICENSE_REVIEW_REQUIRED; NO_RAW_REDISTRIBUTION	VERIFY_SOURCE_AND_PREPROCESSING_PROVENANCE	INVENTORIED_NOT_YET_HASHED	harmonized_gwas
/Volumes/Extreme SSD/Utsav-Research-Archive/Sleep-GWAS/Sep1-local-dependencies/data/harmonized/bipolar.harmonized.tsv.gz	161531282		f55dc16a1c45f90189e7469065409e92ac68b0c47eb34de4a307a81fc518e15a	pgc-bip2021-all_Figshare_v2	hg19	EUR	bipolar	fixed_effect_log_odds_beta_per_A1_effect_allele	RESEARCH_ONLY; SOURCE_LICENSE_REVIEW_REQUIRED; NO_RAW_REDISTRIBUTION	VERIFY_SOURCE_AND_PREPROCESSING_PROVENANCE	HASH_RECORDED_NO_HISTORICAL_EXPECTED_HASH	harmonized_gwas
/Volumes/Extreme SSD/Utsav-Research-Archive/Sleep-GWAS/Sep1-local-dependencies/data/harmonized/bipolar.qc.txt	1333			UNKNOWN	UNKNOWN	UNKNOWN	UNKNOWN	UNKNOWN	RESEARCH_ONLY; SOURCE_LICENSE_REVIEW_REQUIRED; NO_RAW_REDISTRIBUTION	VERIFY_SOURCE_AND_PREPROCESSING_PROVENANCE	INVENTORIED_NOT_YET_HASHED	harmonized_gwas
/Volumes/Extreme SSD/Utsav-Research-Archive/Sleep-GWAS/Sep1-local-dependencies/data/harmonized/bmi.harmonized.tsv.gz	38606062		c9b0828c40deb29b5b34f4a1f99fedb510ffc17552ec0086698b7832d2e09965	GCST006900_Yengo_2018_GIANT_UKB	hg19	EUR	bmi	beta_per_Tested_Allele	RESEARCH_ONLY; SOURCE_LICENSE_REVIEW_REQUIRED; NO_RAW_REDISTRIBUTION	VERIFY_SOURCE_AND_PREPROCESSING_PROVENANCE	HASH_RECORDED_NO_HISTORICAL_EXPECTED_HASH	harmonized_gwas
/Volumes/Extreme SSD/Utsav-Research-Archive/Sleep-GWAS/Sep1-local-dependencies/data/harmonized/bmi.qc.txt	1240			UNKNOWN	UNKNOWN	UNKNOWN	UNKNOWN	UNKNOWN	RESEARCH_ONLY; SOURCE_LICENSE_REVIEW_REQUIRED; NO_RAW_REDISTRIBUTION	VERIFY_SOURCE_AND_PREPROCESSING_PROVENANCE	INVENTORIED_NOT_YET_HASHED	harmonized_gwas
/Volumes/Extreme SSD/Utsav-Research-Archive/Sleep-GWAS/Sep1-local-dependencies/data/harmonized/breast_cancer.harmonized.tsv.gz	222956528		d2e2297735eb76fe070c362fc5a9823a60ad610d7295e70b1679868f9afc7fc0	BCAC_2020_overall_EUR	hg19	EUR	breast_cancer	beta_per_Effect.Meta	RESEARCH_ONLY; SOURCE_LICENSE_REVIEW_REQUIRED; NO_RAW_REDISTRIBUTION	VERIFY_SOURCE_AND_PREPROCESSING_PROVENANCE	HASH_RECORDED_NO_HISTORICAL_EXPECTED_HASH	harmonized_gwas
/Volumes/Extreme SSD/Utsav-Research-Archive/Sleep-GWAS/Sep1-local-dependencies/data/harmonized/breast_cancer.qc.txt	1409			UNKNOWN	UNKNOWN	UNKNOWN	UNKNOWN	UNKNOWN	RESEARCH_ONLY; SOURCE_LICENSE_REVIEW_REQUIRED; NO_RAW_REDISTRIBUTION	VERIFY_SOURCE_AND_PREPROCESSING_PROVENANCE	INVENTORIED_NOT_YET_HASHED	harmonized_gwas
/Volumes/Extreme SSD/Utsav-Research-Archive/Sleep-GWAS/Sep1-local-dependencies/data/harmonized/cad.harmonized.tsv.gz	29488657		ab28a5f1bfa884ddd83852ab09b0cdd0201fdcd74a1fbf8256f60e20de7a1b1b	FinnGen_R9_I9_IHD_2023-05-04	hg38	EUR	cad	log_odds_per_alt_effect_allele	RESEARCH_ONLY; SOURCE_LICENSE_REVIEW_REQUIRED; NO_RAW_REDISTRIBUTION	VERIFY_SOURCE_AND_PREPROCESSING_PROVENANCE	HASH_RECORDED_NO_HISTORICAL_EXPECTED_HASH	harmonized_gwas
/Volumes/Extreme SSD/Utsav-Research-Archive/Sleep-GWAS/Sep1-local-dependencies/data/harmonized/cad.prefilter.provenance.json	842			UNKNOWN	UNKNOWN	UNKNOWN	UNKNOWN	UNKNOWN	RESEARCH_ONLY; SOURCE_LICENSE_REVIEW_REQUIRED; NO_RAW_REDISTRIBUTION	VERIFY_SOURCE_AND_PREPROCESSING_PROVENANCE	INVENTORIED_NOT_YET_HASHED	harmonized_gwas
/Volumes/Extreme SSD/Utsav-Research-Archive/Sleep-GWAS/Sep1-local-dependencies/data/harmonized/cad.qc.txt	2340			UNKNOWN	UNKNOWN	UNKNOWN	UNKNOWN	UNKNOWN	RESEARCH_ONLY; SOURCE_LICENSE_REVIEW_REQUIRED; NO_RAW_REDISTRIBUTION	VERIFY_SOURCE_AND_PREPROCESSING_PROVENANCE	INVENTORIED_NOT_YET_HASHED	harmonized_gwas
/Volumes/Extreme SSD/Utsav-Research-Archive/Sleep-GWAS/Sep1-local-dependencies/data/harmonized/chronotype.harmonized.tsv.gz	145654493		fd4989c61415208d079b29395390a648ec71b9d7003adbbba724b054c7abb90f	GCST007565_UKB_morning_person	hg19	EUR	chronotype	natural_log_odds_per_ALLELE1_effect_allele	RESEARCH_ONLY; SOURCE_LICENSE_REVIEW_REQUIRED; NO_RAW_REDISTRIBUTION	VERIFY_SOURCE_AND_PREPROCESSING_PROVENANCE	HASH_RECORDED_NO_HISTORICAL_EXPECTED_HASH	harmonized_gwas
/Volumes/Extreme SSD/Utsav-Research-Archive/Sleep-GWAS/Sep1-local-dependencies/data/harmonized/chronotype.qc.txt	1359			UNKNOWN	UNKNOWN	UNKNOWN	UNKNOWN	UNKNOWN	RESEARCH_ONLY; SOURCE_LICENSE_REVIEW_REQUIRED; NO_RAW_REDISTRIBUTION	VERIFY_SOURCE_AND_PREPROCESSING_PROVENANCE	INVENTORIED_NOT_YET_HASHED	harmonized_gwas
/Volumes/Extreme SSD/Utsav-Research-Archive/Sleep-GWAS/Sep1-local-dependencies/data/harmonized/colorectal_cancer.harmonized.tsv.gz	195934852		6ff1519688c43b46198d994fa3f501562ee0851bd39a1c231432471b012c07df	GCST90255675_EUR	hg19	EUR	colorectal_cancer	beta_per_effect_allele	RESEARCH_ONLY; SOURCE_LICENSE_REVIEW_REQUIRED; NO_RAW_REDISTRIBUTION	VERIFY_SOURCE_AND_PREPROCESSING_PROVENANCE	HASH_RECORDED_NO_HISTORICAL_EXPECTED_HASH	harmonized_gwas
/Volumes/Extreme SSD/Utsav-Research-Archive/Sleep-GWAS/Sep1-local-dependencies/data/harmonized/colorectal_cancer.qc.txt	1424			UNKNOWN	UNKNOWN	UNKNOWN	UNKNOWN	UNKNOWN	RESEARCH_ONLY; SOURCE_LICENSE_REVIEW_REQUIRED; NO_RAW_REDISTRIBUTION	VERIFY_SOURCE_AND_PREPROCESSING_PROVENANCE	INVENTORIED_NOT_YET_HASHED	harmonized_gwas
/Volumes/Extreme SSD/Utsav-Research-Archive/Sleep-GWAS/Sep1-local-dependencies/data/harmonized/crohn.harmonized.tsv.gz	18643393		c9dfb630ecc27f725733d6a7787c24868f669e1c3f651d4e83765a401dc9ffd5	GCST004132_build37_40266_20161107	hg19	EUR	crohn	beta_per_Allele1	RESEARCH_ONLY; SOURCE_LICENSE_REVIEW_REQUIRED; NO_RAW_REDISTRIBUTION	VERIFY_SOURCE_AND_PREPROCESSING_PROVENANCE	HASH_RECORDED_NO_HISTORICAL_EXPECTED_HASH	harmonized_gwas
/Volumes/Extreme SSD/Utsav-Research-Archive/Sleep-GWAS/Sep1-local-dependencies/data/harmonized/crohn.qc.txt	1977			UNKNOWN	UNKNOWN	UNKNOWN	UNKNOWN	UNKNOWN	RESEARCH_ONLY; SOURCE_LICENSE_REVIEW_REQUIRED; NO_RAW_REDISTRIBUTION	VERIFY_SOURCE_AND_PREPROCESSING_PROVENANCE	INVENTORIED_NOT_YET_HASHED	harmonized_gwas
/Volumes/Extreme SSD/Utsav-Research-Archive/Sleep-GWAS/Sep1-local-dependencies/data/harmonized/frailty.harmonized.tsv.gz	106450123		2b18346e024040ee8cbebade0888292cc971e5f1656591351c1698af88626e3c	GCST90020053	hg19	EUR	frailty	beta_per_effect_allele	RESEARCH_ONLY; SOURCE_LICENSE_REVIEW_REQUIRED; NO_RAW_REDISTRIBUTION	VERIFY_SOURCE_AND_PREPROCESSING_PROVENANCE	HASH_RECORDED_NO_HISTORICAL_EXPECTED_HASH	harmonized_gwas
/Volumes/Extreme SSD/Utsav-Research-Archive/Sleep-GWAS/Sep1-local-dependencies/data/harmonized/frailty.qc.txt	1334			UNKNOWN	UNKNOWN	UNKNOWN	UNKNOWN	UNKNOWN	RESEARCH_ONLY; SOURCE_LICENSE_REVIEW_REQUIRED; NO_RAW_REDISTRIBUTION	VERIFY_SOURCE_AND_PREPROCESSING_PROVENANCE	INVENTORIED_NOT_YET_HASHED	harmonized_gwas
/Volumes/Extreme SSD/Utsav-Research-Archive/Sleep-GWAS/Sep1-local-dependencies/data/harmonized/grip_strength.harmonized.tsv.gz	172889531		fece89062502c9ec192e68d9c4a31a8b517418e9832d2d641195883d0264dac0	Neale_round2_field46	hg19	EUR	grip_strength	beta_per_alt_effect_allele	RESEARCH_ONLY; SOURCE_LICENSE_REVIEW_REQUIRED; NO_RAW_REDISTRIBUTION	VERIFY_SOURCE_AND_PREPROCESSING_PROVENANCE	HASH_RECORDED_NO_HISTORICAL_EXPECTED_HASH	harmonized_gwas
/Volumes/Extreme SSD/Utsav-Research-Archive/Sleep-GWAS/Sep1-local-dependencies/data/harmonized/grip_strength.qc.txt	1316			UNKNOWN	UNKNOWN	UNKNOWN	UNKNOWN	UNKNOWN	RESEARCH_ONLY; SOURCE_LICENSE_REVIEW_REQUIRED; NO_RAW_REDISTRIBUTION	VERIFY_SOURCE_AND_PREPROCESSING_PROVENANCE	INVENTORIED_NOT_YET_HASHED	harmonized_gwas
/Volumes/Extreme SSD/Utsav-Research-Archive/Sleep-GWAS/Sep1-local-dependencies/data/harmonized/hdl.harmonized.tsv.gz	28068757		d6e776de1144f8655c79de1c927d737a8b92972e3ff10b38957a2d59affb4194	GCST90239652_HDL_INV_EUR	hg19	EUR	hdl	beta_per_ALT_effect_allele	RESEARCH_ONLY; SOURCE_LICENSE_REVIEW_REQUIRED; NO_RAW_REDISTRIBUTION	VERIFY_SOURCE_AND_PREPROCESSING_PROVENANCE	HASH_RECORDED_NO_HISTORICAL_EXPECTED_HASH	harmonized_gwas
/Volumes/Extreme SSD/Utsav-Research-Archive/Sleep-GWAS/Sep1-local-dependencies/data/harmonized/hdl.prefilter.provenance.json	842			UNKNOWN	UNKNOWN	UNKNOWN	UNKNOWN	UNKNOWN	RESEARCH_ONLY; SOURCE_LICENSE_REVIEW_REQUIRED; NO_RAW_REDISTRIBUTION	VERIFY_SOURCE_AND_PREPROCESSING_PROVENANCE	INVENTORIED_NOT_YET_HASHED	harmonized_gwas
/Volumes/Extreme SSD/Utsav-Research-Archive/Sleep-GWAS/Sep1-local-dependencies/data/harmonized/hdl.qc.txt	1617			UNKNOWN	UNKNOWN	UNKNOWN	UNKNOWN	UNKNOWN	RESEARCH_ONLY; SOURCE_LICENSE_REVIEW_REQUIRED; NO_RAW_REDISTRIBUTION	VERIFY_SOURCE_AND_PREPROCESSING_PROVENANCE	INVENTORIED_NOT_YET_HASHED	harmonized_gwas
/Volumes/Extreme SSD/Utsav-Research-Archive/Sleep-GWAS/Sep1-local-dependencies/data/harmonized/healthspan.harmonized.tsv.gz	148035282		dc6b56cf361747164f08cb76a78d1c4eff050ccc22e3149dbf2fd7678298601c	GCST007406	hg19	EUR	healthspan	beta_per_effect_allele	RESEARCH_ONLY; SOURCE_LICENSE_REVIEW_REQUIRED; NO_RAW_REDISTRIBUTION	VERIFY_SOURCE_AND_PREPROCESSING_PROVENANCE	HASH_RECORDED_NO_HISTORICAL_EXPECTED_HASH	harmonized_gwas
/Volumes/Extreme SSD/Utsav-Research-Archive/Sleep-GWAS/Sep1-local-dependencies/data/harmonized/healthspan.qc.txt	1344			UNKNOWN	UNKNOWN	UNKNOWN	UNKNOWN	UNKNOWN	RESEARCH_ONLY; SOURCE_LICENSE_REVIEW_REQUIRED; NO_RAW_REDISTRIBUTION	VERIFY_SOURCE_AND_PREPROCESSING_PROVENANCE	INVENTORIED_NOT_YET_HASHED	harmonized_gwas
/Volumes/Extreme SSD/Utsav-Research-Archive/Sleep-GWAS/Sep1-local-dependencies/data/harmonized/ibd.harmonized.tsv.gz	18510298		bc16f151f22c659a0208d01116247ced20340b160716a310486f5ba1b9aa2eed	GCST004131_build37_59957_20161107	hg19	EUR	ibd	beta_per_Allele1	RESEARCH_ONLY; SOURCE_LICENSE_REVIEW_REQUIRED; NO_RAW_REDISTRIBUTION	VERIFY_SOURCE_AND_PREPROCESSING_PROVENANCE	HASH_RECORDED_NO_HISTORICAL_EXPECTED_HASH	harmonized_gwas
/Volumes/Extreme SSD/Utsav-Research-Archive/Sleep-GWAS/Sep1-local-dependencies/data/harmonized/ibd.qc.txt	1957			UNKNOWN	UNKNOWN	UNKNOWN	UNKNOWN	UNKNOWN	RESEARCH_ONLY; SOURCE_LICENSE_REVIEW_REQUIRED; NO_RAW_REDISTRIBUTION	VERIFY_SOURCE_AND_PREPROCESSING_PROVENANCE	INVENTORIED_NOT_YET_HASHED	harmonized_gwas
/Volumes/Extreme SSD/Utsav-Research-Archive/Sleep-GWAS/Sep1-local-dependencies/data/harmonized/insomnia.harmonized.tsv.gz	125531591		23e06f4a682477064e73551eeab78c292af4d2058fe636ddf328c4bccf560ea4	Jansen_2019_UKB_only_public	hg19	EUR	insomnia	odds_ratio_per_A1_effect_allele	RESEARCH_ONLY; SOURCE_LICENSE_REVIEW_REQUIRED; NO_RAW_REDISTRIBUTION	VERIFY_SOURCE_AND_PREPROCESSING_PROVENANCE	HASH_RECORDED_NO_HISTORICAL_EXPECTED_HASH	harmonized_gwas
/Volumes/Extreme SSD/Utsav-Research-Archive/Sleep-GWAS/Sep1-local-dependencies/data/harmonized/insomnia.qc.txt	1341			UNKNOWN	UNKNOWN	UNKNOWN	UNKNOWN	UNKNOWN	RESEARCH_ONLY; SOURCE_LICENSE_REVIEW_REQUIRED; NO_RAW_REDISTRIBUTION	VERIFY_SOURCE_AND_PREPROCESSING_PROVENANCE	INVENTORIED_NOT_YET_HASHED	harmonized_gwas
/Volumes/Extreme SSD/Utsav-Research-Archive/Sleep-GWAS/Sep1-local-dependencies/data/harmonized/ldl.harmonized.tsv.gz	27949714		5f830b9ba4c588ab1057bc94e846341dd5dc7eb4c3a6e000ccd93f3fe1040547	GCST90239658_LDL_INV_EUR	hg19	EUR	ldl	beta_per_ALT_effect_allele	RESEARCH_ONLY; SOURCE_LICENSE_REVIEW_REQUIRED; NO_RAW_REDISTRIBUTION	VERIFY_SOURCE_AND_PREPROCESSING_PROVENANCE	HASH_RECORDED_NO_HISTORICAL_EXPECTED_HASH	harmonized_gwas
/Volumes/Extreme SSD/Utsav-Research-Archive/Sleep-GWAS/Sep1-local-dependencies/data/harmonized/ldl.prefilter.provenance.json	842			UNKNOWN	UNKNOWN	UNKNOWN	UNKNOWN	UNKNOWN	RESEARCH_ONLY; SOURCE_LICENSE_REVIEW_REQUIRED; NO_RAW_REDISTRIBUTION	VERIFY_SOURCE_AND_PREPROCESSING_PROVENANCE	INVENTORIED_NOT_YET_HASHED	harmonized_gwas
/Volumes/Extreme SSD/Utsav-Research-Archive/Sleep-GWAS/Sep1-local-dependencies/data/harmonized/ldl.qc.txt	1617			UNKNOWN	UNKNOWN	UNKNOWN	UNKNOWN	UNKNOWN	RESEARCH_ONLY; SOURCE_LICENSE_REVIEW_REQUIRED; NO_RAW_REDISTRIBUTION	VERIFY_SOURCE_AND_PREPROCESSING_PROVENANCE	INVENTORIED_NOT_YET_HASHED	harmonized_gwas
/Volumes/Extreme SSD/Utsav-Research-Archive/Sleep-GWAS/Sep1-local-dependencies/data/harmonized/longevity.harmonized.tsv.gz	20719485		e04d9af1023d8b59cbf3229bade5e0b0319a3f0741c8b256880d672f47663b49	GCST008598_90th_percentile	hg19	EUR	longevity	log_odds_per_EA	RESEARCH_ONLY; SOURCE_LICENSE_REVIEW_REQUIRED; NO_RAW_REDISTRIBUTION	VERIFY_SOURCE_AND_PREPROCESSING_PROVENANCE	HASH_RECORDED_NO_HISTORICAL_EXPECTED_HASH	harmonized_gwas
/Volumes/Extreme SSD/Utsav-Research-Archive/Sleep-GWAS/Sep1-local-dependencies/data/harmonized/longevity.qc.txt	1809			UNKNOWN	UNKNOWN	UNKNOWN	UNKNOWN	UNKNOWN	RESEARCH_ONLY; SOURCE_LICENSE_REVIEW_REQUIRED; NO_RAW_REDISTRIBUTION	VERIFY_SOURCE_AND_PREPROCESSING_PROVENANCE	INVENTORIED_NOT_YET_HASHED	harmonized_gwas
/Volumes/Extreme SSD/Utsav-Research-Archive/Sleep-GWAS/Sep1-local-dependencies/data/harmonized/longsleep.harmonized.tsv.gz	147859672		ff0f50390411fa0d0b236f5b38311ee5ec0df423707adfd5ab18b42ba8a59d76	Dashti_2019_ge9h	hg19	EUR	longsleep	linear_mixed_model_beta_per_ALLELE1_effect_allele	RESEARCH_ONLY; SOURCE_LICENSE_REVIEW_REQUIRED; NO_RAW_REDISTRIBUTION	VERIFY_SOURCE_AND_PREPROCESSING_PROVENANCE	HASH_RECORDED_NO_HISTORICAL_EXPECTED_HASH	harmonized_gwas
/Volumes/Extreme SSD/Utsav-Research-Archive/Sleep-GWAS/Sep1-local-dependencies/data/harmonized/longsleep.qc.txt	1365			UNKNOWN	UNKNOWN	UNKNOWN	UNKNOWN	UNKNOWN	RESEARCH_ONLY; SOURCE_LICENSE_REVIEW_REQUIRED; NO_RAW_REDISTRIBUTION	VERIFY_SOURCE_AND_PREPROCESSING_PROVENANCE	INVENTORIED_NOT_YET_HASHED	harmonized_gwas
/Volumes/Extreme SSD/Utsav-Research-Archive/Sleep-GWAS/Sep1-local-dependencies/data/harmonized/lung_cancer.harmonized.tsv.gz	165915736		2fca98e20f9806ccfab052a77a41df39e3c97bd6b2f5108b24ef5c02e33b1fa3	GCST004748_overall	hg19	EUR	lung_cancer	beta_per_effect_allele	RESEARCH_ONLY; SOURCE_LICENSE_REVIEW_REQUIRED; NO_RAW_REDISTRIBUTION	VERIFY_SOURCE_AND_PREPROCESSING_PROVENANCE	HASH_RECORDED_NO_HISTORICAL_EXPECTED_HASH	harmonized_gwas
/Volumes/Extreme SSD/Utsav-Research-Archive/Sleep-GWAS/Sep1-local-dependencies/data/harmonized/lung_cancer.qc.txt	1378			UNKNOWN	UNKNOWN	UNKNOWN	UNKNOWN	UNKNOWN	RESEARCH_ONLY; SOURCE_LICENSE_REVIEW_REQUIRED; NO_RAW_REDISTRIBUTION	VERIFY_SOURCE_AND_PREPROCESSING_PROVENANCE	INVENTORIED_NOT_YET_HASHED	harmonized_gwas
/Volumes/Extreme SSD/Utsav-Research-Archive/Sleep-GWAS/Sep1-local-dependencies/data/harmonized/mdd.harmonized.tsv.gz	24675834		7aa0c5f4903d951ece36b64d6349c45c0b134a26dbe8dccd7ae3b9f77d030f58	PGC_UKB_depression_genome-wide_no23andMe	UNRESOLVED	EUR	mdd	log_odds_per_A1_effect_allele	RESEARCH_ONLY; SOURCE_LICENSE_REVIEW_REQUIRED; NO_RAW_REDISTRIBUTION	VERIFY_SOURCE_AND_PREPROCESSING_PROVENANCE	HASH_RECORDED_NO_HISTORICAL_EXPECTED_HASH	harmonized_gwas
/Volumes/Extreme SSD/Utsav-Research-Archive/Sleep-GWAS/Sep1-local-dependencies/data/harmonized/mdd.qc.txt	1938			UNKNOWN	UNKNOWN	UNKNOWN	UNKNOWN	UNKNOWN	RESEARCH_ONLY; SOURCE_LICENSE_REVIEW_REQUIRED; NO_RAW_REDISTRIBUTION	VERIFY_SOURCE_AND_PREPROCESSING_PROVENANCE	INVENTORIED_NOT_YET_HASHED	harmonized_gwas
/Volumes/Extreme SSD/Utsav-Research-Archive/Sleep-GWAS/Sep1-local-dependencies/data/harmonized/melanoma.harmonized.tsv.gz	29308255		e4e8250f40a3485a081ac802640968befe4afc5d0c525b9d516d93633d9ed0da	FinnGen_R9_C3_MELANOMA_SKIN_EXALLC_2023-05-04	hg38	EUR	melanoma	log_odds_per_alt_effect_allele	RESEARCH_ONLY; SOURCE_LICENSE_REVIEW_REQUIRED; NO_RAW_REDISTRIBUTION	VERIFY_SOURCE_AND_PREPROCESSING_PROVENANCE	HASH_RECORDED_NO_HISTORICAL_EXPECTED_HASH	harmonized_gwas
/Volumes/Extreme SSD/Utsav-Research-Archive/Sleep-GWAS/Sep1-local-dependencies/data/harmonized/melanoma.prefilter.provenance.json	852			UNKNOWN	UNKNOWN	UNKNOWN	UNKNOWN	UNKNOWN	RESEARCH_ONLY; SOURCE_LICENSE_REVIEW_REQUIRED; NO_RAW_REDISTRIBUTION	VERIFY_SOURCE_AND_PREPROCESSING_PROVENANCE	INVENTORIED_NOT_YET_HASHED	harmonized_gwas
/Volumes/Extreme SSD/Utsav-Research-Archive/Sleep-GWAS/Sep1-local-dependencies/data/harmonized/melanoma.qc.txt	2363			UNKNOWN	UNKNOWN	UNKNOWN	UNKNOWN	UNKNOWN	RESEARCH_ONLY; SOURCE_LICENSE_REVIEW_REQUIRED; NO_RAW_REDISTRIBUTION	VERIFY_SOURCE_AND_PREPROCESSING_PROVENANCE	INVENTORIED_NOT_YET_HASHED	harmonized_gwas
/Volumes/Extreme SSD/Utsav-Research-Archive/Sleep-GWAS/Sep1-local-dependencies/data/harmonized/ms.harmonized.tsv.gz	29269797		1d9355bd609ef9177237058cb111ee0a961a54d0bc5b4334bb67d63571f25f63	FinnGen_R9_G6_MS_2023-05-04	hg38	EUR	ms	log_odds_per_alt_effect_allele	RESEARCH_ONLY; SOURCE_LICENSE_REVIEW_REQUIRED; NO_RAW_REDISTRIBUTION	VERIFY_SOURCE_AND_PREPROCESSING_PROVENANCE	HASH_RECORDED_NO_HISTORICAL_EXPECTED_HASH	harmonized_gwas
/Volumes/Extreme SSD/Utsav-Research-Archive/Sleep-GWAS/Sep1-local-dependencies/data/harmonized/ms.prefilter.provenance.json	840			UNKNOWN	UNKNOWN	UNKNOWN	UNKNOWN	UNKNOWN	RESEARCH_ONLY; SOURCE_LICENSE_REVIEW_REQUIRED; NO_RAW_REDISTRIBUTION	VERIFY_SOURCE_AND_PREPROCESSING_PROVENANCE	INVENTORIED_NOT_YET_HASHED	harmonized_gwas
/Volumes/Extreme SSD/Utsav-Research-Archive/Sleep-GWAS/Sep1-local-dependencies/data/harmonized/ms.qc.txt	2347			UNKNOWN	UNKNOWN	UNKNOWN	UNKNOWN	UNKNOWN	RESEARCH_ONLY; SOURCE_LICENSE_REVIEW_REQUIRED; NO_RAW_REDISTRIBUTION	VERIFY_SOURCE_AND_PREPROCESSING_PROVENANCE	INVENTORIED_NOT_YET_HASHED	harmonized_gwas
/Volumes/Extreme SSD/Utsav-Research-Archive/Sleep-GWAS/Sep1-local-dependencies/data/harmonized/napping.harmonized.tsv.gz	155409529		963315e95b41ba28b9e4d2a7e1d623bffca09fade3321ca8f9cfdb2a2233d505	Dashti_2021_napping	hg19	EUR	napping	continuous_napping_frequency_beta_per_A1_effect_allele	RESEARCH_ONLY; SOURCE_LICENSE_REVIEW_REQUIRED; NO_RAW_REDISTRIBUTION	VERIFY_SOURCE_AND_PREPROCESSING_PROVENANCE	HASH_RECORDED_NO_HISTORICAL_EXPECTED_HASH	harmonized_gwas
/Volumes/Extreme SSD/Utsav-Research-Archive/Sleep-GWAS/Sep1-local-dependencies/data/harmonized/napping.qc.txt	1306			UNKNOWN	UNKNOWN	UNKNOWN	UNKNOWN	UNKNOWN	RESEARCH_ONLY; SOURCE_LICENSE_REVIEW_REQUIRED; NO_RAW_REDISTRIBUTION	VERIFY_SOURCE_AND_PREPROCESSING_PROVENANCE	INVENTORIED_NOT_YET_HASHED	harmonized_gwas
/Volumes/Extreme SSD/Utsav-Research-Archive/Sleep-GWAS/Sep1-local-dependencies/data/harmonized/ovarian_cancer.harmonized.tsv.gz	132927612		3e5b0eaf849c2e9f567a9ac8fa23cf49b5a91841857ab01547df3a659d883e0c	GCST004462_EUR	hg19	EUR	ovarian_cancer	log_odds_per_Effect_allele_despite_source_OR_label	RESEARCH_ONLY; SOURCE_LICENSE_REVIEW_REQUIRED; NO_RAW_REDISTRIBUTION	VERIFY_SOURCE_AND_PREPROCESSING_PROVENANCE	HASH_RECORDED_NO_HISTORICAL_EXPECTED_HASH	harmonized_gwas
/Volumes/Extreme SSD/Utsav-Research-Archive/Sleep-GWAS/Sep1-local-dependencies/data/harmonized/ovarian_cancer.qc.txt	1377			UNKNOWN	UNKNOWN	UNKNOWN	UNKNOWN	UNKNOWN	RESEARCH_ONLY; SOURCE_LICENSE_REVIEW_REQUIRED; NO_RAW_REDISTRIBUTION	VERIFY_SOURCE_AND_PREPROCESSING_PROVENANCE	INVENTORIED_NOT_YET_HASHED	harmonized_gwas
/Volumes/Extreme SSD/Utsav-Research-Archive/Sleep-GWAS/Sep1-local-dependencies/data/harmonized/parental_lifespan.harmonized.tsv.gz	215512936		293c80a8f291147f18f3274cb2eef057c09fa43b54a1e30a684f106e0f60ae79	GCST009890	hg19	EUR	parental_lifespan	log_hazard_protection_ratio_per_a1	RESEARCH_ONLY; SOURCE_LICENSE_REVIEW_REQUIRED; NO_RAW_REDISTRIBUTION	VERIFY_SOURCE_AND_PREPROCESSING_PROVENANCE	HASH_RECORDED_NO_HISTORICAL_EXPECTED_HASH	harmonized_gwas
/Volumes/Extreme SSD/Utsav-Research-Archive/Sleep-GWAS/Sep1-local-dependencies/data/harmonized/parental_lifespan.qc.txt	1290			UNKNOWN	UNKNOWN	UNKNOWN	UNKNOWN	UNKNOWN	RESEARCH_ONLY; SOURCE_LICENSE_REVIEW_REQUIRED; NO_RAW_REDISTRIBUTION	VERIFY_SOURCE_AND_PREPROCESSING_PROVENANCE	INVENTORIED_NOT_YET_HASHED	harmonized_gwas
/Volumes/Extreme SSD/Utsav-Research-Archive/Sleep-GWAS/Sep1-local-dependencies/data/harmonized/parkinson.harmonized.tsv.gz	25674835		d6fef80964c812c66cadbaa99a38c040dac22383f84f81de5558edada067b132	GCST009325_public_EUR_proxy_GRCh37	hg19	EUR	parkinson	fixed_effect_log_odds_beta_per_effect_allele	RESEARCH_ONLY; SOURCE_LICENSE_REVIEW_REQUIRED; NO_RAW_REDISTRIBUTION	VERIFY_SOURCE_AND_PREPROCESSING_PROVENANCE	HASH_RECORDED_NO_HISTORICAL_EXPECTED_HASH	harmonized_gwas
/Volumes/Extreme SSD/Utsav-Research-Archive/Sleep-GWAS/Sep1-local-dependencies/data/harmonized/parkinson.qc.txt	1935			UNKNOWN	UNKNOWN	UNKNOWN	UNKNOWN	UNKNOWN	RESEARCH_ONLY; SOURCE_LICENSE_REVIEW_REQUIRED; NO_RAW_REDISTRIBUTION	VERIFY_SOURCE_AND_PREPROCESSING_PROVENANCE	INVENTORIED_NOT_YET_HASHED	harmonized_gwas
/Volumes/Extreme SSD/Utsav-Research-Archive/Sleep-GWAS/Sep1-local-dependencies/data/harmonized/prostate_cancer.harmonized.tsv.gz	90728740		e6e5ade00c585db6ccb6b7f224b6a0d78497c0e836ba4315ad06bc97a1eb83a4	GCST006085_EUR	hg19	EUR	prostate_cancer	log_odds_per_Allele1	RESEARCH_ONLY; SOURCE_LICENSE_REVIEW_REQUIRED; NO_RAW_REDISTRIBUTION	VERIFY_SOURCE_AND_PREPROCESSING_PROVENANCE	HASH_RECORDED_NO_HISTORICAL_EXPECTED_HASH	harmonized_gwas
/Volumes/Extreme SSD/Utsav-Research-Archive/Sleep-GWAS/Sep1-local-dependencies/data/harmonized/prostate_cancer.qc.txt	1393			UNKNOWN	UNKNOWN	UNKNOWN	UNKNOWN	UNKNOWN	RESEARCH_ONLY; SOURCE_LICENSE_REVIEW_REQUIRED; NO_RAW_REDISTRIBUTION	VERIFY_SOURCE_AND_PREPROCESSING_PROVENANCE	INVENTORIED_NOT_YET_HASHED	harmonized_gwas
/Volumes/Extreme SSD/Utsav-Research-Archive/Sleep-GWAS/Sep1-local-dependencies/data/harmonized/ra.harmonized.tsv.gz	165041395		ac61d501c507e40694be43f9321ded7d8efb10fce7a74a750c020ab098738502	GCST90132223_Ishigaki_2022_EUR	hg19	EUR	ra	beta_per_effect_allele	RESEARCH_ONLY; SOURCE_LICENSE_REVIEW_REQUIRED; NO_RAW_REDISTRIBUTION	VERIFY_SOURCE_AND_PREPROCESSING_PROVENANCE	HASH_RECORDED_NO_HISTORICAL_EXPECTED_HASH	harmonized_gwas
/Volumes/Extreme SSD/Utsav-Research-Archive/Sleep-GWAS/Sep1-local-dependencies/data/harmonized/ra.qc.txt	1393			UNKNOWN	UNKNOWN	UNKNOWN	UNKNOWN	UNKNOWN	RESEARCH_ONLY; SOURCE_LICENSE_REVIEW_REQUIRED; NO_RAW_REDISTRIBUTION	VERIFY_SOURCE_AND_PREPROCESSING_PROVENANCE	INVENTORIED_NOT_YET_HASHED	harmonized_gwas
/Volumes/Extreme SSD/Utsav-Research-Archive/Sleep-GWAS/Sep1-local-dependencies/data/harmonized/sbp.harmonized.tsv.gz	167338911		3abd8b6e2bef5facf6a535d7c8744871cd56e769cc5ff96a9f07b03d327fd991	OpenGWAS_ieu-b-38_Evangelou2018_SBP	hg19	EUR	sbp	mmHg_per_ALT_effect_allele	RESEARCH_ONLY; SOURCE_LICENSE_REVIEW_REQUIRED; NO_RAW_REDISTRIBUTION	VERIFY_SOURCE_AND_PREPROCESSING_PROVENANCE	HASH_RECORDED_NO_HISTORICAL_EXPECTED_HASH	harmonized_gwas
/Volumes/Extreme SSD/Utsav-Research-Archive/Sleep-GWAS/Sep1-local-dependencies/data/harmonized/sbp.qc.txt	1284			UNKNOWN	UNKNOWN	UNKNOWN	UNKNOWN	UNKNOWN	RESEARCH_ONLY; SOURCE_LICENSE_REVIEW_REQUIRED; NO_RAW_REDISTRIBUTION	VERIFY_SOURCE_AND_PREPROCESSING_PROVENANCE	INVENTORIED_NOT_YET_HASHED	harmonized_gwas
/Volumes/Extreme SSD/Utsav-Research-Archive/Sleep-GWAS/Sep1-local-dependencies/data/harmonized/scz.harmonized.tsv.gz	157319696		02a168a4693e2b1f589401f345626c3f4b966d2080356d25c1419c4fb601c6df	PGC3_SCZ_wave3_european_autosome_public_v3	hg19	EUR	scz	log_odds_beta_per_A1_effect_allele	RESEARCH_ONLY; SOURCE_LICENSE_REVIEW_REQUIRED; NO_RAW_REDISTRIBUTION	VERIFY_SOURCE_AND_PREPROCESSING_PROVENANCE	HASH_RECORDED_NO_HISTORICAL_EXPECTED_HASH	harmonized_gwas
/Volumes/Extreme SSD/Utsav-Research-Archive/Sleep-GWAS/Sep1-local-dependencies/data/harmonized/scz.qc.txt	1324			UNKNOWN	UNKNOWN	UNKNOWN	UNKNOWN	UNKNOWN	RESEARCH_ONLY; SOURCE_LICENSE_REVIEW_REQUIRED; NO_RAW_REDISTRIBUTION	VERIFY_SOURCE_AND_PREPROCESSING_PROVENANCE	INVENTORIED_NOT_YET_HASHED	harmonized_gwas
/Volumes/Extreme SSD/Utsav-Research-Archive/Sleep-GWAS/Sep1-local-dependencies/data/harmonized/shortsleep.harmonized.tsv.gz	146959493		3cc70e0c511ed0a54865467dea28ac102a707de83734b0d71c5be4281cd55d0b	Dashti_2019_lt7h	hg19	EUR	shortsleep	linear_mixed_model_beta_per_ALLELE1_effect_allele	RESEARCH_ONLY; SOURCE_LICENSE_REVIEW_REQUIRED; NO_RAW_REDISTRIBUTION	VERIFY_SOURCE_AND_PREPROCESSING_PROVENANCE	HASH_RECORDED_NO_HISTORICAL_EXPECTED_HASH	harmonized_gwas
/Volumes/Extreme SSD/Utsav-Research-Archive/Sleep-GWAS/Sep1-local-dependencies/data/harmonized/shortsleep.qc.txt	1368			UNKNOWN	UNKNOWN	UNKNOWN	UNKNOWN	UNKNOWN	RESEARCH_ONLY; SOURCE_LICENSE_REVIEW_REQUIRED; NO_RAW_REDISTRIBUTION	VERIFY_SOURCE_AND_PREPROCESSING_PROVENANCE	INVENTORIED_NOT_YET_HASHED	harmonized_gwas
/Volumes/Extreme SSD/Utsav-Research-Archive/Sleep-GWAS/Sep1-local-dependencies/data/harmonized/sleep_apnea.harmonized.tsv.gz	167251776		bf203697fcdc4bdff209f8e49b5af6de54234af365a873b5504df119c43e5932	FinnGen_R9_G6_SLEEPAPNO_2023-05-04	hg38	EUR	sleep_apnea	log_odds_per_alt_effect_allele	RESEARCH_ONLY; SOURCE_LICENSE_REVIEW_REQUIRED; NO_RAW_REDISTRIBUTION	VERIFY_SOURCE_AND_PREPROCESSING_PROVENANCE	HASH_RECORDED_NO_HISTORICAL_EXPECTED_HASH	harmonized_gwas
/Volumes/Extreme SSD/Utsav-Research-Archive/Sleep-GWAS/Sep1-local-dependencies/data/harmonized/sleep_apnea.qc.txt	1968			UNKNOWN	UNKNOWN	UNKNOWN	UNKNOWN	UNKNOWN	RESEARCH_ONLY; SOURCE_LICENSE_REVIEW_REQUIRED; NO_RAW_REDISTRIBUTION	VERIFY_SOURCE_AND_PREPROCESSING_PROVENANCE	INVENTORIED_NOT_YET_HASHED	harmonized_gwas
/Volumes/Extreme SSD/Utsav-Research-Archive/Sleep-GWAS/Sep1-local-dependencies/data/harmonized/sleep_efficiency.harmonized.tsv.gz	144204520		7ef7c98963c579635d31bcfd997cf02ccd996defe63a782279a6974642c38a0a	GCST007803_sleep_efficiency	hg19	EUR	sleep_efficiency	beta_per_ALLELE1_for_rank_normalized_sleep_efficiency	RESEARCH_ONLY; SOURCE_LICENSE_REVIEW_REQUIRED; NO_RAW_REDISTRIBUTION	VERIFY_SOURCE_AND_PREPROCESSING_PROVENANCE	HASH_RECORDED_NO_HISTORICAL_EXPECTED_HASH	harmonized_gwas
/Volumes/Extreme SSD/Utsav-Research-Archive/Sleep-GWAS/Sep1-local-dependencies/data/harmonized/sleep_efficiency.qc.txt	1358			UNKNOWN	UNKNOWN	UNKNOWN	UNKNOWN	UNKNOWN	RESEARCH_ONLY; SOURCE_LICENSE_REVIEW_REQUIRED; NO_RAW_REDISTRIBUTION	VERIFY_SOURCE_AND_PREPROCESSING_PROVENANCE	INVENTORIED_NOT_YET_HASHED	harmonized_gwas
/Volumes/Extreme SSD/Utsav-Research-Archive/Sleep-GWAS/Sep1-local-dependencies/data/harmonized/sleep_timing.harmonized.tsv.gz	144192547		6f8b137e091b208e7e7337f989f9072f82c0d894613f1792d9fa55c992003955	GCST007803_sleep_midpoint	hg19	EUR	sleep_timing	beta_per_ALLELE1_for_rank_normalized_SPT_midpoint	RESEARCH_ONLY; SOURCE_LICENSE_REVIEW_REQUIRED; NO_RAW_REDISTRIBUTION	VERIFY_SOURCE_AND_PREPROCESSING_PROVENANCE	HASH_RECORDED_NO_HISTORICAL_EXPECTED_HASH	harmonized_gwas
/Volumes/Extreme SSD/Utsav-Research-Archive/Sleep-GWAS/Sep1-local-dependencies/data/harmonized/sleep_timing.qc.txt	1350			UNKNOWN	UNKNOWN	UNKNOWN	UNKNOWN	UNKNOWN	RESEARCH_ONLY; SOURCE_LICENSE_REVIEW_REQUIRED; NO_RAW_REDISTRIBUTION	VERIFY_SOURCE_AND_PREPROCESSING_PROVENANCE	INVENTORIED_NOT_YET_HASHED	harmonized_gwas
/Volumes/Extreme SSD/Utsav-Research-Archive/Sleep-GWAS/Sep1-local-dependencies/data/harmonized/sleepdur.harmonized.tsv.gz	145984615		39ffd53bc3858d7dc1ef82cb3057daad5ca83d8677c05ce58b696457b542c9cb	Dashti_2019_continuous	hg19	EUR	sleepdur	hours_per_ALLELE1_effect_allele	RESEARCH_ONLY; SOURCE_LICENSE_REVIEW_REQUIRED; NO_RAW_REDISTRIBUTION	VERIFY_SOURCE_AND_PREPROCESSING_PROVENANCE	HASH_RECORDED_NO_HISTORICAL_EXPECTED_HASH	harmonized_gwas
/Volumes/Extreme SSD/Utsav-Research-Archive/Sleep-GWAS/Sep1-local-dependencies/data/harmonized/sleepdur.qc.txt	1346			UNKNOWN	UNKNOWN	UNKNOWN	UNKNOWN	UNKNOWN	RESEARCH_ONLY; SOURCE_LICENSE_REVIEW_REQUIRED; NO_RAW_REDISTRIBUTION	VERIFY_SOURCE_AND_PREPROCESSING_PROVENANCE	INVENTORIED_NOT_YET_HASHED	harmonized_gwas
/Volumes/Extreme SSD/Utsav-Research-Archive/Sleep-GWAS/Sep1-local-dependencies/data/harmonized/sleepiness.harmonized.tsv.gz	144902667		54b9d15a35949b77becd2908b31b046304aecb8916e84f7f2f7632f4f4f460b8	Wang_2019_daytime_sleepiness	hg19	EUR	sleepiness	continuous_sleepiness_beta_per_ALLELE1	RESEARCH_ONLY; SOURCE_LICENSE_REVIEW_REQUIRED; NO_RAW_REDISTRIBUTION	VERIFY_SOURCE_AND_PREPROCESSING_PROVENANCE	HASH_RECORDED_NO_HISTORICAL_EXPECTED_HASH	harmonized_gwas
/Volumes/Extreme SSD/Utsav-Research-Archive/Sleep-GWAS/Sep1-local-dependencies/data/harmonized/sleepiness.qc.txt	1341			UNKNOWN	UNKNOWN	UNKNOWN	UNKNOWN	UNKNOWN	RESEARCH_ONLY; SOURCE_LICENSE_REVIEW_REQUIRED; NO_RAW_REDISTRIBUTION	VERIFY_SOURCE_AND_PREPROCESSING_PROVENANCE	INVENTORIED_NOT_YET_HASHED	harmonized_gwas
/Volumes/Extreme SSD/Utsav-Research-Archive/Sleep-GWAS/Sep1-local-dependencies/data/harmonized/snoring.harmonized.tsv.gz	163291287		1b0f6170f09cada35613599e70f03f9df0baf24e9cfe2579ab1364817fe6b416	GCST009760_Campos_main_analysis	hg19	EUR	snoring	beta_per_A1_effect_allele	RESEARCH_ONLY; SOURCE_LICENSE_REVIEW_REQUIRED; NO_RAW_REDISTRIBUTION	VERIFY_SOURCE_AND_PREPROCESSING_PROVENANCE	HASH_RECORDED_NO_HISTORICAL_EXPECTED_HASH	harmonized_gwas
/Volumes/Extreme SSD/Utsav-Research-Archive/Sleep-GWAS/Sep1-local-dependencies/data/harmonized/snoring.qc.txt	1304			UNKNOWN	UNKNOWN	UNKNOWN	UNKNOWN	UNKNOWN	RESEARCH_ONLY; SOURCE_LICENSE_REVIEW_REQUIRED; NO_RAW_REDISTRIBUTION	VERIFY_SOURCE_AND_PREPROCESSING_PROVENANCE	INVENTORIED_NOT_YET_HASHED	harmonized_gwas
/Volumes/Extreme SSD/Utsav-Research-Archive/Sleep-GWAS/Sep1-local-dependencies/data/harmonized/stroke.harmonized.tsv.gz	25400358		eb01e6b1a005648a92f93b6206394a301d8903ea39a04c22695040c119b5fd84	GCST90104539_any_stroke_EUR	hg19	EUR	stroke	log_odds_per_effect_allele	RESEARCH_ONLY; SOURCE_LICENSE_REVIEW_REQUIRED; NO_RAW_REDISTRIBUTION	VERIFY_SOURCE_AND_PREPROCESSING_PROVENANCE	HASH_RECORDED_NO_HISTORICAL_EXPECTED_HASH	harmonized_gwas
/Volumes/Extreme SSD/Utsav-Research-Archive/Sleep-GWAS/Sep1-local-dependencies/data/harmonized/stroke.qc.txt	1889			UNKNOWN	UNKNOWN	UNKNOWN	UNKNOWN	UNKNOWN	RESEARCH_ONLY; SOURCE_LICENSE_REVIEW_REQUIRED; NO_RAW_REDISTRIBUTION	VERIFY_SOURCE_AND_PREPROCESSING_PROVENANCE	INVENTORIED_NOT_YET_HASHED	harmonized_gwas
/Volumes/Extreme SSD/Utsav-Research-Archive/Sleep-GWAS/Sep1-local-dependencies/data/harmonized/t2d.harmonized.tsv.gz	29515332		ec3bc44daf4d984fbef7b59559ec081a156ab0073a9e2bc9b27223c4362831f3	FinnGen_R9_T2D_2023-05-04	hg38	EUR	t2d	log_odds_per_alt_effect_allele	RESEARCH_ONLY; SOURCE_LICENSE_REVIEW_REQUIRED; NO_RAW_REDISTRIBUTION	VERIFY_SOURCE_AND_PREPROCESSING_PROVENANCE	HASH_RECORDED_NO_HISTORICAL_EXPECTED_HASH	harmonized_gwas
/Volumes/Extreme SSD/Utsav-Research-Archive/Sleep-GWAS/Sep1-local-dependencies/data/harmonized/t2d.prefilter.provenance.json	842			UNKNOWN	UNKNOWN	UNKNOWN	UNKNOWN	UNKNOWN	RESEARCH_ONLY; SOURCE_LICENSE_REVIEW_REQUIRED; NO_RAW_REDISTRIBUTION	VERIFY_SOURCE_AND_PREPROCESSING_PROVENANCE	INVENTORIED_NOT_YET_HASHED	harmonized_gwas
/Volumes/Extreme SSD/Utsav-Research-Archive/Sleep-GWAS/Sep1-local-dependencies/data/harmonized/t2d.qc.txt	2329			UNKNOWN	UNKNOWN	UNKNOWN	UNKNOWN	UNKNOWN	RESEARCH_ONLY; SOURCE_LICENSE_REVIEW_REQUIRED; NO_RAW_REDISTRIBUTION	VERIFY_SOURCE_AND_PREPROCESSING_PROVENANCE	INVENTORIED_NOT_YET_HASHED	harmonized_gwas
/Volumes/Extreme SSD/Utsav-Research-Archive/Sleep-GWAS/Sep1-local-dependencies/data/harmonized/telomere_length.harmonized.tsv.gz	32448299		4a23a150c412fe8d3695fde8135eb32396d0b71c33374ded05a4e77d090e7b24	GCST90435144_Burren_2024_NFE	hg38	EUR	telomere_length	beta_per_effect_allele	RESEARCH_ONLY; SOURCE_LICENSE_REVIEW_REQUIRED; NO_RAW_REDISTRIBUTION	VERIFY_SOURCE_AND_PREPROCESSING_PROVENANCE	HASH_RECORDED_NO_HISTORICAL_EXPECTED_HASH	harmonized_gwas
/Volumes/Extreme SSD/Utsav-Research-Archive/Sleep-GWAS/Sep1-local-dependencies/data/harmonized/telomere_length.prefilter.provenance.json	866			UNKNOWN	UNKNOWN	UNKNOWN	UNKNOWN	UNKNOWN	RESEARCH_ONLY; SOURCE_LICENSE_REVIEW_REQUIRED; NO_RAW_REDISTRIBUTION	VERIFY_SOURCE_AND_PREPROCESSING_PROVENANCE	INVENTORIED_NOT_YET_HASHED	harmonized_gwas
/Volumes/Extreme SSD/Utsav-Research-Archive/Sleep-GWAS/Sep1-local-dependencies/data/harmonized/telomere_length.qc.txt	2225			UNKNOWN	UNKNOWN	UNKNOWN	UNKNOWN	UNKNOWN	RESEARCH_ONLY; SOURCE_LICENSE_REVIEW_REQUIRED; NO_RAW_REDISTRIBUTION	VERIFY_SOURCE_AND_PREPROCESSING_PROVENANCE	INVENTORIED_NOT_YET_HASHED	harmonized_gwas
/Volumes/Extreme SSD/Utsav-Research-Archive/Sleep-GWAS/Sep1-local-dependencies/data/harmonized/triglycerides.harmonized.tsv.gz	28050405		24e59d6fb76c12cf35b40a1ec2b80f4b37734593a74700fc63c8d40b7739ec39	GCST90239664_logTG_INV_EUR	hg19	EUR	triglycerides	beta_per_ALT_effect_allele	RESEARCH_ONLY; SOURCE_LICENSE_REVIEW_REQUIRED; NO_RAW_REDISTRIBUTION	VERIFY_SOURCE_AND_PREPROCESSING_PROVENANCE	HASH_RECORDED_NO_HISTORICAL_EXPECTED_HASH	harmonized_gwas
/Volumes/Extreme SSD/Utsav-Research-Archive/Sleep-GWAS/Sep1-local-dependencies/data/harmonized/triglycerides.prefilter.provenance.json	862			UNKNOWN	UNKNOWN	UNKNOWN	UNKNOWN	UNKNOWN	RESEARCH_ONLY; SOURCE_LICENSE_REVIEW_REQUIRED; NO_RAW_REDISTRIBUTION	VERIFY_SOURCE_AND_PREPROCESSING_PROVENANCE	INVENTORIED_NOT_YET_HASHED	harmonized_gwas
/Volumes/Extreme SSD/Utsav-Research-Archive/Sleep-GWAS/Sep1-local-dependencies/data/harmonized/triglycerides.qc.txt	1637			UNKNOWN	UNKNOWN	UNKNOWN	UNKNOWN	UNKNOWN	RESEARCH_ONLY; SOURCE_LICENSE_REVIEW_REQUIRED; NO_RAW_REDISTRIBUTION	VERIFY_SOURCE_AND_PREPROCESSING_PROVENANCE	INVENTORIED_NOT_YET_HASHED	harmonized_gwas
/Volumes/Extreme SSD/Utsav-Research-Archive/Sleep-GWAS/Sep1-local-dependencies/data/harmonized/uc.harmonized.tsv.gz	18685468		65a3c4a7ba20ac9d1f7980bc86e1427f93feb4d57679fda8aa003cc8c560ea7a	GCST004133_build37_45975_20161107	hg19	EUR	uc	beta_per_Allele1	RESEARCH_ONLY; SOURCE_LICENSE_REVIEW_REQUIRED; NO_RAW_REDISTRIBUTION	VERIFY_SOURCE_AND_PREPROCESSING_PROVENANCE	HASH_RECORDED_NO_HISTORICAL_EXPECTED_HASH	harmonized_gwas
/Volumes/Extreme SSD/Utsav-Research-Archive/Sleep-GWAS/Sep1-local-dependencies/data/harmonized/uc.qc.txt	1966			UNKNOWN	UNKNOWN	UNKNOWN	UNKNOWN	UNKNOWN	RESEARCH_ONLY; SOURCE_LICENSE_REVIEW_REQUIRED; NO_RAW_REDISTRIBUTION	VERIFY_SOURCE_AND_PREPROCESSING_PROVENANCE	INVENTORIED_NOT_YET_HASHED	harmonized_gwas
/Volumes/Extreme SSD/Utsav-Research-Archive/Sleep-GWAS/Sep1-local-dependencies/data/harmonized/.prefilter/asthma.hm3.tsv.gz	43882071	0f3124282385f2252957eacb19e1caaf16c0496b0b0efce810a04d0309aaaa31	0f3124282385f2252957eacb19e1caaf16c0496b0b0efce810a04d0309aaaa31	FinnGen_R9_J10_ASTHMA_EXMORE_2023-05-04	hg38	EUR	asthma	UNKNOWN	RESEARCH_ONLY; SOURCE_LICENSE_REVIEW_REQUIRED; NO_RAW_REDISTRIBUTION	VERIFY_SOURCE_AND_PREPROCESSING_PROVENANCE	MATCH_EXPECTED_SHA256	harmonized_gwas
/Volumes/Extreme SSD/Utsav-Research-Archive/Sleep-GWAS/Sep1-local-dependencies/data/harmonized/.prefilter/cad.hm3.tsv.gz	43902614	71c5a9a3cdaf9fbc6cc1978bc9d5045bbe5cd02d93ae72822bdb0dbf71f5516f	71c5a9a3cdaf9fbc6cc1978bc9d5045bbe5cd02d93ae72822bdb0dbf71f5516f	FinnGen_R9_I9_IHD_2023-05-04	hg38	EUR	cad	UNKNOWN	RESEARCH_ONLY; SOURCE_LICENSE_REVIEW_REQUIRED; NO_RAW_REDISTRIBUTION	VERIFY_SOURCE_AND_PREPROCESSING_PROVENANCE	MATCH_EXPECTED_SHA256	harmonized_gwas
/Volumes/Extreme SSD/Utsav-Research-Archive/Sleep-GWAS/Sep1-local-dependencies/data/harmonized/.prefilter/hdl.hm3.tsv.gz	54633131	a68d17d076d2f07e972b9c994df471b8078155f0d021516f6ff3f8fc03864d93	a68d17d076d2f07e972b9c994df471b8078155f0d021516f6ff3f8fc03864d93	GCST90239652_HDL_INV_EUR	hg19	EUR	hdl	UNKNOWN	RESEARCH_ONLY; SOURCE_LICENSE_REVIEW_REQUIRED; NO_RAW_REDISTRIBUTION	VERIFY_SOURCE_AND_PREPROCESSING_PROVENANCE	MATCH_EXPECTED_SHA256	harmonized_gwas
/Volumes/Extreme SSD/Utsav-Research-Archive/Sleep-GWAS/Sep1-local-dependencies/data/harmonized/.prefilter/ldl.hm3.tsv.gz	54421044	86ed65e10e0b6aa4a31da13b8cea35ab39c1964305741c87ba400d63c5c2b56e	86ed65e10e0b6aa4a31da13b8cea35ab39c1964305741c87ba400d63c5c2b56e	GCST90239658_LDL_INV_EUR	hg19	EUR	ldl	UNKNOWN	RESEARCH_ONLY; SOURCE_LICENSE_REVIEW_REQUIRED; NO_RAW_REDISTRIBUTION	VERIFY_SOURCE_AND_PREPROCESSING_PROVENANCE	MATCH_EXPECTED_SHA256	harmonized_gwas
/Volumes/Extreme SSD/Utsav-Research-Archive/Sleep-GWAS/Sep1-local-dependencies/data/harmonized/.prefilter/melanoma.hm3.tsv.gz	43272813	81115286ecd72f426ec57694bda561d8cb515bef0be48dffd57bfb96ea3f765f	81115286ecd72f426ec57694bda561d8cb515bef0be48dffd57bfb96ea3f765f	FinnGen_R9_C3_MELANOMA_SKIN_EXALLC_2023-05-04	hg38	EUR	melanoma	UNKNOWN	RESEARCH_ONLY; SOURCE_LICENSE_REVIEW_REQUIRED; NO_RAW_REDISTRIBUTION	VERIFY_SOURCE_AND_PREPROCESSING_PROVENANCE	MATCH_EXPECTED_SHA256	harmonized_gwas
/Volumes/Extreme SSD/Utsav-Research-Archive/Sleep-GWAS/Sep1-local-dependencies/data/harmonized/.prefilter/ms.hm3.tsv.gz	43154206	4dc852a8b6df7980a073e9e9f9b2634be8464287494ee52a879225cd67fb46b6	4dc852a8b6df7980a073e9e9f9b2634be8464287494ee52a879225cd67fb46b6	FinnGen_R9_G6_MS_2023-05-04	hg38	EUR	ms	UNKNOWN	RESEARCH_ONLY; SOURCE_LICENSE_REVIEW_REQUIRED; NO_RAW_REDISTRIBUTION	VERIFY_SOURCE_AND_PREPROCESSING_PROVENANCE	MATCH_EXPECTED_SHA256	harmonized_gwas
/Volumes/Extreme SSD/Utsav-Research-Archive/Sleep-GWAS/Sep1-local-dependencies/data/harmonized/.prefilter/t2d.hm3.tsv.gz	43983497	a4c043bec3cf3eae042496fb78f420e0bfad4ae6d1402a2920b1a07d9c550ae0	a4c043bec3cf3eae042496fb78f420e0bfad4ae6d1402a2920b1a07d9c550ae0	FinnGen_R9_T2D_2023-05-04	hg38	EUR	t2d	UNKNOWN	RESEARCH_ONLY; SOURCE_LICENSE_REVIEW_REQUIRED; NO_RAW_REDISTRIBUTION	VERIFY_SOURCE_AND_PREPROCESSING_PROVENANCE	MATCH_EXPECTED_SHA256	harmonized_gwas
/Volumes/Extreme SSD/Utsav-Research-Archive/Sleep-GWAS/Sep1-local-dependencies/data/harmonized/.prefilter/telomere_length.hm3.tsv.gz	49044121	5b0b21253093328fe5d6839adf678143d3805f2e4f1f94d6cbfa63f3f8156de8	5b0b21253093328fe5d6839adf678143d3805f2e4f1f94d6cbfa63f3f8156de8	GCST90435144_Burren_2024_NFE	hg38	EUR	telomere_length	UNKNOWN	RESEARCH_ONLY; SOURCE_LICENSE_REVIEW_REQUIRED; NO_RAW_REDISTRIBUTION	VERIFY_SOURCE_AND_PREPROCESSING_PROVENANCE	MATCH_EXPECTED_SHA256	harmonized_gwas
/Volumes/Extreme SSD/Utsav-Research-Archive/Sleep-GWAS/Sep1-local-dependencies/data/harmonized/.prefilter/triglycerides.hm3.tsv.gz	54605904	e4c8fb0e31cd443a906d2d293005086738a19b6ebbaecf480fc3f787e4211ae1	e4c8fb0e31cd443a906d2d293005086738a19b6ebbaecf480fc3f787e4211ae1	GCST90239664_logTG_INV_EUR	hg19	EUR	triglycerides	UNKNOWN	RESEARCH_ONLY; SOURCE_LICENSE_REVIEW_REQUIRED; NO_RAW_REDISTRIBUTION	VERIFY_SOURCE_AND_PREPROCESSING_PROVENANCE	MATCH_EXPECTED_SHA256	harmonized_gwas
/Volumes/Extreme SSD/Utsav-Research-Archive/Sleep-GWAS/Sep1-local-dependencies/data/munged/accel_sleep_duration.log	2020		8f52fff51d2ccde9917015621e4d81d011ca8b62714cfed1616ed1e0741ff121	UNKNOWN	UNKNOWN	UNKNOWN	UNKNOWN	UNKNOWN	RESEARCH_ONLY; SOURCE_LICENSE_REVIEW_REQUIRED; NO_RAW_REDISTRIBUTION	VERIFY_SOURCE_AND_PREPROCESSING_PROVENANCE	CURRENT_HASH_NO_EXPECTED_HASH	auxiliary_or_historical_output
/Volumes/Extreme SSD/Utsav-Research-Archive/Sleep-GWAS/Sep1-local-dependencies/data/munged/accel_sleep_duration.sumstats.gz	8236154		724ba24f6294c9a3158735f084f7e4aa2c27d7afce38689e67c98e6c78aac958	GCST007803_sleep_duration	hg19	EUR	accel_sleep_duration	beta_per_ALLELE1_for_rank_normalized_sleep_duration	RESEARCH_ONLY; SOURCE_LICENSE_REVIEW_REQUIRED; NO_RAW_REDISTRIBUTION	VERIFY_SOURCE_AND_PREPROCESSING_PROVENANCE	HASH_RECORDED_NO_HISTORICAL_EXPECTED_HASH	hapmap3_munged_gwas
/Volumes/Extreme SSD/Utsav-Research-Archive/Sleep-GWAS/Sep1-local-dependencies/data/munged/adhd.log	1979		6797133f77967ea4fae9d640576a24512ee006dba86d574169cd074af73e078a	UNKNOWN	UNKNOWN	UNKNOWN	UNKNOWN	UNKNOWN	RESEARCH_ONLY; SOURCE_LICENSE_REVIEW_REQUIRED; NO_RAW_REDISTRIBUTION	VERIFY_SOURCE_AND_PREPROCESSING_PROVENANCE	CURRENT_HASH_NO_EXPECTED_HASH	auxiliary_or_historical_output
/Volumes/Extreme SSD/Utsav-Research-Archive/Sleep-GWAS/Sep1-local-dependencies/data/munged/adhd.sumstats.gz	9133037		dadb8adcabcb1e8e2d59c8f85fbc4fdd48d38753668bf0a377e938e4ad065b4c	ADHD2022_iPSYCH_deCODE_PGC_January_2022_release	hg19	EUR	adhd	odds_ratio_per_A1_effect_allele	RESEARCH_ONLY; SOURCE_LICENSE_REVIEW_REQUIRED; NO_RAW_REDISTRIBUTION	VERIFY_SOURCE_AND_PREPROCESSING_PROVENANCE	HASH_RECORDED_NO_HISTORICAL_EXPECTED_HASH	hapmap3_munged_gwas
/Volumes/Extreme SSD/Utsav-Research-Archive/Sleep-GWAS/Sep1-local-dependencies/data/munged/alz.log	1956		b8df952d3039ad2fec2ca461145d0bf71b24ef97624f811321c2202691d09311	UNKNOWN	UNKNOWN	UNKNOWN	UNKNOWN	UNKNOWN	RESEARCH_ONLY; SOURCE_LICENSE_REVIEW_REQUIRED; NO_RAW_REDISTRIBUTION	VERIFY_SOURCE_AND_PREPROCESSING_PROVENANCE	CURRENT_HASH_NO_EXPECTED_HASH	auxiliary_or_historical_output
/Volumes/Extreme SSD/Utsav-Research-Archive/Sleep-GWAS/Sep1-local-dependencies/data/munged/alz.sumstats.gz	8713914		edb54f59bb9566fc4417c89a89e9a251ee61b7132e5b7b57f25e11eb0cd5ffe0	GCST90027158_stage1_GRCh38	hg38	EUR	alz	log_odds_beta_per_effect_allele	RESEARCH_ONLY; SOURCE_LICENSE_REVIEW_REQUIRED; NO_RAW_REDISTRIBUTION	VERIFY_SOURCE_AND_PREPROCESSING_PROVENANCE	HASH_RECORDED_NO_HISTORICAL_EXPECTED_HASH	hapmap3_munged_gwas
/Volumes/Extreme SSD/Utsav-Research-Archive/Sleep-GWAS/Sep1-local-dependencies/data/munged/asthma.log	1981		dc1a7c6e921854ecabc3e076258dce3ae3563206a309956cfcab2d787c8968cc	UNKNOWN	UNKNOWN	UNKNOWN	UNKNOWN	UNKNOWN	RESEARCH_ONLY; SOURCE_LICENSE_REVIEW_REQUIRED; NO_RAW_REDISTRIBUTION	VERIFY_SOURCE_AND_PREPROCESSING_PROVENANCE	CURRENT_HASH_NO_EXPECTED_HASH	auxiliary_or_historical_output
/Volumes/Extreme SSD/Utsav-Research-Archive/Sleep-GWAS/Sep1-local-dependencies/data/munged/asthma.sumstats.gz	8721402		49f9b25e9b69225bbe43a0b3793195c77c08b9295f702301c07a0fc2635bc2b9	FinnGen_R9_J10_ASTHMA_EXMORE_2023-05-04	hg38	EUR	asthma	log_odds_per_alt_effect_allele	RESEARCH_ONLY; SOURCE_LICENSE_REVIEW_REQUIRED; NO_RAW_REDISTRIBUTION	VERIFY_SOURCE_AND_PREPROCESSING_PROVENANCE	HASH_RECORDED_NO_HISTORICAL_EXPECTED_HASH	hapmap3_munged_gwas
/Volumes/Extreme SSD/Utsav-Research-Archive/Sleep-GWAS/Sep1-local-dependencies/data/munged/atrial_fibrillation.log	2022		c2611530b4c03e64968e4ed0946da8377a14963e47d5f24145028405ab6bfa7a	UNKNOWN	UNKNOWN	UNKNOWN	UNKNOWN	UNKNOWN	RESEARCH_ONLY; SOURCE_LICENSE_REVIEW_REQUIRED; NO_RAW_REDISTRIBUTION	VERIFY_SOURCE_AND_PREPROCESSING_PROVENANCE	CURRENT_HASH_NO_EXPECTED_HASH	auxiliary_or_historical_output
/Volumes/Extreme SSD/Utsav-Research-Archive/Sleep-GWAS/Sep1-local-dependencies/data/munged/atrial_fibrillation.sumstats.gz	8592761		7d444046060b04e73a20c57f28aa47b1a103712af67f784d3df5de8fda7bc665	GCST006061_AF_HRC_GWAS_ALLv11	hg19	EUR	atrial_fibrillation	log_effect_per_Allele1_combining_logistic_and_cox_models	RESEARCH_ONLY; SOURCE_LICENSE_REVIEW_REQUIRED; NO_RAW_REDISTRIBUTION	VERIFY_SOURCE_AND_PREPROCESSING_PROVENANCE	HASH_RECORDED_NO_HISTORICAL_EXPECTED_HASH	hapmap3_munged_gwas
/Volumes/Extreme SSD/Utsav-Research-Archive/Sleep-GWAS/Sep1-local-dependencies/data/munged/bipolar.log	1989		d58285ea14fb4ec681be380e80586f5953eb8fd293e63368890cd8a774b899bf	UNKNOWN	UNKNOWN	UNKNOWN	UNKNOWN	UNKNOWN	RESEARCH_ONLY; SOURCE_LICENSE_REVIEW_REQUIRED; NO_RAW_REDISTRIBUTION	VERIFY_SOURCE_AND_PREPROCESSING_PROVENANCE	CURRENT_HASH_NO_EXPECTED_HASH	auxiliary_or_historical_output
/Volumes/Extreme SSD/Utsav-Research-Archive/Sleep-GWAS/Sep1-local-dependencies/data/munged/bipolar.sumstats.gz	9570827		f8f6de202acfb6e38dc12725be1a095bc380c3d8f039719f5e163543730639b9	pgc-bip2021-all_Figshare_v2	hg19	EUR	bipolar	fixed_effect_log_odds_beta_per_A1_effect_allele	RESEARCH_ONLY; SOURCE_LICENSE_REVIEW_REQUIRED; NO_RAW_REDISTRIBUTION	VERIFY_SOURCE_AND_PREPROCESSING_PROVENANCE	HASH_RECORDED_NO_HISTORICAL_EXPECTED_HASH	hapmap3_munged_gwas
/Volumes/Extreme SSD/Utsav-Research-Archive/Sleep-GWAS/Sep1-local-dependencies/data/munged/bmi.log	1958		fcd183a0843100a5dd1a2064bb020374e7022b07430f9ffcf9fffdaef6423a96	UNKNOWN	UNKNOWN	UNKNOWN	UNKNOWN	UNKNOWN	RESEARCH_ONLY; SOURCE_LICENSE_REVIEW_REQUIRED; NO_RAW_REDISTRIBUTION	VERIFY_SOURCE_AND_PREPROCESSING_PROVENANCE	CURRENT_HASH_NO_EXPECTED_HASH	auxiliary_or_historical_output
/Volumes/Extreme SSD/Utsav-Research-Archive/Sleep-GWAS/Sep1-local-dependencies/data/munged/bmi.sumstats.gz	10872216		481bcfaf59fc6459853c6319414507d67cbf102dc77d93e527705ed23429b078	GCST006900_Yengo_2018_GIANT_UKB	hg19	EUR	bmi	beta_per_Tested_Allele	RESEARCH_ONLY; SOURCE_LICENSE_REVIEW_REQUIRED; NO_RAW_REDISTRIBUTION	VERIFY_SOURCE_AND_PREPROCESSING_PROVENANCE	HASH_RECORDED_NO_HISTORICAL_EXPECTED_HASH	hapmap3_munged_gwas
/Volumes/Extreme SSD/Utsav-Research-Archive/Sleep-GWAS/Sep1-local-dependencies/data/munged/breast_cancer.log	2011		8968032a983c21118b5699cfebf6b8da5dd30bf9eb2cfdceb84aa47df8e726a8	UNKNOWN	UNKNOWN	UNKNOWN	UNKNOWN	UNKNOWN	RESEARCH_ONLY; SOURCE_LICENSE_REVIEW_REQUIRED; NO_RAW_REDISTRIBUTION	VERIFY_SOURCE_AND_PREPROCESSING_PROVENANCE	CURRENT_HASH_NO_EXPECTED_HASH	auxiliary_or_historical_output
/Volumes/Extreme SSD/Utsav-Research-Archive/Sleep-GWAS/Sep1-local-dependencies/data/munged/breast_cancer.sumstats.gz	8508136		5285bc7a4286e22a2d9e8e289a57fe2d88915d16273554c6eaa82fecd24157f7	BCAC_2020_overall_EUR	hg19	EUR	breast_cancer	beta_per_Effect.Meta	RESEARCH_ONLY; SOURCE_LICENSE_REVIEW_REQUIRED; NO_RAW_REDISTRIBUTION	VERIFY_SOURCE_AND_PREPROCESSING_PROVENANCE	HASH_RECORDED_NO_HISTORICAL_EXPECTED_HASH	hapmap3_munged_gwas
/Volumes/Extreme SSD/Utsav-Research-Archive/Sleep-GWAS/Sep1-local-dependencies/data/munged/cad.log	1961		db538d1f0549375199725ff9698ec40b7fd383f0141418a8601cd832a84bfd7c	UNKNOWN	UNKNOWN	UNKNOWN	UNKNOWN	UNKNOWN	RESEARCH_ONLY; SOURCE_LICENSE_REVIEW_REQUIRED; NO_RAW_REDISTRIBUTION	VERIFY_SOURCE_AND_PREPROCESSING_PROVENANCE	CURRENT_HASH_NO_EXPECTED_HASH	auxiliary_or_historical_output
/Volumes/Extreme SSD/Utsav-Research-Archive/Sleep-GWAS/Sep1-local-dependencies/data/munged/cad.sumstats.gz	8721194		3c3accca0ea86db9a8aa4bccddcddb0a7286db850abb2572b77e15037c3df79f	FinnGen_R9_I9_IHD_2023-05-04	hg38	EUR	cad	log_odds_per_alt_effect_allele	RESEARCH_ONLY; SOURCE_LICENSE_REVIEW_REQUIRED; NO_RAW_REDISTRIBUTION	VERIFY_SOURCE_AND_PREPROCESSING_PROVENANCE	HASH_RECORDED_NO_HISTORICAL_EXPECTED_HASH	hapmap3_munged_gwas
/Volumes/Extreme SSD/Utsav-Research-Archive/Sleep-GWAS/Sep1-local-dependencies/data/munged/chronotype.log	1996		c96e4e345a75f810a134a177f1f550ecb1bbf11807bc4e53fed1df66b69a76b0	UNKNOWN	UNKNOWN	UNKNOWN	UNKNOWN	UNKNOWN	RESEARCH_ONLY; SOURCE_LICENSE_REVIEW_REQUIRED; NO_RAW_REDISTRIBUTION	VERIFY_SOURCE_AND_PREPROCESSING_PROVENANCE	CURRENT_HASH_NO_EXPECTED_HASH	auxiliary_or_historical_output
/Volumes/Extreme SSD/Utsav-Research-Archive/Sleep-GWAS/Sep1-local-dependencies/data/munged/chronotype.sumstats.gz	8351415		4b82ff44d6838a61a7995e41e9cf3e4c376ae524a1a5e6f196466f77155e3a7b	GCST007565_UKB_morning_person	hg19	EUR	chronotype	natural_log_odds_per_ALLELE1_effect_allele	RESEARCH_ONLY; SOURCE_LICENSE_REVIEW_REQUIRED; NO_RAW_REDISTRIBUTION	VERIFY_SOURCE_AND_PREPROCESSING_PROVENANCE	HASH_RECORDED_NO_HISTORICAL_EXPECTED_HASH	hapmap3_munged_gwas
/Volumes/Extreme SSD/Utsav-Research-Archive/Sleep-GWAS/Sep1-local-dependencies/data/munged/colorectal_cancer.log	2016		5e4bc7f82265e44c027643bc0bfce0993ec7d481d6cc54bdf5c0425391270e84	UNKNOWN	UNKNOWN	UNKNOWN	UNKNOWN	UNKNOWN	RESEARCH_ONLY; SOURCE_LICENSE_REVIEW_REQUIRED; NO_RAW_REDISTRIBUTION	VERIFY_SOURCE_AND_PREPROCESSING_PROVENANCE	CURRENT_HASH_NO_EXPECTED_HASH	auxiliary_or_historical_output
/Volumes/Extreme SSD/Utsav-Research-Archive/Sleep-GWAS/Sep1-local-dependencies/data/munged/colorectal_cancer.sumstats.gz	8788360		3fae130dbd6f23cd70fd36bd8f7ab4cb0a2e34b9a6423f8d14837428c935cce7	GCST90255675_EUR	hg19	EUR	colorectal_cancer	beta_per_effect_allele	RESEARCH_ONLY; SOURCE_LICENSE_REVIEW_REQUIRED; NO_RAW_REDISTRIBUTION	VERIFY_SOURCE_AND_PREPROCESSING_PROVENANCE	HASH_RECORDED_NO_HISTORICAL_EXPECTED_HASH	hapmap3_munged_gwas
/Volumes/Extreme SSD/Utsav-Research-Archive/Sleep-GWAS/Sep1-local-dependencies/data/munged/crohn.log	1953		3c2e6c6e40c1a305f0b2cd782ec3efd9fe764339c6ba34b34db546bbe0982f55	UNKNOWN	UNKNOWN	UNKNOWN	UNKNOWN	UNKNOWN	RESEARCH_ONLY; SOURCE_LICENSE_REVIEW_REQUIRED; NO_RAW_REDISTRIBUTION	VERIFY_SOURCE_AND_PREPROCESSING_PROVENANCE	CURRENT_HASH_NO_EXPECTED_HASH	auxiliary_or_historical_output
/Volumes/Extreme SSD/Utsav-Research-Archive/Sleep-GWAS/Sep1-local-dependencies/data/munged/crohn.sumstats.gz	8469647		ffb6fb54b579af072113d8834ef5463651963b521db37189980e761514f2fdba	GCST004132_build37_40266_20161107	hg19	EUR	crohn	beta_per_Allele1	RESEARCH_ONLY; SOURCE_LICENSE_REVIEW_REQUIRED; NO_RAW_REDISTRIBUTION	VERIFY_SOURCE_AND_PREPROCESSING_PROVENANCE	HASH_RECORDED_NO_HISTORICAL_EXPECTED_HASH	hapmap3_munged_gwas
/Volumes/Extreme SSD/Utsav-Research-Archive/Sleep-GWAS/Sep1-local-dependencies/data/munged/frailty.log	1974		61bccc74989aa0e35d97f12973241a6e392383f941f6cf0bb74661c5fe37c68c	UNKNOWN	UNKNOWN	UNKNOWN	UNKNOWN	UNKNOWN	RESEARCH_ONLY; SOURCE_LICENSE_REVIEW_REQUIRED; NO_RAW_REDISTRIBUTION	VERIFY_SOURCE_AND_PREPROCESSING_PROVENANCE	CURRENT_HASH_NO_EXPECTED_HASH	auxiliary_or_historical_output
/Volumes/Extreme SSD/Utsav-Research-Archive/Sleep-GWAS/Sep1-local-dependencies/data/munged/frailty.sumstats.gz	8523237		26af5752a5a2eeab31e773bcacf6efa929d0a646087bdf324d11dc7668e7c258	GCST90020053	hg19	EUR	frailty	beta_per_effect_allele	RESEARCH_ONLY; SOURCE_LICENSE_REVIEW_REQUIRED; NO_RAW_REDISTRIBUTION	VERIFY_SOURCE_AND_PREPROCESSING_PROVENANCE	HASH_RECORDED_NO_HISTORICAL_EXPECTED_HASH	hapmap3_munged_gwas
/Volumes/Extreme SSD/Utsav-Research-Archive/Sleep-GWAS/Sep1-local-dependencies/data/munged/grip_strength.log	2009		bde144724b95b3a8c80cf7097bf0d1b38652f870c9b68c950318cd5fb47a9f3c	UNKNOWN	UNKNOWN	UNKNOWN	UNKNOWN	UNKNOWN	RESEARCH_ONLY; SOURCE_LICENSE_REVIEW_REQUIRED; NO_RAW_REDISTRIBUTION	VERIFY_SOURCE_AND_PREPROCESSING_PROVENANCE	CURRENT_HASH_NO_EXPECTED_HASH	auxiliary_or_historical_output
/Volumes/Extreme SSD/Utsav-Research-Archive/Sleep-GWAS/Sep1-local-dependencies/data/munged/grip_strength.sumstats.gz	8798319		107d0d1f52d810328ac11295791f5c22a87f9512b2ddaca4b6364350de4385ca	Neale_round2_field46	hg19	EUR	grip_strength	beta_per_alt_effect_allele	RESEARCH_ONLY; SOURCE_LICENSE_REVIEW_REQUIRED; NO_RAW_REDISTRIBUTION	VERIFY_SOURCE_AND_PREPROCESSING_PROVENANCE	HASH_RECORDED_NO_HISTORICAL_EXPECTED_HASH	hapmap3_munged_gwas
/Volumes/Extreme SSD/Utsav-Research-Archive/Sleep-GWAS/Sep1-local-dependencies/data/munged/hdl.log	1965		d779998f97310beb12e9183781af4d0b836613c86eea8868582defcb012c25a3	UNKNOWN	UNKNOWN	UNKNOWN	UNKNOWN	UNKNOWN	RESEARCH_ONLY; SOURCE_LICENSE_REVIEW_REQUIRED; NO_RAW_REDISTRIBUTION	VERIFY_SOURCE_AND_PREPROCESSING_PROVENANCE	CURRENT_HASH_NO_EXPECTED_HASH	auxiliary_or_historical_output
/Volumes/Extreme SSD/Utsav-Research-Archive/Sleep-GWAS/Sep1-local-dependencies/data/munged/hdl.sumstats.gz	11586353		64983e6dc17a8833a202f8809ef55eebb79ec26f5cbeff1bf9e9740e47467781	GCST90239652_HDL_INV_EUR	hg19	EUR	hdl	beta_per_ALT_effect_allele	RESEARCH_ONLY; SOURCE_LICENSE_REVIEW_REQUIRED; NO_RAW_REDISTRIBUTION	VERIFY_SOURCE_AND_PREPROCESSING_PROVENANCE	HASH_RECORDED_NO_HISTORICAL_EXPECTED_HASH	hapmap3_munged_gwas
/Volumes/Extreme SSD/Utsav-Research-Archive/Sleep-GWAS/Sep1-local-dependencies/data/munged/healthspan.log	1979		e907be3dcb99e0afd2087ece33a14ebd7db287832cc07009c9229292d89515ff	UNKNOWN	UNKNOWN	UNKNOWN	UNKNOWN	UNKNOWN	RESEARCH_ONLY; SOURCE_LICENSE_REVIEW_REQUIRED; NO_RAW_REDISTRIBUTION	VERIFY_SOURCE_AND_PREPROCESSING_PROVENANCE	CURRENT_HASH_NO_EXPECTED_HASH	auxiliary_or_historical_output
/Volumes/Extreme SSD/Utsav-Research-Archive/Sleep-GWAS/Sep1-local-dependencies/data/munged/healthspan.sumstats.gz	8746495		c130dd4d87c1dfcbed4b0e09d02f36f11bcafd928405ec21ec1055181a5d4c0b	GCST007406	hg19	EUR	healthspan	beta_per_effect_allele	RESEARCH_ONLY; SOURCE_LICENSE_REVIEW_REQUIRED; NO_RAW_REDISTRIBUTION	VERIFY_SOURCE_AND_PREPROCESSING_PROVENANCE	HASH_RECORDED_NO_HISTORICAL_EXPECTED_HASH	hapmap3_munged_gwas
/Volumes/Extreme SSD/Utsav-Research-Archive/Sleep-GWAS/Sep1-local-dependencies/data/munged/ibd.log	1943		5ca65c98a46e3c7ecc9a86866195e6eda16b081ff217667cabb55f6a6492f20d	UNKNOWN	UNKNOWN	UNKNOWN	UNKNOWN	UNKNOWN	RESEARCH_ONLY; SOURCE_LICENSE_REVIEW_REQUIRED; NO_RAW_REDISTRIBUTION	VERIFY_SOURCE_AND_PREPROCESSING_PROVENANCE	CURRENT_HASH_NO_EXPECTED_HASH	auxiliary_or_historical_output
/Volumes/Extreme SSD/Utsav-Research-Archive/Sleep-GWAS/Sep1-local-dependencies/data/munged/ibd.sumstats.gz	8474583		3a417d4ec93b5052130d84fd811e6ce966c19aee3346275975e975afecdd9ff1	GCST004131_build37_59957_20161107	hg19	EUR	ibd	beta_per_Allele1	RESEARCH_ONLY; SOURCE_LICENSE_REVIEW_REQUIRED; NO_RAW_REDISTRIBUTION	VERIFY_SOURCE_AND_PREPROCESSING_PROVENANCE	HASH_RECORDED_NO_HISTORICAL_EXPECTED_HASH	hapmap3_munged_gwas
/Volumes/Extreme SSD/Utsav-Research-Archive/Sleep-GWAS/Sep1-local-dependencies/data/munged/insomnia.log	1977		f380c3131103c1dc40f166fa04d104ca10ec610b5ffa10ff29d9d03437e98192	UNKNOWN	UNKNOWN	UNKNOWN	UNKNOWN	UNKNOWN	RESEARCH_ONLY; SOURCE_LICENSE_REVIEW_REQUIRED; NO_RAW_REDISTRIBUTION	VERIFY_SOURCE_AND_PREPROCESSING_PROVENANCE	CURRENT_HASH_NO_EXPECTED_HASH	auxiliary_or_historical_output
/Volumes/Extreme SSD/Utsav-Research-Archive/Sleep-GWAS/Sep1-local-dependencies/data/munged/insomnia.sumstats.gz	8667629		b4f66dde69d0c793f77b674dca45526659e69e6fbb31a5a4f3e57870077e6fc4	Jansen_2019_UKB_only_public	hg19	EUR	insomnia	odds_ratio_per_A1_effect_allele	RESEARCH_ONLY; SOURCE_LICENSE_REVIEW_REQUIRED; NO_RAW_REDISTRIBUTION	VERIFY_SOURCE_AND_PREPROCESSING_PROVENANCE	HASH_RECORDED_NO_HISTORICAL_EXPECTED_HASH	hapmap3_munged_gwas
/Volumes/Extreme SSD/Utsav-Research-Archive/Sleep-GWAS/Sep1-local-dependencies/data/munged/ldl.log	1965		0b6656196e2b90b2624c32441ea2c3c095c36e62ee64528dc459eb3de019d288	UNKNOWN	UNKNOWN	UNKNOWN	UNKNOWN	UNKNOWN	RESEARCH_ONLY; SOURCE_LICENSE_REVIEW_REQUIRED; NO_RAW_REDISTRIBUTION	VERIFY_SOURCE_AND_PREPROCESSING_PROVENANCE	CURRENT_HASH_NO_EXPECTED_HASH	auxiliary_or_historical_output
/Volumes/Extreme SSD/Utsav-Research-Archive/Sleep-GWAS/Sep1-local-dependencies/data/munged/ldl.sumstats.gz	11423992		6c892e0f10454b8b41b03a359e744ec85a87b0d0a2465e89fedc4629520db933	GCST90239658_LDL_INV_EUR	hg19	EUR	ldl	beta_per_ALT_effect_allele	RESEARCH_ONLY; SOURCE_LICENSE_REVIEW_REQUIRED; NO_RAW_REDISTRIBUTION	VERIFY_SOURCE_AND_PREPROCESSING_PROVENANCE	HASH_RECORDED_NO_HISTORICAL_EXPECTED_HASH	hapmap3_munged_gwas
/Volumes/Extreme SSD/Utsav-Research-Archive/Sleep-GWAS/Sep1-local-dependencies/data/munged/longevity.log	1979		924b0c5d7f3fa890e42f089e431534f8b4429181f2e362b15b32e891bf375486	UNKNOWN	UNKNOWN	UNKNOWN	UNKNOWN	UNKNOWN	RESEARCH_ONLY; SOURCE_LICENSE_REVIEW_REQUIRED; NO_RAW_REDISTRIBUTION	VERIFY_SOURCE_AND_PREPROCESSING_PROVENANCE	CURRENT_HASH_NO_EXPECTED_HASH	auxiliary_or_historical_output
/Volumes/Extreme SSD/Utsav-Research-Archive/Sleep-GWAS/Sep1-local-dependencies/data/munged/longevity.sumstats.gz	8862900		bdbb7d0e032f78f4d4b08621e23b90a25f62bfb5be121ed10060d98af6963e74	GCST008598_90th_percentile	hg19	EUR	longevity	log_odds_per_EA	RESEARCH_ONLY; SOURCE_LICENSE_REVIEW_REQUIRED; NO_RAW_REDISTRIBUTION	VERIFY_SOURCE_AND_PREPROCESSING_PROVENANCE	HASH_RECORDED_NO_HISTORICAL_EXPECTED_HASH	hapmap3_munged_gwas
/Volumes/Extreme SSD/Utsav-Research-Archive/Sleep-GWAS/Sep1-local-dependencies/data/munged/longsleep.log	1987		440d670a7f166d926255f35ac590457b819259706d858fc73dc207393b3ca878	UNKNOWN	UNKNOWN	UNKNOWN	UNKNOWN	UNKNOWN	RESEARCH_ONLY; SOURCE_LICENSE_REVIEW_REQUIRED; NO_RAW_REDISTRIBUTION	VERIFY_SOURCE_AND_PREPROCESSING_PROVENANCE	CURRENT_HASH_NO_EXPECTED_HASH	auxiliary_or_historical_output
/Volumes/Extreme SSD/Utsav-Research-Archive/Sleep-GWAS/Sep1-local-dependencies/data/munged/longsleep.sumstats.gz	8262920		c51a2fd474497f5b89fa9ad4c36fe5aa500f6130325f28ef61706715c3362238	Dashti_2019_ge9h	hg19	EUR	longsleep	linear_mixed_model_beta_per_ALLELE1_effect_allele	RESEARCH_ONLY; SOURCE_LICENSE_REVIEW_REQUIRED; NO_RAW_REDISTRIBUTION	VERIFY_SOURCE_AND_PREPROCESSING_PROVENANCE	HASH_RECORDED_NO_HISTORICAL_EXPECTED_HASH	hapmap3_munged_gwas
/Volumes/Extreme SSD/Utsav-Research-Archive/Sleep-GWAS/Sep1-local-dependencies/data/munged/lung_cancer.log	1992		285e3554b733be662e8840fdcbc73a4928e1be0f18fec8094d258b4db0933a06	UNKNOWN	UNKNOWN	UNKNOWN	UNKNOWN	UNKNOWN	RESEARCH_ONLY; SOURCE_LICENSE_REVIEW_REQUIRED; NO_RAW_REDISTRIBUTION	VERIFY_SOURCE_AND_PREPROCESSING_PROVENANCE	CURRENT_HASH_NO_EXPECTED_HASH	auxiliary_or_historical_output
/Volumes/Extreme SSD/Utsav-Research-Archive/Sleep-GWAS/Sep1-local-dependencies/data/munged/lung_cancer.sumstats.gz	8597608		30801237ca5feeacdcb48edf46573bbd3afb5015f8d88cc356872d8155a70096	GCST004748_overall	hg19	EUR	lung_cancer	beta_per_effect_allele	RESEARCH_ONLY; SOURCE_LICENSE_REVIEW_REQUIRED; NO_RAW_REDISTRIBUTION	VERIFY_SOURCE_AND_PREPROCESSING_PROVENANCE	HASH_RECORDED_NO_HISTORICAL_EXPECTED_HASH	hapmap3_munged_gwas
/Volumes/Extreme SSD/Utsav-Research-Archive/Sleep-GWAS/Sep1-local-dependencies/data/munged/mdd.log	1949		846d1fd152a6d2535020479598248e7a3548ce9dbad034d3edff05f7cab0bfd1	UNKNOWN	UNKNOWN	UNKNOWN	UNKNOWN	UNKNOWN	RESEARCH_ONLY; SOURCE_LICENSE_REVIEW_REQUIRED; NO_RAW_REDISTRIBUTION	VERIFY_SOURCE_AND_PREPROCESSING_PROVENANCE	CURRENT_HASH_NO_EXPECTED_HASH	auxiliary_or_historical_output
/Volumes/Extreme SSD/Utsav-Research-Archive/Sleep-GWAS/Sep1-local-dependencies/data/munged/mdd.sumstats.gz	8518122		9c532b4f90ea97b26a73467b95ca9a5f2fb550b3fd1c3476cdc3a8b40e8ebcbc	PGC_UKB_depression_genome-wide_no23andMe	UNRESOLVED	EUR	mdd	log_odds_per_A1_effect_allele	RESEARCH_ONLY; SOURCE_LICENSE_REVIEW_REQUIRED; NO_RAW_REDISTRIBUTION	VERIFY_SOURCE_AND_PREPROCESSING_PROVENANCE	HASH_RECORDED_NO_HISTORICAL_EXPECTED_HASH	hapmap3_munged_gwas
/Volumes/Extreme SSD/Utsav-Research-Archive/Sleep-GWAS/Sep1-local-dependencies/data/munged/melanoma.log	1991		74831b00bc3a17f2cc1412f23343d2d176cbac95120c792faa54ebde975b2d63	UNKNOWN	UNKNOWN	UNKNOWN	UNKNOWN	UNKNOWN	RESEARCH_ONLY; SOURCE_LICENSE_REVIEW_REQUIRED; NO_RAW_REDISTRIBUTION	VERIFY_SOURCE_AND_PREPROCESSING_PROVENANCE	CURRENT_HASH_NO_EXPECTED_HASH	auxiliary_or_historical_output
/Volumes/Extreme SSD/Utsav-Research-Archive/Sleep-GWAS/Sep1-local-dependencies/data/munged/melanoma.sumstats.gz	8656269		41727ede7efca6a354de960c2c29145852e4c1be082f5001f9c2e625524c659a	FinnGen_R9_C3_MELANOMA_SKIN_EXALLC_2023-05-04	hg38	EUR	melanoma	log_odds_per_alt_effect_allele	RESEARCH_ONLY; SOURCE_LICENSE_REVIEW_REQUIRED; NO_RAW_REDISTRIBUTION	VERIFY_SOURCE_AND_PREPROCESSING_PROVENANCE	HASH_RECORDED_NO_HISTORICAL_EXPECTED_HASH	hapmap3_munged_gwas
/Volumes/Extreme SSD/Utsav-Research-Archive/Sleep-GWAS/Sep1-local-dependencies/data/munged/ms.log	1953		48c37e6045bbbe8febcca9b6b006089c6abbc05552881d46d812217926975ae7	UNKNOWN	UNKNOWN	UNKNOWN	UNKNOWN	UNKNOWN	RESEARCH_ONLY; SOURCE_LICENSE_REVIEW_REQUIRED; NO_RAW_REDISTRIBUTION	VERIFY_SOURCE_AND_PREPROCESSING_PROVENANCE	CURRENT_HASH_NO_EXPECTED_HASH	auxiliary_or_historical_output
/Volumes/Extreme SSD/Utsav-Research-Archive/Sleep-GWAS/Sep1-local-dependencies/data/munged/ms.sumstats.gz	8602200		a32ac1969d0590aeff444c3bc37200e74ae2684811fb9e56840d34cee463dc98	FinnGen_R9_G6_MS_2023-05-04	hg38	EUR	ms	log_odds_per_alt_effect_allele	RESEARCH_ONLY; SOURCE_LICENSE_REVIEW_REQUIRED; NO_RAW_REDISTRIBUTION	VERIFY_SOURCE_AND_PREPROCESSING_PROVENANCE	HASH_RECORDED_NO_HISTORICAL_EXPECTED_HASH	hapmap3_munged_gwas
/Volumes/Extreme SSD/Utsav-Research-Archive/Sleep-GWAS/Sep1-local-dependencies/data/munged/napping.log	1983		5853ccc8e6fc25655b933b70e2602f835afa51bc402a742cefcb8521b91734f6	UNKNOWN	UNKNOWN	UNKNOWN	UNKNOWN	UNKNOWN	RESEARCH_ONLY; SOURCE_LICENSE_REVIEW_REQUIRED; NO_RAW_REDISTRIBUTION	VERIFY_SOURCE_AND_PREPROCESSING_PROVENANCE	CURRENT_HASH_NO_EXPECTED_HASH	auxiliary_or_historical_output
/Volumes/Extreme SSD/Utsav-Research-Archive/Sleep-GWAS/Sep1-local-dependencies/data/munged/napping.sumstats.gz	8341765		4530bd274054aef13a384567e0b62d3f768311c60c83216187378d4fa03092d9	Dashti_2021_napping	hg19	EUR	napping	continuous_napping_frequency_beta_per_A1_effect_allele	RESEARCH_ONLY; SOURCE_LICENSE_REVIEW_REQUIRED; NO_RAW_REDISTRIBUTION	VERIFY_SOURCE_AND_PREPROCESSING_PROVENANCE	HASH_RECORDED_NO_HISTORICAL_EXPECTED_HASH	hapmap3_munged_gwas
/Volumes/Extreme SSD/Utsav-Research-Archive/Sleep-GWAS/Sep1-local-dependencies/data/munged/ovarian_cancer.log	2009		e3b3171d9209a37a34c8bd5c32e947a5f78468dd463c4847477ebd8429f6676b	UNKNOWN	UNKNOWN	UNKNOWN	UNKNOWN	UNKNOWN	RESEARCH_ONLY; SOURCE_LICENSE_REVIEW_REQUIRED; NO_RAW_REDISTRIBUTION	VERIFY_SOURCE_AND_PREPROCESSING_PROVENANCE	CURRENT_HASH_NO_EXPECTED_HASH	auxiliary_or_historical_output
/Volumes/Extreme SSD/Utsav-Research-Archive/Sleep-GWAS/Sep1-local-dependencies/data/munged/ovarian_cancer.sumstats.gz	8504599		fba59dd3adcd3e131fdc6dd335cd56ff52fc7888adae28fb91662a5a43aeb254	GCST004462_EUR	hg19	EUR	ovarian_cancer	log_odds_per_Effect_allele_despite_source_OR_label	RESEARCH_ONLY; SOURCE_LICENSE_REVIEW_REQUIRED; NO_RAW_REDISTRIBUTION	VERIFY_SOURCE_AND_PREPROCESSING_PROVENANCE	HASH_RECORDED_NO_HISTORICAL_EXPECTED_HASH	hapmap3_munged_gwas
/Volumes/Extreme SSD/Utsav-Research-Archive/Sleep-GWAS/Sep1-local-dependencies/data/munged/parental_lifespan.log	2019		f8be6558daf2641b24eb0956d52aa9932bf189ada82578ff30080ca42db7745a	UNKNOWN	UNKNOWN	UNKNOWN	UNKNOWN	UNKNOWN	RESEARCH_ONLY; SOURCE_LICENSE_REVIEW_REQUIRED; NO_RAW_REDISTRIBUTION	VERIFY_SOURCE_AND_PREPROCESSING_PROVENANCE	CURRENT_HASH_NO_EXPECTED_HASH	auxiliary_or_historical_output
/Volumes/Extreme SSD/Utsav-Research-Archive/Sleep-GWAS/Sep1-local-dependencies/data/munged/parental_lifespan.sumstats.gz	10478771		b670df8354c7a45023e2e4bf7cba1cbad328a0fbf2a783a97e01eff293ab6ba2	GCST009890	hg19	EUR	parental_lifespan	log_hazard_protection_ratio_per_a1	RESEARCH_ONLY; SOURCE_LICENSE_REVIEW_REQUIRED; NO_RAW_REDISTRIBUTION	VERIFY_SOURCE_AND_PREPROCESSING_PROVENANCE	HASH_RECORDED_NO_HISTORICAL_EXPECTED_HASH	hapmap3_munged_gwas
/Volumes/Extreme SSD/Utsav-Research-Archive/Sleep-GWAS/Sep1-local-dependencies/data/munged/parkinson.log	1975		8226e48a4e8f6b6af4427e0c487e9edeb924d1d621961425c75e28612b901a7d	UNKNOWN	UNKNOWN	UNKNOWN	UNKNOWN	UNKNOWN	RESEARCH_ONLY; SOURCE_LICENSE_REVIEW_REQUIRED; NO_RAW_REDISTRIBUTION	VERIFY_SOURCE_AND_PREPROCESSING_PROVENANCE	CURRENT_HASH_NO_EXPECTED_HASH	auxiliary_or_historical_output
/Volumes/Extreme SSD/Utsav-Research-Archive/Sleep-GWAS/Sep1-local-dependencies/data/munged/parkinson.sumstats.gz	8812323		2bea5fd36b09b1bd542bf1c472218c16c6af9cb242c1c8def58a834908e28716	GCST009325_public_EUR_proxy_GRCh37	hg19	EUR	parkinson	fixed_effect_log_odds_beta_per_effect_allele	RESEARCH_ONLY; SOURCE_LICENSE_REVIEW_REQUIRED; NO_RAW_REDISTRIBUTION	VERIFY_SOURCE_AND_PREPROCESSING_PROVENANCE	HASH_RECORDED_NO_HISTORICAL_EXPECTED_HASH	hapmap3_munged_gwas
/Volumes/Extreme SSD/Utsav-Research-Archive/Sleep-GWAS/Sep1-local-dependencies/data/munged/prostate_cancer.log	2002		661ea9444b045289cd168ed14d2c4e625f762b45b942cf9d4a55f18d21d8ff28	UNKNOWN	UNKNOWN	UNKNOWN	UNKNOWN	UNKNOWN	RESEARCH_ONLY; SOURCE_LICENSE_REVIEW_REQUIRED; NO_RAW_REDISTRIBUTION	VERIFY_SOURCE_AND_PREPROCESSING_PROVENANCE	CURRENT_HASH_NO_EXPECTED_HASH	auxiliary_or_historical_output
/Volumes/Extreme SSD/Utsav-Research-Archive/Sleep-GWAS/Sep1-local-dependencies/data/munged/prostate_cancer.sumstats.gz	7351189		527365888903666d421b5931db805ba9bc53dd9e9410d83e7b76f2b9f04902fc	GCST006085_EUR	hg19	EUR	prostate_cancer	log_odds_per_Allele1	RESEARCH_ONLY; SOURCE_LICENSE_REVIEW_REQUIRED; NO_RAW_REDISTRIBUTION	VERIFY_SOURCE_AND_PREPROCESSING_PROVENANCE	HASH_RECORDED_NO_HISTORICAL_EXPECTED_HASH	hapmap3_munged_gwas
/Volumes/Extreme SSD/Utsav-Research-Archive/Sleep-GWAS/Sep1-local-dependencies/data/munged/ra.log	1950		4e5e394216dc093f9893b1cef6bf2e0ceaebcb4cba27f2c6a15bd60b91bd3c79	UNKNOWN	UNKNOWN	UNKNOWN	UNKNOWN	UNKNOWN	RESEARCH_ONLY; SOURCE_LICENSE_REVIEW_REQUIRED; NO_RAW_REDISTRIBUTION	VERIFY_SOURCE_AND_PREPROCESSING_PROVENANCE	CURRENT_HASH_NO_EXPECTED_HASH	auxiliary_or_historical_output
/Volumes/Extreme SSD/Utsav-Research-Archive/Sleep-GWAS/Sep1-local-dependencies/data/munged/ra.sumstats.gz	8797848		dfb0ac1d6f921d305d74f85d95eed27c109871c0993775369a742111583cfbfa	GCST90132223_Ishigaki_2022_EUR	hg19	EUR	ra	beta_per_effect_allele	RESEARCH_ONLY; SOURCE_LICENSE_REVIEW_REQUIRED; NO_RAW_REDISTRIBUTION	VERIFY_SOURCE_AND_PREPROCESSING_PROVENANCE	HASH_RECORDED_NO_HISTORICAL_EXPECTED_HASH	hapmap3_munged_gwas
/Volumes/Extreme SSD/Utsav-Research-Archive/Sleep-GWAS/Sep1-local-dependencies/data/munged/sbp.log	1962		3e586d9a4ea5d81908307c59fa88f192665a6b4a70e1b68c2ce2ad8a5c05833d	UNKNOWN	UNKNOWN	UNKNOWN	UNKNOWN	UNKNOWN	RESEARCH_ONLY; SOURCE_LICENSE_REVIEW_REQUIRED; NO_RAW_REDISTRIBUTION	VERIFY_SOURCE_AND_PREPROCESSING_PROVENANCE	CURRENT_HASH_NO_EXPECTED_HASH	auxiliary_or_historical_output
/Volumes/Extreme SSD/Utsav-Research-Archive/Sleep-GWAS/Sep1-local-dependencies/data/munged/sbp.sumstats.gz	12248647		a22e41667b86f26fd38331a31eb15a46e296f478a5dcf00b8a7e1fc063c1164d	OpenGWAS_ieu-b-38_Evangelou2018_SBP	hg19	EUR	sbp	mmHg_per_ALT_effect_allele	RESEARCH_ONLY; SOURCE_LICENSE_REVIEW_REQUIRED; NO_RAW_REDISTRIBUTION	VERIFY_SOURCE_AND_PREPROCESSING_PROVENANCE	HASH_RECORDED_NO_HISTORICAL_EXPECTED_HASH	hapmap3_munged_gwas
/Volumes/Extreme SSD/Utsav-Research-Archive/Sleep-GWAS/Sep1-local-dependencies/data/munged/scz.log	1975		462a1042fbf0b7c74f48f4643c40b2baf8effaaa4bfeceaca80ff867f050a211	UNKNOWN	UNKNOWN	UNKNOWN	UNKNOWN	UNKNOWN	RESEARCH_ONLY; SOURCE_LICENSE_REVIEW_REQUIRED; NO_RAW_REDISTRIBUTION	VERIFY_SOURCE_AND_PREPROCESSING_PROVENANCE	CURRENT_HASH_NO_EXPECTED_HASH	auxiliary_or_historical_output
/Volumes/Extreme SSD/Utsav-Research-Archive/Sleep-GWAS/Sep1-local-dependencies/data/munged/scz.sumstats.gz	9036635		4b805ec71bcc022f1dd0ba07f3abbd2dc0684fd91c643ca70ec1e5050e0d76a7	PGC3_SCZ_wave3_european_autosome_public_v3	hg19	EUR	scz	log_odds_beta_per_A1_effect_allele	RESEARCH_ONLY; SOURCE_LICENSE_REVIEW_REQUIRED; NO_RAW_REDISTRIBUTION	VERIFY_SOURCE_AND_PREPROCESSING_PROVENANCE	HASH_RECORDED_NO_HISTORICAL_EXPECTED_HASH	hapmap3_munged_gwas
/Volumes/Extreme SSD/Utsav-Research-Archive/Sleep-GWAS/Sep1-local-dependencies/data/munged/shortsleep.log	1995		1c0786ad4bc45dfa0a0a4779ce337bd9964056b501376eafe441f23d40131581	UNKNOWN	UNKNOWN	UNKNOWN	UNKNOWN	UNKNOWN	RESEARCH_ONLY; SOURCE_LICENSE_REVIEW_REQUIRED; NO_RAW_REDISTRIBUTION	VERIFY_SOURCE_AND_PREPROCESSING_PROVENANCE	CURRENT_HASH_NO_EXPECTED_HASH	auxiliary_or_historical_output
/Volumes/Extreme SSD/Utsav-Research-Archive/Sleep-GWAS/Sep1-local-dependencies/data/munged/shortsleep.sumstats.gz	8299497		605eb31c1d48962a52e2fa8dd72bda02356e2de695ac087c361b8f5e29d5c49d	Dashti_2019_lt7h	hg19	EUR	shortsleep	linear_mixed_model_beta_per_ALLELE1_effect_allele	RESEARCH_ONLY; SOURCE_LICENSE_REVIEW_REQUIRED; NO_RAW_REDISTRIBUTION	VERIFY_SOURCE_AND_PREPROCESSING_PROVENANCE	HASH_RECORDED_NO_HISTORICAL_EXPECTED_HASH	hapmap3_munged_gwas
/Volumes/Extreme SSD/Utsav-Research-Archive/Sleep-GWAS/Sep1-local-dependencies/data/munged/sleep_apnea.log	1998		affaeb89397491850f9ed5ee74a53a23686e17245d6db3bf0e9ba55f231a2c77	UNKNOWN	UNKNOWN	UNKNOWN	UNKNOWN	UNKNOWN	RESEARCH_ONLY; SOURCE_LICENSE_REVIEW_REQUIRED; NO_RAW_REDISTRIBUTION	VERIFY_SOURCE_AND_PREPROCESSING_PROVENANCE	CURRENT_HASH_NO_EXPECTED_HASH	auxiliary_or_historical_output
/Volumes/Extreme SSD/Utsav-Research-Archive/Sleep-GWAS/Sep1-local-dependencies/data/munged/sleep_apnea.sumstats.gz	8713233		592a398340db125e8b4ada0f21be7cc9d0e1e5239d00aa259ac4b0c05b7e6ae7	FinnGen_R9_G6_SLEEPAPNO_2023-05-04	hg38	EUR	sleep_apnea	log_odds_per_alt_effect_allele	RESEARCH_ONLY; SOURCE_LICENSE_REVIEW_REQUIRED; NO_RAW_REDISTRIBUTION	VERIFY_SOURCE_AND_PREPROCESSING_PROVENANCE	HASH_RECORDED_NO_HISTORICAL_EXPECTED_HASH	hapmap3_munged_gwas
/Volumes/Extreme SSD/Utsav-Research-Archive/Sleep-GWAS/Sep1-local-dependencies/data/munged/sleep_efficiency.log	2006		190ec151170cf2a90b19e34d903a96bf55ebd8e4e97beeb443798e8be2b056c6	UNKNOWN	UNKNOWN	UNKNOWN	UNKNOWN	UNKNOWN	RESEARCH_ONLY; SOURCE_LICENSE_REVIEW_REQUIRED; NO_RAW_REDISTRIBUTION	VERIFY_SOURCE_AND_PREPROCESSING_PROVENANCE	CURRENT_HASH_NO_EXPECTED_HASH	auxiliary_or_historical_output
/Volumes/Extreme SSD/Utsav-Research-Archive/Sleep-GWAS/Sep1-local-dependencies/data/munged/sleep_efficiency.sumstats.gz	8223382		3ab67d6e36d7345ebf17689559cb1b5aee646cebc9c05fbb077351a21f84ab57	GCST007803_sleep_efficiency	hg19	EUR	sleep_efficiency	beta_per_ALLELE1_for_rank_normalized_sleep_efficiency	RESEARCH_ONLY; SOURCE_LICENSE_REVIEW_REQUIRED; NO_RAW_REDISTRIBUTION	VERIFY_SOURCE_AND_PREPROCESSING_PROVENANCE	HASH_RECORDED_NO_HISTORICAL_EXPECTED_HASH	hapmap3_munged_gwas
/Volumes/Extreme SSD/Utsav-Research-Archive/Sleep-GWAS/Sep1-local-dependencies/data/munged/sleep_timing.log	1999		5b4007fc1bbefd9f7b2d3afeed1ba03d0240b00bdb673f2ae09dcacd26fb8e66	UNKNOWN	UNKNOWN	UNKNOWN	UNKNOWN	UNKNOWN	RESEARCH_ONLY; SOURCE_LICENSE_REVIEW_REQUIRED; NO_RAW_REDISTRIBUTION	VERIFY_SOURCE_AND_PREPROCESSING_PROVENANCE	CURRENT_HASH_NO_EXPECTED_HASH	auxiliary_or_historical_output
/Volumes/Extreme SSD/Utsav-Research-Archive/Sleep-GWAS/Sep1-local-dependencies/data/munged/sleep_timing.sumstats.gz	8214634		663f7f4c5d0b1d9bfa7d5fb9610faf2688cf0e23eed2b818701b319d9163f395	GCST007803_sleep_midpoint	hg19	EUR	sleep_timing	beta_per_ALLELE1_for_rank_normalized_SPT_midpoint	RESEARCH_ONLY; SOURCE_LICENSE_REVIEW_REQUIRED; NO_RAW_REDISTRIBUTION	VERIFY_SOURCE_AND_PREPROCESSING_PROVENANCE	HASH_RECORDED_NO_HISTORICAL_EXPECTED_HASH	hapmap3_munged_gwas
/Volumes/Extreme SSD/Utsav-Research-Archive/Sleep-GWAS/Sep1-local-dependencies/data/munged/sleepdur.log	1976		b5a6f32a1d139c6466b6ddeddee98ebab18a0a9d588d85e79c1219edda79ba72	UNKNOWN	UNKNOWN	UNKNOWN	UNKNOWN	UNKNOWN	RESEARCH_ONLY; SOURCE_LICENSE_REVIEW_REQUIRED; NO_RAW_REDISTRIBUTION	VERIFY_SOURCE_AND_PREPROCESSING_PROVENANCE	CURRENT_HASH_NO_EXPECTED_HASH	auxiliary_or_historical_output
/Volumes/Extreme SSD/Utsav-Research-Archive/Sleep-GWAS/Sep1-local-dependencies/data/munged/sleepdur.sumstats.gz	8324497		7bba1d874e5c56842812ec3a973d5a14cc4779f4fefdb03a18bb4d19e6c2f4d2	Dashti_2019_continuous	hg19	EUR	sleepdur	hours_per_ALLELE1_effect_allele	RESEARCH_ONLY; SOURCE_LICENSE_REVIEW_REQUIRED; NO_RAW_REDISTRIBUTION	VERIFY_SOURCE_AND_PREPROCESSING_PROVENANCE	HASH_RECORDED_NO_HISTORICAL_EXPECTED_HASH	hapmap3_munged_gwas
/Volumes/Extreme SSD/Utsav-Research-Archive/Sleep-GWAS/Sep1-local-dependencies/data/munged/sleepiness.log	1995		8d40c18c7dd8ce33d3fbbd74311f12a5990c90321b810af657404174e926b4b1	UNKNOWN	UNKNOWN	UNKNOWN	UNKNOWN	UNKNOWN	RESEARCH_ONLY; SOURCE_LICENSE_REVIEW_REQUIRED; NO_RAW_REDISTRIBUTION	VERIFY_SOURCE_AND_PREPROCESSING_PROVENANCE	CURRENT_HASH_NO_EXPECTED_HASH	auxiliary_or_historical_output
/Volumes/Extreme SSD/Utsav-Research-Archive/Sleep-GWAS/Sep1-local-dependencies/data/munged/sleepiness.sumstats.gz	8300285		4026a9e1b82d4b19a279a27ee569bdd47e2f2c567bfd474e432396b8fa283f14	Wang_2019_daytime_sleepiness	hg19	EUR	sleepiness	continuous_sleepiness_beta_per_ALLELE1	RESEARCH_ONLY; SOURCE_LICENSE_REVIEW_REQUIRED; NO_RAW_REDISTRIBUTION	VERIFY_SOURCE_AND_PREPROCESSING_PROVENANCE	HASH_RECORDED_NO_HISTORICAL_EXPECTED_HASH	hapmap3_munged_gwas
/Volumes/Extreme SSD/Utsav-Research-Archive/Sleep-GWAS/Sep1-local-dependencies/data/munged/snoring.log	1981		fdea863c0b04f8cc6925c1d4a8d456824e412f553061806c0bb3ae494fbe5fda	UNKNOWN	UNKNOWN	UNKNOWN	UNKNOWN	UNKNOWN	RESEARCH_ONLY; SOURCE_LICENSE_REVIEW_REQUIRED; NO_RAW_REDISTRIBUTION	VERIFY_SOURCE_AND_PREPROCESSING_PROVENANCE	CURRENT_HASH_NO_EXPECTED_HASH	auxiliary_or_historical_output
/Volumes/Extreme SSD/Utsav-Research-Archive/Sleep-GWAS/Sep1-local-dependencies/data/munged/snoring.sumstats.gz	8307714		017d444ec898ba49c3cd3fe8d0146c7d124ffce872e114ec1886936c9666b330	GCST009760_Campos_main_analysis	hg19	EUR	snoring	beta_per_A1_effect_allele	RESEARCH_ONLY; SOURCE_LICENSE_REVIEW_REQUIRED; NO_RAW_REDISTRIBUTION	VERIFY_SOURCE_AND_PREPROCESSING_PROVENANCE	HASH_RECORDED_NO_HISTORICAL_EXPECTED_HASH	hapmap3_munged_gwas
/Volumes/Extreme SSD/Utsav-Research-Archive/Sleep-GWAS/Sep1-local-dependencies/data/munged/stroke.log	1962		613ef8bbe193798fb8018efaba07b6da7ce083c025ba3edfd5cbb8b53b1d1b72	UNKNOWN	UNKNOWN	UNKNOWN	UNKNOWN	UNKNOWN	RESEARCH_ONLY; SOURCE_LICENSE_REVIEW_REQUIRED; NO_RAW_REDISTRIBUTION	VERIFY_SOURCE_AND_PREPROCESSING_PROVENANCE	CURRENT_HASH_NO_EXPECTED_HASH	auxiliary_or_historical_output
/Volumes/Extreme SSD/Utsav-Research-Archive/Sleep-GWAS/Sep1-local-dependencies/data/munged/stroke.sumstats.gz	8531855		9bf915f5b5400a94bac0912331524ebcbdd82a89ba52332ead80c0cd099948e8	GCST90104539_any_stroke_EUR	hg19	EUR	stroke	log_odds_per_effect_allele	RESEARCH_ONLY; SOURCE_LICENSE_REVIEW_REQUIRED; NO_RAW_REDISTRIBUTION	VERIFY_SOURCE_AND_PREPROCESSING_PROVENANCE	HASH_RECORDED_NO_HISTORICAL_EXPECTED_HASH	hapmap3_munged_gwas
/Volumes/Extreme SSD/Utsav-Research-Archive/Sleep-GWAS/Sep1-local-dependencies/data/munged/t2d.log	1962		6a69d356b1c328d6217f5e56ae8c915d7141d38949bd22a67a2d0b4ab5945948	UNKNOWN	UNKNOWN	UNKNOWN	UNKNOWN	UNKNOWN	RESEARCH_ONLY; SOURCE_LICENSE_REVIEW_REQUIRED; NO_RAW_REDISTRIBUTION	VERIFY_SOURCE_AND_PREPROCESSING_PROVENANCE	CURRENT_HASH_NO_EXPECTED_HASH	auxiliary_or_historical_output
/Volumes/Extreme SSD/Utsav-Research-Archive/Sleep-GWAS/Sep1-local-dependencies/data/munged/t2d.sumstats.gz	8757315		30240537afb76552154b83015d653644e31ea8e7261c2f09c0b912d850b0c550	FinnGen_R9_T2D_2023-05-04	hg38	EUR	t2d	log_odds_per_alt_effect_allele	RESEARCH_ONLY; SOURCE_LICENSE_REVIEW_REQUIRED; NO_RAW_REDISTRIBUTION	VERIFY_SOURCE_AND_PREPROCESSING_PROVENANCE	HASH_RECORDED_NO_HISTORICAL_EXPECTED_HASH	hapmap3_munged_gwas
/Volumes/Extreme SSD/Utsav-Research-Archive/Sleep-GWAS/Sep1-local-dependencies/data/munged/telomere_length.log	2000		516077cb0c7bc620c4a01a3f92009613b594b3c9922baa18fa8f81c629eb9783	UNKNOWN	UNKNOWN	UNKNOWN	UNKNOWN	UNKNOWN	RESEARCH_ONLY; SOURCE_LICENSE_REVIEW_REQUIRED; NO_RAW_REDISTRIBUTION	VERIFY_SOURCE_AND_PREPROCESSING_PROVENANCE	CURRENT_HASH_NO_EXPECTED_HASH	auxiliary_or_historical_output
/Volumes/Extreme SSD/Utsav-Research-Archive/Sleep-GWAS/Sep1-local-dependencies/data/munged/telomere_length.sumstats.gz	8774335		cb775890260beb81993c738b93d2ea7929bf646c21e8d89877ac1f4b8bd982bf	GCST90435144_Burren_2024_NFE	hg38	EUR	telomere_length	beta_per_effect_allele	RESEARCH_ONLY; SOURCE_LICENSE_REVIEW_REQUIRED; NO_RAW_REDISTRIBUTION	VERIFY_SOURCE_AND_PREPROCESSING_PROVENANCE	HASH_RECORDED_NO_HISTORICAL_EXPECTED_HASH	hapmap3_munged_gwas
/Volumes/Extreme SSD/Utsav-Research-Archive/Sleep-GWAS/Sep1-local-dependencies/data/munged/track_b_finngen_r13_F5_ADHD.sumstats.gz	16481015			UNKNOWN	UNKNOWN	UNKNOWN	UNKNOWN	UNKNOWN	RESEARCH_ONLY; SOURCE_LICENSE_REVIEW_REQUIRED; NO_RAW_REDISTRIBUTION	VERIFY_SOURCE_AND_PREPROCESSING_PROVENANCE	INVENTORIED_NOT_YET_HASHED	hapmap3_munged_gwas
/Volumes/Extreme SSD/Utsav-Research-Archive/Sleep-GWAS/Sep1-local-dependencies/data/munged/triglycerides.log	2007		409c0a8ecfd29c8350a3cfd98ae660e799dc6149185162f9cc2b1559e4d64895	UNKNOWN	UNKNOWN	UNKNOWN	UNKNOWN	UNKNOWN	RESEARCH_ONLY; SOURCE_LICENSE_REVIEW_REQUIRED; NO_RAW_REDISTRIBUTION	VERIFY_SOURCE_AND_PREPROCESSING_PROVENANCE	CURRENT_HASH_NO_EXPECTED_HASH	auxiliary_or_historical_output
/Volumes/Extreme SSD/Utsav-Research-Archive/Sleep-GWAS/Sep1-local-dependencies/data/munged/triglycerides.sumstats.gz	11566621		2c4ae34eef92e4386d540ccf8e24f85b2efccc1df6f200efea48c0ae1ac18f37	GCST90239664_logTG_INV_EUR	hg19	EUR	triglycerides	beta_per_ALT_effect_allele	RESEARCH_ONLY; SOURCE_LICENSE_REVIEW_REQUIRED; NO_RAW_REDISTRIBUTION	VERIFY_SOURCE_AND_PREPROCESSING_PROVENANCE	HASH_RECORDED_NO_HISTORICAL_EXPECTED_HASH	hapmap3_munged_gwas
/Volumes/Extreme SSD/Utsav-Research-Archive/Sleep-GWAS/Sep1-local-dependencies/data/munged/uc.log	1944		a2f8514d1febe0b6ad94657ef4d7477da4ebd9cc61d2414b4dee4dc19b5336a5	UNKNOWN	UNKNOWN	UNKNOWN	UNKNOWN	UNKNOWN	RESEARCH_ONLY; SOURCE_LICENSE_REVIEW_REQUIRED; NO_RAW_REDISTRIBUTION	VERIFY_SOURCE_AND_PREPROCESSING_PROVENANCE	CURRENT_HASH_NO_EXPECTED_HASH	auxiliary_or_historical_output
/Volumes/Extreme SSD/Utsav-Research-Archive/Sleep-GWAS/Sep1-local-dependencies/data/munged/uc.sumstats.gz	8461254		8c408c253edd4c356cd349d39c95a7b448dce653c4bd55b534515ff340fbcf84	GCST004133_build37_45975_20161107	hg19	EUR	uc	beta_per_Allele1	RESEARCH_ONLY; SOURCE_LICENSE_REVIEW_REQUIRED; NO_RAW_REDISTRIBUTION	VERIFY_SOURCE_AND_PREPROCESSING_PROVENANCE	HASH_RECORDED_NO_HISTORICAL_EXPECTED_HASH	hapmap3_munged_gwas
/Volumes/Extreme SSD/Utsav-Research-Archive/Sleep-GWAS/Sep1-local-dependencies/data/munged_chromosome_split/even/accel_sleep_duration.sumstats.gz	4035184			GCST007803_sleep_duration	hg19	EUR	accel_sleep_duration	beta_per_ALLELE1_for_rank_normalized_sleep_duration	RESEARCH_ONLY; SOURCE_LICENSE_REVIEW_REQUIRED; NO_RAW_REDISTRIBUTION	VERIFY_SOURCE_AND_PREPROCESSING_PROVENANCE	INVENTORIED_NOT_YET_HASHED	chromosome_munged_gwas
/Volumes/Extreme SSD/Utsav-Research-Archive/Sleep-GWAS/Sep1-local-dependencies/data/munged_chromosome_split/even/adhd.sumstats.gz	4493745			ADHD2022_iPSYCH_deCODE_PGC_January_2022_release	hg19	EUR	adhd	odds_ratio_per_A1_effect_allele	RESEARCH_ONLY; SOURCE_LICENSE_REVIEW_REQUIRED; NO_RAW_REDISTRIBUTION	VERIFY_SOURCE_AND_PREPROCESSING_PROVENANCE	INVENTORIED_NOT_YET_HASHED	chromosome_munged_gwas
/Volumes/Extreme SSD/Utsav-Research-Archive/Sleep-GWAS/Sep1-local-dependencies/data/munged_chromosome_split/even/alz.sumstats.gz	4257148			GCST90027158_stage1_GRCh38	hg38	EUR	alz	log_odds_beta_per_effect_allele	RESEARCH_ONLY; SOURCE_LICENSE_REVIEW_REQUIRED; NO_RAW_REDISTRIBUTION	VERIFY_SOURCE_AND_PREPROCESSING_PROVENANCE	INVENTORIED_NOT_YET_HASHED	chromosome_munged_gwas
/Volumes/Extreme SSD/Utsav-Research-Archive/Sleep-GWAS/Sep1-local-dependencies/data/munged_chromosome_split/even/asthma.sumstats.gz	4277738			FinnGen_R9_J10_ASTHMA_EXMORE_2023-05-04	hg38	EUR	asthma	log_odds_per_alt_effect_allele	RESEARCH_ONLY; SOURCE_LICENSE_REVIEW_REQUIRED; NO_RAW_REDISTRIBUTION	VERIFY_SOURCE_AND_PREPROCESSING_PROVENANCE	INVENTORIED_NOT_YET_HASHED	chromosome_munged_gwas
/Volumes/Extreme SSD/Utsav-Research-Archive/Sleep-GWAS/Sep1-local-dependencies/data/munged_chromosome_split/even/atrial_fibrillation.sumstats.gz	4189327			GCST006061_AF_HRC_GWAS_ALLv11	hg19	EUR	atrial_fibrillation	log_effect_per_Allele1_combining_logistic_and_cox_models	RESEARCH_ONLY; SOURCE_LICENSE_REVIEW_REQUIRED; NO_RAW_REDISTRIBUTION	VERIFY_SOURCE_AND_PREPROCESSING_PROVENANCE	INVENTORIED_NOT_YET_HASHED	chromosome_munged_gwas
/Volumes/Extreme SSD/Utsav-Research-Archive/Sleep-GWAS/Sep1-local-dependencies/data/munged_chromosome_split/even/bipolar.sumstats.gz	4698410			pgc-bip2021-all_Figshare_v2	hg19	EUR	bipolar	fixed_effect_log_odds_beta_per_A1_effect_allele	RESEARCH_ONLY; SOURCE_LICENSE_REVIEW_REQUIRED; NO_RAW_REDISTRIBUTION	VERIFY_SOURCE_AND_PREPROCESSING_PROVENANCE	INVENTORIED_NOT_YET_HASHED	chromosome_munged_gwas
/Volumes/Extreme SSD/Utsav-Research-Archive/Sleep-GWAS/Sep1-local-dependencies/data/munged_chromosome_split/even/bmi.sumstats.gz	5388889			GCST006900_Yengo_2018_GIANT_UKB	hg19	EUR	bmi	beta_per_Tested_Allele	RESEARCH_ONLY; SOURCE_LICENSE_REVIEW_REQUIRED; NO_RAW_REDISTRIBUTION	VERIFY_SOURCE_AND_PREPROCESSING_PROVENANCE	INVENTORIED_NOT_YET_HASHED	chromosome_munged_gwas
/Volumes/Extreme SSD/Utsav-Research-Archive/Sleep-GWAS/Sep1-local-dependencies/data/munged_chromosome_split/even/breast_cancer.sumstats.gz	4063007			BCAC_2020_overall_EUR	hg19	EUR	breast_cancer	beta_per_Effect.Meta	RESEARCH_ONLY; SOURCE_LICENSE_REVIEW_REQUIRED; NO_RAW_REDISTRIBUTION	VERIFY_SOURCE_AND_PREPROCESSING_PROVENANCE	INVENTORIED_NOT_YET_HASHED	chromosome_munged_gwas
/Volumes/Extreme SSD/Utsav-Research-Archive/Sleep-GWAS/Sep1-local-dependencies/data/munged_chromosome_split/even/cad.sumstats.gz	4277227			FinnGen_R9_I9_IHD_2023-05-04	hg38	EUR	cad	log_odds_per_alt_effect_allele	RESEARCH_ONLY; SOURCE_LICENSE_REVIEW_REQUIRED; NO_RAW_REDISTRIBUTION	VERIFY_SOURCE_AND_PREPROCESSING_PROVENANCE	INVENTORIED_NOT_YET_HASHED	chromosome_munged_gwas
/Volumes/Extreme SSD/Utsav-Research-Archive/Sleep-GWAS/Sep1-local-dependencies/data/munged_chromosome_split/even/chronotype.sumstats.gz	4095098			GCST007565_UKB_morning_person	hg19	EUR	chronotype	natural_log_odds_per_ALLELE1_effect_allele	RESEARCH_ONLY; SOURCE_LICENSE_REVIEW_REQUIRED; NO_RAW_REDISTRIBUTION	VERIFY_SOURCE_AND_PREPROCESSING_PROVENANCE	INVENTORIED_NOT_YET_HASHED	chromosome_munged_gwas
/Volumes/Extreme SSD/Utsav-Research-Archive/Sleep-GWAS/Sep1-local-dependencies/data/munged_chromosome_split/even/colorectal_cancer.sumstats.gz	4299190			GCST90255675_EUR	hg19	EUR	colorectal_cancer	beta_per_effect_allele	RESEARCH_ONLY; SOURCE_LICENSE_REVIEW_REQUIRED; NO_RAW_REDISTRIBUTION	VERIFY_SOURCE_AND_PREPROCESSING_PROVENANCE	INVENTORIED_NOT_YET_HASHED	chromosome_munged_gwas
/Volumes/Extreme SSD/Utsav-Research-Archive/Sleep-GWAS/Sep1-local-dependencies/data/munged_chromosome_split/even/crohn.sumstats.gz	4158071			GCST004132_build37_40266_20161107	hg19	EUR	crohn	beta_per_Allele1	RESEARCH_ONLY; SOURCE_LICENSE_REVIEW_REQUIRED; NO_RAW_REDISTRIBUTION	VERIFY_SOURCE_AND_PREPROCESSING_PROVENANCE	INVENTORIED_NOT_YET_HASHED	chromosome_munged_gwas
/Volumes/Extreme SSD/Utsav-Research-Archive/Sleep-GWAS/Sep1-local-dependencies/data/munged_chromosome_split/even/frailty.sumstats.gz	4178607			GCST90020053	hg19	EUR	frailty	beta_per_effect_allele	RESEARCH_ONLY; SOURCE_LICENSE_REVIEW_REQUIRED; NO_RAW_REDISTRIBUTION	VERIFY_SOURCE_AND_PREPROCESSING_PROVENANCE	INVENTORIED_NOT_YET_HASHED	chromosome_munged_gwas
/Volumes/Extreme SSD/Utsav-Research-Archive/Sleep-GWAS/Sep1-local-dependencies/data/munged_chromosome_split/even/grip_strength.sumstats.gz	4314681			Neale_round2_field46	hg19	EUR	grip_strength	beta_per_alt_effect_allele	RESEARCH_ONLY; SOURCE_LICENSE_REVIEW_REQUIRED; NO_RAW_REDISTRIBUTION	VERIFY_SOURCE_AND_PREPROCESSING_PROVENANCE	INVENTORIED_NOT_YET_HASHED	chromosome_munged_gwas
/Volumes/Extreme SSD/Utsav-Research-Archive/Sleep-GWAS/Sep1-local-dependencies/data/munged_chromosome_split/even/hdl.sumstats.gz	5691885			GCST90239652_HDL_INV_EUR	hg19	EUR	hdl	beta_per_ALT_effect_allele	RESEARCH_ONLY; SOURCE_LICENSE_REVIEW_REQUIRED; NO_RAW_REDISTRIBUTION	VERIFY_SOURCE_AND_PREPROCESSING_PROVENANCE	INVENTORIED_NOT_YET_HASHED	chromosome_munged_gwas
/Volumes/Extreme SSD/Utsav-Research-Archive/Sleep-GWAS/Sep1-local-dependencies/data/munged_chromosome_split/even/healthspan.sumstats.gz	4286482			GCST007406	hg19	EUR	healthspan	beta_per_effect_allele	RESEARCH_ONLY; SOURCE_LICENSE_REVIEW_REQUIRED; NO_RAW_REDISTRIBUTION	VERIFY_SOURCE_AND_PREPROCESSING_PROVENANCE	INVENTORIED_NOT_YET_HASHED	chromosome_munged_gwas
/Volumes/Extreme SSD/Utsav-Research-Archive/Sleep-GWAS/Sep1-local-dependencies/data/munged_chromosome_split/even/ibd.sumstats.gz	4160210			GCST004131_build37_59957_20161107	hg19	EUR	ibd	beta_per_Allele1	RESEARCH_ONLY; SOURCE_LICENSE_REVIEW_REQUIRED; NO_RAW_REDISTRIBUTION	VERIFY_SOURCE_AND_PREPROCESSING_PROVENANCE	INVENTORIED_NOT_YET_HASHED	chromosome_munged_gwas
/Volumes/Extreme SSD/Utsav-Research-Archive/Sleep-GWAS/Sep1-local-dependencies/data/munged_chromosome_split/even/insomnia.sumstats.gz	4255534			Jansen_2019_UKB_only_public	hg19	EUR	insomnia	odds_ratio_per_A1_effect_allele	RESEARCH_ONLY; SOURCE_LICENSE_REVIEW_REQUIRED; NO_RAW_REDISTRIBUTION	VERIFY_SOURCE_AND_PREPROCESSING_PROVENANCE	INVENTORIED_NOT_YET_HASHED	chromosome_munged_gwas
/Volumes/Extreme SSD/Utsav-Research-Archive/Sleep-GWAS/Sep1-local-dependencies/data/munged_chromosome_split/even/ldl.sumstats.gz	5611109			GCST90239658_LDL_INV_EUR	hg19	EUR	ldl	beta_per_ALT_effect_allele	RESEARCH_ONLY; SOURCE_LICENSE_REVIEW_REQUIRED; NO_RAW_REDISTRIBUTION	VERIFY_SOURCE_AND_PREPROCESSING_PROVENANCE	INVENTORIED_NOT_YET_HASHED	chromosome_munged_gwas
/Volumes/Extreme SSD/Utsav-Research-Archive/Sleep-GWAS/Sep1-local-dependencies/data/munged_chromosome_split/even/longevity.sumstats.gz	4353434			GCST008598_90th_percentile	hg19	EUR	longevity	log_odds_per_EA	RESEARCH_ONLY; SOURCE_LICENSE_REVIEW_REQUIRED; NO_RAW_REDISTRIBUTION	VERIFY_SOURCE_AND_PREPROCESSING_PROVENANCE	INVENTORIED_NOT_YET_HASHED	chromosome_munged_gwas
/Volumes/Extreme SSD/Utsav-Research-Archive/Sleep-GWAS/Sep1-local-dependencies/data/munged_chromosome_split/even/longsleep.sumstats.gz	4048009			Dashti_2019_ge9h	hg19	EUR	longsleep	linear_mixed_model_beta_per_ALLELE1_effect_allele	RESEARCH_ONLY; SOURCE_LICENSE_REVIEW_REQUIRED; NO_RAW_REDISTRIBUTION	VERIFY_SOURCE_AND_PREPROCESSING_PROVENANCE	INVENTORIED_NOT_YET_HASHED	chromosome_munged_gwas
/Volumes/Extreme SSD/Utsav-Research-Archive/Sleep-GWAS/Sep1-local-dependencies/data/munged_chromosome_split/even/lung_cancer.sumstats.gz	4220839			GCST004748_overall	hg19	EUR	lung_cancer	beta_per_effect_allele	RESEARCH_ONLY; SOURCE_LICENSE_REVIEW_REQUIRED; NO_RAW_REDISTRIBUTION	VERIFY_SOURCE_AND_PREPROCESSING_PROVENANCE	INVENTORIED_NOT_YET_HASHED	chromosome_munged_gwas
/Volumes/Extreme SSD/Utsav-Research-Archive/Sleep-GWAS/Sep1-local-dependencies/data/munged_chromosome_split/even/mdd.sumstats.gz	4181228			PGC_UKB_depression_genome-wide_no23andMe	UNRESOLVED	EUR	mdd	log_odds_per_A1_effect_allele	RESEARCH_ONLY; SOURCE_LICENSE_REVIEW_REQUIRED; NO_RAW_REDISTRIBUTION	VERIFY_SOURCE_AND_PREPROCESSING_PROVENANCE	INVENTORIED_NOT_YET_HASHED	chromosome_munged_gwas
/Volumes/Extreme SSD/Utsav-Research-Archive/Sleep-GWAS/Sep1-local-dependencies/data/munged_chromosome_split/even/melanoma.sumstats.gz	4246900			FinnGen_R9_C3_MELANOMA_SKIN_EXALLC_2023-05-04	hg38	EUR	melanoma	log_odds_per_alt_effect_allele	RESEARCH_ONLY; SOURCE_LICENSE_REVIEW_REQUIRED; NO_RAW_REDISTRIBUTION	VERIFY_SOURCE_AND_PREPROCESSING_PROVENANCE	INVENTORIED_NOT_YET_HASHED	chromosome_munged_gwas
/Volumes/Extreme SSD/Utsav-Research-Archive/Sleep-GWAS/Sep1-local-dependencies/data/munged_chromosome_split/even/ms.sumstats.gz	4219864			FinnGen_R9_G6_MS_2023-05-04	hg38	EUR	ms	log_odds_per_alt_effect_allele	RESEARCH_ONLY; SOURCE_LICENSE_REVIEW_REQUIRED; NO_RAW_REDISTRIBUTION	VERIFY_SOURCE_AND_PREPROCESSING_PROVENANCE	INVENTORIED_NOT_YET_HASHED	chromosome_munged_gwas
/Volumes/Extreme SSD/Utsav-Research-Archive/Sleep-GWAS/Sep1-local-dependencies/data/munged_chromosome_split/even/napping.sumstats.gz	4088060			Dashti_2021_napping	hg19	EUR	napping	continuous_napping_frequency_beta_per_A1_effect_allele	RESEARCH_ONLY; SOURCE_LICENSE_REVIEW_REQUIRED; NO_RAW_REDISTRIBUTION	VERIFY_SOURCE_AND_PREPROCESSING_PROVENANCE	INVENTORIED_NOT_YET_HASHED	chromosome_munged_gwas
/Volumes/Extreme SSD/Utsav-Research-Archive/Sleep-GWAS/Sep1-local-dependencies/data/munged_chromosome_split/even/ovarian_cancer.sumstats.gz	4063475			GCST004462_EUR	hg19	EUR	ovarian_cancer	log_odds_per_Effect_allele_despite_source_OR_label	RESEARCH_ONLY; SOURCE_LICENSE_REVIEW_REQUIRED; NO_RAW_REDISTRIBUTION	VERIFY_SOURCE_AND_PREPROCESSING_PROVENANCE	INVENTORIED_NOT_YET_HASHED	chromosome_munged_gwas
/Volumes/Extreme SSD/Utsav-Research-Archive/Sleep-GWAS/Sep1-local-dependencies/data/munged_chromosome_split/even/parental_lifespan.sumstats.gz	5120717			GCST009890	hg19	EUR	parental_lifespan	log_hazard_protection_ratio_per_a1	RESEARCH_ONLY; SOURCE_LICENSE_REVIEW_REQUIRED; NO_RAW_REDISTRIBUTION	VERIFY_SOURCE_AND_PREPROCESSING_PROVENANCE	INVENTORIED_NOT_YET_HASHED	chromosome_munged_gwas
/Volumes/Extreme SSD/Utsav-Research-Archive/Sleep-GWAS/Sep1-local-dependencies/data/munged_chromosome_split/even/parkinson.sumstats.gz	4330056			GCST009325_public_EUR_proxy_GRCh37	hg19	EUR	parkinson	fixed_effect_log_odds_beta_per_effect_allele	RESEARCH_ONLY; SOURCE_LICENSE_REVIEW_REQUIRED; NO_RAW_REDISTRIBUTION	VERIFY_SOURCE_AND_PREPROCESSING_PROVENANCE	INVENTORIED_NOT_YET_HASHED	chromosome_munged_gwas
/Volumes/Extreme SSD/Utsav-Research-Archive/Sleep-GWAS/Sep1-local-dependencies/data/munged_chromosome_split/even/prostate_cancer.sumstats.gz	3312132			GCST006085_EUR	hg19	EUR	prostate_cancer	log_odds_per_Allele1	RESEARCH_ONLY; SOURCE_LICENSE_REVIEW_REQUIRED; NO_RAW_REDISTRIBUTION	VERIFY_SOURCE_AND_PREPROCESSING_PROVENANCE	INVENTORIED_NOT_YET_HASHED	chromosome_munged_gwas
/Volumes/Extreme SSD/Utsav-Research-Archive/Sleep-GWAS/Sep1-local-dependencies/data/munged_chromosome_split/even/ra.sumstats.gz	4293140			GCST90132223_Ishigaki_2022_EUR	hg19	EUR	ra	beta_per_effect_allele	RESEARCH_ONLY; SOURCE_LICENSE_REVIEW_REQUIRED; NO_RAW_REDISTRIBUTION	VERIFY_SOURCE_AND_PREPROCESSING_PROVENANCE	INVENTORIED_NOT_YET_HASHED	chromosome_munged_gwas
/Volumes/Extreme SSD/Utsav-Research-Archive/Sleep-GWAS/Sep1-local-dependencies/data/munged_chromosome_split/even/sbp.sumstats.gz	6047729			OpenGWAS_ieu-b-38_Evangelou2018_SBP	hg19	EUR	sbp	mmHg_per_ALT_effect_allele	RESEARCH_ONLY; SOURCE_LICENSE_REVIEW_REQUIRED; NO_RAW_REDISTRIBUTION	VERIFY_SOURCE_AND_PREPROCESSING_PROVENANCE	INVENTORIED_NOT_YET_HASHED	chromosome_munged_gwas
/Volumes/Extreme SSD/Utsav-Research-Archive/Sleep-GWAS/Sep1-local-dependencies/data/munged_chromosome_split/even/scz.sumstats.gz	4427538			PGC3_SCZ_wave3_european_autosome_public_v3	hg19	EUR	scz	log_odds_beta_per_A1_effect_allele	RESEARCH_ONLY; SOURCE_LICENSE_REVIEW_REQUIRED; NO_RAW_REDISTRIBUTION	VERIFY_SOURCE_AND_PREPROCESSING_PROVENANCE	INVENTORIED_NOT_YET_HASHED	chromosome_munged_gwas
/Volumes/Extreme SSD/Utsav-Research-Archive/Sleep-GWAS/Sep1-local-dependencies/data/munged_chromosome_split/even/shortsleep.sumstats.gz	4066046			Dashti_2019_lt7h	hg19	EUR	shortsleep	linear_mixed_model_beta_per_ALLELE1_effect_allele	RESEARCH_ONLY; SOURCE_LICENSE_REVIEW_REQUIRED; NO_RAW_REDISTRIBUTION	VERIFY_SOURCE_AND_PREPROCESSING_PROVENANCE	INVENTORIED_NOT_YET_HASHED	chromosome_munged_gwas
/Volumes/Extreme SSD/Utsav-Research-Archive/Sleep-GWAS/Sep1-local-dependencies/data/munged_chromosome_split/even/sleep_apnea.sumstats.gz	4274936			FinnGen_R9_G6_SLEEPAPNO_2023-05-04	hg38	EUR	sleep_apnea	log_odds_per_alt_effect_allele	RESEARCH_ONLY; SOURCE_LICENSE_REVIEW_REQUIRED; NO_RAW_REDISTRIBUTION	VERIFY_SOURCE_AND_PREPROCESSING_PROVENANCE	INVENTORIED_NOT_YET_HASHED	chromosome_munged_gwas
/Volumes/Extreme SSD/Utsav-Research-Archive/Sleep-GWAS/Sep1-local-dependencies/data/munged_chromosome_split/even/sleep_efficiency.sumstats.gz	4031293			GCST007803_sleep_efficiency	hg19	EUR	sleep_efficiency	beta_per_ALLELE1_for_rank_normalized_sleep_efficiency	RESEARCH_ONLY; SOURCE_LICENSE_REVIEW_REQUIRED; NO_RAW_REDISTRIBUTION	VERIFY_SOURCE_AND_PREPROCESSING_PROVENANCE	INVENTORIED_NOT_YET_HASHED	chromosome_munged_gwas
/Volumes/Extreme SSD/Utsav-Research-Archive/Sleep-GWAS/Sep1-local-dependencies/data/munged_chromosome_split/even/sleep_timing.sumstats.gz	4026373			GCST007803_sleep_midpoint	hg19	EUR	sleep_timing	beta_per_ALLELE1_for_rank_normalized_SPT_midpoint	RESEARCH_ONLY; SOURCE_LICENSE_REVIEW_REQUIRED; NO_RAW_REDISTRIBUTION	VERIFY_SOURCE_AND_PREPROCESSING_PROVENANCE	INVENTORIED_NOT_YET_HASHED	chromosome_munged_gwas
/Volumes/Extreme SSD/Utsav-Research-Archive/Sleep-GWAS/Sep1-local-dependencies/data/munged_chromosome_split/even/sleepdur.sumstats.gz	4079953			Dashti_2019_continuous	hg19	EUR	sleepdur	hours_per_ALLELE1_effect_allele	RESEARCH_ONLY; SOURCE_LICENSE_REVIEW_REQUIRED; NO_RAW_REDISTRIBUTION	VERIFY_SOURCE_AND_PREPROCESSING_PROVENANCE	INVENTORIED_NOT_YET_HASHED	chromosome_munged_gwas
/Volumes/Extreme SSD/Utsav-Research-Archive/Sleep-GWAS/Sep1-local-dependencies/data/munged_chromosome_split/even/sleepiness.sumstats.gz	4067850			Wang_2019_daytime_sleepiness	hg19	EUR	sleepiness	continuous_sleepiness_beta_per_ALLELE1	RESEARCH_ONLY; SOURCE_LICENSE_REVIEW_REQUIRED; NO_RAW_REDISTRIBUTION	VERIFY_SOURCE_AND_PREPROCESSING_PROVENANCE	INVENTORIED_NOT_YET_HASHED	chromosome_munged_gwas
/Volumes/Extreme SSD/Utsav-Research-Archive/Sleep-GWAS/Sep1-local-dependencies/data/munged_chromosome_split/even/snoring.sumstats.gz	4069299			GCST009760_Campos_main_analysis	hg19	EUR	snoring	beta_per_A1_effect_allele	RESEARCH_ONLY; SOURCE_LICENSE_REVIEW_REQUIRED; NO_RAW_REDISTRIBUTION	VERIFY_SOURCE_AND_PREPROCESSING_PROVENANCE	INVENTORIED_NOT_YET_HASHED	chromosome_munged_gwas
/Volumes/Extreme SSD/Utsav-Research-Archive/Sleep-GWAS/Sep1-local-dependencies/data/munged_chromosome_split/even/stroke.sumstats.gz	4183195			GCST90104539_any_stroke_EUR	hg19	EUR	stroke	log_odds_per_effect_allele	RESEARCH_ONLY; SOURCE_LICENSE_REVIEW_REQUIRED; NO_RAW_REDISTRIBUTION	VERIFY_SOURCE_AND_PREPROCESSING_PROVENANCE	INVENTORIED_NOT_YET_HASHED	chromosome_munged_gwas
/Volumes/Extreme SSD/Utsav-Research-Archive/Sleep-GWAS/Sep1-local-dependencies/data/munged_chromosome_split/even/t2d.sumstats.gz	4294882			FinnGen_R9_T2D_2023-05-04	hg38	EUR	t2d	log_odds_per_alt_effect_allele	RESEARCH_ONLY; SOURCE_LICENSE_REVIEW_REQUIRED; NO_RAW_REDISTRIBUTION	VERIFY_SOURCE_AND_PREPROCESSING_PROVENANCE	INVENTORIED_NOT_YET_HASHED	chromosome_munged_gwas
/Volumes/Extreme SSD/Utsav-Research-Archive/Sleep-GWAS/Sep1-local-dependencies/data/munged_chromosome_split/even/telomere_length.sumstats.gz	4302556			GCST90435144_Burren_2024_NFE	hg38	EUR	telomere_length	beta_per_effect_allele	RESEARCH_ONLY; SOURCE_LICENSE_REVIEW_REQUIRED; NO_RAW_REDISTRIBUTION	VERIFY_SOURCE_AND_PREPROCESSING_PROVENANCE	INVENTORIED_NOT_YET_HASHED	chromosome_munged_gwas
/Volumes/Extreme SSD/Utsav-Research-Archive/Sleep-GWAS/Sep1-local-dependencies/data/munged_chromosome_split/even/triglycerides.sumstats.gz	5685110			GCST90239664_logTG_INV_EUR	hg19	EUR	triglycerides	beta_per_ALT_effect_allele	RESEARCH_ONLY; SOURCE_LICENSE_REVIEW_REQUIRED; NO_RAW_REDISTRIBUTION	VERIFY_SOURCE_AND_PREPROCESSING_PROVENANCE	INVENTORIED_NOT_YET_HASHED	chromosome_munged_gwas
/Volumes/Extreme SSD/Utsav-Research-Archive/Sleep-GWAS/Sep1-local-dependencies/data/munged_chromosome_split/even/uc.sumstats.gz	4153357			GCST004133_build37_45975_20161107	hg19	EUR	uc	beta_per_Allele1	RESEARCH_ONLY; SOURCE_LICENSE_REVIEW_REQUIRED; NO_RAW_REDISTRIBUTION	VERIFY_SOURCE_AND_PREPROCESSING_PROVENANCE	INVENTORIED_NOT_YET_HASHED	chromosome_munged_gwas
/Volumes/Extreme SSD/Utsav-Research-Archive/Sleep-GWAS/Sep1-local-dependencies/data/munged_chromosome_split/odd/accel_sleep_duration.sumstats.gz	4026259			GCST007803_sleep_duration	hg19	EUR	accel_sleep_duration	beta_per_ALLELE1_for_rank_normalized_sleep_duration	RESEARCH_ONLY; SOURCE_LICENSE_REVIEW_REQUIRED; NO_RAW_REDISTRIBUTION	VERIFY_SOURCE_AND_PREPROCESSING_PROVENANCE	INVENTORIED_NOT_YET_HASHED	chromosome_munged_gwas
/Volumes/Extreme SSD/Utsav-Research-Archive/Sleep-GWAS/Sep1-local-dependencies/data/munged_chromosome_split/odd/adhd.sumstats.gz	4482403			ADHD2022_iPSYCH_deCODE_PGC_January_2022_release	hg19	EUR	adhd	odds_ratio_per_A1_effect_allele	RESEARCH_ONLY; SOURCE_LICENSE_REVIEW_REQUIRED; NO_RAW_REDISTRIBUTION	VERIFY_SOURCE_AND_PREPROCESSING_PROVENANCE	INVENTORIED_NOT_YET_HASHED	chromosome_munged_gwas
/Volumes/Extreme SSD/Utsav-Research-Archive/Sleep-GWAS/Sep1-local-dependencies/data/munged_chromosome_split/odd/alz.sumstats.gz	4254482			GCST90027158_stage1_GRCh38	hg38	EUR	alz	log_odds_beta_per_effect_allele	RESEARCH_ONLY; SOURCE_LICENSE_REVIEW_REQUIRED; NO_RAW_REDISTRIBUTION	VERIFY_SOURCE_AND_PREPROCESSING_PROVENANCE	INVENTORIED_NOT_YET_HASHED	chromosome_munged_gwas
/Volumes/Extreme SSD/Utsav-Research-Archive/Sleep-GWAS/Sep1-local-dependencies/data/munged_chromosome_split/odd/asthma.sumstats.gz	4270226			FinnGen_R9_J10_ASTHMA_EXMORE_2023-05-04	hg38	EUR	asthma	log_odds_per_alt_effect_allele	RESEARCH_ONLY; SOURCE_LICENSE_REVIEW_REQUIRED; NO_RAW_REDISTRIBUTION	VERIFY_SOURCE_AND_PREPROCESSING_PROVENANCE	INVENTORIED_NOT_YET_HASHED	chromosome_munged_gwas
/Volumes/Extreme SSD/Utsav-Research-Archive/Sleep-GWAS/Sep1-local-dependencies/data/munged_chromosome_split/odd/atrial_fibrillation.sumstats.gz	4184677			GCST006061_AF_HRC_GWAS_ALLv11	hg19	EUR	atrial_fibrillation	log_effect_per_Allele1_combining_logistic_and_cox_models	RESEARCH_ONLY; SOURCE_LICENSE_REVIEW_REQUIRED; NO_RAW_REDISTRIBUTION	VERIFY_SOURCE_AND_PREPROCESSING_PROVENANCE	INVENTORIED_NOT_YET_HASHED	chromosome_munged_gwas
/Volumes/Extreme SSD/Utsav-Research-Archive/Sleep-GWAS/Sep1-local-dependencies/data/munged_chromosome_split/odd/bipolar.sumstats.gz	4692135			pgc-bip2021-all_Figshare_v2	hg19	EUR	bipolar	fixed_effect_log_odds_beta_per_A1_effect_allele	RESEARCH_ONLY; SOURCE_LICENSE_REVIEW_REQUIRED; NO_RAW_REDISTRIBUTION	VERIFY_SOURCE_AND_PREPROCESSING_PROVENANCE	INVENTORIED_NOT_YET_HASHED	chromosome_munged_gwas
/Volumes/Extreme SSD/Utsav-Research-Archive/Sleep-GWAS/Sep1-local-dependencies/data/munged_chromosome_split/odd/bmi.sumstats.gz	5326310			GCST006900_Yengo_2018_GIANT_UKB	hg19	EUR	bmi	beta_per_Tested_Allele	RESEARCH_ONLY; SOURCE_LICENSE_REVIEW_REQUIRED; NO_RAW_REDISTRIBUTION	VERIFY_SOURCE_AND_PREPROCESSING_PROVENANCE	INVENTORIED_NOT_YET_HASHED	chromosome_munged_gwas
/Volumes/Extreme SSD/Utsav-Research-Archive/Sleep-GWAS/Sep1-local-dependencies/data/munged_chromosome_split/odd/breast_cancer.sumstats.gz	4264500			BCAC_2020_overall_EUR	hg19	EUR	breast_cancer	beta_per_Effect.Meta	RESEARCH_ONLY; SOURCE_LICENSE_REVIEW_REQUIRED; NO_RAW_REDISTRIBUTION	VERIFY_SOURCE_AND_PREPROCESSING_PROVENANCE	INVENTORIED_NOT_YET_HASHED	chromosome_munged_gwas
/Volumes/Extreme SSD/Utsav-Research-Archive/Sleep-GWAS/Sep1-local-dependencies/data/munged_chromosome_split/odd/cad.sumstats.gz	4270448			FinnGen_R9_I9_IHD_2023-05-04	hg38	EUR	cad	log_odds_per_alt_effect_allele	RESEARCH_ONLY; SOURCE_LICENSE_REVIEW_REQUIRED; NO_RAW_REDISTRIBUTION	VERIFY_SOURCE_AND_PREPROCESSING_PROVENANCE	INVENTORIED_NOT_YET_HASHED	chromosome_munged_gwas
/Volumes/Extreme SSD/Utsav-Research-Archive/Sleep-GWAS/Sep1-local-dependencies/data/munged_chromosome_split/odd/chronotype.sumstats.gz	4081754			GCST007565_UKB_morning_person	hg19	EUR	chronotype	natural_log_odds_per_ALLELE1_effect_allele	RESEARCH_ONLY; SOURCE_LICENSE_REVIEW_REQUIRED; NO_RAW_REDISTRIBUTION	VERIFY_SOURCE_AND_PREPROCESSING_PROVENANCE	INVENTORIED_NOT_YET_HASHED	chromosome_munged_gwas
/Volumes/Extreme SSD/Utsav-Research-Archive/Sleep-GWAS/Sep1-local-dependencies/data/munged_chromosome_split/odd/colorectal_cancer.sumstats.gz	4289998			GCST90255675_EUR	hg19	EUR	colorectal_cancer	beta_per_effect_allele	RESEARCH_ONLY; SOURCE_LICENSE_REVIEW_REQUIRED; NO_RAW_REDISTRIBUTION	VERIFY_SOURCE_AND_PREPROCESSING_PROVENANCE	INVENTORIED_NOT_YET_HASHED	chromosome_munged_gwas
/Volumes/Extreme SSD/Utsav-Research-Archive/Sleep-GWAS/Sep1-local-dependencies/data/munged_chromosome_split/odd/crohn.sumstats.gz	4152668			GCST004132_build37_40266_20161107	hg19	EUR	crohn	beta_per_Allele1	RESEARCH_ONLY; SOURCE_LICENSE_REVIEW_REQUIRED; NO_RAW_REDISTRIBUTION	VERIFY_SOURCE_AND_PREPROCESSING_PROVENANCE	INVENTORIED_NOT_YET_HASHED	chromosome_munged_gwas
/Volumes/Extreme SSD/Utsav-Research-Archive/Sleep-GWAS/Sep1-local-dependencies/data/munged_chromosome_split/odd/frailty.sumstats.gz	4174061			GCST90020053	hg19	EUR	frailty	beta_per_effect_allele	RESEARCH_ONLY; SOURCE_LICENSE_REVIEW_REQUIRED; NO_RAW_REDISTRIBUTION	VERIFY_SOURCE_AND_PREPROCESSING_PROVENANCE	INVENTORIED_NOT_YET_HASHED	chromosome_munged_gwas
/Volumes/Extreme SSD/Utsav-Research-Archive/Sleep-GWAS/Sep1-local-dependencies/data/munged_chromosome_split/odd/grip_strength.sumstats.gz	4307641			Neale_round2_field46	hg19	EUR	grip_strength	beta_per_alt_effect_allele	RESEARCH_ONLY; SOURCE_LICENSE_REVIEW_REQUIRED; NO_RAW_REDISTRIBUTION	VERIFY_SOURCE_AND_PREPROCESSING_PROVENANCE	INVENTORIED_NOT_YET_HASHED	chromosome_munged_gwas
/Volumes/Extreme SSD/Utsav-Research-Archive/Sleep-GWAS/Sep1-local-dependencies/data/munged_chromosome_split/odd/hdl.sumstats.gz	5703146			GCST90239652_HDL_INV_EUR	hg19	EUR	hdl	beta_per_ALT_effect_allele	RESEARCH_ONLY; SOURCE_LICENSE_REVIEW_REQUIRED; NO_RAW_REDISTRIBUTION	VERIFY_SOURCE_AND_PREPROCESSING_PROVENANCE	INVENTORIED_NOT_YET_HASHED	chromosome_munged_gwas
/Volumes/Extreme SSD/Utsav-Research-Archive/Sleep-GWAS/Sep1-local-dependencies/data/munged_chromosome_split/odd/healthspan.sumstats.gz	4280560			GCST007406	hg19	EUR	healthspan	beta_per_effect_allele	RESEARCH_ONLY; SOURCE_LICENSE_REVIEW_REQUIRED; NO_RAW_REDISTRIBUTION	VERIFY_SOURCE_AND_PREPROCESSING_PROVENANCE	INVENTORIED_NOT_YET_HASHED	chromosome_munged_gwas
/Volumes/Extreme SSD/Utsav-Research-Archive/Sleep-GWAS/Sep1-local-dependencies/data/munged_chromosome_split/odd/ibd.sumstats.gz	4155897			GCST004131_build37_59957_20161107	hg19	EUR	ibd	beta_per_Allele1	RESEARCH_ONLY; SOURCE_LICENSE_REVIEW_REQUIRED; NO_RAW_REDISTRIBUTION	VERIFY_SOURCE_AND_PREPROCESSING_PROVENANCE	INVENTORIED_NOT_YET_HASHED	chromosome_munged_gwas
/Volumes/Extreme SSD/Utsav-Research-Archive/Sleep-GWAS/Sep1-local-dependencies/data/munged_chromosome_split/odd/insomnia.sumstats.gz	4244938			Jansen_2019_UKB_only_public	hg19	EUR	insomnia	odds_ratio_per_A1_effect_allele	RESEARCH_ONLY; SOURCE_LICENSE_REVIEW_REQUIRED; NO_RAW_REDISTRIBUTION	VERIFY_SOURCE_AND_PREPROCESSING_PROVENANCE	INVENTORIED_NOT_YET_HASHED	chromosome_munged_gwas
/Volumes/Extreme SSD/Utsav-Research-Archive/Sleep-GWAS/Sep1-local-dependencies/data/munged_chromosome_split/odd/ldl.sumstats.gz	5622004			GCST90239658_LDL_INV_EUR	hg19	EUR	ldl	beta_per_ALT_effect_allele	RESEARCH_ONLY; SOURCE_LICENSE_REVIEW_REQUIRED; NO_RAW_REDISTRIBUTION	VERIFY_SOURCE_AND_PREPROCESSING_PROVENANCE	INVENTORIED_NOT_YET_HASHED	chromosome_munged_gwas
/Volumes/Extreme SSD/Utsav-Research-Archive/Sleep-GWAS/Sep1-local-dependencies/data/munged_chromosome_split/odd/longevity.sumstats.gz	4343610			GCST008598_90th_percentile	hg19	EUR	longevity	log_odds_per_EA	RESEARCH_ONLY; SOURCE_LICENSE_REVIEW_REQUIRED; NO_RAW_REDISTRIBUTION	VERIFY_SOURCE_AND_PREPROCESSING_PROVENANCE	INVENTORIED_NOT_YET_HASHED	chromosome_munged_gwas
/Volumes/Extreme SSD/Utsav-Research-Archive/Sleep-GWAS/Sep1-local-dependencies/data/munged_chromosome_split/odd/longsleep.sumstats.gz	4039575			Dashti_2019_ge9h	hg19	EUR	longsleep	linear_mixed_model_beta_per_ALLELE1_effect_allele	RESEARCH_ONLY; SOURCE_LICENSE_REVIEW_REQUIRED; NO_RAW_REDISTRIBUTION	VERIFY_SOURCE_AND_PREPROCESSING_PROVENANCE	INVENTORIED_NOT_YET_HASHED	chromosome_munged_gwas
/Volumes/Extreme SSD/Utsav-Research-Archive/Sleep-GWAS/Sep1-local-dependencies/data/munged_chromosome_split/odd/lung_cancer.sumstats.gz	4210338			GCST004748_overall	hg19	EUR	lung_cancer	beta_per_effect_allele	RESEARCH_ONLY; SOURCE_LICENSE_REVIEW_REQUIRED; NO_RAW_REDISTRIBUTION	VERIFY_SOURCE_AND_PREPROCESSING_PROVENANCE	INVENTORIED_NOT_YET_HASHED	chromosome_munged_gwas
/Volumes/Extreme SSD/Utsav-Research-Archive/Sleep-GWAS/Sep1-local-dependencies/data/munged_chromosome_split/odd/mdd.sumstats.gz	4173736			PGC_UKB_depression_genome-wide_no23andMe	UNRESOLVED	EUR	mdd	log_odds_per_A1_effect_allele	RESEARCH_ONLY; SOURCE_LICENSE_REVIEW_REQUIRED; NO_RAW_REDISTRIBUTION	VERIFY_SOURCE_AND_PREPROCESSING_PROVENANCE	INVENTORIED_NOT_YET_HASHED	chromosome_munged_gwas
/Volumes/Extreme SSD/Utsav-Research-Archive/Sleep-GWAS/Sep1-local-dependencies/data/munged_chromosome_split/odd/melanoma.sumstats.gz	4237475			FinnGen_R9_C3_MELANOMA_SKIN_EXALLC_2023-05-04	hg38	EUR	melanoma	log_odds_per_alt_effect_allele	RESEARCH_ONLY; SOURCE_LICENSE_REVIEW_REQUIRED; NO_RAW_REDISTRIBUTION	VERIFY_SOURCE_AND_PREPROCESSING_PROVENANCE	INVENTORIED_NOT_YET_HASHED	chromosome_munged_gwas
/Volumes/Extreme SSD/Utsav-Research-Archive/Sleep-GWAS/Sep1-local-dependencies/data/munged_chromosome_split/odd/ms.sumstats.gz	4211306			FinnGen_R9_G6_MS_2023-05-04	hg38	EUR	ms	log_odds_per_alt_effect_allele	RESEARCH_ONLY; SOURCE_LICENSE_REVIEW_REQUIRED; NO_RAW_REDISTRIBUTION	VERIFY_SOURCE_AND_PREPROCESSING_PROVENANCE	INVENTORIED_NOT_YET_HASHED	chromosome_munged_gwas
/Volumes/Extreme SSD/Utsav-Research-Archive/Sleep-GWAS/Sep1-local-dependencies/data/munged_chromosome_split/odd/napping.sumstats.gz	4078404			Dashti_2021_napping	hg19	EUR	napping	continuous_napping_frequency_beta_per_A1_effect_allele	RESEARCH_ONLY; SOURCE_LICENSE_REVIEW_REQUIRED; NO_RAW_REDISTRIBUTION	VERIFY_SOURCE_AND_PREPROCESSING_PROVENANCE	INVENTORIED_NOT_YET_HASHED	chromosome_munged_gwas
/Volumes/Extreme SSD/Utsav-Research-Archive/Sleep-GWAS/Sep1-local-dependencies/data/munged_chromosome_split/odd/ovarian_cancer.sumstats.gz	4264917			GCST004462_EUR	hg19	EUR	ovarian_cancer	log_odds_per_Effect_allele_despite_source_OR_label	RESEARCH_ONLY; SOURCE_LICENSE_REVIEW_REQUIRED; NO_RAW_REDISTRIBUTION	VERIFY_SOURCE_AND_PREPROCESSING_PROVENANCE	INVENTORIED_NOT_YET_HASHED	chromosome_munged_gwas
/Volumes/Extreme SSD/Utsav-Research-Archive/Sleep-GWAS/Sep1-local-dependencies/data/munged_chromosome_split/odd/parental_lifespan.sumstats.gz	5161743			GCST009890	hg19	EUR	parental_lifespan	log_hazard_protection_ratio_per_a1	RESEARCH_ONLY; SOURCE_LICENSE_REVIEW_REQUIRED; NO_RAW_REDISTRIBUTION	VERIFY_SOURCE_AND_PREPROCESSING_PROVENANCE	INVENTORIED_NOT_YET_HASHED	chromosome_munged_gwas
/Volumes/Extreme SSD/Utsav-Research-Archive/Sleep-GWAS/Sep1-local-dependencies/data/munged_chromosome_split/odd/parkinson.sumstats.gz	4325399			GCST009325_public_EUR_proxy_GRCh37	hg19	EUR	parkinson	fixed_effect_log_odds_beta_per_effect_allele	RESEARCH_ONLY; SOURCE_LICENSE_REVIEW_REQUIRED; NO_RAW_REDISTRIBUTION	VERIFY_SOURCE_AND_PREPROCESSING_PROVENANCE	INVENTORIED_NOT_YET_HASHED	chromosome_munged_gwas
/Volumes/Extreme SSD/Utsav-Research-Archive/Sleep-GWAS/Sep1-local-dependencies/data/munged_chromosome_split/odd/prostate_cancer.sumstats.gz	3880696			GCST006085_EUR	hg19	EUR	prostate_cancer	log_odds_per_Allele1	RESEARCH_ONLY; SOURCE_LICENSE_REVIEW_REQUIRED; NO_RAW_REDISTRIBUTION	VERIFY_SOURCE_AND_PREPROCESSING_PROVENANCE	INVENTORIED_NOT_YET_HASHED	chromosome_munged_gwas
/Volumes/Extreme SSD/Utsav-Research-Archive/Sleep-GWAS/Sep1-local-dependencies/data/munged_chromosome_split/odd/ra.sumstats.gz	4286346			GCST90132223_Ishigaki_2022_EUR	hg19	EUR	ra	beta_per_effect_allele	RESEARCH_ONLY; SOURCE_LICENSE_REVIEW_REQUIRED; NO_RAW_REDISTRIBUTION	VERIFY_SOURCE_AND_PREPROCESSING_PROVENANCE	INVENTORIED_NOT_YET_HASHED	chromosome_munged_gwas
/Volumes/Extreme SSD/Utsav-Research-Archive/Sleep-GWAS/Sep1-local-dependencies/data/munged_chromosome_split/odd/sbp.sumstats.gz	6029988			OpenGWAS_ieu-b-38_Evangelou2018_SBP	hg19	EUR	sbp	mmHg_per_ALT_effect_allele	RESEARCH_ONLY; SOURCE_LICENSE_REVIEW_REQUIRED; NO_RAW_REDISTRIBUTION	VERIFY_SOURCE_AND_PREPROCESSING_PROVENANCE	INVENTORIED_NOT_YET_HASHED	chromosome_munged_gwas
/Volumes/Extreme SSD/Utsav-Research-Archive/Sleep-GWAS/Sep1-local-dependencies/data/munged_chromosome_split/odd/scz.sumstats.gz	4421611			PGC3_SCZ_wave3_european_autosome_public_v3	hg19	EUR	scz	log_odds_beta_per_A1_effect_allele	RESEARCH_ONLY; SOURCE_LICENSE_REVIEW_REQUIRED; NO_RAW_REDISTRIBUTION	VERIFY_SOURCE_AND_PREPROCESSING_PROVENANCE	INVENTORIED_NOT_YET_HASHED	chromosome_munged_gwas
/Volumes/Extreme SSD/Utsav-Research-Archive/Sleep-GWAS/Sep1-local-dependencies/data/munged_chromosome_split/odd/shortsleep.sumstats.gz	4057387			Dashti_2019_lt7h	hg19	EUR	shortsleep	linear_mixed_model_beta_per_ALLELE1_effect_allele	RESEARCH_ONLY; SOURCE_LICENSE_REVIEW_REQUIRED; NO_RAW_REDISTRIBUTION	VERIFY_SOURCE_AND_PREPROCESSING_PROVENANCE	INVENTORIED_NOT_YET_HASHED	chromosome_munged_gwas
/Volumes/Extreme SSD/Utsav-Research-Archive/Sleep-GWAS/Sep1-local-dependencies/data/munged_chromosome_split/odd/sleep_apnea.sumstats.gz	4265285			FinnGen_R9_G6_SLEEPAPNO_2023-05-04	hg38	EUR	sleep_apnea	log_odds_per_alt_effect_allele	RESEARCH_ONLY; SOURCE_LICENSE_REVIEW_REQUIRED; NO_RAW_REDISTRIBUTION	VERIFY_SOURCE_AND_PREPROCESSING_PROVENANCE	INVENTORIED_NOT_YET_HASHED	chromosome_munged_gwas
/Volumes/Extreme SSD/Utsav-Research-Archive/Sleep-GWAS/Sep1-local-dependencies/data/munged_chromosome_split/odd/sleep_efficiency.sumstats.gz	4017781			GCST007803_sleep_efficiency	hg19	EUR	sleep_efficiency	beta_per_ALLELE1_for_rank_normalized_sleep_efficiency	RESEARCH_ONLY; SOURCE_LICENSE_REVIEW_REQUIRED; NO_RAW_REDISTRIBUTION	VERIFY_SOURCE_AND_PREPROCESSING_PROVENANCE	INVENTORIED_NOT_YET_HASHED	chromosome_munged_gwas
/Volumes/Extreme SSD/Utsav-Research-Archive/Sleep-GWAS/Sep1-local-dependencies/data/munged_chromosome_split/odd/sleep_timing.sumstats.gz	4013852			GCST007803_sleep_midpoint	hg19	EUR	sleep_timing	beta_per_ALLELE1_for_rank_normalized_SPT_midpoint	RESEARCH_ONLY; SOURCE_LICENSE_REVIEW_REQUIRED; NO_RAW_REDISTRIBUTION	VERIFY_SOURCE_AND_PREPROCESSING_PROVENANCE	INVENTORIED_NOT_YET_HASHED	chromosome_munged_gwas
/Volumes/Extreme SSD/Utsav-Research-Archive/Sleep-GWAS/Sep1-local-dependencies/data/munged_chromosome_split/odd/sleepdur.sumstats.gz	4069169			Dashti_2019_continuous	hg19	EUR	sleepdur	hours_per_ALLELE1_effect_allele	RESEARCH_ONLY; SOURCE_LICENSE_REVIEW_REQUIRED; NO_RAW_REDISTRIBUTION	VERIFY_SOURCE_AND_PREPROCESSING_PROVENANCE	INVENTORIED_NOT_YET_HASHED	chromosome_munged_gwas
/Volumes/Extreme SSD/Utsav-Research-Archive/Sleep-GWAS/Sep1-local-dependencies/data/munged_chromosome_split/odd/sleepiness.sumstats.gz	4056520			Wang_2019_daytime_sleepiness	hg19	EUR	sleepiness	continuous_sleepiness_beta_per_ALLELE1	RESEARCH_ONLY; SOURCE_LICENSE_REVIEW_REQUIRED; NO_RAW_REDISTRIBUTION	VERIFY_SOURCE_AND_PREPROCESSING_PROVENANCE	INVENTORIED_NOT_YET_HASHED	chromosome_munged_gwas
/Volumes/Extreme SSD/Utsav-Research-Archive/Sleep-GWAS/Sep1-local-dependencies/data/munged_chromosome_split/odd/snoring.sumstats.gz	4062967			GCST009760_Campos_main_analysis	hg19	EUR	snoring	beta_per_A1_effect_allele	RESEARCH_ONLY; SOURCE_LICENSE_REVIEW_REQUIRED; NO_RAW_REDISTRIBUTION	VERIFY_SOURCE_AND_PREPROCESSING_PROVENANCE	INVENTORIED_NOT_YET_HASHED	chromosome_munged_gwas
/Volumes/Extreme SSD/Utsav-Research-Archive/Sleep-GWAS/Sep1-local-dependencies/data/munged_chromosome_split/odd/stroke.sumstats.gz	4177807			GCST90104539_any_stroke_EUR	hg19	EUR	stroke	log_odds_per_effect_allele	RESEARCH_ONLY; SOURCE_LICENSE_REVIEW_REQUIRED; NO_RAW_REDISTRIBUTION	VERIFY_SOURCE_AND_PREPROCESSING_PROVENANCE	INVENTORIED_NOT_YET_HASHED	chromosome_munged_gwas
/Volumes/Extreme SSD/Utsav-Research-Archive/Sleep-GWAS/Sep1-local-dependencies/data/munged_chromosome_split/odd/t2d.sumstats.gz	4288546			FinnGen_R9_T2D_2023-05-04	hg38	EUR	t2d	log_odds_per_alt_effect_allele	RESEARCH_ONLY; SOURCE_LICENSE_REVIEW_REQUIRED; NO_RAW_REDISTRIBUTION	VERIFY_SOURCE_AND_PREPROCESSING_PROVENANCE	INVENTORIED_NOT_YET_HASHED	chromosome_munged_gwas
/Volumes/Extreme SSD/Utsav-Research-Archive/Sleep-GWAS/Sep1-local-dependencies/data/munged_chromosome_split/odd/telomere_length.sumstats.gz	4294997			GCST90435144_Burren_2024_NFE	hg38	EUR	telomere_length	beta_per_effect_allele	RESEARCH_ONLY; SOURCE_LICENSE_REVIEW_REQUIRED; NO_RAW_REDISTRIBUTION	VERIFY_SOURCE_AND_PREPROCESSING_PROVENANCE	INVENTORIED_NOT_YET_HASHED	chromosome_munged_gwas
/Volumes/Extreme SSD/Utsav-Research-Archive/Sleep-GWAS/Sep1-local-dependencies/data/munged_chromosome_split/odd/triglycerides.sumstats.gz	5691612			GCST90239664_logTG_INV_EUR	hg19	EUR	triglycerides	beta_per_ALT_effect_allele	RESEARCH_ONLY; SOURCE_LICENSE_REVIEW_REQUIRED; NO_RAW_REDISTRIBUTION	VERIFY_SOURCE_AND_PREPROCESSING_PROVENANCE	INVENTORIED_NOT_YET_HASHED	chromosome_munged_gwas
/Volumes/Extreme SSD/Utsav-Research-Archive/Sleep-GWAS/Sep1-local-dependencies/data/munged_chromosome_split/odd/uc.sumstats.gz	4149245			GCST004133_build37_45975_20161107	hg19	EUR	uc	beta_per_Allele1	RESEARCH_ONLY; SOURCE_LICENSE_REVIEW_REQUIRED; NO_RAW_REDISTRIBUTION	VERIFY_SOURCE_AND_PREPROCESSING_PROVENANCE	INVENTORIED_NOT_YET_HASHED	chromosome_munged_gwas
/Volumes/Extreme SSD/Utsav-Research-Archive/Sleep-GWAS/Sep1-local-dependencies/data/raw/accel_sleep_duration.txt.gz	310074893	66e74b1bea68d6c776f417575acb583964d66bc7a9f799edb64008243203843a	66e74b1bea68d6c776f417575acb583964d66bc7a9f799edb64008243203843a	GCST007803_sleep_duration	hg19	EUR	accel_sleep_duration	beta_per_ALLELE1_for_rank_normalized_sleep_duration	RESEARCH_ONLY; SOURCE_LICENSE_REVIEW_REQUIRED; NO_RAW_REDISTRIBUTION	VERIFY_SOURCE_AND_PREPROCESSING_PROVENANCE	MATCH_EXPECTED_SHA256	raw_gwas
/Volumes/Extreme SSD/Utsav-Research-Archive/Sleep-GWAS/Sep1-local-dependencies/data/raw/adhd.txt.gz	200588408	c58a96031ec44b1edba81c91d603037a2efd03fcd946531424866e3f5f1d40c5	c58a96031ec44b1edba81c91d603037a2efd03fcd946531424866e3f5f1d40c5	ADHD2022_iPSYCH_deCODE_PGC_January_2022_release	hg19	EUR	adhd	odds_ratio_per_A1_effect_allele	RESEARCH_ONLY; SOURCE_LICENSE_REVIEW_REQUIRED; NO_RAW_REDISTRIBUTION	VERIFY_SOURCE_AND_PREPROCESSING_PROVENANCE	MATCH_EXPECTED_SHA256	raw_gwas
/Volumes/Extreme SSD/Utsav-Research-Archive/Sleep-GWAS/Sep1-local-dependencies/data/raw/alz.txt.gz	755201909	013134d22a2a0c2dd0cb683192d0c109da1aec83ba54d94a837a8b71bcbc4a1f	013134d22a2a0c2dd0cb683192d0c109da1aec83ba54d94a837a8b71bcbc4a1f	GCST90027158_stage1_GRCh38	hg38	EUR	alz	log_odds_beta_per_effect_allele	RESEARCH_ONLY; SOURCE_LICENSE_REVIEW_REQUIRED; NO_RAW_REDISTRIBUTION	VERIFY_SOURCE_AND_PREPROCESSING_PROVENANCE	MATCH_EXPECTED_SHA256	raw_gwas
/Volumes/Extreme SSD/Utsav-Research-Archive/Sleep-GWAS/Sep1-local-dependencies/data/raw/asthma.txt.gz	763248427	647e74c12b10d15d9877807df6035756c697848437071c36635270fe7faf9ce9	647e74c12b10d15d9877807df6035756c697848437071c36635270fe7faf9ce9	FinnGen_R9_J10_ASTHMA_EXMORE_2023-05-04	hg38	EUR	asthma	log_odds_per_alt_effect_allele	RESEARCH_ONLY; SOURCE_LICENSE_REVIEW_REQUIRED; NO_RAW_REDISTRIBUTION	VERIFY_SOURCE_AND_PREPROCESSING_PROVENANCE	MATCH_EXPECTED_SHA256	raw_gwas
/Volumes/Extreme SSD/Utsav-Research-Archive/Sleep-GWAS/Sep1-local-dependencies/data/raw/atrial_fibrillation.txt.gz	190430117	35316d406c3188194b4efbd90de7a7bf8017fe95236f3ed7e302a8540d713649	35316d406c3188194b4efbd90de7a7bf8017fe95236f3ed7e302a8540d713649	GCST006061_AF_HRC_GWAS_ALLv11	hg19	EUR	atrial_fibrillation	log_effect_per_Allele1_combining_logistic_and_cox_models	RESEARCH_ONLY; SOURCE_LICENSE_REVIEW_REQUIRED; NO_RAW_REDISTRIBUTION	VERIFY_SOURCE_AND_PREPROCESSING_PROVENANCE	MATCH_EXPECTED_SHA256	raw_gwas
/Volumes/Extreme SSD/Utsav-Research-Archive/Sleep-GWAS/Sep1-local-dependencies/data/raw/bipolar.txt.gz	385014083	3bf42353fd8fcd832986c3ad122747fba458e9712556659fe73b16a91b3081dd	3bf42353fd8fcd832986c3ad122747fba458e9712556659fe73b16a91b3081dd	pgc-bip2021-all_Figshare_v2	hg19	EUR	bipolar	fixed_effect_log_odds_beta_per_A1_effect_allele	RESEARCH_ONLY; SOURCE_LICENSE_REVIEW_REQUIRED; NO_RAW_REDISTRIBUTION	VERIFY_SOURCE_AND_PREPROCESSING_PROVENANCE	MATCH_EXPECTED_SHA256	raw_gwas
/Volumes/Extreme SSD/Utsav-Research-Archive/Sleep-GWAS/Sep1-local-dependencies/data/raw/bmi.txt.gz	46754937	0d6ed0ea97870916b830ccae349df94ca6f3cc68c025c79e784729af7f7136a4	0d6ed0ea97870916b830ccae349df94ca6f3cc68c025c79e784729af7f7136a4	GCST006900_Yengo_2018_GIANT_UKB	hg19	EUR	bmi	beta_per_Tested_Allele	RESEARCH_ONLY; SOURCE_LICENSE_REVIEW_REQUIRED; NO_RAW_REDISTRIBUTION	VERIFY_SOURCE_AND_PREPROCESSING_PROVENANCE	MATCH_EXPECTED_SHA256	raw_gwas
/Volumes/Extreme SSD/Utsav-Research-Archive/Sleep-GWAS/Sep1-local-dependencies/data/raw/breast_cancer.txt.gz	287809087	900a1801455939e4bd170f3475f9f74a6fe78aab860d932da17da24391aeee0a	900a1801455939e4bd170f3475f9f74a6fe78aab860d932da17da24391aeee0a	BCAC_2020_overall_EUR	hg19	EUR	breast_cancer	beta_per_Effect.Meta	RESEARCH_ONLY; SOURCE_LICENSE_REVIEW_REQUIRED; NO_RAW_REDISTRIBUTION	VERIFY_SOURCE_AND_PREPROCESSING_PROVENANCE	MATCH_EXPECTED_SHA256	raw_gwas
/Volumes/Extreme SSD/Utsav-Research-Archive/Sleep-GWAS/Sep1-local-dependencies/data/raw/cad.txt.gz	764316665	5d635faa61fabf13d0143598dbcf80ff04deb4fa73c366bea5951002dcdd4e4a	5d635faa61fabf13d0143598dbcf80ff04deb4fa73c366bea5951002dcdd4e4a	FinnGen_R9_I9_IHD_2023-05-04	hg38	EUR	cad	log_odds_per_alt_effect_allele	RESEARCH_ONLY; SOURCE_LICENSE_REVIEW_REQUIRED; NO_RAW_REDISTRIBUTION	VERIFY_SOURCE_AND_PREPROCESSING_PROVENANCE	MATCH_EXPECTED_SHA256	raw_gwas
/Volumes/Extreme SSD/Utsav-Research-Archive/Sleep-GWAS/Sep1-local-dependencies/data/raw/chronotype.txt.gz	354578112	9fe6c797afbfad85e50625a6dcd3313af77c0528090c6bcea05959690b9c6327	9fe6c797afbfad85e50625a6dcd3313af77c0528090c6bcea05959690b9c6327	GCST007565_UKB_morning_person	hg19	EUR	chronotype	natural_log_odds_per_ALLELE1_effect_allele	RESEARCH_ONLY; SOURCE_LICENSE_REVIEW_REQUIRED; NO_RAW_REDISTRIBUTION	VERIFY_SOURCE_AND_PREPROCESSING_PROVENANCE	MATCH_EXPECTED_SHA256	raw_gwas
/Volumes/Extreme SSD/Utsav-Research-Archive/Sleep-GWAS/Sep1-local-dependencies/data/raw/colorectal_cancer.txt.gz	266121242	97ad7fb9c391d910ce99162fc11cde05d01bfc0e266a411d770756b5012ae48f	97ad7fb9c391d910ce99162fc11cde05d01bfc0e266a411d770756b5012ae48f	GCST90255675_EUR	hg19	EUR	colorectal_cancer	beta_per_effect_allele	RESEARCH_ONLY; SOURCE_LICENSE_REVIEW_REQUIRED; NO_RAW_REDISTRIBUTION	VERIFY_SOURCE_AND_PREPROCESSING_PROVENANCE	MATCH_EXPECTED_SHA256	raw_gwas
/Volumes/Extreme SSD/Utsav-Research-Archive/Sleep-GWAS/Sep1-local-dependencies/data/raw/crohn.txt.gz	312502048	ddc4258b51f6da59749cbb798d4e387b5d1fab1746f3101d31c7bfa72301c872	ddc4258b51f6da59749cbb798d4e387b5d1fab1746f3101d31c7bfa72301c872	GCST004132_build37_40266_20161107	hg19	EUR	crohn	beta_per_Allele1	RESEARCH_ONLY; SOURCE_LICENSE_REVIEW_REQUIRED; NO_RAW_REDISTRIBUTION	VERIFY_SOURCE_AND_PREPROCESSING_PROVENANCE	MATCH_EXPECTED_SHA256	raw_gwas
/Volumes/Extreme SSD/Utsav-Research-Archive/Sleep-GWAS/Sep1-local-dependencies/data/raw/frailty.txt.gz	179169168	aa507b8f2b27e3ba8ff2a6546d7ab95da85d86ec46025f5cb6990690e6eba72b	aa507b8f2b27e3ba8ff2a6546d7ab95da85d86ec46025f5cb6990690e6eba72b	GCST90020053	hg19	EUR	frailty	beta_per_effect_allele	RESEARCH_ONLY; SOURCE_LICENSE_REVIEW_REQUIRED; NO_RAW_REDISTRIBUTION	VERIFY_SOURCE_AND_PREPROCESSING_PROVENANCE	MATCH_EXPECTED_SHA256	raw_gwas
/Volumes/Extreme SSD/Utsav-Research-Archive/Sleep-GWAS/Sep1-local-dependencies/data/raw/grip_strength.txt.gz	371472045	bb9514ae9ab28b9894ce41b31cae1b1c68985565352010aa27f22d391b197bf0	bb9514ae9ab28b9894ce41b31cae1b1c68985565352010aa27f22d391b197bf0	Neale_round2_field46	hg19	EUR	grip_strength	beta_per_alt_effect_allele	RESEARCH_ONLY; SOURCE_LICENSE_REVIEW_REQUIRED; NO_RAW_REDISTRIBUTION	VERIFY_SOURCE_AND_PREPROCESSING_PROVENANCE	MATCH_EXPECTED_SHA256	raw_gwas
/Volumes/Extreme SSD/Utsav-Research-Archive/Sleep-GWAS/Sep1-local-dependencies/data/raw/healthspan.txt.gz	267320507	de9ff8c5c04d8a8c9fac6a03e286f603864549a53f9acdb0ddbe9fba2e4ebbcc	de9ff8c5c04d8a8c9fac6a03e286f603864549a53f9acdb0ddbe9fba2e4ebbcc	GCST007406	hg19	EUR	healthspan	beta_per_effect_allele	RESEARCH_ONLY; SOURCE_LICENSE_REVIEW_REQUIRED; NO_RAW_REDISTRIBUTION	VERIFY_SOURCE_AND_PREPROCESSING_PROVENANCE	MATCH_EXPECTED_SHA256	raw_gwas
/Volumes/Extreme SSD/Utsav-Research-Archive/Sleep-GWAS/Sep1-local-dependencies/data/raw/ibd.txt.gz	317627248	6c5e8b534dbe6048cdf84b07ef2a772ea5d0071a21b8fb1552fb89c6f02ebdd8	6c5e8b534dbe6048cdf84b07ef2a772ea5d0071a21b8fb1552fb89c6f02ebdd8	GCST004131_build37_59957_20161107	hg19	EUR	ibd	beta_per_Allele1	RESEARCH_ONLY; SOURCE_LICENSE_REVIEW_REQUIRED; NO_RAW_REDISTRIBUTION	VERIFY_SOURCE_AND_PREPROCESSING_PROVENANCE	MATCH_EXPECTED_SHA256	raw_gwas
/Volumes/Extreme SSD/Utsav-Research-Archive/Sleep-GWAS/Sep1-local-dependencies/data/raw/insomnia.txt.gz	314778585	32848cd92a6324c9048cad4a804cf1546299af1d0281981c6ca43c2046a9065b	32848cd92a6324c9048cad4a804cf1546299af1d0281981c6ca43c2046a9065b	Jansen_2019_UKB_only_public	hg19	EUR	insomnia	odds_ratio_per_A1_effect_allele	RESEARCH_ONLY; SOURCE_LICENSE_REVIEW_REQUIRED; NO_RAW_REDISTRIBUTION	VERIFY_SOURCE_AND_PREPROCESSING_PROVENANCE	MATCH_EXPECTED_SHA256	raw_gwas
/Volumes/Extreme SSD/Utsav-Research-Archive/Sleep-GWAS/Sep1-local-dependencies/data/raw/longevity.txt.gz	141843112	99353dfd78f9cb86b35f6cea4fb86ccebed781064d03a8495f24ee56da7c6ac7	99353dfd78f9cb86b35f6cea4fb86ccebed781064d03a8495f24ee56da7c6ac7	GCST008598_90th_percentile	hg19	EUR	longevity	log_odds_per_EA	RESEARCH_ONLY; SOURCE_LICENSE_REVIEW_REQUIRED; NO_RAW_REDISTRIBUTION	VERIFY_SOURCE_AND_PREPROCESSING_PROVENANCE	MATCH_EXPECTED_SHA256	raw_gwas
/Volumes/Extreme SSD/Utsav-Research-Archive/Sleep-GWAS/Sep1-local-dependencies/data/raw/longsleep.txt.gz	384522668	04d4f2919478e633ce75810ac2e7c885af9fb807adbccb19c979c985b34bb355	04d4f2919478e633ce75810ac2e7c885af9fb807adbccb19c979c985b34bb355	Dashti_2019_ge9h	hg19	EUR	longsleep	linear_mixed_model_beta_per_ALLELE1_effect_allele	RESEARCH_ONLY; SOURCE_LICENSE_REVIEW_REQUIRED; NO_RAW_REDISTRIBUTION	VERIFY_SOURCE_AND_PREPROCESSING_PROVENANCE	MATCH_EXPECTED_SHA256	raw_gwas
/Volumes/Extreme SSD/Utsav-Research-Archive/Sleep-GWAS/Sep1-local-dependencies/data/raw/lung_cancer.txt.gz	281506090	c1cd88825e3bd78c008e5aed1f756e1966b4b29501ed19f1ea5de642644bdd1b	c1cd88825e3bd78c008e5aed1f756e1966b4b29501ed19f1ea5de642644bdd1b	GCST004748_overall	hg19	EUR	lung_cancer	beta_per_effect_allele	RESEARCH_ONLY; SOURCE_LICENSE_REVIEW_REQUIRED; NO_RAW_REDISTRIBUTION	VERIFY_SOURCE_AND_PREPROCESSING_PROVENANCE	MATCH_EXPECTED_SHA256	raw_gwas
/Volumes/Extreme SSD/Utsav-Research-Archive/Sleep-GWAS/Sep1-local-dependencies/data/raw/mdd.txt.gz	128101061	c039958a7b1ca867d4f88e642b5d659b861753e360b92adcec4523bf813d4146	c039958a7b1ca867d4f88e642b5d659b861753e360b92adcec4523bf813d4146	PGC_UKB_depression_genome-wide_no23andMe	UNRESOLVED	EUR	mdd	log_odds_per_A1_effect_allele	RESEARCH_ONLY; SOURCE_LICENSE_REVIEW_REQUIRED; NO_RAW_REDISTRIBUTION	VERIFY_SOURCE_AND_PREPROCESSING_PROVENANCE	MATCH_EXPECTED_SHA256	raw_gwas
/Volumes/Extreme SSD/Utsav-Research-Archive/Sleep-GWAS/Sep1-local-dependencies/data/raw/melanoma.txt.gz	757006258	fcda650ea871d6ad027b97e7b055303e926091d1f57dea554a070aacbf745db5	fcda650ea871d6ad027b97e7b055303e926091d1f57dea554a070aacbf745db5	FinnGen_R9_C3_MELANOMA_SKIN_EXALLC_2023-05-04	hg38	EUR	melanoma	log_odds_per_alt_effect_allele	RESEARCH_ONLY; SOURCE_LICENSE_REVIEW_REQUIRED; NO_RAW_REDISTRIBUTION	VERIFY_SOURCE_AND_PREPROCESSING_PROVENANCE	MATCH_EXPECTED_SHA256	raw_gwas
/Volumes/Extreme SSD/Utsav-Research-Archive/Sleep-GWAS/Sep1-local-dependencies/data/raw/ms.txt.gz	754984218	57551560b1bd55e6a8fd9efb5a3bd6c3cd6e0ca8f04ccd83ebeb9e51e39e2951	57551560b1bd55e6a8fd9efb5a3bd6c3cd6e0ca8f04ccd83ebeb9e51e39e2951	FinnGen_R9_G6_MS_2023-05-04	hg38	EUR	ms	log_odds_per_alt_effect_allele	RESEARCH_ONLY; SOURCE_LICENSE_REVIEW_REQUIRED; NO_RAW_REDISTRIBUTION	VERIFY_SOURCE_AND_PREPROCESSING_PROVENANCE	MATCH_EXPECTED_SHA256	raw_gwas
/Volumes/Extreme SSD/Utsav-Research-Archive/Sleep-GWAS/Sep1-local-dependencies/data/raw/napping.txt.gz	356906540	a0a43c4490fdc302ac006afd4a604561fed6d16160768e7f7664e51717f4feca	a0a43c4490fdc302ac006afd4a604561fed6d16160768e7f7664e51717f4feca	Dashti_2021_napping	hg19	EUR	napping	continuous_napping_frequency_beta_per_A1_effect_allele	RESEARCH_ONLY; SOURCE_LICENSE_REVIEW_REQUIRED; NO_RAW_REDISTRIBUTION	VERIFY_SOURCE_AND_PREPROCESSING_PROVENANCE	MATCH_EXPECTED_SHA256	raw_gwas
/Volumes/Extreme SSD/Utsav-Research-Archive/Sleep-GWAS/Sep1-local-dependencies/data/raw/ovarian_cancer.txt.gz	398509422	57a0b17ca9cbd513307d1bacceab279652ed824959fdff0dda83445fe4ee9e10	57a0b17ca9cbd513307d1bacceab279652ed824959fdff0dda83445fe4ee9e10	GCST004462_EUR	hg19	EUR	ovarian_cancer	log_odds_per_Effect_allele_despite_source_OR_label	RESEARCH_ONLY; SOURCE_LICENSE_REVIEW_REQUIRED; NO_RAW_REDISTRIBUTION	VERIFY_SOURCE_AND_PREPROCESSING_PROVENANCE	MATCH_EXPECTED_SHA256	raw_gwas
/Volumes/Extreme SSD/Utsav-Research-Archive/Sleep-GWAS/Sep1-local-dependencies/data/raw/parental_lifespan.txt.gz	483395501	a3d6ef25139352bae34c8effbce1fa6c49144f9c7d65cae368b98d45419bc38d	a3d6ef25139352bae34c8effbce1fa6c49144f9c7d65cae368b98d45419bc38d	GCST009890	hg19	EUR	parental_lifespan	log_hazard_protection_ratio_per_a1	RESEARCH_ONLY; SOURCE_LICENSE_REVIEW_REQUIRED; NO_RAW_REDISTRIBUTION	VERIFY_SOURCE_AND_PREPROCESSING_PROVENANCE	MATCH_EXPECTED_SHA256	raw_gwas
/Volumes/Extreme SSD/Utsav-Research-Archive/Sleep-GWAS/Sep1-local-dependencies/data/raw/parkinson.txt.gz	349438654	10d43150446b3268a8bca99f6039332a99cd99318fd9336dcd660b32fdb33d16	10d43150446b3268a8bca99f6039332a99cd99318fd9336dcd660b32fdb33d16	GCST009325_public_EUR_proxy_GRCh37	hg19	EUR	parkinson	fixed_effect_log_odds_beta_per_effect_allele	RESEARCH_ONLY; SOURCE_LICENSE_REVIEW_REQUIRED; NO_RAW_REDISTRIBUTION	VERIFY_SOURCE_AND_PREPROCESSING_PROVENANCE	MATCH_EXPECTED_SHA256	raw_gwas
/Volumes/Extreme SSD/Utsav-Research-Archive/Sleep-GWAS/Sep1-local-dependencies/data/raw/prostate_cancer.txt.gz	282966964	95b92f95d8337336343b93cd511b3a407c15ba927bb20329ee56778a90bd3eb9	95b92f95d8337336343b93cd511b3a407c15ba927bb20329ee56778a90bd3eb9	GCST006085_EUR	hg19	EUR	prostate_cancer	log_odds_per_Allele1	RESEARCH_ONLY; SOURCE_LICENSE_REVIEW_REQUIRED; NO_RAW_REDISTRIBUTION	VERIFY_SOURCE_AND_PREPROCESSING_PROVENANCE	MATCH_EXPECTED_SHA256	raw_gwas
/Volumes/Extreme SSD/Utsav-Research-Archive/Sleep-GWAS/Sep1-local-dependencies/data/raw/prostate_cancer.txt.gz.provenance.json	1482			UNKNOWN	UNKNOWN	UNKNOWN	UNKNOWN	UNKNOWN	RESEARCH_ONLY; SOURCE_LICENSE_REVIEW_REQUIRED; NO_RAW_REDISTRIBUTION	VERIFY_SOURCE_AND_PREPROCESSING_PROVENANCE	INVENTORIED_NOT_YET_HASHED	raw_gwas
/Volumes/Extreme SSD/Utsav-Research-Archive/Sleep-GWAS/Sep1-local-dependencies/data/raw/ra.txt.gz	323861720	bce30ae497edda9201d8a03fd02798f57bd8cede608a5684f83c5f7380510615	bce30ae497edda9201d8a03fd02798f57bd8cede608a5684f83c5f7380510615	GCST90132223_Ishigaki_2022_EUR	hg19	EUR	ra	beta_per_effect_allele	RESEARCH_ONLY; SOURCE_LICENSE_REVIEW_REQUIRED; NO_RAW_REDISTRIBUTION	VERIFY_SOURCE_AND_PREPROCESSING_PROVENANCE	MATCH_EXPECTED_SHA256	raw_gwas
/Volumes/Extreme SSD/Utsav-Research-Archive/Sleep-GWAS/Sep1-local-dependencies/data/raw/sbp.txt.gz	231456987	83c44ba8982f7d00991b882ea7926c53be5b1820170832e74f59f2abd6fcc962	83c44ba8982f7d00991b882ea7926c53be5b1820170832e74f59f2abd6fcc962	OpenGWAS_ieu-b-38_Evangelou2018_SBP	hg19	EUR	sbp	mmHg_per_ALT_effect_allele	RESEARCH_ONLY; SOURCE_LICENSE_REVIEW_REQUIRED; NO_RAW_REDISTRIBUTION	VERIFY_SOURCE_AND_PREPROCESSING_PROVENANCE	MATCH_EXPECTED_SHA256	raw_gwas
/Volumes/Extreme SSD/Utsav-Research-Archive/Sleep-GWAS/Sep1-local-dependencies/data/raw/scz.txt.gz	239710564	dbba3a85575c99fd1c2e3497d0c7a44539ccfdbf2e69742f8bdbda879230bcd7	dbba3a85575c99fd1c2e3497d0c7a44539ccfdbf2e69742f8bdbda879230bcd7	PGC3_SCZ_wave3_european_autosome_public_v3	hg19	EUR	scz	log_odds_beta_per_A1_effect_allele	RESEARCH_ONLY; SOURCE_LICENSE_REVIEW_REQUIRED; NO_RAW_REDISTRIBUTION	VERIFY_SOURCE_AND_PREPROCESSING_PROVENANCE	MATCH_EXPECTED_SHA256	raw_gwas
/Volumes/Extreme SSD/Utsav-Research-Archive/Sleep-GWAS/Sep1-local-dependencies/data/raw/shortsleep.txt.gz	383448891	b5c14f80427821ce2c0a5b3a6546498d1a63040da9692c3f6bd56cce37b30a85	b5c14f80427821ce2c0a5b3a6546498d1a63040da9692c3f6bd56cce37b30a85	Dashti_2019_lt7h	hg19	EUR	shortsleep	linear_mixed_model_beta_per_ALLELE1_effect_allele	RESEARCH_ONLY; SOURCE_LICENSE_REVIEW_REQUIRED; NO_RAW_REDISTRIBUTION	VERIFY_SOURCE_AND_PREPROCESSING_PROVENANCE	MATCH_EXPECTED_SHA256	raw_gwas
/Volumes/Extreme SSD/Utsav-Research-Archive/Sleep-GWAS/Sep1-local-dependencies/data/raw/sleep_apnea.txt.gz	763490490	eb8cfc33febc044c3f608406f5f50c9be7f6973aba5effd89a0f94d1f58c1d4b	eb8cfc33febc044c3f608406f5f50c9be7f6973aba5effd89a0f94d1f58c1d4b	FinnGen_R9_G6_SLEEPAPNO_2023-05-04	hg38	EUR	sleep_apnea	log_odds_per_alt_effect_allele	RESEARCH_ONLY; SOURCE_LICENSE_REVIEW_REQUIRED; NO_RAW_REDISTRIBUTION	VERIFY_SOURCE_AND_PREPROCESSING_PROVENANCE	MATCH_EXPECTED_SHA256	raw_gwas
/Volumes/Extreme SSD/Utsav-Research-Archive/Sleep-GWAS/Sep1-local-dependencies/data/raw/sleep_efficiency.txt.gz	310070562	dabef64037a11cb0913168862965cde72f62fe041df648f345f45eed71765cc5	dabef64037a11cb0913168862965cde72f62fe041df648f345f45eed71765cc5	GCST007803_sleep_efficiency	hg19	EUR	sleep_efficiency	beta_per_ALLELE1_for_rank_normalized_sleep_efficiency	RESEARCH_ONLY; SOURCE_LICENSE_REVIEW_REQUIRED; NO_RAW_REDISTRIBUTION	VERIFY_SOURCE_AND_PREPROCESSING_PROVENANCE	MATCH_EXPECTED_SHA256	raw_gwas
/Volumes/Extreme SSD/Utsav-Research-Archive/Sleep-GWAS/Sep1-local-dependencies/data/raw/sleep_timing.txt.gz	310083988	38d897dc354cfdce9fdb2282c7b7f89dd22ed7bc338d2b6a14b15a1628c666e0	38d897dc354cfdce9fdb2282c7b7f89dd22ed7bc338d2b6a14b15a1628c666e0	GCST007803_sleep_midpoint	hg19	EUR	sleep_timing	beta_per_ALLELE1_for_rank_normalized_SPT_midpoint	RESEARCH_ONLY; SOURCE_LICENSE_REVIEW_REQUIRED; NO_RAW_REDISTRIBUTION	VERIFY_SOURCE_AND_PREPROCESSING_PROVENANCE	MATCH_EXPECTED_SHA256	raw_gwas
/Volumes/Extreme SSD/Utsav-Research-Archive/Sleep-GWAS/Sep1-local-dependencies/data/raw/sleepdur.txt.gz	378539229	6cdefa61412e3061d20035e4d78e65522255b3e82ce9a4e484510153485b1a6d	6cdefa61412e3061d20035e4d78e65522255b3e82ce9a4e484510153485b1a6d	Dashti_2019_continuous	hg19	EUR	sleepdur	hours_per_ALLELE1_effect_allele	RESEARCH_ONLY; SOURCE_LICENSE_REVIEW_REQUIRED; NO_RAW_REDISTRIBUTION	VERIFY_SOURCE_AND_PREPROCESSING_PROVENANCE	MATCH_EXPECTED_SHA256	raw_gwas
/Volumes/Extreme SSD/Utsav-Research-Archive/Sleep-GWAS/Sep1-local-dependencies/data/raw/sleepiness.txt.gz	382692981	43ebef694d6867973d3e86dd0e4b7edcda3418d51ffab802af6f8aff158a9685	43ebef694d6867973d3e86dd0e4b7edcda3418d51ffab802af6f8aff158a9685	Wang_2019_daytime_sleepiness	hg19	EUR	sleepiness	continuous_sleepiness_beta_per_ALLELE1	RESEARCH_ONLY; SOURCE_LICENSE_REVIEW_REQUIRED; NO_RAW_REDISTRIBUTION	VERIFY_SOURCE_AND_PREPROCESSING_PROVENANCE	MATCH_EXPECTED_SHA256	raw_gwas
/Volumes/Extreme SSD/Utsav-Research-Archive/Sleep-GWAS/Sep1-local-dependencies/data/raw/snoring.txt.gz	258829716	82eeb068648959afbbccf477745820a2118f88abdff8ff0076ebb47df21f2417	82eeb068648959afbbccf477745820a2118f88abdff8ff0076ebb47df21f2417	GCST009760_Campos_main_analysis	hg19	EUR	snoring	beta_per_A1_effect_allele	RESEARCH_ONLY; SOURCE_LICENSE_REVIEW_REQUIRED; NO_RAW_REDISTRIBUTION	VERIFY_SOURCE_AND_PREPROCESSING_PROVENANCE	MATCH_EXPECTED_SHA256	raw_gwas
/Volumes/Extreme SSD/Utsav-Research-Archive/Sleep-GWAS/Sep1-local-dependencies/data/raw/stroke.txt.gz	283517495	15384ea2ff7e03faaf66a2a0c315fd7d2f71c0d39f76906278131d6db695c624	15384ea2ff7e03faaf66a2a0c315fd7d2f71c0d39f76906278131d6db695c624	GCST90104539_any_stroke_EUR	hg19	EUR	stroke	log_odds_per_effect_allele	RESEARCH_ONLY; SOURCE_LICENSE_REVIEW_REQUIRED; NO_RAW_REDISTRIBUTION	VERIFY_SOURCE_AND_PREPROCESSING_PROVENANCE	MATCH_EXPECTED_SHA256	raw_gwas
/Volumes/Extreme SSD/Utsav-Research-Archive/Sleep-GWAS/Sep1-local-dependencies/data/raw/t2d.txt.gz	765175433	27cba4697dc59a0e8309f3fddd461fe45925c39e38865198d65410686c5aa17c	27cba4697dc59a0e8309f3fddd461fe45925c39e38865198d65410686c5aa17c	FinnGen_R9_T2D_2023-05-04	hg38	EUR	t2d	log_odds_per_alt_effect_allele	RESEARCH_ONLY; SOURCE_LICENSE_REVIEW_REQUIRED; NO_RAW_REDISTRIBUTION	VERIFY_SOURCE_AND_PREPROCESSING_PROVENANCE	MATCH_EXPECTED_SHA256	raw_gwas
/Volumes/Extreme SSD/Utsav-Research-Archive/Sleep-GWAS/Sep1-local-dependencies/data/raw/telomere_length.txt.gz	632315354	59a970cc74bc0a048041d9cbc849314734cf023a36ed9387bb60385d92cbd8eb	59a970cc74bc0a048041d9cbc849314734cf023a36ed9387bb60385d92cbd8eb	GCST90435144_Burren_2024_NFE	hg38	EUR	telomere_length	beta_per_effect_allele	RESEARCH_ONLY; SOURCE_LICENSE_REVIEW_REQUIRED; NO_RAW_REDISTRIBUTION	VERIFY_SOURCE_AND_PREPROCESSING_PROVENANCE	MATCH_EXPECTED_SHA256	raw_gwas
/Volumes/Extreme SSD/Utsav-Research-Archive/Sleep-GWAS/Sep1-local-dependencies/data/raw/uc.txt.gz	313240233	756f270ab5cf2fdeaafbf5d3c0bc2cf2e342acb5b6db86b0e7215a95dc8c3d7c	756f270ab5cf2fdeaafbf5d3c0bc2cf2e342acb5b6db86b0e7215a95dc8c3d7c	GCST004133_build37_45975_20161107	hg19	EUR	uc	beta_per_Allele1	RESEARCH_ONLY; SOURCE_LICENSE_REVIEW_REQUIRED; NO_RAW_REDISTRIBUTION	VERIFY_SOURCE_AND_PREPROCESSING_PROVENANCE	MATCH_EXPECTED_SHA256	raw_gwas
/Volumes/Extreme SSD/Utsav-Research-Archive/Sleep-GWAS/Sep1-local-dependencies/data/raw/.archives/46_irnt.gwas.imputed_v3.both_sexes.tsv.bgz	539248977	da2ceb5e59c2d0edf2c405d0e6e918c7a07876d3dfb3f42b1b3c43133ca65b55	da2ceb5e59c2d0edf2c405d0e6e918c7a07876d3dfb3f42b1b3c43133ca65b55	Neale_round2_field46	hg19	EUR	grip_strength	UNKNOWN	RESEARCH_ONLY; SOURCE_LICENSE_REVIEW_REQUIRED; NO_RAW_REDISTRIBUTION	VERIFY_SOURCE_AND_PREPROCESSING_PROVENANCE	MATCH_EXPECTED_SHA256	raw_gwas
/Volumes/Extreme SSD/Utsav-Research-Archive/Sleep-GWAS/Sep1-local-dependencies/data/raw/.archives/ADHD2022_iPSYCH_deCODE_PGC.meta.gz	200588408	c58a96031ec44b1edba81c91d603037a2efd03fcd946531424866e3f5f1d40c5	c58a96031ec44b1edba81c91d603037a2efd03fcd946531424866e3f5f1d40c5	ADHD2022_iPSYCH_deCODE_PGC_January_2022_release	hg19	EUR	adhd	UNKNOWN	RESEARCH_ONLY; SOURCE_LICENSE_REVIEW_REQUIRED; NO_RAW_REDISTRIBUTION	VERIFY_SOURCE_AND_PREPROCESSING_PROVENANCE	MATCH_EXPECTED_SHA256	raw_gwas
/Volumes/Extreme SSD/Utsav-Research-Archive/Sleep-GWAS/Sep1-local-dependencies/data/raw/.archives/AF_HRC_GWAS_ALLv11.zip	190312717	3ef0f55a29ba0c065df14e55cfb4fb4351ac4da90e0da28e3438426e63e4879f	3ef0f55a29ba0c065df14e55cfb4fb4351ac4da90e0da28e3438426e63e4879f	GCST006061_AF_HRC_GWAS_ALLv11	hg19	EUR	atrial_fibrillation	UNKNOWN	RESEARCH_ONLY; SOURCE_LICENSE_REVIEW_REQUIRED; NO_RAW_REDISTRIBUTION	VERIFY_SOURCE_AND_PREPROCESSING_PROVENANCE	MATCH_EXPECTED_SHA256	raw_gwas
/Volumes/Extreme SSD/Utsav-Research-Archive/Sleep-GWAS/Sep1-local-dependencies/data/raw/.archives/Campos_prePMID_Snoring-mainAnalysis.gz	258829716	82eeb068648959afbbccf477745820a2118f88abdff8ff0076ebb47df21f2417	82eeb068648959afbbccf477745820a2118f88abdff8ff0076ebb47df21f2417	GCST009760_Campos_main_analysis	hg19	EUR	snoring	UNKNOWN	RESEARCH_ONLY; SOURCE_LICENSE_REVIEW_REQUIRED; NO_RAW_REDISTRIBUTION	VERIFY_SOURCE_AND_PREPROCESSING_PROVENANCE	MATCH_EXPECTED_SHA256	raw_gwas
/Volumes/Extreme SSD/Utsav-Research-Archive/Sleep-GWAS/Sep1-local-dependencies/data/raw/.archives/GCST007406_buildGRCh37.tsv	744138831	a95234fcbae95c38caef9d564ee4b61dda213ca1ab00f161f39e7c109a543cf5	a95234fcbae95c38caef9d564ee4b61dda213ca1ab00f161f39e7c109a543cf5	GCST007406	hg19	EUR	healthspan	UNKNOWN	RESEARCH_ONLY; SOURCE_LICENSE_REVIEW_REQUIRED; NO_RAW_REDISTRIBUTION	VERIFY_SOURCE_AND_PREPROCESSING_PROVENANCE	MATCH_EXPECTED_SHA256	raw_gwas
/Volumes/Extreme SSD/Utsav-Research-Archive/Sleep-GWAS/Sep1-local-dependencies/data/raw/.archives/GCST90020053_buildGRCh37.tsv	560427688	23d12f4e18e1674a1281836d0cb6323cb7f1d09529d42bfe17a70b885638dade	23d12f4e18e1674a1281836d0cb6323cb7f1d09529d42bfe17a70b885638dade	GCST90020053	hg19	EUR	frailty	UNKNOWN	RESEARCH_ONLY; SOURCE_LICENSE_REVIEW_REQUIRED; NO_RAW_REDISTRIBUTION	VERIFY_SOURCE_AND_PREPROCESSING_PROVENANCE	MATCH_EXPECTED_SHA256	raw_gwas
/Volumes/Extreme SSD/Utsav-Research-Archive/Sleep-GWAS/Sep1-local-dependencies/data/raw/.archives/GCST90027158_buildGRCh38.tsv.gz	755201909	013134d22a2a0c2dd0cb683192d0c109da1aec83ba54d94a837a8b71bcbc4a1f	013134d22a2a0c2dd0cb683192d0c109da1aec83ba54d94a837a8b71bcbc4a1f	GCST90027158_stage1_GRCh38	hg38	EUR	alz	UNKNOWN	RESEARCH_ONLY; SOURCE_LICENSE_REVIEW_REQUIRED; NO_RAW_REDISTRIBUTION	VERIFY_SOURCE_AND_PREPROCESSING_PROVENANCE	MATCH_EXPECTED_SHA256	raw_gwas
/Volumes/Extreme SSD/Utsav-Research-Archive/Sleep-GWAS/Sep1-local-dependencies/data/raw/.archives/GCST90104539_buildGRCh37.tsv.gz	283517495	15384ea2ff7e03faaf66a2a0c315fd7d2f71c0d39f76906278131d6db695c624	15384ea2ff7e03faaf66a2a0c315fd7d2f71c0d39f76906278131d6db695c624	GCST90104539_any_stroke_EUR	hg19	EUR	stroke	UNKNOWN	RESEARCH_ONLY; SOURCE_LICENSE_REVIEW_REQUIRED; NO_RAW_REDISTRIBUTION	VERIFY_SOURCE_AND_PREPROCESSING_PROVENANCE	MATCH_EXPECTED_SHA256	raw_gwas
/Volumes/Extreme SSD/Utsav-Research-Archive/Sleep-GWAS/Sep1-local-dependencies/data/raw/.archives/GCST90132223_buildGRCh37.tsv.gz	323861720	bce30ae497edda9201d8a03fd02798f57bd8cede608a5684f83c5f7380510615	bce30ae497edda9201d8a03fd02798f57bd8cede608a5684f83c5f7380510615	GCST90132223_Ishigaki_2022_EUR	hg19	EUR	ra	UNKNOWN	RESEARCH_ONLY; SOURCE_LICENSE_REVIEW_REQUIRED; NO_RAW_REDISTRIBUTION	VERIFY_SOURCE_AND_PREPROCESSING_PROVENANCE	MATCH_EXPECTED_SHA256	raw_gwas
/Volumes/Extreme SSD/Utsav-Research-Archive/Sleep-GWAS/Sep1-local-dependencies/data/raw/.archives/GCST90435144.tsv.gz	632315354	59a970cc74bc0a048041d9cbc849314734cf023a36ed9387bb60385d92cbd8eb	59a970cc74bc0a048041d9cbc849314734cf023a36ed9387bb60385d92cbd8eb	GCST90435144_Burren_2024_NFE	hg38	EUR	telomere_length	UNKNOWN	RESEARCH_ONLY; SOURCE_LICENSE_REVIEW_REQUIRED; NO_RAW_REDISTRIBUTION	VERIFY_SOURCE_AND_PREPROCESSING_PROVENANCE	MATCH_EXPECTED_SHA256	raw_gwas
/Volumes/Extreme SSD/Utsav-Research-Archive/Sleep-GWAS/Sep1-local-dependencies/data/raw/.archives/Insomnia_sumstats_Jansenetal.txt.gz	314778585	32848cd92a6324c9048cad4a804cf1546299af1d0281981c6ca43c2046a9065b	32848cd92a6324c9048cad4a804cf1546299af1d0281981c6ca43c2046a9065b	Jansen_2019_UKB_only_public	hg19	EUR	insomnia	UNKNOWN	RESEARCH_ONLY; SOURCE_LICENSE_REVIEW_REQUIRED; NO_RAW_REDISTRIBUTION	VERIFY_SOURCE_AND_PREPROCESSING_PROVENANCE	MATCH_EXPECTED_SHA256	raw_gwas
/Volumes/Extreme SSD/Utsav-Research-Archive/Sleep-GWAS/Sep1-local-dependencies/data/raw/.archives/Meta-analysis_Locke_et_al+UKBiobank_2018_UPDATED.txt.gz	46754937	0d6ed0ea97870916b830ccae349df94ca6f3cc68c025c79e784729af7f7136a4	0d6ed0ea97870916b830ccae349df94ca6f3cc68c025c79e784729af7f7136a4	GCST006900_Yengo_2018_GIANT_UKB	hg19	EUR	bmi	UNKNOWN	RESEARCH_ONLY; SOURCE_LICENSE_REVIEW_REQUIRED; NO_RAW_REDISTRIBUTION	VERIFY_SOURCE_AND_PREPROCESSING_PROVENANCE	MATCH_EXPECTED_SHA256	raw_gwas
/Volumes/Extreme SSD/Utsav-Research-Archive/Sleep-GWAS/Sep1-local-dependencies/data/raw/.archives/PGC3_SCZ_wave3.european.autosome.public.v3.vcf.tsv.gz	239710564	dbba3a85575c99fd1c2e3497d0c7a44539ccfdbf2e69742f8bdbda879230bcd7	dbba3a85575c99fd1c2e3497d0c7a44539ccfdbf2e69742f8bdbda879230bcd7	PGC3_SCZ_wave3_european_autosome_public_v3	hg19	EUR	scz	UNKNOWN	RESEARCH_ONLY; SOURCE_LICENSE_REVIEW_REQUIRED; NO_RAW_REDISTRIBUTION	VERIFY_SOURCE_AND_PREPROCESSING_PROVENANCE	MATCH_EXPECTED_SHA256	raw_gwas
/Volumes/Extreme SSD/Utsav-Research-Archive/Sleep-GWAS/Sep1-local-dependencies/data/raw/.archives/Results_90th_percentile.txt.gz	141843112	99353dfd78f9cb86b35f6cea4fb86ccebed781064d03a8495f24ee56da7c6ac7	99353dfd78f9cb86b35f6cea4fb86ccebed781064d03a8495f24ee56da7c6ac7	GCST008598_90th_percentile	hg19	EUR	longevity	UNKNOWN	RESEARCH_ONLY; SOURCE_LICENSE_REVIEW_REQUIRED; NO_RAW_REDISTRIBUTION	VERIFY_SOURCE_AND_PREPROCESSING_PROVENANCE	MATCH_EXPECTED_SHA256	raw_gwas
/Volumes/Extreme SSD/Utsav-Research-Archive/Sleep-GWAS/Sep1-local-dependencies/data/raw/.archives/UKB_telomere_gwas_summarystats.tsv.gz	459840128			UNKNOWN	UNKNOWN	UNKNOWN	UNKNOWN	UNKNOWN	RESEARCH_ONLY; SOURCE_LICENSE_REVIEW_REQUIRED; NO_RAW_REDISTRIBUTION	VERIFY_SOURCE_AND_PREPROCESSING_PROVENANCE	INVENTORIED_NOT_YET_HASHED	raw_gwas
/Volumes/Extreme SSD/Utsav-Research-Archive/Sleep-GWAS/Sep1-local-dependencies/data/raw/.archives/cd_build37_40266_20161107.txt.gz	312502048	ddc4258b51f6da59749cbb798d4e387b5d1fab1746f3101d31c7bfa72301c872	ddc4258b51f6da59749cbb798d4e387b5d1fab1746f3101d31c7bfa72301c872	GCST004132_build37_40266_20161107	hg19	EUR	crohn	UNKNOWN	RESEARCH_ONLY; SOURCE_LICENSE_REVIEW_REQUIRED; NO_RAW_REDISTRIBUTION	VERIFY_SOURCE_AND_PREPROCESSING_PROVENANCE	MATCH_EXPECTED_SHA256	raw_gwas
/Volumes/Extreme SSD/Utsav-Research-Archive/Sleep-GWAS/Sep1-local-dependencies/data/raw/.archives/finngen_R9_C3_MELANOMA_SKIN_EXALLC.gz	757006258	fcda650ea871d6ad027b97e7b055303e926091d1f57dea554a070aacbf745db5	fcda650ea871d6ad027b97e7b055303e926091d1f57dea554a070aacbf745db5	FinnGen_R9_C3_MELANOMA_SKIN_EXALLC_2023-05-04	hg38	EUR	melanoma	UNKNOWN	RESEARCH_ONLY; SOURCE_LICENSE_REVIEW_REQUIRED; NO_RAW_REDISTRIBUTION	VERIFY_SOURCE_AND_PREPROCESSING_PROVENANCE	MATCH_EXPECTED_SHA256	raw_gwas
/Volumes/Extreme SSD/Utsav-Research-Archive/Sleep-GWAS/Sep1-local-dependencies/data/raw/.archives/finngen_R9_G6_MS.gz	754984218	57551560b1bd55e6a8fd9efb5a3bd6c3cd6e0ca8f04ccd83ebeb9e51e39e2951	57551560b1bd55e6a8fd9efb5a3bd6c3cd6e0ca8f04ccd83ebeb9e51e39e2951	FinnGen_R9_G6_MS_2023-05-04	hg38	EUR	ms	UNKNOWN	RESEARCH_ONLY; SOURCE_LICENSE_REVIEW_REQUIRED; NO_RAW_REDISTRIBUTION	VERIFY_SOURCE_AND_PREPROCESSING_PROVENANCE	MATCH_EXPECTED_SHA256	raw_gwas
/Volumes/Extreme SSD/Utsav-Research-Archive/Sleep-GWAS/Sep1-local-dependencies/data/raw/.archives/finngen_R9_G6_SLEEPAPNO.gz	763490490	eb8cfc33febc044c3f608406f5f50c9be7f6973aba5effd89a0f94d1f58c1d4b	eb8cfc33febc044c3f608406f5f50c9be7f6973aba5effd89a0f94d1f58c1d4b	FinnGen_R9_G6_SLEEPAPNO_2023-05-04	hg38	EUR	sleep_apnea	UNKNOWN	RESEARCH_ONLY; SOURCE_LICENSE_REVIEW_REQUIRED; NO_RAW_REDISTRIBUTION	VERIFY_SOURCE_AND_PREPROCESSING_PROVENANCE	MATCH_EXPECTED_SHA256	raw_gwas
/Volumes/Extreme SSD/Utsav-Research-Archive/Sleep-GWAS/Sep1-local-dependencies/data/raw/.archives/finngen_R9_I9_IHD.gz	764316665	5d635faa61fabf13d0143598dbcf80ff04deb4fa73c366bea5951002dcdd4e4a	5d635faa61fabf13d0143598dbcf80ff04deb4fa73c366bea5951002dcdd4e4a	FinnGen_R9_I9_IHD_2023-05-04	hg38	EUR	cad	UNKNOWN	RESEARCH_ONLY; SOURCE_LICENSE_REVIEW_REQUIRED; NO_RAW_REDISTRIBUTION	VERIFY_SOURCE_AND_PREPROCESSING_PROVENANCE	MATCH_EXPECTED_SHA256	raw_gwas
/Volumes/Extreme SSD/Utsav-Research-Archive/Sleep-GWAS/Sep1-local-dependencies/data/raw/.archives/finngen_R9_J10_ASTHMA_EXMORE.gz	763248427	647e74c12b10d15d9877807df6035756c697848437071c36635270fe7faf9ce9	647e74c12b10d15d9877807df6035756c697848437071c36635270fe7faf9ce9	FinnGen_R9_J10_ASTHMA_EXMORE_2023-05-04	hg38	EUR	asthma	UNKNOWN	RESEARCH_ONLY; SOURCE_LICENSE_REVIEW_REQUIRED; NO_RAW_REDISTRIBUTION	VERIFY_SOURCE_AND_PREPROCESSING_PROVENANCE	MATCH_EXPECTED_SHA256	raw_gwas
/Volumes/Extreme SSD/Utsav-Research-Archive/Sleep-GWAS/Sep1-local-dependencies/data/raw/.archives/finngen_R9_T2D.gz	765175433	27cba4697dc59a0e8309f3fddd461fe45925c39e38865198d65410686c5aa17c	27cba4697dc59a0e8309f3fddd461fe45925c39e38865198d65410686c5aa17c	FinnGen_R9_T2D_2023-05-04	hg38	EUR	t2d	UNKNOWN	RESEARCH_ONLY; SOURCE_LICENSE_REVIEW_REQUIRED; NO_RAW_REDISTRIBUTION	VERIFY_SOURCE_AND_PREPROCESSING_PROVENANCE	MATCH_EXPECTED_SHA256	raw_gwas
/Volumes/Extreme SSD/Utsav-Research-Archive/Sleep-GWAS/Sep1-local-dependencies/data/raw/.archives/ibd_build37_59957_20161107.txt.gz	317627248	6c5e8b534dbe6048cdf84b07ef2a772ea5d0071a21b8fb1552fb89c6f02ebdd8	6c5e8b534dbe6048cdf84b07ef2a772ea5d0071a21b8fb1552fb89c6f02ebdd8	GCST004131_build37_59957_20161107	hg19	EUR	ibd	UNKNOWN	RESEARCH_ONLY; SOURCE_LICENSE_REVIEW_REQUIRED; NO_RAW_REDISTRIBUTION	VERIFY_SOURCE_AND_PREPROCESSING_PROVENANCE	MATCH_EXPECTED_SHA256	raw_gwas
/Volumes/Extreme SSD/Utsav-Research-Archive/Sleep-GWAS/Sep1-local-dependencies/data/raw/.archives/ieu-b-38.vcf.gz	216210855	3cdead05ac3daa88265c8fd8fa53f5f89e4f0e8945dfc6b2f8fc5a3bafaa260c	3cdead05ac3daa88265c8fd8fa53f5f89e4f0e8945dfc6b2f8fc5a3bafaa260c	OpenGWAS_ieu-b-38_Evangelou2018_SBP	hg19	EUR	sbp	UNKNOWN	RESEARCH_ONLY; SOURCE_LICENSE_REVIEW_REQUIRED; NO_RAW_REDISTRIBUTION	VERIFY_SOURCE_AND_PREPROCESSING_PROVENANCE	MATCH_EXPECTED_SHA256	raw_gwas
/Volumes/Extreme SSD/Utsav-Research-Archive/Sleep-GWAS/Sep1-local-dependencies/data/raw/.archives/lifegen_phase2_bothpl_alldr_2017_09_18.tsv.gz	483395501	a3d6ef25139352bae34c8effbce1fa6c49144f9c7d65cae368b98d45419bc38d	a3d6ef25139352bae34c8effbce1fa6c49144f9c7d65cae368b98d45419bc38d	GCST009890	hg19	EUR	parental_lifespan	UNKNOWN	RESEARCH_ONLY; SOURCE_LICENSE_REVIEW_REQUIRED; NO_RAW_REDISTRIBUTION	VERIFY_SOURCE_AND_PREPROCESSING_PROVENANCE	MATCH_EXPECTED_SHA256	raw_gwas
/Volumes/Extreme SSD/Utsav-Research-Archive/Sleep-GWAS/Sep1-local-dependencies/data/raw/.archives/morning_person_BOLT.output_HRC.only_plus.metrics_maf0.001_hwep1em12_info0.3_logORs.txt.gz	354578112	9fe6c797afbfad85e50625a6dcd3313af77c0528090c6bcea05959690b9c6327	9fe6c797afbfad85e50625a6dcd3313af77c0528090c6bcea05959690b9c6327	GCST007565_UKB_morning_person	hg19	EUR	chronotype	UNKNOWN	RESEARCH_ONLY; SOURCE_LICENSE_REVIEW_REQUIRED; NO_RAW_REDISTRIBUTION	VERIFY_SOURCE_AND_PREPROCESSING_PROVENANCE	MATCH_EXPECTED_SHA256	raw_gwas
/Volumes/Extreme SSD/Utsav-Research-Archive/Sleep-GWAS/Sep1-local-dependencies/data/raw/.archives/neale_ukbb_round2_variants.tsv.bgz	916143947			UNKNOWN	UNKNOWN	UNKNOWN	UNKNOWN	UNKNOWN	RESEARCH_ONLY; SOURCE_LICENSE_REVIEW_REQUIRED; NO_RAW_REDISTRIBUTION	VERIFY_SOURCE_AND_PREPROCESSING_PROVENANCE	INVENTORIED_NOT_YET_HASHED	raw_gwas
/Volumes/Extreme SSD/Utsav-Research-Archive/Sleep-GWAS/Sep1-local-dependencies/data/raw/.archives/pgc-bip2021-all.vcf.tsv.gz	385014083	3bf42353fd8fcd832986c3ad122747fba458e9712556659fe73b16a91b3081dd	3bf42353fd8fcd832986c3ad122747fba458e9712556659fe73b16a91b3081dd	pgc-bip2021-all_Figshare_v2	hg19	EUR	bipolar	UNKNOWN	RESEARCH_ONLY; SOURCE_LICENSE_REVIEW_REQUIRED; NO_RAW_REDISTRIBUTION	VERIFY_SOURCE_AND_PREPROCESSING_PROVENANCE	MATCH_EXPECTED_SHA256	raw_gwas
/Volumes/Extreme SSD/Utsav-Research-Archive/Sleep-GWAS/Sep1-local-dependencies/data/raw/.archives/uc_build37_45975_20161107.txt.gz	313240233	756f270ab5cf2fdeaafbf5d3c0bc2cf2e342acb5b6db86b0e7215a95dc8c3d7c	756f270ab5cf2fdeaafbf5d3c0bc2cf2e342acb5b6db86b0e7215a95dc8c3d7c	GCST004133_build37_45975_20161107	hg19	EUR	uc	UNKNOWN	RESEARCH_ONLY; SOURCE_LICENSE_REVIEW_REQUIRED; NO_RAW_REDISTRIBUTION	VERIFY_SOURCE_AND_PREPROCESSING_PROVENANCE	MATCH_EXPECTED_SHA256	raw_gwas
/Volumes/Extreme SSD/Utsav-Research-Archive/Sleep-GWAS/Sep1-local-dependencies/data/raw/.audits/burren_2024_telomere_nfe.json	936			UNKNOWN	UNKNOWN	UNKNOWN	UNKNOWN	UNKNOWN	RESEARCH_ONLY; SOURCE_LICENSE_REVIEW_REQUIRED; NO_RAW_REDISTRIBUTION	VERIFY_SOURCE_AND_PREPROCESSING_PROVENANCE	INVENTORIED_NOT_YET_HASHED	raw_gwas
/Volumes/Extreme SSD/Utsav-Research-Archive/Sleep-GWAS/Sep1-local-dependencies/data/raw/.audits/finngen_r9_asthma_exmore.json	880			UNKNOWN	UNKNOWN	UNKNOWN	UNKNOWN	UNKNOWN	RESEARCH_ONLY; SOURCE_LICENSE_REVIEW_REQUIRED; NO_RAW_REDISTRIBUTION	VERIFY_SOURCE_AND_PREPROCESSING_PROVENANCE	INVENTORIED_NOT_YET_HASHED	raw_gwas
/Volumes/Extreme SSD/Utsav-Research-Archive/Sleep-GWAS/Sep1-local-dependencies/data/raw/.audits/finngen_r9_ihd.json	856			UNKNOWN	UNKNOWN	UNKNOWN	UNKNOWN	UNKNOWN	RESEARCH_ONLY; SOURCE_LICENSE_REVIEW_REQUIRED; NO_RAW_REDISTRIBUTION	VERIFY_SOURCE_AND_PREPROCESSING_PROVENANCE	INVENTORIED_NOT_YET_HASHED	raw_gwas
/Volumes/Extreme SSD/Utsav-Research-Archive/Sleep-GWAS/Sep1-local-dependencies/data/raw/.audits/finngen_r9_melanoma_skin_exallc.json	895			UNKNOWN	UNKNOWN	UNKNOWN	UNKNOWN	UNKNOWN	RESEARCH_ONLY; SOURCE_LICENSE_REVIEW_REQUIRED; NO_RAW_REDISTRIBUTION	VERIFY_SOURCE_AND_PREPROCESSING_PROVENANCE	INVENTORIED_NOT_YET_HASHED	raw_gwas
/Volumes/Extreme SSD/Utsav-Research-Archive/Sleep-GWAS/Sep1-local-dependencies/data/raw/.audits/finngen_r9_ms.json	853			UNKNOWN	UNKNOWN	UNKNOWN	UNKNOWN	UNKNOWN	RESEARCH_ONLY; SOURCE_LICENSE_REVIEW_REQUIRED; NO_RAW_REDISTRIBUTION	VERIFY_SOURCE_AND_PREPROCESSING_PROVENANCE	INVENTORIED_NOT_YET_HASHED	raw_gwas
/Volumes/Extreme SSD/Utsav-Research-Archive/Sleep-GWAS/Sep1-local-dependencies/data/raw/.audits/finngen_r9_t2d.json	853			UNKNOWN	UNKNOWN	UNKNOWN	UNKNOWN	UNKNOWN	RESEARCH_ONLY; SOURCE_LICENSE_REVIEW_REQUIRED; NO_RAW_REDISTRIBUTION	VERIFY_SOURCE_AND_PREPROCESSING_PROVENANCE	INVENTORIED_NOT_YET_HASHED	raw_gwas
/Volumes/Extreme SSD/Utsav-Research-Archive/Sleep-GWAS/FAILED-PARTIAL-2026-09-01-sleep_gwas_atlas/results/_literature_cache/published_rg_workbooks/41467_2018_8259_MOESM14_ESM.xlsx	39105		77f8571f1f4859ede937bf132ee171b363446e2719658f5a1cc43681856be19a	UNKNOWN	UNKNOWN	UNKNOWN	UNKNOWN	UNKNOWN	RESEARCH_ONLY; SOURCE_LICENSE_REVIEW_REQUIRED; NO_RAW_REDISTRIBUTION	VERIFY_SOURCE_AND_PREPROCESSING_PROVENANCE	CURRENT_HASH_NO_EXPECTED_HASH	auxiliary_or_historical_output
/Volumes/Extreme SSD/Utsav-Research-Archive/Sleep-GWAS/FAILED-PARTIAL-2026-09-01-sleep_gwas_atlas/results/_literature_cache/published_rg_workbooks/41467_2019_11456_MOESM7_ESM.xlsx	31242		260e412c2dc1d3f7e3e06c34ac8117478061f1ff0544022489cac01e4af616b9	UNKNOWN	UNKNOWN	UNKNOWN	UNKNOWN	UNKNOWN	RESEARCH_ONLY; SOURCE_LICENSE_REVIEW_REQUIRED; NO_RAW_REDISTRIBUTION	VERIFY_SOURCE_AND_PREPROCESSING_PROVENANCE	CURRENT_HASH_NO_EXPECTED_HASH	auxiliary_or_historical_output
/Volumes/Extreme SSD/Utsav-Research-Archive/Sleep-GWAS/FAILED-PARTIAL-2026-09-01-sleep_gwas_atlas/results/_literature_cache/published_rg_workbooks/41467_2019_8917_MOESM21_ESM.xlsx	41011		131a4d569b681a0112a8c910fa9b6873e45dd93bd997faea7c56ebf9de200ea8	UNKNOWN	UNKNOWN	UNKNOWN	UNKNOWN	UNKNOWN	RESEARCH_ONLY; SOURCE_LICENSE_REVIEW_REQUIRED; NO_RAW_REDISTRIBUTION	VERIFY_SOURCE_AND_PREPROCESSING_PROVENANCE	CURRENT_HASH_NO_EXPECTED_HASH	auxiliary_or_historical_output
/Volumes/Extreme SSD/Utsav-Research-Archive/Sleep-GWAS/FAILED-PARTIAL-2026-09-01-sleep_gwas_atlas/results/_literature_cache/published_rg_workbooks/41467_2019_9576_MOESM10_ESM.xlsx	214974		b7c6c134b8865af067f486ec0475922e1815fc61105ea6a1ddee25b248ffee8c	UNKNOWN	UNKNOWN	UNKNOWN	UNKNOWN	UNKNOWN	RESEARCH_ONLY; SOURCE_LICENSE_REVIEW_REQUIRED; NO_RAW_REDISTRIBUTION	VERIFY_SOURCE_AND_PREPROCESSING_PROVENANCE	CURRENT_HASH_NO_EXPECTED_HASH	auxiliary_or_historical_output
/Volumes/Extreme SSD/Utsav-Research-Archive/Sleep-GWAS/FAILED-PARTIAL-2026-09-01-sleep_gwas_atlas/results/_literature_cache/published_rg_workbooks/41467_2020_14625_MOESM2_ESM.xlsx	13835892			UNKNOWN	UNKNOWN	UNKNOWN	UNKNOWN	UNKNOWN	RESEARCH_ONLY; SOURCE_LICENSE_REVIEW_REQUIRED; NO_RAW_REDISTRIBUTION	VERIFY_SOURCE_AND_PREPROCESSING_PROVENANCE	INVENTORIED_NOT_YET_HASHED	auxiliary_or_historical_output
/Volumes/Extreme SSD/Utsav-Research-Archive/Sleep-GWAS/FAILED-PARTIAL-2026-09-01-sleep_gwas_atlas/results/_literature_cache/published_rg_workbooks/41467_2020_20585_MOESM14_ESM.xlsx	64619		62df6f4303033f5a806e4f5a639812b7e336051345fffd6cc61d9c35c7af805d	UNKNOWN	UNKNOWN	UNKNOWN	UNKNOWN	UNKNOWN	RESEARCH_ONLY; SOURCE_LICENSE_REVIEW_REQUIRED; NO_RAW_REDISTRIBUTION	VERIFY_SOURCE_AND_PREPROCESSING_PROVENANCE	CURRENT_HASH_NO_EXPECTED_HASH	auxiliary_or_historical_output
/Volumes/Extreme SSD/Utsav-Research-Archive/Sleep-GWAS/FAILED-PARTIAL-2026-09-01-sleep_gwas_atlas/results/_literature_cache/published_rg_workbooks/41588_2018_333_MOESM3_ESM.xlsx	10328903			UNKNOWN	UNKNOWN	UNKNOWN	UNKNOWN	UNKNOWN	RESEARCH_ONLY; SOURCE_LICENSE_REVIEW_REQUIRED; NO_RAW_REDISTRIBUTION	VERIFY_SOURCE_AND_PREPROCESSING_PROVENANCE	INVENTORIED_NOT_YET_HASHED	auxiliary_or_historical_output
/Volumes/Extreme SSD/Utsav-Research-Archive/Sleep-GWAS/FAILED-PARTIAL-2026-09-01-sleep_gwas_atlas/results/analysis/PHASE1_DEEP_ANALYSIS.md	18206		671cd1512cc14d34526a24175b356ec6cd4c1f2f6037d36b7cfe13a7e962d363	UNKNOWN	UNKNOWN	UNKNOWN	UNKNOWN	UNKNOWN	RESEARCH_ONLY; SOURCE_LICENSE_REVIEW_REQUIRED; NO_RAW_REDISTRIBUTION	VERIFY_SOURCE_AND_PREPROCESSING_PROVENANCE	CURRENT_HASH_NO_EXPECTED_HASH	auxiliary_or_historical_output
/Volumes/Extreme SSD/Utsav-Research-Archive/Sleep-GWAS/FAILED-PARTIAL-2026-09-01-sleep_gwas_atlas/results/analysis/cross_domain_bridges.tsv	8679		8ed7b1521861a4c4dabb8681d0d847a5fab93206791e0bb612b267904c1cbb54	UNKNOWN	UNKNOWN	UNKNOWN	UNKNOWN	UNKNOWN	RESEARCH_ONLY; SOURCE_LICENSE_REVIEW_REQUIRED; NO_RAW_REDISTRIBUTION	VERIFY_SOURCE_AND_PREPROCESSING_PROVENANCE	CURRENT_HASH_NO_EXPECTED_HASH	auxiliary_or_historical_output
/Volumes/Extreme SSD/Utsav-Research-Archive/Sleep-GWAS/FAILED-PARTIAL-2026-09-01-sleep_gwas_atlas/results/analysis/domain_architecture.tsv	3455		9ff213728d554df578850342ef5b5c0b89fd95e2c2b94d7505ea3846e3b3bd0d	UNKNOWN	UNKNOWN	UNKNOWN	UNKNOWN	UNKNOWN	RESEARCH_ONLY; SOURCE_LICENSE_REVIEW_REQUIRED; NO_RAW_REDISTRIBUTION	VERIFY_SOURCE_AND_PREPROCESSING_PROVENANCE	CURRENT_HASH_NO_EXPECTED_HASH	auxiliary_or_historical_output
/Volumes/Extreme SSD/Utsav-Research-Archive/Sleep-GWAS/FAILED-PARTIAL-2026-09-01-sleep_gwas_atlas/results/analysis/effect_size_tiers.tsv	20649		682109b7800c21f76bfd41542b4b0786ffbac746719f32091efe704aadcfd375	UNKNOWN	UNKNOWN	UNKNOWN	UNKNOWN	UNKNOWN	RESEARCH_ONLY; SOURCE_LICENSE_REVIEW_REQUIRED; NO_RAW_REDISTRIBUTION	VERIFY_SOURCE_AND_PREPROCESSING_PROVENANCE	CURRENT_HASH_NO_EXPECTED_HASH	auxiliary_or_historical_output
/Volumes/Extreme SSD/Utsav-Research-Archive/Sleep-GWAS/FAILED-PARTIAL-2026-09-01-sleep_gwas_atlas/results/analysis/external_trait_clusters.tsv	6698		a4f0c44d3e48933b4667cd88ffd755d1960a5e15d2ca53bf469090d1980bd1ac	UNKNOWN	UNKNOWN	UNKNOWN	UNKNOWN	UNKNOWN	RESEARCH_ONLY; SOURCE_LICENSE_REVIEW_REQUIRED; NO_RAW_REDISTRIBUTION	VERIFY_SOURCE_AND_PREPROCESSING_PROVENANCE	CURRENT_HASH_NO_EXPECTED_HASH	auxiliary_or_historical_output
/Volumes/Extreme SSD/Utsav-Research-Archive/Sleep-GWAS/FAILED-PARTIAL-2026-09-01-sleep_gwas_atlas/results/analysis/external_trait_hubs.tsv	5249		a0d56b69d9f14c0355db2532cf52a965b93fa2d5f1a1e1cb0dd32bb7b1032e37	UNKNOWN	UNKNOWN	UNKNOWN	UNKNOWN	UNKNOWN	RESEARCH_ONLY; SOURCE_LICENSE_REVIEW_REQUIRED; NO_RAW_REDISTRIBUTION	VERIFY_SOURCE_AND_PREPROCESSING_PROVENANCE	CURRENT_HASH_NO_EXPECTED_HASH	auxiliary_or_historical_output
/Volumes/Extreme SSD/Utsav-Research-Archive/Sleep-GWAS/FAILED-PARTIAL-2026-09-01-sleep_gwas_atlas/results/analysis/global_cancellation_candidates.tsv	4228		f9f1c33753ec27dcebf780fe500653999b47c5c0aa4e8ad07f6bfba7d7f1f6ab	UNKNOWN	UNKNOWN	UNKNOWN	UNKNOWN	UNKNOWN	RESEARCH_ONLY; SOURCE_LICENSE_REVIEW_REQUIRED; NO_RAW_REDISTRIBUTION	VERIFY_SOURCE_AND_PREPROCESSING_PROVENANCE	CURRENT_HASH_NO_EXPECTED_HASH	auxiliary_or_historical_output
/Volumes/Extreme SSD/Utsav-Research-Archive/Sleep-GWAS/FAILED-PARTIAL-2026-09-01-sleep_gwas_atlas/results/analysis/global_summary.json	2727		b882c7ce80fb77361817e8ca5b5dd798ec0fa1fb70926046a0b5fcae1680eecf	UNKNOWN	UNKNOWN	UNKNOWN	UNKNOWN	UNKNOWN	RESEARCH_ONLY; SOURCE_LICENSE_REVIEW_REQUIRED; NO_RAW_REDISTRIBUTION	VERIFY_SOURCE_AND_PREPROCESSING_PROVENANCE	CURRENT_HASH_NO_EXPECTED_HASH	auxiliary_or_historical_output
/Volumes/Extreme SSD/Utsav-Research-Archive/Sleep-GWAS/FAILED-PARTIAL-2026-09-01-sleep_gwas_atlas/results/analysis/global_summary.md	684		21325fde84c404bb04b0bcb5f4dcc71be3c57cdbedbcf0eabe43277a5be0d4ee	UNKNOWN	UNKNOWN	UNKNOWN	UNKNOWN	UNKNOWN	RESEARCH_ONLY; SOURCE_LICENSE_REVIEW_REQUIRED; NO_RAW_REDISTRIBUTION	VERIFY_SOURCE_AND_PREPROCESSING_PROVENANCE	CURRENT_HASH_NO_EXPECTED_HASH	auxiliary_or_historical_output
/Volumes/Extreme SSD/Utsav-Research-Archive/Sleep-GWAS/FAILED-PARTIAL-2026-09-01-sleep_gwas_atlas/results/analysis/input_hashes.tsv	4009		1913e4fcf6304c01ca60834b24078dc156e2db3220eb89d5fe38ea864238d12f	UNKNOWN	UNKNOWN	UNKNOWN	UNKNOWN	UNKNOWN	RESEARCH_ONLY; SOURCE_LICENSE_REVIEW_REQUIRED; NO_RAW_REDISTRIBUTION	VERIFY_SOURCE_AND_PREPROCESSING_PROVENANCE	CURRENT_HASH_NO_EXPECTED_HASH	auxiliary_or_historical_output
/Volumes/Extreme SSD/Utsav-Research-Archive/Sleep-GWAS/FAILED-PARTIAL-2026-09-01-sleep_gwas_atlas/results/analysis/input_verification.json	2050		739d3e79f17901ffdb1ef71f823e59c8804998d91a1b35e25e0a3cec5f6e9503	UNKNOWN	UNKNOWN	UNKNOWN	UNKNOWN	UNKNOWN	RESEARCH_ONLY; SOURCE_LICENSE_REVIEW_REQUIRED; NO_RAW_REDISTRIBUTION	VERIFY_SOURCE_AND_PREPROCESSING_PROVENANCE	CURRENT_HASH_NO_EXPECTED_HASH	auxiliary_or_historical_output
/Volumes/Extreme SSD/Utsav-Research-Archive/Sleep-GWAS/FAILED-PARTIAL-2026-09-01-sleep_gwas_atlas/results/analysis/leave_one_out_sensitivity.tsv	2473		75939f007e358518ac0fc9817d407339d99420e3c80ffc9304ce971b31e34f9e	UNKNOWN	UNKNOWN	UNKNOWN	UNKNOWN	UNKNOWN	RESEARCH_ONLY; SOURCE_LICENSE_REVIEW_REQUIRED; NO_RAW_REDISTRIBUTION	VERIFY_SOURCE_AND_PREPROCESSING_PROVENANCE	CURRENT_HASH_NO_EXPECTED_HASH	auxiliary_or_historical_output
/Volumes/Extreme SSD/Utsav-Research-Archive/Sleep-GWAS/FAILED-PARTIAL-2026-09-01-sleep_gwas_atlas/results/analysis/literature_audit_summary.json	3599		5a9161de2d6abda379b5f122ae0a8e964a174678731b93eb8f0ac6a57098b3c7	UNKNOWN	UNKNOWN	UNKNOWN	UNKNOWN	UNKNOWN	RESEARCH_ONLY; SOURCE_LICENSE_REVIEW_REQUIRED; NO_RAW_REDISTRIBUTION	VERIFY_SOURCE_AND_PREPROCESSING_PROVENANCE	CURRENT_HASH_NO_EXPECTED_HASH	auxiliary_or_historical_output
/Volumes/Extreme SSD/Utsav-Research-Archive/Sleep-GWAS/FAILED-PARTIAL-2026-09-01-sleep_gwas_atlas/results/analysis/literature_audit_summary.md	2012		6128b2ef6c7301be3db29a214767b8f072e6860ae869e186a6538aaecff2eb78	UNKNOWN	UNKNOWN	UNKNOWN	UNKNOWN	UNKNOWN	RESEARCH_ONLY; SOURCE_LICENSE_REVIEW_REQUIRED; NO_RAW_REDISTRIBUTION	VERIFY_SOURCE_AND_PREPROCESSING_PROVENANCE	CURRENT_HASH_NO_EXPECTED_HASH	auxiliary_or_historical_output
/Volumes/Extreme SSD/Utsav-Research-Archive/Sleep-GWAS/FAILED-PARTIAL-2026-09-01-sleep_gwas_atlas/results/analysis/literature_novelty_audit.tsv	329991		745e1df271f649803159cc4ce6466cd39a15fe320b5d7e7ec183ee94090e0389	UNKNOWN	UNKNOWN	UNKNOWN	UNKNOWN	UNKNOWN	RESEARCH_ONLY; SOURCE_LICENSE_REVIEW_REQUIRED; NO_RAW_REDISTRIBUTION	VERIFY_SOURCE_AND_PREPROCESSING_PROVENANCE	CURRENT_HASH_NO_EXPECTED_HASH	auxiliary_or_historical_output
/Volumes/Extreme SSD/Utsav-Research-Archive/Sleep-GWAS/FAILED-PARTIAL-2026-09-01-sleep_gwas_atlas/results/analysis/literature_search_candidates.tsv	471691		ce6898e2f2d03780ce4dd5a9a7166a0d32c3881a9386a40454eea644768e34b5	UNKNOWN	UNKNOWN	UNKNOWN	UNKNOWN	UNKNOWN	RESEARCH_ONLY; SOURCE_LICENSE_REVIEW_REQUIRED; NO_RAW_REDISTRIBUTION	VERIFY_SOURCE_AND_PREPROCESSING_PROVENANCE	CURRENT_HASH_NO_EXPECTED_HASH	auxiliary_or_historical_output
/Volumes/Extreme SSD/Utsav-Research-Archive/Sleep-GWAS/FAILED-PARTIAL-2026-09-01-sleep_gwas_atlas/results/analysis/literature_search_provenance.json	954		5e88deaf346dc7e5804e7d258f13677d47e9e8f76908ef27792dd23680348dad	UNKNOWN	UNKNOWN	UNKNOWN	UNKNOWN	UNKNOWN	RESEARCH_ONLY; SOURCE_LICENSE_REVIEW_REQUIRED; NO_RAW_REDISTRIBUTION	VERIFY_SOURCE_AND_PREPROCESSING_PROVENANCE	CURRENT_HASH_NO_EXPECTED_HASH	auxiliary_or_historical_output
/Volumes/Extreme SSD/Utsav-Research-Archive/Sleep-GWAS/FAILED-PARTIAL-2026-09-01-sleep_gwas_atlas/results/analysis/literature_search_queries.tsv	445595		c150ab28f1f863e5baccfbca69d7925aa1c5284653d386b6a99c0cd5a1dbbea5	UNKNOWN	UNKNOWN	UNKNOWN	UNKNOWN	UNKNOWN	RESEARCH_ONLY; SOURCE_LICENSE_REVIEW_REQUIRED; NO_RAW_REDISTRIBUTION	VERIFY_SOURCE_AND_PREPROCESSING_PROVENANCE	CURRENT_HASH_NO_EXPECTED_HASH	auxiliary_or_historical_output
/Volumes/Extreme SSD/Utsav-Research-Archive/Sleep-GWAS/FAILED-PARTIAL-2026-09-01-sleep_gwas_atlas/results/analysis/local_followup_priorities.tsv	24742		c09ff15c4818eb742729c2eead63d22249e4f7dc921b1b47cc25fefb049adf36	UNKNOWN	UNKNOWN	UNKNOWN	UNKNOWN	UNKNOWN	RESEARCH_ONLY; SOURCE_LICENSE_REVIEW_REQUIRED; NO_RAW_REDISTRIBUTION	VERIFY_SOURCE_AND_PREPROCESSING_PROVENANCE	CURRENT_HASH_NO_EXPECTED_HASH	auxiliary_or_historical_output
/Volumes/Extreme SSD/Utsav-Research-Archive/Sleep-GWAS/FAILED-PARTIAL-2026-09-01-sleep_gwas_atlas/results/analysis/measurement_mode_comparison.tsv	11207		7babdd2ac6a53944d5f0109f80cc0208c7f373675b3ed1f028beafd1f4da6355	UNKNOWN	UNKNOWN	UNKNOWN	UNKNOWN	UNKNOWN	RESEARCH_ONLY; SOURCE_LICENSE_REVIEW_REQUIRED; NO_RAW_REDISTRIBUTION	VERIFY_SOURCE_AND_PREPROCESSING_PROVENANCE	CURRENT_HASH_NO_EXPECTED_HASH	auxiliary_or_historical_output
/Volumes/Extreme SSD/Utsav-Research-Archive/Sleep-GWAS/FAILED-PARTIAL-2026-09-01-sleep_gwas_atlas/results/analysis/multiple_testing_sensitivity.tsv	50865		c88053031e58045c05dea8d0020c70f48eef11387763a49dd7669633cc071246	UNKNOWN	UNKNOWN	UNKNOWN	UNKNOWN	UNKNOWN	RESEARCH_ONLY; SOURCE_LICENSE_REVIEW_REQUIRED; NO_RAW_REDISTRIBUTION	VERIFY_SOURCE_AND_PREPROCESSING_PROVENANCE	CURRENT_HASH_NO_EXPECTED_HASH	auxiliary_or_historical_output
/Volumes/Extreme SSD/Utsav-Research-Archive/Sleep-GWAS/FAILED-PARTIAL-2026-09-01-sleep_gwas_atlas/results/analysis/negative_rg.tsv	23150		1672d42435597794fb4aedb8f7027c74bcf6fec242c43b33d32aae42f0599e5a	UNKNOWN	UNKNOWN	UNKNOWN	UNKNOWN	UNKNOWN	RESEARCH_ONLY; SOURCE_LICENSE_REVIEW_REQUIRED; NO_RAW_REDISTRIBUTION	VERIFY_SOURCE_AND_PREPROCESSING_PROVENANCE	CURRENT_HASH_NO_EXPECTED_HASH	auxiliary_or_historical_output
/Volumes/Extreme SSD/Utsav-Research-Archive/Sleep-GWAS/FAILED-PARTIAL-2026-09-01-sleep_gwas_atlas/results/analysis/network_edges.tsv	37181		ab8c63cb5e70ea583739eb45631de8c8cd3cb08f1e166de9607cd1b36c433704	UNKNOWN	UNKNOWN	UNKNOWN	UNKNOWN	UNKNOWN	RESEARCH_ONLY; SOURCE_LICENSE_REVIEW_REQUIRED; NO_RAW_REDISTRIBUTION	VERIFY_SOURCE_AND_PREPROCESSING_PROVENANCE	CURRENT_HASH_NO_EXPECTED_HASH	auxiliary_or_historical_output
/Volumes/Extreme SSD/Utsav-Research-Archive/Sleep-GWAS/FAILED-PARTIAL-2026-09-01-sleep_gwas_atlas/results/analysis/network_nodes.tsv	9130		3b2cbed5daf3f914100616585b4576cfbb5ff5681efd30d4165ad2dca77c5f40	UNKNOWN	UNKNOWN	UNKNOWN	UNKNOWN	UNKNOWN	RESEARCH_ONLY; SOURCE_LICENSE_REVIEW_REQUIRED; NO_RAW_REDISTRIBUTION	VERIFY_SOURCE_AND_PREPROCESSING_PROVENANCE	CURRENT_HASH_NO_EXPECTED_HASH	auxiliary_or_historical_output
/Volumes/Extreme SSD/Utsav-Research-Archive/Sleep-GWAS/FAILED-PARTIAL-2026-09-01-sleep_gwas_atlas/results/analysis/novel_connection_priorities.tsv	16349		e942cdcd90a3a569d0b46b8f18a2150cbfd52729ebcca6d55cd140765d67c38b	UNKNOWN	UNKNOWN	UNKNOWN	UNKNOWN	UNKNOWN	RESEARCH_ONLY; SOURCE_LICENSE_REVIEW_REQUIRED; NO_RAW_REDISTRIBUTION	VERIFY_SOURCE_AND_PREPROCESSING_PROVENANCE	CURRENT_HASH_NO_EXPECTED_HASH	auxiliary_or_historical_output
/Volumes/Extreme SSD/Utsav-Research-Archive/Sleep-GWAS/FAILED-PARTIAL-2026-09-01-sleep_gwas_atlas/results/analysis/phase1_master_analysis.tsv	272116		496064aeb7555a21b1dc08f2205b158ed0f708a78fd76dbe85685730218c1491	UNKNOWN	UNKNOWN	UNKNOWN	UNKNOWN	UNKNOWN	RESEARCH_ONLY; SOURCE_LICENSE_REVIEW_REQUIRED; NO_RAW_REDISTRIBUTION	VERIFY_SOURCE_AND_PREPROCESSING_PROVENANCE	CURRENT_HASH_NO_EXPECTED_HASH	auxiliary_or_historical_output
/Volumes/Extreme SSD/Utsav-Research-Archive/Sleep-GWAS/FAILED-PARTIAL-2026-09-01-sleep_gwas_atlas/results/analysis/priority_summary.json	909		7254ee1c9e98f94e6d2cde187f595d3feb611d6701692be02692730d2307412e	UNKNOWN	UNKNOWN	UNKNOWN	UNKNOWN	UNKNOWN	RESEARCH_ONLY; SOURCE_LICENSE_REVIEW_REQUIRED; NO_RAW_REDISTRIBUTION	VERIFY_SOURCE_AND_PREPROCESSING_PROVENANCE	CURRENT_HASH_NO_EXPECTED_HASH	auxiliary_or_historical_output
/Volumes/Extreme SSD/Utsav-Research-Archive/Sleep-GWAS/FAILED-PARTIAL-2026-09-01-sleep_gwas_atlas/results/analysis/published_rg_replication.tsv	81612		a0632e6e00f2549b7a08aa97b77b8d24919584502cd03210e513338d4c4e6c4a	UNKNOWN	UNKNOWN	UNKNOWN	UNKNOWN	UNKNOWN	RESEARCH_ONLY; SOURCE_LICENSE_REVIEW_REQUIRED; NO_RAW_REDISTRIBUTION	VERIFY_SOURCE_AND_PREPROCESSING_PROVENANCE	CURRENT_HASH_NO_EXPECTED_HASH	auxiliary_or_historical_output
/Volumes/Extreme SSD/Utsav-Research-Archive/Sleep-GWAS/FAILED-PARTIAL-2026-09-01-sleep_gwas_atlas/results/analysis/published_rg_source_evidence.tsv	63242		aeb96fecc5cee9fac65323827998b42055b543292684e360d6444ddac3870226	UNKNOWN	UNKNOWN	UNKNOWN	UNKNOWN	UNKNOWN	RESEARCH_ONLY; SOURCE_LICENSE_REVIEW_REQUIRED; NO_RAW_REDISTRIBUTION	VERIFY_SOURCE_AND_PREPROCESSING_PROVENANCE	CURRENT_HASH_NO_EXPECTED_HASH	auxiliary_or_historical_output
/Volumes/Extreme SSD/Utsav-Research-Archive/Sleep-GWAS/FAILED-PARTIAL-2026-09-01-sleep_gwas_atlas/results/analysis/result_confidence.tsv	165881		446c5560a43984e73e9fc6439ef31a2ad9a4ebc4d801530eda8a042e307cbc5a	UNKNOWN	UNKNOWN	UNKNOWN	UNKNOWN	UNKNOWN	RESEARCH_ONLY; SOURCE_LICENSE_REVIEW_REQUIRED; NO_RAW_REDISTRIBUTION	VERIFY_SOURCE_AND_PREPROCESSING_PROVENANCE	CURRENT_HASH_NO_EXPECTED_HASH	auxiliary_or_historical_output
/Volumes/Extreme SSD/Utsav-Research-Archive/Sleep-GWAS/FAILED-PARTIAL-2026-09-01-sleep_gwas_atlas/results/analysis/sleep_profile_dendrogram_order.tsv	196		93efbbf7965a6b479f0ddc535ec28e13d071537f4d8f9b9426e888464088ec31	UNKNOWN	UNKNOWN	UNKNOWN	UNKNOWN	UNKNOWN	RESEARCH_ONLY; SOURCE_LICENSE_REVIEW_REQUIRED; NO_RAW_REDISTRIBUTION	VERIFY_SOURCE_AND_PREPROCESSING_PROVENANCE	CURRENT_HASH_NO_EXPECTED_HASH	auxiliary_or_historical_output
/Volumes/Extreme SSD/Utsav-Research-Archive/Sleep-GWAS/FAILED-PARTIAL-2026-09-01-sleep_gwas_atlas/results/analysis/sleep_profile_linkage.tsv	348		a335ddcb74deaefdfbbbc6d042d8afc51aca24d1407d136d8c74c83ef764726f	UNKNOWN	UNKNOWN	UNKNOWN	UNKNOWN	UNKNOWN	RESEARCH_ONLY; SOURCE_LICENSE_REVIEW_REQUIRED; NO_RAW_REDISTRIBUTION	VERIFY_SOURCE_AND_PREPROCESSING_PROVENANCE	CURRENT_HASH_NO_EXPECTED_HASH	auxiliary_or_historical_output
/Volumes/Extreme SSD/Utsav-Research-Archive/Sleep-GWAS/FAILED-PARTIAL-2026-09-01-sleep_gwas_atlas/results/analysis/sleep_profile_pca.tsv	1908		d1fe7cdfafce3e81f485cce599fec0a8db77708260a4d7b37eacc10ae2616116	UNKNOWN	UNKNOWN	UNKNOWN	UNKNOWN	UNKNOWN	RESEARCH_ONLY; SOURCE_LICENSE_REVIEW_REQUIRED; NO_RAW_REDISTRIBUTION	VERIFY_SOURCE_AND_PREPROCESSING_PROVENANCE	CURRENT_HASH_NO_EXPECTED_HASH	auxiliary_or_historical_output
/Volumes/Extreme SSD/Utsav-Research-Archive/Sleep-GWAS/FAILED-PARTIAL-2026-09-01-sleep_gwas_atlas/results/analysis/sleep_profile_similarity.tsv	7814		fc977da044f6a81609fc757523d1c5433f3aeb9e3f1b91c44e7b115277dea8c9	UNKNOWN	UNKNOWN	UNKNOWN	UNKNOWN	UNKNOWN	RESEARCH_ONLY; SOURCE_LICENSE_REVIEW_REQUIRED; NO_RAW_REDISTRIBUTION	VERIFY_SOURCE_AND_PREPROCESSING_PROVENANCE	CURRENT_HASH_NO_EXPECTED_HASH	auxiliary_or_historical_output
/Volumes/Extreme SSD/Utsav-Research-Archive/Sleep-GWAS/FAILED-PARTIAL-2026-09-01-sleep_gwas_atlas/results/analysis/sleep_trait_hubs.tsv	4370		8527511d2c0093701816ce036dee0c2ca263760c301efd5877d95724968fc9ef	UNKNOWN	UNKNOWN	UNKNOWN	UNKNOWN	UNKNOWN	RESEARCH_ONLY; SOURCE_LICENSE_REVIEW_REQUIRED; NO_RAW_REDISTRIBUTION	VERIFY_SOURCE_AND_PREPROCESSING_PROVENANCE	CURRENT_HASH_NO_EXPECTED_HASH	auxiliary_or_historical_output
/Volumes/Extreme SSD/Utsav-Research-Archive/Sleep-GWAS/FAILED-PARTIAL-2026-09-01-sleep_gwas_atlas/results/analysis/source_substitution_pairs.tsv	21758		b30002dcb4ebc7dcac1892aaa9f189e2b026b0cf333cddeb6b0f2e846947c940	UNKNOWN	UNKNOWN	UNKNOWN	UNKNOWN	UNKNOWN	RESEARCH_ONLY; SOURCE_LICENSE_REVIEW_REQUIRED; NO_RAW_REDISTRIBUTION	VERIFY_SOURCE_AND_PREPROCESSING_PROVENANCE	CURRENT_HASH_NO_EXPECTED_HASH	auxiliary_or_historical_output
/Volumes/Extreme SSD/Utsav-Research-Archive/Sleep-GWAS/FAILED-PARTIAL-2026-09-01-sleep_gwas_atlas/results/analysis/source_substitution_sensitivity.tsv	2244		3690f322ca47ee32ee72fa75f4ea087d7b248deb70808e4dd6ebe76165de197c	UNKNOWN	UNKNOWN	UNKNOWN	UNKNOWN	UNKNOWN	RESEARCH_ONLY; SOURCE_LICENSE_REVIEW_REQUIRED; NO_RAW_REDISTRIBUTION	VERIFY_SOURCE_AND_PREPROCESSING_PROVENANCE	CURRENT_HASH_NO_EXPECTED_HASH	auxiliary_or_historical_output
/Volumes/Extreme SSD/Utsav-Research-Archive/Sleep-GWAS/FAILED-PARTIAL-2026-09-01-sleep_gwas_atlas/results/analysis/surprising_pairs.tsv	28026		d2de7b20562bb313e153ace46472dcc704e6d4147bb2f3fc66228d4735f85e16	UNKNOWN	UNKNOWN	UNKNOWN	UNKNOWN	UNKNOWN	RESEARCH_ONLY; SOURCE_LICENSE_REVIEW_REQUIRED; NO_RAW_REDISTRIBUTION	VERIFY_SOURCE_AND_PREPROCESSING_PROVENANCE	CURRENT_HASH_NO_EXPECTED_HASH	auxiliary_or_historical_output
/Volumes/Extreme SSD/Utsav-Research-Archive/Sleep-GWAS/FAILED-PARTIAL-2026-09-01-sleep_gwas_atlas/results/analysis/top_findings.tsv	61489		6b5728be670018ff6350c8cd2d2e0dece813d47c88409e6f08b81e6583c4c915	UNKNOWN	UNKNOWN	UNKNOWN	UNKNOWN	UNKNOWN	RESEARCH_ONLY; SOURCE_LICENSE_REVIEW_REQUIRED; NO_RAW_REDISTRIBUTION	VERIFY_SOURCE_AND_PREPROCESSING_PROVENANCE	CURRENT_HASH_NO_EXPECTED_HASH	auxiliary_or_historical_output
/Volumes/Extreme SSD/Utsav-Research-Archive/Sleep-GWAS/FAILED-PARTIAL-2026-09-01-sleep_gwas_atlas/results/atlas/core.provenance.json	934		bbe0c3513e43513e561ff8695d9cef93ef733ed0e62e83ee8ac7d06a8639790a	UNKNOWN	UNKNOWN	UNKNOWN	UNKNOWN	UNKNOWN	RESEARCH_ONLY; SOURCE_LICENSE_REVIEW_REQUIRED; NO_RAW_REDISTRIBUTION	VERIFY_SOURCE_AND_PREPROCESSING_PROVENANCE	CURRENT_HASH_NO_EXPECTED_HASH	auxiliary_or_historical_output
/Volumes/Extreme SSD/Utsav-Research-Archive/Sleep-GWAS/FAILED-PARTIAL-2026-09-01-sleep_gwas_atlas/results/atlas/trait_pairs.tsv	71818		561c38df341c41d862362389d670457ff7520ae14ae4931e5a73163389ba8da5	UNKNOWN	UNKNOWN	UNKNOWN	UNKNOWN	UNKNOWN	RESEARCH_ONLY; SOURCE_LICENSE_REVIEW_REQUIRED; NO_RAW_REDISTRIBUTION	VERIFY_SOURCE_AND_PREPROCESSING_PROVENANCE	CURRENT_HASH_NO_EXPECTED_HASH	auxiliary_or_historical_output
/Volumes/Extreme SSD/Utsav-Research-Archive/Sleep-GWAS/FAILED-PARTIAL-2026-09-01-sleep_gwas_atlas/results/atlas/traits.tsv	24707		8844a14179f88d0e84ffe6d3fdf9d9478c9d5103bb4f5da0a17fb1ad6a485a5e	UNKNOWN	UNKNOWN	UNKNOWN	UNKNOWN	UNKNOWN	RESEARCH_ONLY; SOURCE_LICENSE_REVIEW_REQUIRED; NO_RAW_REDISTRIBUTION	VERIFY_SOURCE_AND_PREPROCESSING_PROVENANCE	CURRENT_HASH_NO_EXPECTED_HASH	auxiliary_or_historical_output
/Volumes/Extreme SSD/Utsav-Research-Archive/Sleep-GWAS/FAILED-PARTIAL-2026-09-01-sleep_gwas_atlas/results/figures/fig2_eight_trait_checkpoint.png	126014		007715bce293f649e26700c2066f3a37669afb85c7fec1a45bd71f3dd115ee66	UNKNOWN	UNKNOWN	UNKNOWN	UNKNOWN	UNKNOWN	RESEARCH_ONLY; SOURCE_LICENSE_REVIEW_REQUIRED; NO_RAW_REDISTRIBUTION	VERIFY_SOURCE_AND_PREPROCESSING_PROVENANCE	CURRENT_HASH_NO_EXPECTED_HASH	auxiliary_or_historical_output
/Volumes/Extreme SSD/Utsav-Research-Archive/Sleep-GWAS/FAILED-PARTIAL-2026-09-01-sleep_gwas_atlas/results/figures/fig2_eleven_trait_checkpoint.png	160341		bf417896d11178e136837ecec3ceb8627b20423ed1d2f63ce0db1273e7191b65	UNKNOWN	UNKNOWN	UNKNOWN	UNKNOWN	UNKNOWN	RESEARCH_ONLY; SOURCE_LICENSE_REVIEW_REQUIRED; NO_RAW_REDISTRIBUTION	VERIFY_SOURCE_AND_PREPROCESSING_PROVENANCE	CURRENT_HASH_NO_EXPECTED_HASH	auxiliary_or_historical_output
/Volumes/Extreme SSD/Utsav-Research-Archive/Sleep-GWAS/FAILED-PARTIAL-2026-09-01-sleep_gwas_atlas/results/figures/fig2_five_trait_checkpoint.png	108934		c29f0756db13d7f0b487dfe7132c3914c206d9015b9f8e63391230206df53db4	UNKNOWN	UNKNOWN	UNKNOWN	UNKNOWN	UNKNOWN	RESEARCH_ONLY; SOURCE_LICENSE_REVIEW_REQUIRED; NO_RAW_REDISTRIBUTION	VERIFY_SOURCE_AND_PREPROCESSING_PROVENANCE	CURRENT_HASH_NO_EXPECTED_HASH	auxiliary_or_historical_output
/Volumes/Extreme SSD/Utsav-Research-Archive/Sleep-GWAS/FAILED-PARTIAL-2026-09-01-sleep_gwas_atlas/results/figures/fig2_four_trait_checkpoint.png	99941		2e791240338c85825ef6aa303f82d2c803ce6484274ae8cdc1ea7cf8b1650766	UNKNOWN	UNKNOWN	UNKNOWN	UNKNOWN	UNKNOWN	RESEARCH_ONLY; SOURCE_LICENSE_REVIEW_REQUIRED; NO_RAW_REDISTRIBUTION	VERIFY_SOURCE_AND_PREPROCESSING_PROVENANCE	CURRENT_HASH_NO_EXPECTED_HASH	auxiliary_or_historical_output
/Volumes/Extreme SSD/Utsav-Research-Archive/Sleep-GWAS/FAILED-PARTIAL-2026-09-01-sleep_gwas_atlas/results/figures/fig2_nine_trait_checkpoint.png	132870		bf0dc7b803ace21acd0c926c6de6079d768269ee64840d91aaf27052c78d6ad6	UNKNOWN	UNKNOWN	UNKNOWN	UNKNOWN	UNKNOWN	RESEARCH_ONLY; SOURCE_LICENSE_REVIEW_REQUIRED; NO_RAW_REDISTRIBUTION	VERIFY_SOURCE_AND_PREPROCESSING_PROVENANCE	CURRENT_HASH_NO_EXPECTED_HASH	auxiliary_or_historical_output
/Volumes/Extreme SSD/Utsav-Research-Archive/Sleep-GWAS/FAILED-PARTIAL-2026-09-01-sleep_gwas_atlas/results/figures/fig2_rg_heatmap.png	605539		9428f60a2eec814e47e105d4210b4f96585143791a034c8a0fbab4a0ac5a7bb3	UNKNOWN	UNKNOWN	UNKNOWN	UNKNOWN	UNKNOWN	RESEARCH_ONLY; SOURCE_LICENSE_REVIEW_REQUIRED; NO_RAW_REDISTRIBUTION	VERIFY_SOURCE_AND_PREPROCESSING_PROVENANCE	CURRENT_HASH_NO_EXPECTED_HASH	auxiliary_or_historical_output
/Volumes/Extreme SSD/Utsav-Research-Archive/Sleep-GWAS/FAILED-PARTIAL-2026-09-01-sleep_gwas_atlas/results/figures/fig2_seven_trait_checkpoint.png	120541		1b449431c9a2870a0593e95cb38e01f293d844fcb877afee8857bbfc2c64ffee	UNKNOWN	UNKNOWN	UNKNOWN	UNKNOWN	UNKNOWN	RESEARCH_ONLY; SOURCE_LICENSE_REVIEW_REQUIRED; NO_RAW_REDISTRIBUTION	VERIFY_SOURCE_AND_PREPROCESSING_PROVENANCE	CURRENT_HASH_NO_EXPECTED_HASH	auxiliary_or_historical_output
/Volumes/Extreme SSD/Utsav-Research-Archive/Sleep-GWAS/FAILED-PARTIAL-2026-09-01-sleep_gwas_atlas/results/figures/fig2_six_trait_checkpoint.png	113210		830fac6f8b75fa7db1e2747b26ec29bcb3b63ddce6877794c00a9aaf4809e239	UNKNOWN	UNKNOWN	UNKNOWN	UNKNOWN	UNKNOWN	RESEARCH_ONLY; SOURCE_LICENSE_REVIEW_REQUIRED; NO_RAW_REDISTRIBUTION	VERIFY_SOURCE_AND_PREPROCESSING_PROVENANCE	CURRENT_HASH_NO_EXPECTED_HASH	auxiliary_or_historical_output
/Volumes/Extreme SSD/Utsav-Research-Archive/Sleep-GWAS/FAILED-PARTIAL-2026-09-01-sleep_gwas_atlas/results/figures/fig2_ten_trait_checkpoint.png	149965		8e9c1d0863ed345fbf2b7388e2a8ef3dcf61689a97487c6585106af488aa0b3e	UNKNOWN	UNKNOWN	UNKNOWN	UNKNOWN	UNKNOWN	RESEARCH_ONLY; SOURCE_LICENSE_REVIEW_REQUIRED; NO_RAW_REDISTRIBUTION	VERIFY_SOURCE_AND_PREPROCESSING_PROVENANCE	CURRENT_HASH_NO_EXPECTED_HASH	auxiliary_or_historical_output
/Volumes/Extreme SSD/Utsav-Research-Archive/Sleep-GWAS/FAILED-PARTIAL-2026-09-01-sleep_gwas_atlas/results/figures/fig2_thirteen_trait_checkpoint.png	174442		9290de0d0084b8f26fdd72fb1b533b26e6c791b7c1ca95ede809f605c6531f16	UNKNOWN	UNKNOWN	UNKNOWN	UNKNOWN	UNKNOWN	RESEARCH_ONLY; SOURCE_LICENSE_REVIEW_REQUIRED; NO_RAW_REDISTRIBUTION	VERIFY_SOURCE_AND_PREPROCESSING_PROVENANCE	CURRENT_HASH_NO_EXPECTED_HASH	auxiliary_or_historical_output
/Volumes/Extreme SSD/Utsav-Research-Archive/Sleep-GWAS/FAILED-PARTIAL-2026-09-01-sleep_gwas_atlas/results/figures/fig2_three_trait_checkpoint.png	87179		3dcee7456820d904e5a11d280eae310c526d8297fb8a25e9f4ab73bbfe18bf67	UNKNOWN	UNKNOWN	UNKNOWN	UNKNOWN	UNKNOWN	RESEARCH_ONLY; SOURCE_LICENSE_REVIEW_REQUIRED; NO_RAW_REDISTRIBUTION	VERIFY_SOURCE_AND_PREPROCESSING_PROVENANCE	CURRENT_HASH_NO_EXPECTED_HASH	auxiliary_or_historical_output
/Volumes/Extreme SSD/Utsav-Research-Archive/Sleep-GWAS/FAILED-PARTIAL-2026-09-01-sleep_gwas_atlas/results/figures/fig2_twelve_trait_checkpoint.png	168836		ab333725ce16fd6811c510f276100037c48d23719e15e49814d4056e77ee3ecd	UNKNOWN	UNKNOWN	UNKNOWN	UNKNOWN	UNKNOWN	RESEARCH_ONLY; SOURCE_LICENSE_REVIEW_REQUIRED; NO_RAW_REDISTRIBUTION	VERIFY_SOURCE_AND_PREPROCESSING_PROVENANCE	CURRENT_HASH_NO_EXPECTED_HASH	auxiliary_or_historical_output
/Volumes/Extreme SSD/Utsav-Research-Archive/Sleep-GWAS/FAILED-PARTIAL-2026-09-01-sleep_gwas_atlas/results/figures/phase1_deep_analysis/figure_manifest.json	2681		29300af583661ec300e19060871ad8b6d45e09fc5055607dba22d90d09c03fef	UNKNOWN	UNKNOWN	UNKNOWN	UNKNOWN	UNKNOWN	RESEARCH_ONLY; SOURCE_LICENSE_REVIEW_REQUIRED; NO_RAW_REDISTRIBUTION	VERIFY_SOURCE_AND_PREPROCESSING_PROVENANCE	CURRENT_HASH_NO_EXPECTED_HASH	auxiliary_or_historical_output
/Volumes/Extreme SSD/Utsav-Research-Archive/Sleep-GWAS/FAILED-PARTIAL-2026-09-01-sleep_gwas_atlas/results/figures/phase1_deep_analysis/phase1_01_full_rg_heatmap.png	584178		2d09cc25ede1262bf3017f641c0e6ade9afc6dc7804c2a33183509d8ed5a32b7	UNKNOWN	UNKNOWN	UNKNOWN	UNKNOWN	UNKNOWN	RESEARCH_ONLY; SOURCE_LICENSE_REVIEW_REQUIRED; NO_RAW_REDISTRIBUTION	VERIFY_SOURCE_AND_PREPROCESSING_PROVENANCE	CURRENT_HASH_NO_EXPECTED_HASH	auxiliary_or_historical_output
/Volumes/Extreme SSD/Utsav-Research-Archive/Sleep-GWAS/FAILED-PARTIAL-2026-09-01-sleep_gwas_atlas/results/figures/phase1_deep_analysis/phase1_02_primary_fdr_heatmap.png	577291		a7b0b4d306394783c3b7cf1fd4d865e889b554b33522273fc75f3b985e639477	UNKNOWN	UNKNOWN	UNKNOWN	UNKNOWN	UNKNOWN	RESEARCH_ONLY; SOURCE_LICENSE_REVIEW_REQUIRED; NO_RAW_REDISTRIBUTION	VERIFY_SOURCE_AND_PREPROCESSING_PROVENANCE	CURRENT_HASH_NO_EXPECTED_HASH	auxiliary_or_historical_output
/Volumes/Extreme SSD/Utsav-Research-Archive/Sleep-GWAS/FAILED-PARTIAL-2026-09-01-sleep_gwas_atlas/results/figures/phase1_deep_analysis/phase1_03_sleep_trait_hubs.png	155911		def338b898588d09dbde16a5907d98ee4d195437da865b809244d4ad44e5766e	UNKNOWN	UNKNOWN	UNKNOWN	UNKNOWN	UNKNOWN	RESEARCH_ONLY; SOURCE_LICENSE_REVIEW_REQUIRED; NO_RAW_REDISTRIBUTION	VERIFY_SOURCE_AND_PREPROCESSING_PROVENANCE	CURRENT_HASH_NO_EXPECTED_HASH	auxiliary_or_historical_output
/Volumes/Extreme SSD/Utsav-Research-Archive/Sleep-GWAS/FAILED-PARTIAL-2026-09-01-sleep_gwas_atlas/results/figures/phase1_deep_analysis/phase1_04_external_trait_hubs.png	176531		cea209bb52e21cd65819145a86d8f25515aa9d496f18852b1058dc974856a098	UNKNOWN	UNKNOWN	UNKNOWN	UNKNOWN	UNKNOWN	RESEARCH_ONLY; SOURCE_LICENSE_REVIEW_REQUIRED; NO_RAW_REDISTRIBUTION	VERIFY_SOURCE_AND_PREPROCESSING_PROVENANCE	CURRENT_HASH_NO_EXPECTED_HASH	auxiliary_or_historical_output
/Volumes/Extreme SSD/Utsav-Research-Archive/Sleep-GWAS/FAILED-PARTIAL-2026-09-01-sleep_gwas_atlas/results/figures/phase1_deep_analysis/phase1_05_domain_connectivity_matrix.png	204220		26f90683a3abfef3d2933f1aac41dc025b83f661e83cc816ad6e4f41d129ac4e	UNKNOWN	UNKNOWN	UNKNOWN	UNKNOWN	UNKNOWN	RESEARCH_ONLY; SOURCE_LICENSE_REVIEW_REQUIRED; NO_RAW_REDISTRIBUTION	VERIFY_SOURCE_AND_PREPROCESSING_PROVENANCE	CURRENT_HASH_NO_EXPECTED_HASH	auxiliary_or_historical_output
/Volumes/Extreme SSD/Utsav-Research-Archive/Sleep-GWAS/FAILED-PARTIAL-2026-09-01-sleep_gwas_atlas/results/figures/phase1_deep_analysis/phase1_06_sleep_profile_similarity.png	322769		cf1f10975f8f23245e335dbc65714949ab9e3cd5995b93477c50ed1a77bb67af	UNKNOWN	UNKNOWN	UNKNOWN	UNKNOWN	UNKNOWN	RESEARCH_ONLY; SOURCE_LICENSE_REVIEW_REQUIRED; NO_RAW_REDISTRIBUTION	VERIFY_SOURCE_AND_PREPROCESSING_PROVENANCE	CURRENT_HASH_NO_EXPECTED_HASH	auxiliary_or_historical_output
/Volumes/Extreme SSD/Utsav-Research-Archive/Sleep-GWAS/FAILED-PARTIAL-2026-09-01-sleep_gwas_atlas/results/figures/phase1_deep_analysis/phase1_07_sleep_profile_dendrogram.png	240357		18c6a2973b4899d80a4920d247773d12d0dc985c19e1d504db17e8d8ea64ba93	UNKNOWN	UNKNOWN	UNKNOWN	UNKNOWN	UNKNOWN	RESEARCH_ONLY; SOURCE_LICENSE_REVIEW_REQUIRED; NO_RAW_REDISTRIBUTION	VERIFY_SOURCE_AND_PREPROCESSING_PROVENANCE	CURRENT_HASH_NO_EXPECTED_HASH	auxiliary_or_historical_output
/Volumes/Extreme SSD/Utsav-Research-Archive/Sleep-GWAS/FAILED-PARTIAL-2026-09-01-sleep_gwas_atlas/results/figures/phase1_deep_analysis/phase1_08_sleep_profile_pca.png	183618		1a7e4d67b0ab1d5682a369c5d5f5a12ec60429f6ebda74824256545eba773dff	UNKNOWN	UNKNOWN	UNKNOWN	UNKNOWN	UNKNOWN	RESEARCH_ONLY; SOURCE_LICENSE_REVIEW_REQUIRED; NO_RAW_REDISTRIBUTION	VERIFY_SOURCE_AND_PREPROCESSING_PROVENANCE	CURRENT_HASH_NO_EXPECTED_HASH	auxiliary_or_historical_output
/Volumes/Extreme SSD/Utsav-Research-Archive/Sleep-GWAS/FAILED-PARTIAL-2026-09-01-sleep_gwas_atlas/results/figures/phase1_deep_analysis/phase1_09_bipartite_network.png	2233232			UNKNOWN	UNKNOWN	UNKNOWN	UNKNOWN	UNKNOWN	RESEARCH_ONLY; SOURCE_LICENSE_REVIEW_REQUIRED; NO_RAW_REDISTRIBUTION	VERIFY_SOURCE_AND_PREPROCESSING_PROVENANCE	INVENTORIED_NOT_YET_HASHED	auxiliary_or_historical_output
/Volumes/Extreme SSD/Utsav-Research-Archive/Sleep-GWAS/FAILED-PARTIAL-2026-09-01-sleep_gwas_atlas/results/figures/phase1_deep_analysis/phase1_10_negative_rg_network.png	992683		a5adc0917938c882f2a68199e3f4f377b91ca2c6e2c47887acb47d714814dbb4	UNKNOWN	UNKNOWN	UNKNOWN	UNKNOWN	UNKNOWN	RESEARCH_ONLY; SOURCE_LICENSE_REVIEW_REQUIRED; NO_RAW_REDISTRIBUTION	VERIFY_SOURCE_AND_PREPROCESSING_PROVENANCE	CURRENT_HASH_NO_EXPECTED_HASH	auxiliary_or_historical_output
/Volumes/Extreme SSD/Utsav-Research-Archive/Sleep-GWAS/FAILED-PARTIAL-2026-09-01-sleep_gwas_atlas/results/figures/phase1_deep_analysis/phase1_11_objective_subjective_comparison.png	197659		4daa287ab472ea19cf5f0c07ccd3a11cd5e5ab372a9378aeb72381dad668d6ba	UNKNOWN	UNKNOWN	UNKNOWN	UNKNOWN	UNKNOWN	RESEARCH_ONLY; SOURCE_LICENSE_REVIEW_REQUIRED; NO_RAW_REDISTRIBUTION	VERIFY_SOURCE_AND_PREPROCESSING_PROVENANCE	CURRENT_HASH_NO_EXPECTED_HASH	auxiliary_or_historical_output
/Volumes/Extreme SSD/Utsav-Research-Archive/Sleep-GWAS/FAILED-PARTIAL-2026-09-01-sleep_gwas_atlas/results/figures/phase1_deep_analysis/phase1_12_known_vs_novel_effect_size.png	183344		c8a452a2cb2ad087d32f653fcb547979393c71edac2f60956a253fc7da9a4054	UNKNOWN	UNKNOWN	UNKNOWN	UNKNOWN	UNKNOWN	RESEARCH_ONLY; SOURCE_LICENSE_REVIEW_REQUIRED; NO_RAW_REDISTRIBUTION	VERIFY_SOURCE_AND_PREPROCESSING_PROVENANCE	CURRENT_HASH_NO_EXPECTED_HASH	auxiliary_or_historical_output
/Volumes/Extreme SSD/Utsav-Research-Archive/Sleep-GWAS/FAILED-PARTIAL-2026-09-01-sleep_gwas_atlas/results/logs/h2_accel_sleep_duration.log	1380		76be4b7eed9d3fe4fa2644db5c5c9132de21c21a5a97a8ad3551c8e3b1cd1700	UNKNOWN	UNKNOWN	UNKNOWN	UNKNOWN	UNKNOWN	RESEARCH_ONLY; SOURCE_LICENSE_REVIEW_REQUIRED; NO_RAW_REDISTRIBUTION	VERIFY_SOURCE_AND_PREPROCESSING_PROVENANCE	CURRENT_HASH_NO_EXPECTED_HASH	auxiliary_or_historical_output
/Volumes/Extreme SSD/Utsav-Research-Archive/Sleep-GWAS/FAILED-PARTIAL-2026-09-01-sleep_gwas_atlas/results/logs/h2_adhd.log	1375		bcbc9f9a85794a2cc64e6568f740934cdc08422d7cc3320137dd63feccca136d	UNKNOWN	UNKNOWN	UNKNOWN	UNKNOWN	UNKNOWN	RESEARCH_ONLY; SOURCE_LICENSE_REVIEW_REQUIRED; NO_RAW_REDISTRIBUTION	VERIFY_SOURCE_AND_PREPROCESSING_PROVENANCE	CURRENT_HASH_NO_EXPECTED_HASH	auxiliary_or_historical_output
/Volumes/Extreme SSD/Utsav-Research-Archive/Sleep-GWAS/FAILED-PARTIAL-2026-09-01-sleep_gwas_atlas/results/logs/h2_alz.log	1372		7deff4288a4401a0a343b4e0755dcd6ec1dccf5d1b78e55b19695cc19cacef2e	UNKNOWN	UNKNOWN	UNKNOWN	UNKNOWN	UNKNOWN	RESEARCH_ONLY; SOURCE_LICENSE_REVIEW_REQUIRED; NO_RAW_REDISTRIBUTION	VERIFY_SOURCE_AND_PREPROCESSING_PROVENANCE	CURRENT_HASH_NO_EXPECTED_HASH	auxiliary_or_historical_output
/Volumes/Extreme SSD/Utsav-Research-Archive/Sleep-GWAS/FAILED-PARTIAL-2026-09-01-sleep_gwas_atlas/results/logs/h2_asthma.log	1382		1ed3883909aa04dbc93a506f63a986c2c85530be73b0387c78c67fa396c39fd0	UNKNOWN	UNKNOWN	UNKNOWN	UNKNOWN	UNKNOWN	RESEARCH_ONLY; SOURCE_LICENSE_REVIEW_REQUIRED; NO_RAW_REDISTRIBUTION	VERIFY_SOURCE_AND_PREPROCESSING_PROVENANCE	CURRENT_HASH_NO_EXPECTED_HASH	auxiliary_or_historical_output
/Volumes/Extreme SSD/Utsav-Research-Archive/Sleep-GWAS/FAILED-PARTIAL-2026-09-01-sleep_gwas_atlas/results/logs/h2_atrial_fibrillation.log	1418		e6bca2c40c65f2bb5b1f69efbae7793f84bb9fbf3b1d048403c943ba9520a81e	UNKNOWN	UNKNOWN	UNKNOWN	UNKNOWN	UNKNOWN	RESEARCH_ONLY; SOURCE_LICENSE_REVIEW_REQUIRED; NO_RAW_REDISTRIBUTION	VERIFY_SOURCE_AND_PREPROCESSING_PROVENANCE	CURRENT_HASH_NO_EXPECTED_HASH	auxiliary_or_historical_output
/Volumes/Extreme SSD/Utsav-Research-Archive/Sleep-GWAS/FAILED-PARTIAL-2026-09-01-sleep_gwas_atlas/results/logs/h2_bipolar.log	1381		c0dd607b609b0f937cc426738848306f899456fb2a8ab3bf25a01d669873a103	UNKNOWN	UNKNOWN	UNKNOWN	UNKNOWN	UNKNOWN	RESEARCH_ONLY; SOURCE_LICENSE_REVIEW_REQUIRED; NO_RAW_REDISTRIBUTION	VERIFY_SOURCE_AND_PREPROCESSING_PROVENANCE	CURRENT_HASH_NO_EXPECTED_HASH	auxiliary_or_historical_output
/Volumes/Extreme SSD/Utsav-Research-Archive/Sleep-GWAS/FAILED-PARTIAL-2026-09-01-sleep_gwas_atlas/results/logs/h2_bmi.log	1329		e5af464855ac876ce9e8e6ac35bcf3211adcfb84ded23aa2b814355074ad408f	UNKNOWN	UNKNOWN	UNKNOWN	UNKNOWN	UNKNOWN	RESEARCH_ONLY; SOURCE_LICENSE_REVIEW_REQUIRED; NO_RAW_REDISTRIBUTION	VERIFY_SOURCE_AND_PREPROCESSING_PROVENANCE	CURRENT_HASH_NO_EXPECTED_HASH	auxiliary_or_historical_output
/Volumes/Extreme SSD/Utsav-Research-Archive/Sleep-GWAS/FAILED-PARTIAL-2026-09-01-sleep_gwas_atlas/results/logs/h2_breast_cancer.log	1400		c0cfa04773ef9e7bc38c203fa086c4d1dcdf0cbf582654bc6759c59870d25a24	UNKNOWN	UNKNOWN	UNKNOWN	UNKNOWN	UNKNOWN	RESEARCH_ONLY; SOURCE_LICENSE_REVIEW_REQUIRED; NO_RAW_REDISTRIBUTION	VERIFY_SOURCE_AND_PREPROCESSING_PROVENANCE	CURRENT_HASH_NO_EXPECTED_HASH	auxiliary_or_historical_output
/Volumes/Extreme SSD/Utsav-Research-Archive/Sleep-GWAS/FAILED-PARTIAL-2026-09-01-sleep_gwas_atlas/results/logs/h2_cad.log	1372		a1725da0f9727e654450d3cd1f76920653ffe81d217034ce67e2032ed5107823	UNKNOWN	UNKNOWN	UNKNOWN	UNKNOWN	UNKNOWN	RESEARCH_ONLY; SOURCE_LICENSE_REVIEW_REQUIRED; NO_RAW_REDISTRIBUTION	VERIFY_SOURCE_AND_PREPROCESSING_PROVENANCE	CURRENT_HASH_NO_EXPECTED_HASH	auxiliary_or_historical_output
/Volumes/Extreme SSD/Utsav-Research-Archive/Sleep-GWAS/FAILED-PARTIAL-2026-09-01-sleep_gwas_atlas/results/logs/h2_chronotype.log	1392		33ebae13094a6122fa186611170ef310ba4ab98f8cb3795805afa3db8ea9c0c2	UNKNOWN	UNKNOWN	UNKNOWN	UNKNOWN	UNKNOWN	RESEARCH_ONLY; SOURCE_LICENSE_REVIEW_REQUIRED; NO_RAW_REDISTRIBUTION	VERIFY_SOURCE_AND_PREPROCESSING_PROVENANCE	CURRENT_HASH_NO_EXPECTED_HASH	auxiliary_or_historical_output
/Volumes/Extreme SSD/Utsav-Research-Archive/Sleep-GWAS/FAILED-PARTIAL-2026-09-01-sleep_gwas_atlas/results/logs/h2_colorectal_cancer.log	1414		ea4fa0e1069422f3f7442632b63967752baaacc8e3e7d4a253c361a8e802043a	UNKNOWN	UNKNOWN	UNKNOWN	UNKNOWN	UNKNOWN	RESEARCH_ONLY; SOURCE_LICENSE_REVIEW_REQUIRED; NO_RAW_REDISTRIBUTION	VERIFY_SOURCE_AND_PREPROCESSING_PROVENANCE	CURRENT_HASH_NO_EXPECTED_HASH	auxiliary_or_historical_output
/Volumes/Extreme SSD/Utsav-Research-Archive/Sleep-GWAS/FAILED-PARTIAL-2026-09-01-sleep_gwas_atlas/results/logs/h2_crohn.log	1378		60cd7926904cafb055b384039ae5d44eb891fd8137966099d1396e74acee34b0	UNKNOWN	UNKNOWN	UNKNOWN	UNKNOWN	UNKNOWN	RESEARCH_ONLY; SOURCE_LICENSE_REVIEW_REQUIRED; NO_RAW_REDISTRIBUTION	VERIFY_SOURCE_AND_PREPROCESSING_PROVENANCE	CURRENT_HASH_NO_EXPECTED_HASH	auxiliary_or_historical_output
/Volumes/Extreme SSD/Utsav-Research-Archive/Sleep-GWAS/FAILED-PARTIAL-2026-09-01-sleep_gwas_atlas/results/logs/h2_frailty.log	1341		f3a6357c20b7148d69544a11356e7137f2b837dae7546c2ba279d1e842d12a7e	UNKNOWN	UNKNOWN	UNKNOWN	UNKNOWN	UNKNOWN	RESEARCH_ONLY; SOURCE_LICENSE_REVIEW_REQUIRED; NO_RAW_REDISTRIBUTION	VERIFY_SOURCE_AND_PREPROCESSING_PROVENANCE	CURRENT_HASH_NO_EXPECTED_HASH	auxiliary_or_historical_output
/Volumes/Extreme SSD/Utsav-Research-Archive/Sleep-GWAS/FAILED-PARTIAL-2026-09-01-sleep_gwas_atlas/results/logs/h2_grip_strength.log	1360		62239621947d67601162613bbc6d000dce823eb7cfa25b9e315445284e5d74d6	UNKNOWN	UNKNOWN	UNKNOWN	UNKNOWN	UNKNOWN	RESEARCH_ONLY; SOURCE_LICENSE_REVIEW_REQUIRED; NO_RAW_REDISTRIBUTION	VERIFY_SOURCE_AND_PREPROCESSING_PROVENANCE	CURRENT_HASH_NO_EXPECTED_HASH	auxiliary_or_historical_output
/Volumes/Extreme SSD/Utsav-Research-Archive/Sleep-GWAS/FAILED-PARTIAL-2026-09-01-sleep_gwas_atlas/results/logs/h2_hdl.log	1329		2483d9f56bda33aad84d315852648e37c62188b82dd1745dfff4e54ae86ba41d	UNKNOWN	UNKNOWN	UNKNOWN	UNKNOWN	UNKNOWN	RESEARCH_ONLY; SOURCE_LICENSE_REVIEW_REQUIRED; NO_RAW_REDISTRIBUTION	VERIFY_SOURCE_AND_PREPROCESSING_PROVENANCE	CURRENT_HASH_NO_EXPECTED_HASH	auxiliary_or_historical_output
/Volumes/Extreme SSD/Utsav-Research-Archive/Sleep-GWAS/FAILED-PARTIAL-2026-09-01-sleep_gwas_atlas/results/logs/h2_healthspan.log	1350		5d525259c29f8946267a899974447a8463acb3eb46f73adb0b5d8c955519db13	UNKNOWN	UNKNOWN	UNKNOWN	UNKNOWN	UNKNOWN	RESEARCH_ONLY; SOURCE_LICENSE_REVIEW_REQUIRED; NO_RAW_REDISTRIBUTION	VERIFY_SOURCE_AND_PREPROCESSING_PROVENANCE	CURRENT_HASH_NO_EXPECTED_HASH	auxiliary_or_historical_output
/Volumes/Extreme SSD/Utsav-Research-Archive/Sleep-GWAS/FAILED-PARTIAL-2026-09-01-sleep_gwas_atlas/results/logs/h2_ibd.log	1372		257205cde2a8bfdebbfca7a3d13cc553e3aa8b8194975c448476ad9be29249bb	UNKNOWN	UNKNOWN	UNKNOWN	UNKNOWN	UNKNOWN	RESEARCH_ONLY; SOURCE_LICENSE_REVIEW_REQUIRED; NO_RAW_REDISTRIBUTION	VERIFY_SOURCE_AND_PREPROCESSING_PROVENANCE	CURRENT_HASH_NO_EXPECTED_HASH	auxiliary_or_historical_output
/Volumes/Extreme SSD/Utsav-Research-Archive/Sleep-GWAS/FAILED-PARTIAL-2026-09-01-sleep_gwas_atlas/results/logs/h2_insomnia.log	1386		361ab329d6b042309081898a533725fe45799ca22d3d085e38aa1989d7126812	UNKNOWN	UNKNOWN	UNKNOWN	UNKNOWN	UNKNOWN	RESEARCH_ONLY; SOURCE_LICENSE_REVIEW_REQUIRED; NO_RAW_REDISTRIBUTION	VERIFY_SOURCE_AND_PREPROCESSING_PROVENANCE	CURRENT_HASH_NO_EXPECTED_HASH	auxiliary_or_historical_output
/Volumes/Extreme SSD/Utsav-Research-Archive/Sleep-GWAS/FAILED-PARTIAL-2026-09-01-sleep_gwas_atlas/results/logs/h2_ldl.log	1327		72df5d58eeb61562d7ad93ec2231dbaeb37ff2292e0e6b437107a5e5dda020a5	UNKNOWN	UNKNOWN	UNKNOWN	UNKNOWN	UNKNOWN	RESEARCH_ONLY; SOURCE_LICENSE_REVIEW_REQUIRED; NO_RAW_REDISTRIBUTION	VERIFY_SOURCE_AND_PREPROCESSING_PROVENANCE	CURRENT_HASH_NO_EXPECTED_HASH	auxiliary_or_historical_output
/Volumes/Extreme SSD/Utsav-Research-Archive/Sleep-GWAS/FAILED-PARTIAL-2026-09-01-sleep_gwas_atlas/results/logs/h2_longevity.log	1390		2f0fbf0bda7ee7e3841533cc20ce4ecefb89cfc80cab7ead81df5e30b84f5448	UNKNOWN	UNKNOWN	UNKNOWN	UNKNOWN	UNKNOWN	RESEARCH_ONLY; SOURCE_LICENSE_REVIEW_REQUIRED; NO_RAW_REDISTRIBUTION	VERIFY_SOURCE_AND_PREPROCESSING_PROVENANCE	CURRENT_HASH_NO_EXPECTED_HASH	auxiliary_or_historical_output
/Volumes/Extreme SSD/Utsav-Research-Archive/Sleep-GWAS/FAILED-PARTIAL-2026-09-01-sleep_gwas_atlas/results/logs/h2_longsleep.log	1388		f1e495dffce70bca24ca2f38a3edc080e241f911ee00770d202d1422840df381	UNKNOWN	UNKNOWN	UNKNOWN	UNKNOWN	UNKNOWN	RESEARCH_ONLY; SOURCE_LICENSE_REVIEW_REQUIRED; NO_RAW_REDISTRIBUTION	VERIFY_SOURCE_AND_PREPROCESSING_PROVENANCE	CURRENT_HASH_NO_EXPECTED_HASH	auxiliary_or_historical_output
/Volumes/Extreme SSD/Utsav-Research-Archive/Sleep-GWAS/FAILED-PARTIAL-2026-09-01-sleep_gwas_atlas/results/logs/h2_lung_cancer.log	1395		e6972b1cbe93c27b036f791ac489a226e863411e028a3bcca124b5e10347b0d6	UNKNOWN	UNKNOWN	UNKNOWN	UNKNOWN	UNKNOWN	RESEARCH_ONLY; SOURCE_LICENSE_REVIEW_REQUIRED; NO_RAW_REDISTRIBUTION	VERIFY_SOURCE_AND_PREPROCESSING_PROVENANCE	CURRENT_HASH_NO_EXPECTED_HASH	auxiliary_or_historical_output
/Volumes/Extreme SSD/Utsav-Research-Archive/Sleep-GWAS/FAILED-PARTIAL-2026-09-01-sleep_gwas_atlas/results/logs/h2_mdd.log	1371		04a05ec1077a1e8a05516971ba470e05dccb018b046875f48f2492f2fc171797	UNKNOWN	UNKNOWN	UNKNOWN	UNKNOWN	UNKNOWN	RESEARCH_ONLY; SOURCE_LICENSE_REVIEW_REQUIRED; NO_RAW_REDISTRIBUTION	VERIFY_SOURCE_AND_PREPROCESSING_PROVENANCE	CURRENT_HASH_NO_EXPECTED_HASH	auxiliary_or_historical_output
/Volumes/Extreme SSD/Utsav-Research-Archive/Sleep-GWAS/FAILED-PARTIAL-2026-09-01-sleep_gwas_atlas/results/logs/h2_melanoma.log	1387		8622bfb96233aeb36c2dc8863786d37f836d3fc4a1034ece2b83d3eeaef6a1d2	UNKNOWN	UNKNOWN	UNKNOWN	UNKNOWN	UNKNOWN	RESEARCH_ONLY; SOURCE_LICENSE_REVIEW_REQUIRED; NO_RAW_REDISTRIBUTION	VERIFY_SOURCE_AND_PREPROCESSING_PROVENANCE	CURRENT_HASH_NO_EXPECTED_HASH	auxiliary_or_historical_output
/Volumes/Extreme SSD/Utsav-Research-Archive/Sleep-GWAS/FAILED-PARTIAL-2026-09-01-sleep_gwas_atlas/results/logs/h2_ms.log	1368		fd28d8aab44eb7c26b69a40f614d8ce00e23da29fdc7e729aa3b6b221f62bcb5	UNKNOWN	UNKNOWN	UNKNOWN	UNKNOWN	UNKNOWN	RESEARCH_ONLY; SOURCE_LICENSE_REVIEW_REQUIRED; NO_RAW_REDISTRIBUTION	VERIFY_SOURCE_AND_PREPROCESSING_PROVENANCE	CURRENT_HASH_NO_EXPECTED_HASH	auxiliary_or_historical_output
/Volumes/Extreme SSD/Utsav-Research-Archive/Sleep-GWAS/FAILED-PARTIAL-2026-09-01-sleep_gwas_atlas/results/logs/h2_napping.log	1342		ac080bcc8b4797b639240f83c3b84ef9a3c0beba29eed5429e97cf3e1460a2a2	UNKNOWN	UNKNOWN	UNKNOWN	UNKNOWN	UNKNOWN	RESEARCH_ONLY; SOURCE_LICENSE_REVIEW_REQUIRED; NO_RAW_REDISTRIBUTION	VERIFY_SOURCE_AND_PREPROCESSING_PROVENANCE	CURRENT_HASH_NO_EXPECTED_HASH	auxiliary_or_historical_output
/Volumes/Extreme SSD/Utsav-Research-Archive/Sleep-GWAS/FAILED-PARTIAL-2026-09-01-sleep_gwas_atlas/results/logs/h2_ovarian_cancer.log	1404		2487e0571fe0bac34b29db41250c73b28dbfb4f04ddb3c0b8276d3ed4cba9dd4	UNKNOWN	UNKNOWN	UNKNOWN	UNKNOWN	UNKNOWN	RESEARCH_ONLY; SOURCE_LICENSE_REVIEW_REQUIRED; NO_RAW_REDISTRIBUTION	VERIFY_SOURCE_AND_PREPROCESSING_PROVENANCE	CURRENT_HASH_NO_EXPECTED_HASH	auxiliary_or_historical_output
/Volumes/Extreme SSD/Utsav-Research-Archive/Sleep-GWAS/FAILED-PARTIAL-2026-09-01-sleep_gwas_atlas/results/logs/h2_parental_lifespan.log	1372		34bc7f3dce7ffe3220c528d27fb64a237adb91b93e9bb82776a50a22311cc1ce	UNKNOWN	UNKNOWN	UNKNOWN	UNKNOWN	UNKNOWN	RESEARCH_ONLY; SOURCE_LICENSE_REVIEW_REQUIRED; NO_RAW_REDISTRIBUTION	VERIFY_SOURCE_AND_PREPROCESSING_PROVENANCE	CURRENT_HASH_NO_EXPECTED_HASH	auxiliary_or_historical_output
/Volumes/Extreme SSD/Utsav-Research-Archive/Sleep-GWAS/FAILED-PARTIAL-2026-09-01-sleep_gwas_atlas/results/logs/h2_parkinson.log	1412		bb76ab761e101ece4f84e3cfe96be4997ce0cf3221d6bdad96e95c07feca06d3	UNKNOWN	UNKNOWN	UNKNOWN	UNKNOWN	UNKNOWN	RESEARCH_ONLY; SOURCE_LICENSE_REVIEW_REQUIRED; NO_RAW_REDISTRIBUTION	VERIFY_SOURCE_AND_PREPROCESSING_PROVENANCE	CURRENT_HASH_NO_EXPECTED_HASH	auxiliary_or_historical_output
/Volumes/Extreme SSD/Utsav-Research-Archive/Sleep-GWAS/FAILED-PARTIAL-2026-09-01-sleep_gwas_atlas/results/logs/h2_prostate_cancer.log	1406		928e46449a7cb0606e1c02168a0022842d64bd802f611bd8d8c693c46dc96e2a	UNKNOWN	UNKNOWN	UNKNOWN	UNKNOWN	UNKNOWN	RESEARCH_ONLY; SOURCE_LICENSE_REVIEW_REQUIRED; NO_RAW_REDISTRIBUTION	VERIFY_SOURCE_AND_PREPROCESSING_PROVENANCE	CURRENT_HASH_NO_EXPECTED_HASH	auxiliary_or_historical_output
/Volumes/Extreme SSD/Utsav-Research-Archive/Sleep-GWAS/FAILED-PARTIAL-2026-09-01-sleep_gwas_atlas/results/logs/h2_ra.log	1368		a01e45d3848de0ede272455339f347a0a7035b1b1a5776877eff002681b3190b	UNKNOWN	UNKNOWN	UNKNOWN	UNKNOWN	UNKNOWN	RESEARCH_ONLY; SOURCE_LICENSE_REVIEW_REQUIRED; NO_RAW_REDISTRIBUTION	VERIFY_SOURCE_AND_PREPROCESSING_PROVENANCE	CURRENT_HASH_NO_EXPECTED_HASH	auxiliary_or_historical_output
/Volumes/Extreme SSD/Utsav-Research-Archive/Sleep-GWAS/FAILED-PARTIAL-2026-09-01-sleep_gwas_atlas/results/logs/h2_sbp.log	1327		4ccb585728a0aa047d27f22acedab143513cf4530313e39c1cd8f92a25801d78	UNKNOWN	UNKNOWN	UNKNOWN	UNKNOWN	UNKNOWN	RESEARCH_ONLY; SOURCE_LICENSE_REVIEW_REQUIRED; NO_RAW_REDISTRIBUTION	VERIFY_SOURCE_AND_PREPROCESSING_PROVENANCE	CURRENT_HASH_NO_EXPECTED_HASH	auxiliary_or_historical_output
/Volumes/Extreme SSD/Utsav-Research-Archive/Sleep-GWAS/FAILED-PARTIAL-2026-09-01-sleep_gwas_atlas/results/logs/h2_scz.log	1372		e1f72cb2faac8daf9457c0f4592088d6cc3c824e4191680a3312161ce0dcd157	UNKNOWN	UNKNOWN	UNKNOWN	UNKNOWN	UNKNOWN	RESEARCH_ONLY; SOURCE_LICENSE_REVIEW_REQUIRED; NO_RAW_REDISTRIBUTION	VERIFY_SOURCE_AND_PREPROCESSING_PROVENANCE	CURRENT_HASH_NO_EXPECTED_HASH	auxiliary_or_historical_output
/Volumes/Extreme SSD/Utsav-Research-Archive/Sleep-GWAS/FAILED-PARTIAL-2026-09-01-sleep_gwas_atlas/results/logs/h2_shortsleep.log	1393		d6d0642826b73406c18cefd62f75e6206845f3a7ecc69e86237f0e33ebec2c4d	UNKNOWN	UNKNOWN	UNKNOWN	UNKNOWN	UNKNOWN	RESEARCH_ONLY; SOURCE_LICENSE_REVIEW_REQUIRED; NO_RAW_REDISTRIBUTION	VERIFY_SOURCE_AND_PREPROCESSING_PROVENANCE	CURRENT_HASH_NO_EXPECTED_HASH	auxiliary_or_historical_output
/Volumes/Extreme SSD/Utsav-Research-Archive/Sleep-GWAS/FAILED-PARTIAL-2026-09-01-sleep_gwas_atlas/results/logs/h2_sleep_apnea.log	1396		ecd27d3928a5e9ec59f9ab009e6cc9c50cdf1a1627b78ed347390f267ec6eacc	UNKNOWN	UNKNOWN	UNKNOWN	UNKNOWN	UNKNOWN	RESEARCH_ONLY; SOURCE_LICENSE_REVIEW_REQUIRED; NO_RAW_REDISTRIBUTION	VERIFY_SOURCE_AND_PREPROCESSING_PROVENANCE	CURRENT_HASH_NO_EXPECTED_HASH	auxiliary_or_historical_output
/Volumes/Extreme SSD/Utsav-Research-Archive/Sleep-GWAS/FAILED-PARTIAL-2026-09-01-sleep_gwas_atlas/results/logs/h2_sleep_efficiency.log	1368		80c3e2b16906817ea2907871818bed0465c6f082a0dafff2397e97e726321c5c	UNKNOWN	UNKNOWN	UNKNOWN	UNKNOWN	UNKNOWN	RESEARCH_ONLY; SOURCE_LICENSE_REVIEW_REQUIRED; NO_RAW_REDISTRIBUTION	VERIFY_SOURCE_AND_PREPROCESSING_PROVENANCE	CURRENT_HASH_NO_EXPECTED_HASH	auxiliary_or_historical_output
/Volumes/Extreme SSD/Utsav-Research-Archive/Sleep-GWAS/FAILED-PARTIAL-2026-09-01-sleep_gwas_atlas/results/logs/h2_sleep_timing.log	1357		09044b3deefffc7775b6c12c542075fb75ee974a3d2d0fc2cc20a0acf031d1f4	UNKNOWN	UNKNOWN	UNKNOWN	UNKNOWN	UNKNOWN	RESEARCH_ONLY; SOURCE_LICENSE_REVIEW_REQUIRED; NO_RAW_REDISTRIBUTION	VERIFY_SOURCE_AND_PREPROCESSING_PROVENANCE	CURRENT_HASH_NO_EXPECTED_HASH	auxiliary_or_historical_output
/Volumes/Extreme SSD/Utsav-Research-Archive/Sleep-GWAS/FAILED-PARTIAL-2026-09-01-sleep_gwas_atlas/results/logs/h2_sleepdur.log	1345		e1eff0cfaf7ec8aec719c9b58a8ddacbf775ac35203e284510bd79a4adb4b9f5	UNKNOWN	UNKNOWN	UNKNOWN	UNKNOWN	UNKNOWN	RESEARCH_ONLY; SOURCE_LICENSE_REVIEW_REQUIRED; NO_RAW_REDISTRIBUTION	VERIFY_SOURCE_AND_PREPROCESSING_PROVENANCE	CURRENT_HASH_NO_EXPECTED_HASH	auxiliary_or_historical_output
/Volumes/Extreme SSD/Utsav-Research-Archive/Sleep-GWAS/FAILED-PARTIAL-2026-09-01-sleep_gwas_atlas/results/logs/h2_sleepiness.log	1349		884f4e4f4a6ec1144a4f05d9632d52f70bd9d57ad4517f4934de23ef0b238cce	UNKNOWN	UNKNOWN	UNKNOWN	UNKNOWN	UNKNOWN	RESEARCH_ONLY; SOURCE_LICENSE_REVIEW_REQUIRED; NO_RAW_REDISTRIBUTION	VERIFY_SOURCE_AND_PREPROCESSING_PROVENANCE	CURRENT_HASH_NO_EXPECTED_HASH	auxiliary_or_historical_output
/Volumes/Extreme SSD/Utsav-Research-Archive/Sleep-GWAS/FAILED-PARTIAL-2026-09-01-sleep_gwas_atlas/results/logs/h2_snoring.log	1384		b2e6eb9f99df6ce3b03bc57381a9b36d7e83d956c35fab8e3ea1c652a3b7a432	UNKNOWN	UNKNOWN	UNKNOWN	UNKNOWN	UNKNOWN	RESEARCH_ONLY; SOURCE_LICENSE_REVIEW_REQUIRED; NO_RAW_REDISTRIBUTION	VERIFY_SOURCE_AND_PREPROCESSING_PROVENANCE	CURRENT_HASH_NO_EXPECTED_HASH	auxiliary_or_historical_output
/Volumes/Extreme SSD/Utsav-Research-Archive/Sleep-GWAS/FAILED-PARTIAL-2026-09-01-sleep_gwas_atlas/results/logs/h2_stroke.log	1380		2de279ad1668809cf69004706a4b060a3c7966a41fe3978729ef4433bfa307d8	UNKNOWN	UNKNOWN	UNKNOWN	UNKNOWN	UNKNOWN	RESEARCH_ONLY; SOURCE_LICENSE_REVIEW_REQUIRED; NO_RAW_REDISTRIBUTION	VERIFY_SOURCE_AND_PREPROCESSING_PROVENANCE	CURRENT_HASH_NO_EXPECTED_HASH	auxiliary_or_historical_output
/Volumes/Extreme SSD/Utsav-Research-Archive/Sleep-GWAS/FAILED-PARTIAL-2026-09-01-sleep_gwas_atlas/results/logs/h2_t2d.log	1371		8948b10aaf12831711b25341c078ce995704b179c3fc90617b81e79dabb5c11f	UNKNOWN	UNKNOWN	UNKNOWN	UNKNOWN	UNKNOWN	RESEARCH_ONLY; SOURCE_LICENSE_REVIEW_REQUIRED; NO_RAW_REDISTRIBUTION	VERIFY_SOURCE_AND_PREPROCESSING_PROVENANCE	CURRENT_HASH_NO_EXPECTED_HASH	auxiliary_or_historical_output
/Volumes/Extreme SSD/Utsav-Research-Archive/Sleep-GWAS/FAILED-PARTIAL-2026-09-01-sleep_gwas_atlas/results/logs/h2_telomere_length.log	1367		e62666463e60c40d70cca0917620f28208856049d0dffa100681ee5a0c65ecb2	UNKNOWN	UNKNOWN	UNKNOWN	UNKNOWN	UNKNOWN	RESEARCH_ONLY; SOURCE_LICENSE_REVIEW_REQUIRED; NO_RAW_REDISTRIBUTION	VERIFY_SOURCE_AND_PREPROCESSING_PROVENANCE	CURRENT_HASH_NO_EXPECTED_HASH	auxiliary_or_historical_output
/Volumes/Extreme SSD/Utsav-Research-Archive/Sleep-GWAS/FAILED-PARTIAL-2026-09-01-sleep_gwas_atlas/results/logs/h2_triglycerides.log	1359		797244587a380d67c06ff9e1ce6dcdd403fdd6b8ac78509aae4a84b1b00d9c55	UNKNOWN	UNKNOWN	UNKNOWN	UNKNOWN	UNKNOWN	RESEARCH_ONLY; SOURCE_LICENSE_REVIEW_REQUIRED; NO_RAW_REDISTRIBUTION	VERIFY_SOURCE_AND_PREPROCESSING_PROVENANCE	CURRENT_HASH_NO_EXPECTED_HASH	auxiliary_or_historical_output
/Volumes/Extreme SSD/Utsav-Research-Archive/Sleep-GWAS/FAILED-PARTIAL-2026-09-01-sleep_gwas_atlas/results/logs/h2_uc.log	1370		cf50ff025cfcdb33200527a8022a884f9c3ee8e0fb71ccd53c1a947ea98773de	UNKNOWN	UNKNOWN	UNKNOWN	UNKNOWN	UNKNOWN	RESEARCH_ONLY; SOURCE_LICENSE_REVIEW_REQUIRED; NO_RAW_REDISTRIBUTION	VERIFY_SOURCE_AND_PREPROCESSING_PROVENANCE	CURRENT_HASH_NO_EXPECTED_HASH	auxiliary_or_historical_output
/Volumes/Extreme SSD/Utsav-Research-Archive/Sleep-GWAS/FAILED-PARTIAL-2026-09-01-sleep_gwas_atlas/results/logs/rg_accel_sleep_duration.log	28870		2dd1aac1a9eba9e2d01891a8a07c7c2be7595dd0de1c16dc61cc7907d4671575	UNKNOWN	UNKNOWN	UNKNOWN	UNKNOWN	UNKNOWN	RESEARCH_ONLY; SOURCE_LICENSE_REVIEW_REQUIRED; NO_RAW_REDISTRIBUTION	VERIFY_SOURCE_AND_PREPROCESSING_PROVENANCE	CURRENT_HASH_NO_EXPECTED_HASH	auxiliary_or_historical_output
/Volumes/Extreme SSD/Utsav-Research-Archive/Sleep-GWAS/FAILED-PARTIAL-2026-09-01-sleep_gwas_atlas/results/logs/rg_accel_sleep_duration__ibd.log	2452		2b726e1d9cd15414711eb3749856f1a5a029a7c446728b1605afed21ea4a7e50	UNKNOWN	UNKNOWN	UNKNOWN	UNKNOWN	UNKNOWN	RESEARCH_ONLY; SOURCE_LICENSE_REVIEW_REQUIRED; NO_RAW_REDISTRIBUTION	VERIFY_SOURCE_AND_PREPROCESSING_PROVENANCE	CURRENT_HASH_NO_EXPECTED_HASH	auxiliary_or_historical_output
/Volumes/Extreme SSD/Utsav-Research-Archive/Sleep-GWAS/FAILED-PARTIAL-2026-09-01-sleep_gwas_atlas/results/logs/rg_chronotype.log	28565		2ed4e27d74c060926fb4e4ec15048b289d3777a9c6dbc756c43b98ae9eede948	UNKNOWN	UNKNOWN	UNKNOWN	UNKNOWN	UNKNOWN	RESEARCH_ONLY; SOURCE_LICENSE_REVIEW_REQUIRED; NO_RAW_REDISTRIBUTION	VERIFY_SOURCE_AND_PREPROCESSING_PROVENANCE	CURRENT_HASH_NO_EXPECTED_HASH	auxiliary_or_historical_output
/Volumes/Extreme SSD/Utsav-Research-Archive/Sleep-GWAS/FAILED-PARTIAL-2026-09-01-sleep_gwas_atlas/results/logs/rg_insomnia.log	28510		f146c839ba540467c9db31324fc01ca948d8eac3405833be4ea3898d64f288ed	UNKNOWN	UNKNOWN	UNKNOWN	UNKNOWN	UNKNOWN	RESEARCH_ONLY; SOURCE_LICENSE_REVIEW_REQUIRED; NO_RAW_REDISTRIBUTION	VERIFY_SOURCE_AND_PREPROCESSING_PROVENANCE	CURRENT_HASH_NO_EXPECTED_HASH	auxiliary_or_historical_output
/Volumes/Extreme SSD/Utsav-Research-Archive/Sleep-GWAS/FAILED-PARTIAL-2026-09-01-sleep_gwas_atlas/results/logs/rg_insomnia__ibd.log	2394		612421b8893231cd7f7bca47a322da36cecebf7ca06cf0f321e0942f5a7d3049	UNKNOWN	UNKNOWN	UNKNOWN	UNKNOWN	UNKNOWN	RESEARCH_ONLY; SOURCE_LICENSE_REVIEW_REQUIRED; NO_RAW_REDISTRIBUTION	VERIFY_SOURCE_AND_PREPROCESSING_PROVENANCE	CURRENT_HASH_NO_EXPECTED_HASH	auxiliary_or_historical_output
/Volumes/Extreme SSD/Utsav-Research-Archive/Sleep-GWAS/FAILED-PARTIAL-2026-09-01-sleep_gwas_atlas/results/logs/rg_longsleep.log	28534		0bf3dfe6820186f986ac86b66534f72d99f851a55da8835a6aa765debedd50c3	UNKNOWN	UNKNOWN	UNKNOWN	UNKNOWN	UNKNOWN	RESEARCH_ONLY; SOURCE_LICENSE_REVIEW_REQUIRED; NO_RAW_REDISTRIBUTION	VERIFY_SOURCE_AND_PREPROCESSING_PROVENANCE	CURRENT_HASH_NO_EXPECTED_HASH	auxiliary_or_historical_output
/Volumes/Extreme SSD/Utsav-Research-Archive/Sleep-GWAS/FAILED-PARTIAL-2026-09-01-sleep_gwas_atlas/results/logs/rg_napping.log	28488		98f5f73de2cda651b47681b6de9a516a92968f19e30ddd45701f700243ee0cfe	UNKNOWN	UNKNOWN	UNKNOWN	UNKNOWN	UNKNOWN	RESEARCH_ONLY; SOURCE_LICENSE_REVIEW_REQUIRED; NO_RAW_REDISTRIBUTION	VERIFY_SOURCE_AND_PREPROCESSING_PROVENANCE	CURRENT_HASH_NO_EXPECTED_HASH	auxiliary_or_historical_output
/Volumes/Extreme SSD/Utsav-Research-Archive/Sleep-GWAS/FAILED-PARTIAL-2026-09-01-sleep_gwas_atlas/results/logs/rg_napping__ibd.log	2388		b18da77efc6980a500988097dfcbbd0c9a251c9ef4aced276ebe8744f1afc4cd	UNKNOWN	UNKNOWN	UNKNOWN	UNKNOWN	UNKNOWN	RESEARCH_ONLY; SOURCE_LICENSE_REVIEW_REQUIRED; NO_RAW_REDISTRIBUTION	VERIFY_SOURCE_AND_PREPROCESSING_PROVENANCE	CURRENT_HASH_NO_EXPECTED_HASH	auxiliary_or_historical_output
/Volumes/Extreme SSD/Utsav-Research-Archive/Sleep-GWAS/FAILED-PARTIAL-2026-09-01-sleep_gwas_atlas/results/logs/rg_shortsleep.log	28573		f9545c8519505601cf15d3cae4df05ed148d661c15c814226ace03a8c2543d7e	UNKNOWN	UNKNOWN	UNKNOWN	UNKNOWN	UNKNOWN	RESEARCH_ONLY; SOURCE_LICENSE_REVIEW_REQUIRED; NO_RAW_REDISTRIBUTION	VERIFY_SOURCE_AND_PREPROCESSING_PROVENANCE	CURRENT_HASH_NO_EXPECTED_HASH	auxiliary_or_historical_output
/Volumes/Extreme SSD/Utsav-Research-Archive/Sleep-GWAS/FAILED-PARTIAL-2026-09-01-sleep_gwas_atlas/results/logs/rg_sleep_apnea.log	28627		b82b989e101ec70615ab4542cc3a6d68053dfd146f59a306ac59b9fa201a7b1c	UNKNOWN	UNKNOWN	UNKNOWN	UNKNOWN	UNKNOWN	RESEARCH_ONLY; SOURCE_LICENSE_REVIEW_REQUIRED; NO_RAW_REDISTRIBUTION	VERIFY_SOURCE_AND_PREPROCESSING_PROVENANCE	CURRENT_HASH_NO_EXPECTED_HASH	auxiliary_or_historical_output
/Volumes/Extreme SSD/Utsav-Research-Archive/Sleep-GWAS/FAILED-PARTIAL-2026-09-01-sleep_gwas_atlas/results/logs/rg_sleep_efficiency.log	28758		55d262f9b1ac4fcf9adfe57efc48f52e142b8b67ffde34f021c39361cceb3d81	UNKNOWN	UNKNOWN	UNKNOWN	UNKNOWN	UNKNOWN	RESEARCH_ONLY; SOURCE_LICENSE_REVIEW_REQUIRED; NO_RAW_REDISTRIBUTION	VERIFY_SOURCE_AND_PREPROCESSING_PROVENANCE	CURRENT_HASH_NO_EXPECTED_HASH	auxiliary_or_historical_output
/Volumes/Extreme SSD/Utsav-Research-Archive/Sleep-GWAS/FAILED-PARTIAL-2026-09-01-sleep_gwas_atlas/results/logs/rg_sleep_efficiency__ibd.log	2419		6297245c1521e8e7ad8a83c2973b10c6c8f52485dc6f734153560abc28521379	UNKNOWN	UNKNOWN	UNKNOWN	UNKNOWN	UNKNOWN	RESEARCH_ONLY; SOURCE_LICENSE_REVIEW_REQUIRED; NO_RAW_REDISTRIBUTION	VERIFY_SOURCE_AND_PREPROCESSING_PROVENANCE	CURRENT_HASH_NO_EXPECTED_HASH	auxiliary_or_historical_output
/Volumes/Extreme SSD/Utsav-Research-Archive/Sleep-GWAS/FAILED-PARTIAL-2026-09-01-sleep_gwas_atlas/results/logs/rg_sleep_timing.log	28593		4d92b25f49d7f28bdcaf922d67ce7130b8c7edd9e33dbdde5028ae73f137b7ba	UNKNOWN	UNKNOWN	UNKNOWN	UNKNOWN	UNKNOWN	RESEARCH_ONLY; SOURCE_LICENSE_REVIEW_REQUIRED; NO_RAW_REDISTRIBUTION	VERIFY_SOURCE_AND_PREPROCESSING_PROVENANCE	CURRENT_HASH_NO_EXPECTED_HASH	auxiliary_or_historical_output
/Volumes/Extreme SSD/Utsav-Research-Archive/Sleep-GWAS/FAILED-PARTIAL-2026-09-01-sleep_gwas_atlas/results/logs/rg_sleep_timing__ibd.log	2405		0b6466ef3329423e7b8f3da05300afdb840447e8f9f7c3689e9350f976ca9830	UNKNOWN	UNKNOWN	UNKNOWN	UNKNOWN	UNKNOWN	RESEARCH_ONLY; SOURCE_LICENSE_REVIEW_REQUIRED; NO_RAW_REDISTRIBUTION	VERIFY_SOURCE_AND_PREPROCESSING_PROVENANCE	CURRENT_HASH_NO_EXPECTED_HASH	auxiliary_or_historical_output
/Volumes/Extreme SSD/Utsav-Research-Archive/Sleep-GWAS/FAILED-PARTIAL-2026-09-01-sleep_gwas_atlas/results/logs/rg_sleepdur.log	28502		6460a236d61e3e52d291f7339bf74d737063e32be4d63f76c02efbcad30dae26	UNKNOWN	UNKNOWN	UNKNOWN	UNKNOWN	UNKNOWN	RESEARCH_ONLY; SOURCE_LICENSE_REVIEW_REQUIRED; NO_RAW_REDISTRIBUTION	VERIFY_SOURCE_AND_PREPROCESSING_PROVENANCE	CURRENT_HASH_NO_EXPECTED_HASH	auxiliary_or_historical_output
/Volumes/Extreme SSD/Utsav-Research-Archive/Sleep-GWAS/FAILED-PARTIAL-2026-09-01-sleep_gwas_atlas/results/logs/rg_sleepdur__ibd.log	2385		95e4cf7b05d6a1b9273ec4ba4a55931cdc4e60204ac87847cf327c480d90d33c	UNKNOWN	UNKNOWN	UNKNOWN	UNKNOWN	UNKNOWN	RESEARCH_ONLY; SOURCE_LICENSE_REVIEW_REQUIRED; NO_RAW_REDISTRIBUTION	VERIFY_SOURCE_AND_PREPROCESSING_PROVENANCE	CURRENT_HASH_NO_EXPECTED_HASH	auxiliary_or_historical_output
/Volumes/Extreme SSD/Utsav-Research-Archive/Sleep-GWAS/FAILED-PARTIAL-2026-09-01-sleep_gwas_atlas/results/logs/rg_sleepiness.log	28561		4a8a01a80574e5743acb499a6a4f9f9f74e9dcd8cace6292e332bead5c1f2f55	UNKNOWN	UNKNOWN	UNKNOWN	UNKNOWN	UNKNOWN	RESEARCH_ONLY; SOURCE_LICENSE_REVIEW_REQUIRED; NO_RAW_REDISTRIBUTION	VERIFY_SOURCE_AND_PREPROCESSING_PROVENANCE	CURRENT_HASH_NO_EXPECTED_HASH	auxiliary_or_historical_output
/Volumes/Extreme SSD/Utsav-Research-Archive/Sleep-GWAS/FAILED-PARTIAL-2026-09-01-sleep_gwas_atlas/results/logs/rg_sleepiness__ibd.log	2399		06caa73f7a5b01d0718b772512bcb8329451b71778f6b2d360bd51d1745e7d0b	UNKNOWN	UNKNOWN	UNKNOWN	UNKNOWN	UNKNOWN	RESEARCH_ONLY; SOURCE_LICENSE_REVIEW_REQUIRED; NO_RAW_REDISTRIBUTION	VERIFY_SOURCE_AND_PREPROCESSING_PROVENANCE	CURRENT_HASH_NO_EXPECTED_HASH	auxiliary_or_historical_output
/Volumes/Extreme SSD/Utsav-Research-Archive/Sleep-GWAS/FAILED-PARTIAL-2026-09-01-sleep_gwas_atlas/results/logs/rg_snoring.log	28467		88343e6007dc496f989e60f115a70280bd1f6c316ddad230f97a1eb510050c94	UNKNOWN	UNKNOWN	UNKNOWN	UNKNOWN	UNKNOWN	RESEARCH_ONLY; SOURCE_LICENSE_REVIEW_REQUIRED; NO_RAW_REDISTRIBUTION	VERIFY_SOURCE_AND_PREPROCESSING_PROVENANCE	CURRENT_HASH_NO_EXPECTED_HASH	auxiliary_or_historical_output
/Volumes/Extreme SSD/Utsav-Research-Archive/Sleep-GWAS/FAILED-PARTIAL-2026-09-01-sleep_gwas_atlas/results/logs/rg_snoring__ibd.log	2387		f5a465594b8f22b10453ec434cd8611d78f7fc75a2dc5516bd515499296d00cb	UNKNOWN	UNKNOWN	UNKNOWN	UNKNOWN	UNKNOWN	RESEARCH_ONLY; SOURCE_LICENSE_REVIEW_REQUIRED; NO_RAW_REDISTRIBUTION	VERIFY_SOURCE_AND_PREPROCESSING_PROVENANCE	CURRENT_HASH_NO_EXPECTED_HASH	auxiliary_or_historical_output
/Volumes/Extreme SSD/Utsav-Research-Archive/Sleep-GWAS/FAILED-PARTIAL-2026-09-01-sleep_gwas_atlas/results/logs/checkpoint_adhd/h2_adhd.log	1391		706111e784aa6b3b909ed8f41ceaadfc5d8230aaa80dbe64d821daab86fc6395	UNKNOWN	UNKNOWN	UNKNOWN	UNKNOWN	UNKNOWN	RESEARCH_ONLY; SOURCE_LICENSE_REVIEW_REQUIRED; NO_RAW_REDISTRIBUTION	VERIFY_SOURCE_AND_PREPROCESSING_PROVENANCE	CURRENT_HASH_NO_EXPECTED_HASH	auxiliary_or_historical_output
/Volumes/Extreme SSD/Utsav-Research-Archive/Sleep-GWAS/FAILED-PARTIAL-2026-09-01-sleep_gwas_atlas/results/logs/checkpoint_bmi_snoring/h2_bmi.log	1352		7547943d134150d3805d2e9d89a84737a09b0577f106fead845c29d404b389b2	UNKNOWN	UNKNOWN	UNKNOWN	UNKNOWN	UNKNOWN	RESEARCH_ONLY; SOURCE_LICENSE_REVIEW_REQUIRED; NO_RAW_REDISTRIBUTION	VERIFY_SOURCE_AND_PREPROCESSING_PROVENANCE	CURRENT_HASH_NO_EXPECTED_HASH	auxiliary_or_historical_output
/Volumes/Extreme SSD/Utsav-Research-Archive/Sleep-GWAS/FAILED-PARTIAL-2026-09-01-sleep_gwas_atlas/results/logs/checkpoint_bmi_snoring/h2_snoring.log	1407		b526bb19f04bdce4f9871bc76d7e8d6b714513fc95b437b6b397275595179e93	UNKNOWN	UNKNOWN	UNKNOWN	UNKNOWN	UNKNOWN	RESEARCH_ONLY; SOURCE_LICENSE_REVIEW_REQUIRED; NO_RAW_REDISTRIBUTION	VERIFY_SOURCE_AND_PREPROCESSING_PROVENANCE	CURRENT_HASH_NO_EXPECTED_HASH	auxiliary_or_historical_output
/Volumes/Extreme SSD/Utsav-Research-Archive/Sleep-GWAS/FAILED-PARTIAL-2026-09-01-sleep_gwas_atlas/results/logs/checkpoint_bmi_snoring/pair_snoring__bmi/rg_snoring__bmi.log	2429		079f6c6421186fba06e185c0804f6532e81ecdc5b8c7ef7b06851c67e3bf6f8a	UNKNOWN	UNKNOWN	UNKNOWN	UNKNOWN	UNKNOWN	RESEARCH_ONLY; SOURCE_LICENSE_REVIEW_REQUIRED; NO_RAW_REDISTRIBUTION	VERIFY_SOURCE_AND_PREPROCESSING_PROVENANCE	CURRENT_HASH_NO_EXPECTED_HASH	auxiliary_or_historical_output
/Volumes/Extreme SSD/Utsav-Research-Archive/Sleep-GWAS/FAILED-PARTIAL-2026-09-01-sleep_gwas_atlas/results/logs/checkpoint_crohn/h2_crohn.log	1395		35fb2748d984d29157205a0323c33cbeaf6f0b87a11f2ba9c409d96789087a90	UNKNOWN	UNKNOWN	UNKNOWN	UNKNOWN	UNKNOWN	RESEARCH_ONLY; SOURCE_LICENSE_REVIEW_REQUIRED; NO_RAW_REDISTRIBUTION	VERIFY_SOURCE_AND_PREPROCESSING_PROVENANCE	CURRENT_HASH_NO_EXPECTED_HASH	auxiliary_or_historical_output
/Volumes/Extreme SSD/Utsav-Research-Archive/Sleep-GWAS/FAILED-PARTIAL-2026-09-01-sleep_gwas_atlas/results/logs/checkpoint_eight_traits/h2_adhd.log	1399		733b9a572f85dfc6075432ff1d394e25b776b09dd870bebc9ce0e14fa35d0076	UNKNOWN	UNKNOWN	UNKNOWN	UNKNOWN	UNKNOWN	RESEARCH_ONLY; SOURCE_LICENSE_REVIEW_REQUIRED; NO_RAW_REDISTRIBUTION	VERIFY_SOURCE_AND_PREPROCESSING_PROVENANCE	CURRENT_HASH_NO_EXPECTED_HASH	auxiliary_or_historical_output
/Volumes/Extreme SSD/Utsav-Research-Archive/Sleep-GWAS/FAILED-PARTIAL-2026-09-01-sleep_gwas_atlas/results/logs/checkpoint_eight_traits/h2_atrial_fibrillation.log	1442		7ea2dd07d33324bf276ff941a0140d9bfbea629bfc88849ff1b9fcfe222acc6a	UNKNOWN	UNKNOWN	UNKNOWN	UNKNOWN	UNKNOWN	RESEARCH_ONLY; SOURCE_LICENSE_REVIEW_REQUIRED; NO_RAW_REDISTRIBUTION	VERIFY_SOURCE_AND_PREPROCESSING_PROVENANCE	CURRENT_HASH_NO_EXPECTED_HASH	auxiliary_or_historical_output
/Volumes/Extreme SSD/Utsav-Research-Archive/Sleep-GWAS/FAILED-PARTIAL-2026-09-01-sleep_gwas_atlas/results/logs/checkpoint_eight_traits/h2_bmi.log	1353		9c71911f4a79191507eb3472807c1b66f52f2ef48dd4bbde281ef5deb21a1b18	UNKNOWN	UNKNOWN	UNKNOWN	UNKNOWN	UNKNOWN	RESEARCH_ONLY; SOURCE_LICENSE_REVIEW_REQUIRED; NO_RAW_REDISTRIBUTION	VERIFY_SOURCE_AND_PREPROCESSING_PROVENANCE	CURRENT_HASH_NO_EXPECTED_HASH	auxiliary_or_historical_output
/Volumes/Extreme SSD/Utsav-Research-Archive/Sleep-GWAS/FAILED-PARTIAL-2026-09-01-sleep_gwas_atlas/results/logs/checkpoint_eight_traits/h2_longevity.log	1414		1201daeed775ceacbbc24a57cdbc47e9fad981cfc7f2697b4d2fb6888b6e95cf	UNKNOWN	UNKNOWN	UNKNOWN	UNKNOWN	UNKNOWN	RESEARCH_ONLY; SOURCE_LICENSE_REVIEW_REQUIRED; NO_RAW_REDISTRIBUTION	VERIFY_SOURCE_AND_PREPROCESSING_PROVENANCE	CURRENT_HASH_NO_EXPECTED_HASH	auxiliary_or_historical_output
/Volumes/Extreme SSD/Utsav-Research-Archive/Sleep-GWAS/FAILED-PARTIAL-2026-09-01-sleep_gwas_atlas/results/logs/checkpoint_eight_traits/h2_sbp.log	1351		d0e719ef8768077c2093038e7c3e1280cc26aaf8395552cfef57f07dc3462580	UNKNOWN	UNKNOWN	UNKNOWN	UNKNOWN	UNKNOWN	RESEARCH_ONLY; SOURCE_LICENSE_REVIEW_REQUIRED; NO_RAW_REDISTRIBUTION	VERIFY_SOURCE_AND_PREPROCESSING_PROVENANCE	CURRENT_HASH_NO_EXPECTED_HASH	auxiliary_or_historical_output
/Volumes/Extreme SSD/Utsav-Research-Archive/Sleep-GWAS/FAILED-PARTIAL-2026-09-01-sleep_gwas_atlas/results/logs/checkpoint_eight_traits/h2_scz.log	1396		158c259013d7e6eec4754d8bd469695a704e2b7781d283a75646f9e9df9c8d92	UNKNOWN	UNKNOWN	UNKNOWN	UNKNOWN	UNKNOWN	RESEARCH_ONLY; SOURCE_LICENSE_REVIEW_REQUIRED; NO_RAW_REDISTRIBUTION	VERIFY_SOURCE_AND_PREPROCESSING_PROVENANCE	CURRENT_HASH_NO_EXPECTED_HASH	auxiliary_or_historical_output
/Volumes/Extreme SSD/Utsav-Research-Archive/Sleep-GWAS/FAILED-PARTIAL-2026-09-01-sleep_gwas_atlas/results/logs/checkpoint_eight_traits/h2_snoring.log	1408		8e01fb45ff2f2e5c0a298e1de32c26df3f553f365cdcb71144a05917ecb45828	UNKNOWN	UNKNOWN	UNKNOWN	UNKNOWN	UNKNOWN	RESEARCH_ONLY; SOURCE_LICENSE_REVIEW_REQUIRED; NO_RAW_REDISTRIBUTION	VERIFY_SOURCE_AND_PREPROCESSING_PROVENANCE	CURRENT_HASH_NO_EXPECTED_HASH	auxiliary_or_historical_output
/Volumes/Extreme SSD/Utsav-Research-Archive/Sleep-GWAS/FAILED-PARTIAL-2026-09-01-sleep_gwas_atlas/results/logs/checkpoint_eight_traits/h2_stroke.log	1404		50417837256c0020d75f75f104bd4c74a4b1b2de83de45f57e3808fdb501e1a9	UNKNOWN	UNKNOWN	UNKNOWN	UNKNOWN	UNKNOWN	RESEARCH_ONLY; SOURCE_LICENSE_REVIEW_REQUIRED; NO_RAW_REDISTRIBUTION	VERIFY_SOURCE_AND_PREPROCESSING_PROVENANCE	CURRENT_HASH_NO_EXPECTED_HASH	auxiliary_or_historical_output
/Volumes/Extreme SSD/Utsav-Research-Archive/Sleep-GWAS/FAILED-PARTIAL-2026-09-01-sleep_gwas_atlas/results/logs/checkpoint_eight_traits/rg_snoring.log	7593		af53847aa224f830cecbc1b1c8dcd7a75cdaa154d0358eda0971240b0e7c2c99	UNKNOWN	UNKNOWN	UNKNOWN	UNKNOWN	UNKNOWN	RESEARCH_ONLY; SOURCE_LICENSE_REVIEW_REQUIRED; NO_RAW_REDISTRIBUTION	VERIFY_SOURCE_AND_PREPROCESSING_PROVENANCE	CURRENT_HASH_NO_EXPECTED_HASH	auxiliary_or_historical_output
/Volumes/Extreme SSD/Utsav-Research-Archive/Sleep-GWAS/FAILED-PARTIAL-2026-09-01-sleep_gwas_atlas/results/logs/checkpoint_eleven_traits/h2_adhd.log	1400		9528f3da56f7f761ebfa112b86d57844c3741a3c1771f6fa08b319678154d0a1	UNKNOWN	UNKNOWN	UNKNOWN	UNKNOWN	UNKNOWN	RESEARCH_ONLY; SOURCE_LICENSE_REVIEW_REQUIRED; NO_RAW_REDISTRIBUTION	VERIFY_SOURCE_AND_PREPROCESSING_PROVENANCE	CURRENT_HASH_NO_EXPECTED_HASH	auxiliary_or_historical_output
/Volumes/Extreme SSD/Utsav-Research-Archive/Sleep-GWAS/FAILED-PARTIAL-2026-09-01-sleep_gwas_atlas/results/logs/checkpoint_eleven_traits/h2_atrial_fibrillation.log	1443		d800817ecbcd29264f138aba3dad4b8bd48e42d00058fd976756ee5b05540058	UNKNOWN	UNKNOWN	UNKNOWN	UNKNOWN	UNKNOWN	RESEARCH_ONLY; SOURCE_LICENSE_REVIEW_REQUIRED; NO_RAW_REDISTRIBUTION	VERIFY_SOURCE_AND_PREPROCESSING_PROVENANCE	CURRENT_HASH_NO_EXPECTED_HASH	auxiliary_or_historical_output
/Volumes/Extreme SSD/Utsav-Research-Archive/Sleep-GWAS/FAILED-PARTIAL-2026-09-01-sleep_gwas_atlas/results/logs/checkpoint_eleven_traits/h2_bmi.log	1354		40d1b02f98679464ca96b5d576ed79dd121169ca4d80561bd4e7427ee736fe66	UNKNOWN	UNKNOWN	UNKNOWN	UNKNOWN	UNKNOWN	RESEARCH_ONLY; SOURCE_LICENSE_REVIEW_REQUIRED; NO_RAW_REDISTRIBUTION	VERIFY_SOURCE_AND_PREPROCESSING_PROVENANCE	CURRENT_HASH_NO_EXPECTED_HASH	auxiliary_or_historical_output
/Volumes/Extreme SSD/Utsav-Research-Archive/Sleep-GWAS/FAILED-PARTIAL-2026-09-01-sleep_gwas_atlas/results/logs/checkpoint_eleven_traits/h2_crohn.log	1402		759839d8b34fade4f283b7d390a0a92bdb3e7912cb7bcb78d3a1f2ef9a4f9d25	UNKNOWN	UNKNOWN	UNKNOWN	UNKNOWN	UNKNOWN	RESEARCH_ONLY; SOURCE_LICENSE_REVIEW_REQUIRED; NO_RAW_REDISTRIBUTION	VERIFY_SOURCE_AND_PREPROCESSING_PROVENANCE	CURRENT_HASH_NO_EXPECTED_HASH	auxiliary_or_historical_output
/Volumes/Extreme SSD/Utsav-Research-Archive/Sleep-GWAS/FAILED-PARTIAL-2026-09-01-sleep_gwas_atlas/results/logs/checkpoint_eleven_traits/h2_insomnia.log	1412		9b97cb0704fafb9de9a2d9c17888f868c535de4a79bb91445381c7abc1f06710	UNKNOWN	UNKNOWN	UNKNOWN	UNKNOWN	UNKNOWN	RESEARCH_ONLY; SOURCE_LICENSE_REVIEW_REQUIRED; NO_RAW_REDISTRIBUTION	VERIFY_SOURCE_AND_PREPROCESSING_PROVENANCE	CURRENT_HASH_NO_EXPECTED_HASH	auxiliary_or_historical_output
/Volumes/Extreme SSD/Utsav-Research-Archive/Sleep-GWAS/FAILED-PARTIAL-2026-09-01-sleep_gwas_atlas/results/logs/checkpoint_eleven_traits/h2_longevity.log	1415		49d8615adff5a4807f0faba0afbc66bbcece0fb0a7d0c09aa411b22ac1a4523d	UNKNOWN	UNKNOWN	UNKNOWN	UNKNOWN	UNKNOWN	RESEARCH_ONLY; SOURCE_LICENSE_REVIEW_REQUIRED; NO_RAW_REDISTRIBUTION	VERIFY_SOURCE_AND_PREPROCESSING_PROVENANCE	CURRENT_HASH_NO_EXPECTED_HASH	auxiliary_or_historical_output
/Volumes/Extreme SSD/Utsav-Research-Archive/Sleep-GWAS/FAILED-PARTIAL-2026-09-01-sleep_gwas_atlas/results/logs/checkpoint_eleven_traits/h2_ra.log	1393		26352da13652b9c9e5e4dcdf49eb606db5373bda2b21cc940743e8dbc74314c8	UNKNOWN	UNKNOWN	UNKNOWN	UNKNOWN	UNKNOWN	RESEARCH_ONLY; SOURCE_LICENSE_REVIEW_REQUIRED; NO_RAW_REDISTRIBUTION	VERIFY_SOURCE_AND_PREPROCESSING_PROVENANCE	CURRENT_HASH_NO_EXPECTED_HASH	auxiliary_or_historical_output
/Volumes/Extreme SSD/Utsav-Research-Archive/Sleep-GWAS/FAILED-PARTIAL-2026-09-01-sleep_gwas_atlas/results/logs/checkpoint_eleven_traits/h2_sbp.log	1351		f9a933dbee5e8873e5adedcebd8365a2efa614192023a8dda0cb325fb424fdf2	UNKNOWN	UNKNOWN	UNKNOWN	UNKNOWN	UNKNOWN	RESEARCH_ONLY; SOURCE_LICENSE_REVIEW_REQUIRED; NO_RAW_REDISTRIBUTION	VERIFY_SOURCE_AND_PREPROCESSING_PROVENANCE	CURRENT_HASH_NO_EXPECTED_HASH	auxiliary_or_historical_output
/Volumes/Extreme SSD/Utsav-Research-Archive/Sleep-GWAS/FAILED-PARTIAL-2026-09-01-sleep_gwas_atlas/results/logs/checkpoint_eleven_traits/h2_scz.log	1396		9e1109a306b4cb98f3a25d7051e9b8b0f9a3fb8d37545e392ef77b6e68ea3073	UNKNOWN	UNKNOWN	UNKNOWN	UNKNOWN	UNKNOWN	RESEARCH_ONLY; SOURCE_LICENSE_REVIEW_REQUIRED; NO_RAW_REDISTRIBUTION	VERIFY_SOURCE_AND_PREPROCESSING_PROVENANCE	CURRENT_HASH_NO_EXPECTED_HASH	auxiliary_or_historical_output
/Volumes/Extreme SSD/Utsav-Research-Archive/Sleep-GWAS/FAILED-PARTIAL-2026-09-01-sleep_gwas_atlas/results/logs/checkpoint_eleven_traits/h2_snoring.log	1409		3871b863ea6208530fb4bca1679d2c37af6800560d84ce6d4caa0a310f294ce7	UNKNOWN	UNKNOWN	UNKNOWN	UNKNOWN	UNKNOWN	RESEARCH_ONLY; SOURCE_LICENSE_REVIEW_REQUIRED; NO_RAW_REDISTRIBUTION	VERIFY_SOURCE_AND_PREPROCESSING_PROVENANCE	CURRENT_HASH_NO_EXPECTED_HASH	auxiliary_or_historical_output
/Volumes/Extreme SSD/Utsav-Research-Archive/Sleep-GWAS/FAILED-PARTIAL-2026-09-01-sleep_gwas_atlas/results/logs/checkpoint_eleven_traits/h2_stroke.log	1405		d73a25f697d47c05b1e1b5b44cfec6d6d4135193af4eaa714aa30941dde84d2c	UNKNOWN	UNKNOWN	UNKNOWN	UNKNOWN	UNKNOWN	RESEARCH_ONLY; SOURCE_LICENSE_REVIEW_REQUIRED; NO_RAW_REDISTRIBUTION	VERIFY_SOURCE_AND_PREPROCESSING_PROVENANCE	CURRENT_HASH_NO_EXPECTED_HASH	auxiliary_or_historical_output
/Volumes/Extreme SSD/Utsav-Research-Archive/Sleep-GWAS/FAILED-PARTIAL-2026-09-01-sleep_gwas_atlas/results/logs/checkpoint_eleven_traits/rg_insomnia.log	9334		8e01e85f9fb83d881855baed161a2ee9911904c64615ba53dcda1a8630e9d8e8	UNKNOWN	UNKNOWN	UNKNOWN	UNKNOWN	UNKNOWN	RESEARCH_ONLY; SOURCE_LICENSE_REVIEW_REQUIRED; NO_RAW_REDISTRIBUTION	VERIFY_SOURCE_AND_PREPROCESSING_PROVENANCE	CURRENT_HASH_NO_EXPECTED_HASH	auxiliary_or_historical_output
/Volumes/Extreme SSD/Utsav-Research-Archive/Sleep-GWAS/FAILED-PARTIAL-2026-09-01-sleep_gwas_atlas/results/logs/checkpoint_eleven_traits/rg_snoring.log	9328		3622965b90f6acca76cdf14b1d41bb3572f919f4d42e2aaf8c0c01ad1a56c531	UNKNOWN	UNKNOWN	UNKNOWN	UNKNOWN	UNKNOWN	RESEARCH_ONLY; SOURCE_LICENSE_REVIEW_REQUIRED; NO_RAW_REDISTRIBUTION	VERIFY_SOURCE_AND_PREPROCESSING_PROVENANCE	CURRENT_HASH_NO_EXPECTED_HASH	auxiliary_or_historical_output
/Volumes/Extreme SSD/Utsav-Research-Archive/Sleep-GWAS/FAILED-PARTIAL-2026-09-01-sleep_gwas_atlas/results/logs/checkpoint_five_traits/h2_atrial_fibrillation.log	1441		1e795aad13479491548d4c4b0a76ec48a579b24731b3af5c52b5aff4e8cc893e	UNKNOWN	UNKNOWN	UNKNOWN	UNKNOWN	UNKNOWN	RESEARCH_ONLY; SOURCE_LICENSE_REVIEW_REQUIRED; NO_RAW_REDISTRIBUTION	VERIFY_SOURCE_AND_PREPROCESSING_PROVENANCE	CURRENT_HASH_NO_EXPECTED_HASH	auxiliary_or_historical_output
/Volumes/Extreme SSD/Utsav-Research-Archive/Sleep-GWAS/FAILED-PARTIAL-2026-09-01-sleep_gwas_atlas/results/logs/checkpoint_five_traits/h2_bmi.log	1351		99f88eff7ea216e24865c4417ff34eadf21832df91e394b3ed2da34d19427894	UNKNOWN	UNKNOWN	UNKNOWN	UNKNOWN	UNKNOWN	RESEARCH_ONLY; SOURCE_LICENSE_REVIEW_REQUIRED; NO_RAW_REDISTRIBUTION	VERIFY_SOURCE_AND_PREPROCESSING_PROVENANCE	CURRENT_HASH_NO_EXPECTED_HASH	auxiliary_or_historical_output
/Volumes/Extreme SSD/Utsav-Research-Archive/Sleep-GWAS/FAILED-PARTIAL-2026-09-01-sleep_gwas_atlas/results/logs/checkpoint_five_traits/h2_longevity.log	1413		4fec42926d16061c84c2bd313005b1b4dc366f5b0622b521a8c37aac8c5452a3	UNKNOWN	UNKNOWN	UNKNOWN	UNKNOWN	UNKNOWN	RESEARCH_ONLY; SOURCE_LICENSE_REVIEW_REQUIRED; NO_RAW_REDISTRIBUTION	VERIFY_SOURCE_AND_PREPROCESSING_PROVENANCE	CURRENT_HASH_NO_EXPECTED_HASH	auxiliary_or_historical_output
/Volumes/Extreme SSD/Utsav-Research-Archive/Sleep-GWAS/FAILED-PARTIAL-2026-09-01-sleep_gwas_atlas/results/logs/checkpoint_five_traits/h2_sbp.log	1350		89baa6882653212ee6d81771dd73596c794ea36cbb4fc73404b5d3b995ea08d9	UNKNOWN	UNKNOWN	UNKNOWN	UNKNOWN	UNKNOWN	RESEARCH_ONLY; SOURCE_LICENSE_REVIEW_REQUIRED; NO_RAW_REDISTRIBUTION	VERIFY_SOURCE_AND_PREPROCESSING_PROVENANCE	CURRENT_HASH_NO_EXPECTED_HASH	auxiliary_or_historical_output
/Volumes/Extreme SSD/Utsav-Research-Archive/Sleep-GWAS/FAILED-PARTIAL-2026-09-01-sleep_gwas_atlas/results/logs/checkpoint_five_traits/h2_snoring.log	1407		779376f95f069e07af45628c53d1678f0ee9b86a1fbdfbb8aa53e692caa26c05	UNKNOWN	UNKNOWN	UNKNOWN	UNKNOWN	UNKNOWN	RESEARCH_ONLY; SOURCE_LICENSE_REVIEW_REQUIRED; NO_RAW_REDISTRIBUTION	VERIFY_SOURCE_AND_PREPROCESSING_PROVENANCE	CURRENT_HASH_NO_EXPECTED_HASH	auxiliary_or_historical_output
/Volumes/Extreme SSD/Utsav-Research-Archive/Sleep-GWAS/FAILED-PARTIAL-2026-09-01-sleep_gwas_atlas/results/logs/checkpoint_five_traits/rg_snoring.log	5032		c8bdebf9269bc24ef52279bec4743ec22bbe629888da82b8a4fc6280767ea147	UNKNOWN	UNKNOWN	UNKNOWN	UNKNOWN	UNKNOWN	RESEARCH_ONLY; SOURCE_LICENSE_REVIEW_REQUIRED; NO_RAW_REDISTRIBUTION	VERIFY_SOURCE_AND_PREPROCESSING_PROVENANCE	CURRENT_HASH_NO_EXPECTED_HASH	auxiliary_or_historical_output
/Volumes/Extreme SSD/Utsav-Research-Archive/Sleep-GWAS/FAILED-PARTIAL-2026-09-01-sleep_gwas_atlas/results/logs/checkpoint_four_traits/h2_bmi.log	1352		678be66fc9009ea73870edbef6858d12a9db969be7ec676dc41070753c44ed9c	UNKNOWN	UNKNOWN	UNKNOWN	UNKNOWN	UNKNOWN	RESEARCH_ONLY; SOURCE_LICENSE_REVIEW_REQUIRED; NO_RAW_REDISTRIBUTION	VERIFY_SOURCE_AND_PREPROCESSING_PROVENANCE	CURRENT_HASH_NO_EXPECTED_HASH	auxiliary_or_historical_output
/Volumes/Extreme SSD/Utsav-Research-Archive/Sleep-GWAS/FAILED-PARTIAL-2026-09-01-sleep_gwas_atlas/results/logs/checkpoint_four_traits/h2_longevity.log	1413		f7a4a7f9aca92673632cd44d359572311c8f28694365a1799b9a1d86fde69a5d	UNKNOWN	UNKNOWN	UNKNOWN	UNKNOWN	UNKNOWN	RESEARCH_ONLY; SOURCE_LICENSE_REVIEW_REQUIRED; NO_RAW_REDISTRIBUTION	VERIFY_SOURCE_AND_PREPROCESSING_PROVENANCE	CURRENT_HASH_NO_EXPECTED_HASH	auxiliary_or_historical_output
/Volumes/Extreme SSD/Utsav-Research-Archive/Sleep-GWAS/FAILED-PARTIAL-2026-09-01-sleep_gwas_atlas/results/logs/checkpoint_four_traits/h2_sbp.log	1350		f6745261d72ac02953faff2b27e5b7b02e473821920f952e47312a09b557d3c8	UNKNOWN	UNKNOWN	UNKNOWN	UNKNOWN	UNKNOWN	RESEARCH_ONLY; SOURCE_LICENSE_REVIEW_REQUIRED; NO_RAW_REDISTRIBUTION	VERIFY_SOURCE_AND_PREPROCESSING_PROVENANCE	CURRENT_HASH_NO_EXPECTED_HASH	auxiliary_or_historical_output
/Volumes/Extreme SSD/Utsav-Research-Archive/Sleep-GWAS/FAILED-PARTIAL-2026-09-01-sleep_gwas_atlas/results/logs/checkpoint_four_traits/h2_snoring.log	1407		a734e85ed1fd93f5261471e76f7dc98ed04915d560599ff23bbe7d28e7f45726	UNKNOWN	UNKNOWN	UNKNOWN	UNKNOWN	UNKNOWN	RESEARCH_ONLY; SOURCE_LICENSE_REVIEW_REQUIRED; NO_RAW_REDISTRIBUTION	VERIFY_SOURCE_AND_PREPROCESSING_PROVENANCE	CURRENT_HASH_NO_EXPECTED_HASH	auxiliary_or_historical_output
/Volumes/Extreme SSD/Utsav-Research-Archive/Sleep-GWAS/FAILED-PARTIAL-2026-09-01-sleep_gwas_atlas/results/logs/checkpoint_four_traits/rg_snoring.log	4114		5fcc718fab498598a859e50c9dec402937e08c14d3b0ee0fe3b245d2da12e8e7	UNKNOWN	UNKNOWN	UNKNOWN	UNKNOWN	UNKNOWN	RESEARCH_ONLY; SOURCE_LICENSE_REVIEW_REQUIRED; NO_RAW_REDISTRIBUTION	VERIFY_SOURCE_AND_PREPROCESSING_PROVENANCE	CURRENT_HASH_NO_EXPECTED_HASH	auxiliary_or_historical_output
/Volumes/Extreme SSD/Utsav-Research-Archive/Sleep-GWAS/FAILED-PARTIAL-2026-09-01-sleep_gwas_atlas/results/logs/checkpoint_insomnia/h2_insomnia.log	1407		5a9e20a21505d295c2b067171381c7e0dbb3f64ca7741991f49a7d05c64a562d	UNKNOWN	UNKNOWN	UNKNOWN	UNKNOWN	UNKNOWN	RESEARCH_ONLY; SOURCE_LICENSE_REVIEW_REQUIRED; NO_RAW_REDISTRIBUTION	VERIFY_SOURCE_AND_PREPROCESSING_PROVENANCE	CURRENT_HASH_NO_EXPECTED_HASH	auxiliary_or_historical_output
/Volumes/Extreme SSD/Utsav-Research-Archive/Sleep-GWAS/FAILED-PARTIAL-2026-09-01-sleep_gwas_atlas/results/logs/checkpoint_longevity/h2_longevity.log	1411		e6b9477a17139e20212f5c07b8f927062ee97ade3597388b335c607d7af9e11b	UNKNOWN	UNKNOWN	UNKNOWN	UNKNOWN	UNKNOWN	RESEARCH_ONLY; SOURCE_LICENSE_REVIEW_REQUIRED; NO_RAW_REDISTRIBUTION	VERIFY_SOURCE_AND_PREPROCESSING_PROVENANCE	CURRENT_HASH_NO_EXPECTED_HASH	auxiliary_or_historical_output
/Volumes/Extreme SSD/Utsav-Research-Archive/Sleep-GWAS/FAILED-PARTIAL-2026-09-01-sleep_gwas_atlas/results/logs/checkpoint_longevity/pair_snoring__longevity/rg_snoring__longevity.log	2464		43cc828daf7b3db36964fd23c5bffa7bc5a169e7531444921efd451a8a24396a	UNKNOWN	UNKNOWN	UNKNOWN	UNKNOWN	UNKNOWN	RESEARCH_ONLY; SOURCE_LICENSE_REVIEW_REQUIRED; NO_RAW_REDISTRIBUTION	VERIFY_SOURCE_AND_PREPROCESSING_PROVENANCE	CURRENT_HASH_NO_EXPECTED_HASH	auxiliary_or_historical_output
/Volumes/Extreme SSD/Utsav-Research-Archive/Sleep-GWAS/FAILED-PARTIAL-2026-09-01-sleep_gwas_atlas/results/logs/checkpoint_nine_traits/h2_adhd.log	1398		f36c2bccc75d457eac4959aa489d1f76b63c99908da658fd29b9097bc040c940	UNKNOWN	UNKNOWN	UNKNOWN	UNKNOWN	UNKNOWN	RESEARCH_ONLY; SOURCE_LICENSE_REVIEW_REQUIRED; NO_RAW_REDISTRIBUTION	VERIFY_SOURCE_AND_PREPROCESSING_PROVENANCE	CURRENT_HASH_NO_EXPECTED_HASH	auxiliary_or_historical_output
/Volumes/Extreme SSD/Utsav-Research-Archive/Sleep-GWAS/FAILED-PARTIAL-2026-09-01-sleep_gwas_atlas/results/logs/checkpoint_nine_traits/h2_atrial_fibrillation.log	1440		52ad3b4c533d437f0fdc8fa66435a0ef930aae7fa567ea43a11296aeb4cb28b2	UNKNOWN	UNKNOWN	UNKNOWN	UNKNOWN	UNKNOWN	RESEARCH_ONLY; SOURCE_LICENSE_REVIEW_REQUIRED; NO_RAW_REDISTRIBUTION	VERIFY_SOURCE_AND_PREPROCESSING_PROVENANCE	CURRENT_HASH_NO_EXPECTED_HASH	auxiliary_or_historical_output
/Volumes/Extreme SSD/Utsav-Research-Archive/Sleep-GWAS/FAILED-PARTIAL-2026-09-01-sleep_gwas_atlas/results/logs/checkpoint_nine_traits/h2_bmi.log	1352		1a682e0c4a580e9c3e3d4da4231579c528515697d5f4e725d8ad15101814c47b	UNKNOWN	UNKNOWN	UNKNOWN	UNKNOWN	UNKNOWN	RESEARCH_ONLY; SOURCE_LICENSE_REVIEW_REQUIRED; NO_RAW_REDISTRIBUTION	VERIFY_SOURCE_AND_PREPROCESSING_PROVENANCE	CURRENT_HASH_NO_EXPECTED_HASH	auxiliary_or_historical_output
/Volumes/Extreme SSD/Utsav-Research-Archive/Sleep-GWAS/FAILED-PARTIAL-2026-09-01-sleep_gwas_atlas/results/logs/checkpoint_nine_traits/h2_crohn.log	1401		01ea3ae8e5e60268b2571acab997ddea835574bd179108184fd4ba5acfb55f95	UNKNOWN	UNKNOWN	UNKNOWN	UNKNOWN	UNKNOWN	RESEARCH_ONLY; SOURCE_LICENSE_REVIEW_REQUIRED; NO_RAW_REDISTRIBUTION	VERIFY_SOURCE_AND_PREPROCESSING_PROVENANCE	CURRENT_HASH_NO_EXPECTED_HASH	auxiliary_or_historical_output
/Volumes/Extreme SSD/Utsav-Research-Archive/Sleep-GWAS/FAILED-PARTIAL-2026-09-01-sleep_gwas_atlas/results/logs/checkpoint_nine_traits/h2_longevity.log	1413		4329fc2f4471c83a6e6d630cfeb6c0e03c097dd00bed7bcdeec6f711b9f018da	UNKNOWN	UNKNOWN	UNKNOWN	UNKNOWN	UNKNOWN	RESEARCH_ONLY; SOURCE_LICENSE_REVIEW_REQUIRED; NO_RAW_REDISTRIBUTION	VERIFY_SOURCE_AND_PREPROCESSING_PROVENANCE	CURRENT_HASH_NO_EXPECTED_HASH	auxiliary_or_historical_output
/Volumes/Extreme SSD/Utsav-Research-Archive/Sleep-GWAS/FAILED-PARTIAL-2026-09-01-sleep_gwas_atlas/results/logs/checkpoint_nine_traits/h2_sbp.log	1350		34fb5f02e165680fc654e8058956232b739d9710d1f6891ebdfc21a7537c8ff8	UNKNOWN	UNKNOWN	UNKNOWN	UNKNOWN	UNKNOWN	RESEARCH_ONLY; SOURCE_LICENSE_REVIEW_REQUIRED; NO_RAW_REDISTRIBUTION	VERIFY_SOURCE_AND_PREPROCESSING_PROVENANCE	CURRENT_HASH_NO_EXPECTED_HASH	auxiliary_or_historical_output
/Volumes/Extreme SSD/Utsav-Research-Archive/Sleep-GWAS/FAILED-PARTIAL-2026-09-01-sleep_gwas_atlas/results/logs/checkpoint_nine_traits/h2_scz.log	1395		4492ba3e7c7a40b26b4b9e7ac8da03e8c36be9d3631c714ec451118842752831	UNKNOWN	UNKNOWN	UNKNOWN	UNKNOWN	UNKNOWN	RESEARCH_ONLY; SOURCE_LICENSE_REVIEW_REQUIRED; NO_RAW_REDISTRIBUTION	VERIFY_SOURCE_AND_PREPROCESSING_PROVENANCE	CURRENT_HASH_NO_EXPECTED_HASH	auxiliary_or_historical_output
/Volumes/Extreme SSD/Utsav-Research-Archive/Sleep-GWAS/FAILED-PARTIAL-2026-09-01-sleep_gwas_atlas/results/logs/checkpoint_nine_traits/h2_snoring.log	1407		47f7bda199bb51990b2c472c1040591ffb37b6c7af683edf12fc58616f7efb79	UNKNOWN	UNKNOWN	UNKNOWN	UNKNOWN	UNKNOWN	RESEARCH_ONLY; SOURCE_LICENSE_REVIEW_REQUIRED; NO_RAW_REDISTRIBUTION	VERIFY_SOURCE_AND_PREPROCESSING_PROVENANCE	CURRENT_HASH_NO_EXPECTED_HASH	auxiliary_or_historical_output
/Volumes/Extreme SSD/Utsav-Research-Archive/Sleep-GWAS/FAILED-PARTIAL-2026-09-01-sleep_gwas_atlas/results/logs/checkpoint_nine_traits/h2_stroke.log	1403		cb7bb4509a050e61d21c873dc336c5d0875a04946090fce33225ae64e11750fb	UNKNOWN	UNKNOWN	UNKNOWN	UNKNOWN	UNKNOWN	RESEARCH_ONLY; SOURCE_LICENSE_REVIEW_REQUIRED; NO_RAW_REDISTRIBUTION	VERIFY_SOURCE_AND_PREPROCESSING_PROVENANCE	CURRENT_HASH_NO_EXPECTED_HASH	auxiliary_or_historical_output
/Volumes/Extreme SSD/Utsav-Research-Archive/Sleep-GWAS/FAILED-PARTIAL-2026-09-01-sleep_gwas_atlas/results/logs/checkpoint_nine_traits/rg_snoring.log	8449		0078c30d13081a06d7aac92fe346dbac8851c681bc47443aa7c38b36a61d5ff9	UNKNOWN	UNKNOWN	UNKNOWN	UNKNOWN	UNKNOWN	RESEARCH_ONLY; SOURCE_LICENSE_REVIEW_REQUIRED; NO_RAW_REDISTRIBUTION	VERIFY_SOURCE_AND_PREPROCESSING_PROVENANCE	CURRENT_HASH_NO_EXPECTED_HASH	auxiliary_or_historical_output
/Volumes/Extreme SSD/Utsav-Research-Archive/Sleep-GWAS/FAILED-PARTIAL-2026-09-01-sleep_gwas_atlas/results/logs/checkpoint_parental_lifespan/h2_parental_lifespan.log	1400		9aa2e2d47e907b71a12aa5d9bd24d5bc119f3431e1f110023cc19b3ce2042e31	UNKNOWN	UNKNOWN	UNKNOWN	UNKNOWN	UNKNOWN	RESEARCH_ONLY; SOURCE_LICENSE_REVIEW_REQUIRED; NO_RAW_REDISTRIBUTION	VERIFY_SOURCE_AND_PREPROCESSING_PROVENANCE	CURRENT_HASH_NO_EXPECTED_HASH	auxiliary_or_historical_output
/Volumes/Extreme SSD/Utsav-Research-Archive/Sleep-GWAS/FAILED-PARTIAL-2026-09-01-sleep_gwas_atlas/results/logs/checkpoint_ra/h2_ra.log	1382		2a122a3abf77951a9facac0d699c940e3a4dbb5b3ae9a88326db3a51be647491	UNKNOWN	UNKNOWN	UNKNOWN	UNKNOWN	UNKNOWN	RESEARCH_ONLY; SOURCE_LICENSE_REVIEW_REQUIRED; NO_RAW_REDISTRIBUTION	VERIFY_SOURCE_AND_PREPROCESSING_PROVENANCE	CURRENT_HASH_NO_EXPECTED_HASH	auxiliary_or_historical_output
/Volumes/Extreme SSD/Utsav-Research-Archive/Sleep-GWAS/FAILED-PARTIAL-2026-09-01-sleep_gwas_atlas/results/logs/checkpoint_sbp/h2_sbp.log	1342		255cf37c184d1fbadb324fb8e7c604c84aac0955706dcd8f2f9256e6f227008c	UNKNOWN	UNKNOWN	UNKNOWN	UNKNOWN	UNKNOWN	RESEARCH_ONLY; SOURCE_LICENSE_REVIEW_REQUIRED; NO_RAW_REDISTRIBUTION	VERIFY_SOURCE_AND_PREPROCESSING_PROVENANCE	CURRENT_HASH_NO_EXPECTED_HASH	auxiliary_or_historical_output
/Volumes/Extreme SSD/Utsav-Research-Archive/Sleep-GWAS/FAILED-PARTIAL-2026-09-01-sleep_gwas_atlas/results/logs/checkpoint_scz/h2_scz.log	1387		283ca78b5233b204e28c3793a5b803aa2421d3f4b0b75483945a11a607f77fb5	UNKNOWN	UNKNOWN	UNKNOWN	UNKNOWN	UNKNOWN	RESEARCH_ONLY; SOURCE_LICENSE_REVIEW_REQUIRED; NO_RAW_REDISTRIBUTION	VERIFY_SOURCE_AND_PREPROCESSING_PROVENANCE	CURRENT_HASH_NO_EXPECTED_HASH	auxiliary_or_historical_output
/Volumes/Extreme SSD/Utsav-Research-Archive/Sleep-GWAS/FAILED-PARTIAL-2026-09-01-sleep_gwas_atlas/results/logs/checkpoint_seven_traits/h2_adhd.log	1399		19f001d91918d67d89eb16e783b20ffb3b142e6899e41e075e07cbca274118f9	UNKNOWN	UNKNOWN	UNKNOWN	UNKNOWN	UNKNOWN	RESEARCH_ONLY; SOURCE_LICENSE_REVIEW_REQUIRED; NO_RAW_REDISTRIBUTION	VERIFY_SOURCE_AND_PREPROCESSING_PROVENANCE	CURRENT_HASH_NO_EXPECTED_HASH	auxiliary_or_historical_output
/Volumes/Extreme SSD/Utsav-Research-Archive/Sleep-GWAS/FAILED-PARTIAL-2026-09-01-sleep_gwas_atlas/results/logs/checkpoint_seven_traits/h2_atrial_fibrillation.log	1442		06cabca064dec1bc7b583dcb5a363f076c37fd2aa51bef001540fe31a91852aa	UNKNOWN	UNKNOWN	UNKNOWN	UNKNOWN	UNKNOWN	RESEARCH_ONLY; SOURCE_LICENSE_REVIEW_REQUIRED; NO_RAW_REDISTRIBUTION	VERIFY_SOURCE_AND_PREPROCESSING_PROVENANCE	CURRENT_HASH_NO_EXPECTED_HASH	auxiliary_or_historical_output
/Volumes/Extreme SSD/Utsav-Research-Archive/Sleep-GWAS/FAILED-PARTIAL-2026-09-01-sleep_gwas_atlas/results/logs/checkpoint_seven_traits/h2_bmi.log	1353		01a18d657c65156a769598aec29e53818870b7176732bdc4b8af0762c21a7770	UNKNOWN	UNKNOWN	UNKNOWN	UNKNOWN	UNKNOWN	RESEARCH_ONLY; SOURCE_LICENSE_REVIEW_REQUIRED; NO_RAW_REDISTRIBUTION	VERIFY_SOURCE_AND_PREPROCESSING_PROVENANCE	CURRENT_HASH_NO_EXPECTED_HASH	auxiliary_or_historical_output
/Volumes/Extreme SSD/Utsav-Research-Archive/Sleep-GWAS/FAILED-PARTIAL-2026-09-01-sleep_gwas_atlas/results/logs/checkpoint_seven_traits/h2_longevity.log	1414		105a12bc88736dfb695a8cf35b5ddc0c10676bf02831b86474031aad31f33d64	UNKNOWN	UNKNOWN	UNKNOWN	UNKNOWN	UNKNOWN	RESEARCH_ONLY; SOURCE_LICENSE_REVIEW_REQUIRED; NO_RAW_REDISTRIBUTION	VERIFY_SOURCE_AND_PREPROCESSING_PROVENANCE	CURRENT_HASH_NO_EXPECTED_HASH	auxiliary_or_historical_output
/Volumes/Extreme SSD/Utsav-Research-Archive/Sleep-GWAS/FAILED-PARTIAL-2026-09-01-sleep_gwas_atlas/results/logs/checkpoint_seven_traits/h2_sbp.log	1351		9f29127466bbd004bc94f8386748580e0ab42c7442a13881d673960a7afd1619	UNKNOWN	UNKNOWN	UNKNOWN	UNKNOWN	UNKNOWN	RESEARCH_ONLY; SOURCE_LICENSE_REVIEW_REQUIRED; NO_RAW_REDISTRIBUTION	VERIFY_SOURCE_AND_PREPROCESSING_PROVENANCE	CURRENT_HASH_NO_EXPECTED_HASH	auxiliary_or_historical_output
/Volumes/Extreme SSD/Utsav-Research-Archive/Sleep-GWAS/FAILED-PARTIAL-2026-09-01-sleep_gwas_atlas/results/logs/checkpoint_seven_traits/h2_scz.log	1396		5ece8c4c8f42cdee567c4085f0bfdb235461c8efa3098b3b66b96de9e5230dab	UNKNOWN	UNKNOWN	UNKNOWN	UNKNOWN	UNKNOWN	RESEARCH_ONLY; SOURCE_LICENSE_REVIEW_REQUIRED; NO_RAW_REDISTRIBUTION	VERIFY_SOURCE_AND_PREPROCESSING_PROVENANCE	CURRENT_HASH_NO_EXPECTED_HASH	auxiliary_or_historical_output
/Volumes/Extreme SSD/Utsav-Research-Archive/Sleep-GWAS/FAILED-PARTIAL-2026-09-01-sleep_gwas_atlas/results/logs/checkpoint_seven_traits/h2_snoring.log	1408		f8ecddde8e1295236c42f6c9d70e68507cbda9c8e0b541ecf9301d6430ba3de9	UNKNOWN	UNKNOWN	UNKNOWN	UNKNOWN	UNKNOWN	RESEARCH_ONLY; SOURCE_LICENSE_REVIEW_REQUIRED; NO_RAW_REDISTRIBUTION	VERIFY_SOURCE_AND_PREPROCESSING_PROVENANCE	CURRENT_HASH_NO_EXPECTED_HASH	auxiliary_or_historical_output
/Volumes/Extreme SSD/Utsav-Research-Archive/Sleep-GWAS/FAILED-PARTIAL-2026-09-01-sleep_gwas_atlas/results/logs/checkpoint_seven_traits/rg_snoring.log	6739		1e831546193982aba9024f074826b9a32f84146b3bbed82dc39b0280019af839	UNKNOWN	UNKNOWN	UNKNOWN	UNKNOWN	UNKNOWN	RESEARCH_ONLY; SOURCE_LICENSE_REVIEW_REQUIRED; NO_RAW_REDISTRIBUTION	VERIFY_SOURCE_AND_PREPROCESSING_PROVENANCE	CURRENT_HASH_NO_EXPECTED_HASH	auxiliary_or_historical_output
/Volumes/Extreme SSD/Utsav-Research-Archive/Sleep-GWAS/FAILED-PARTIAL-2026-09-01-sleep_gwas_atlas/results/logs/checkpoint_six_traits/h2_adhd.log	1397		265da3eba683f91ca3bdc628d13f5cd21f258a956cd6ee308cc644817f7337ce	UNKNOWN	UNKNOWN	UNKNOWN	UNKNOWN	UNKNOWN	RESEARCH_ONLY; SOURCE_LICENSE_REVIEW_REQUIRED; NO_RAW_REDISTRIBUTION	VERIFY_SOURCE_AND_PREPROCESSING_PROVENANCE	CURRENT_HASH_NO_EXPECTED_HASH	auxiliary_or_historical_output
/Volumes/Extreme SSD/Utsav-Research-Archive/Sleep-GWAS/FAILED-PARTIAL-2026-09-01-sleep_gwas_atlas/results/logs/checkpoint_six_traits/h2_atrial_fibrillation.log	1440		021c7d42faa32f4f332ae2cb8cda28f67692feb9686f7430f4c24d6c3fbfea49	UNKNOWN	UNKNOWN	UNKNOWN	UNKNOWN	UNKNOWN	RESEARCH_ONLY; SOURCE_LICENSE_REVIEW_REQUIRED; NO_RAW_REDISTRIBUTION	VERIFY_SOURCE_AND_PREPROCESSING_PROVENANCE	CURRENT_HASH_NO_EXPECTED_HASH	auxiliary_or_historical_output
/Volumes/Extreme SSD/Utsav-Research-Archive/Sleep-GWAS/FAILED-PARTIAL-2026-09-01-sleep_gwas_atlas/results/logs/checkpoint_six_traits/h2_bmi.log	1351		74860cc29b3a8d2a9d6aa7fce39bcafee383a07183307958465965c2e8973d6f	UNKNOWN	UNKNOWN	UNKNOWN	UNKNOWN	UNKNOWN	RESEARCH_ONLY; SOURCE_LICENSE_REVIEW_REQUIRED; NO_RAW_REDISTRIBUTION	VERIFY_SOURCE_AND_PREPROCESSING_PROVENANCE	CURRENT_HASH_NO_EXPECTED_HASH	auxiliary_or_historical_output
/Volumes/Extreme SSD/Utsav-Research-Archive/Sleep-GWAS/FAILED-PARTIAL-2026-09-01-sleep_gwas_atlas/results/logs/checkpoint_six_traits/h2_longevity.log	1411		e8cc6d3c3c5843eab21b063d1b22a7ecec593c0c735b9ddc8e1d49335e856aee	UNKNOWN	UNKNOWN	UNKNOWN	UNKNOWN	UNKNOWN	RESEARCH_ONLY; SOURCE_LICENSE_REVIEW_REQUIRED; NO_RAW_REDISTRIBUTION	VERIFY_SOURCE_AND_PREPROCESSING_PROVENANCE	CURRENT_HASH_NO_EXPECTED_HASH	auxiliary_or_historical_output
/Volumes/Extreme SSD/Utsav-Research-Archive/Sleep-GWAS/FAILED-PARTIAL-2026-09-01-sleep_gwas_atlas/results/logs/checkpoint_six_traits/h2_sbp.log	1349		60a10e7e6ee9c68f9642b000eda972b34f53b8b084935a5da136eb94c6854a11	UNKNOWN	UNKNOWN	UNKNOWN	UNKNOWN	UNKNOWN	RESEARCH_ONLY; SOURCE_LICENSE_REVIEW_REQUIRED; NO_RAW_REDISTRIBUTION	VERIFY_SOURCE_AND_PREPROCESSING_PROVENANCE	CURRENT_HASH_NO_EXPECTED_HASH	auxiliary_or_historical_output
/Volumes/Extreme SSD/Utsav-Research-Archive/Sleep-GWAS/FAILED-PARTIAL-2026-09-01-sleep_gwas_atlas/results/logs/checkpoint_six_traits/h2_snoring.log	1406		c9e9b1a0a90bc5825f7a0f3c2ee0fb05bc113baca06bed8b2a82cfe540e6c3e4	UNKNOWN	UNKNOWN	UNKNOWN	UNKNOWN	UNKNOWN	RESEARCH_ONLY; SOURCE_LICENSE_REVIEW_REQUIRED; NO_RAW_REDISTRIBUTION	VERIFY_SOURCE_AND_PREPROCESSING_PROVENANCE	CURRENT_HASH_NO_EXPECTED_HASH	auxiliary_or_historical_output
/Volumes/Extreme SSD/Utsav-Research-Archive/Sleep-GWAS/FAILED-PARTIAL-2026-09-01-sleep_gwas_atlas/results/logs/checkpoint_six_traits/rg_snoring.log	5884		30b8480de8a0da4ae412e523f54a033ee087067bbc708086dc94d162e756809b	UNKNOWN	UNKNOWN	UNKNOWN	UNKNOWN	UNKNOWN	RESEARCH_ONLY; SOURCE_LICENSE_REVIEW_REQUIRED; NO_RAW_REDISTRIBUTION	VERIFY_SOURCE_AND_PREPROCESSING_PROVENANCE	CURRENT_HASH_NO_EXPECTED_HASH	auxiliary_or_historical_output
/Volumes/Extreme SSD/Utsav-Research-Archive/Sleep-GWAS/FAILED-PARTIAL-2026-09-01-sleep_gwas_atlas/results/logs/checkpoint_stroke/h2_stroke.log	1397		8396bd5bd85202964b51487571e0d094593afaef261c123820e9f646d0df1b8c	UNKNOWN	UNKNOWN	UNKNOWN	UNKNOWN	UNKNOWN	RESEARCH_ONLY; SOURCE_LICENSE_REVIEW_REQUIRED; NO_RAW_REDISTRIBUTION	VERIFY_SOURCE_AND_PREPROCESSING_PROVENANCE	CURRENT_HASH_NO_EXPECTED_HASH	auxiliary_or_historical_output
/Volumes/Extreme SSD/Utsav-Research-Archive/Sleep-GWAS/FAILED-PARTIAL-2026-09-01-sleep_gwas_atlas/results/logs/checkpoint_ten_traits/h2_adhd.log	1397		1eb2784baf89c418edc2a69727295e202b8fa9b49a68fed3f28ac8739479dd14	UNKNOWN	UNKNOWN	UNKNOWN	UNKNOWN	UNKNOWN	RESEARCH_ONLY; SOURCE_LICENSE_REVIEW_REQUIRED; NO_RAW_REDISTRIBUTION	VERIFY_SOURCE_AND_PREPROCESSING_PROVENANCE	CURRENT_HASH_NO_EXPECTED_HASH	auxiliary_or_historical_output
/Volumes/Extreme SSD/Utsav-Research-Archive/Sleep-GWAS/FAILED-PARTIAL-2026-09-01-sleep_gwas_atlas/results/logs/checkpoint_ten_traits/h2_atrial_fibrillation.log	1440		3c1c9b3e3c99f25e6f78bb689fe3151256912a646851817e8c1cdb302cbff48c	UNKNOWN	UNKNOWN	UNKNOWN	UNKNOWN	UNKNOWN	RESEARCH_ONLY; SOURCE_LICENSE_REVIEW_REQUIRED; NO_RAW_REDISTRIBUTION	VERIFY_SOURCE_AND_PREPROCESSING_PROVENANCE	CURRENT_HASH_NO_EXPECTED_HASH	auxiliary_or_historical_output
/Volumes/Extreme SSD/Utsav-Research-Archive/Sleep-GWAS/FAILED-PARTIAL-2026-09-01-sleep_gwas_atlas/results/logs/checkpoint_ten_traits/h2_bmi.log	1351		2356bb95046325c67f8891a1795df377a3606f0c7ad2e45631185c20581f9c5e	UNKNOWN	UNKNOWN	UNKNOWN	UNKNOWN	UNKNOWN	RESEARCH_ONLY; SOURCE_LICENSE_REVIEW_REQUIRED; NO_RAW_REDISTRIBUTION	VERIFY_SOURCE_AND_PREPROCESSING_PROVENANCE	CURRENT_HASH_NO_EXPECTED_HASH	auxiliary_or_historical_output
/Volumes/Extreme SSD/Utsav-Research-Archive/Sleep-GWAS/FAILED-PARTIAL-2026-09-01-sleep_gwas_atlas/results/logs/checkpoint_ten_traits/h2_crohn.log	1400		0e0f2f0d19a87018954d2715d91b505ae004fad0730c81aff19ff7e204b93dec	UNKNOWN	UNKNOWN	UNKNOWN	UNKNOWN	UNKNOWN	RESEARCH_ONLY; SOURCE_LICENSE_REVIEW_REQUIRED; NO_RAW_REDISTRIBUTION	VERIFY_SOURCE_AND_PREPROCESSING_PROVENANCE	CURRENT_HASH_NO_EXPECTED_HASH	auxiliary_or_historical_output
/Volumes/Extreme SSD/Utsav-Research-Archive/Sleep-GWAS/FAILED-PARTIAL-2026-09-01-sleep_gwas_atlas/results/logs/checkpoint_ten_traits/h2_insomnia.log	1409		b8c234a43e3e4c1ddb84bdf73a506369ccdd1e0e43d3c71e2a1f77dce2ad0211	UNKNOWN	UNKNOWN	UNKNOWN	UNKNOWN	UNKNOWN	RESEARCH_ONLY; SOURCE_LICENSE_REVIEW_REQUIRED; NO_RAW_REDISTRIBUTION	VERIFY_SOURCE_AND_PREPROCESSING_PROVENANCE	CURRENT_HASH_NO_EXPECTED_HASH	auxiliary_or_historical_output
/Volumes/Extreme SSD/Utsav-Research-Archive/Sleep-GWAS/FAILED-PARTIAL-2026-09-01-sleep_gwas_atlas/results/logs/checkpoint_ten_traits/h2_longevity.log	1412		66b0991943c11724b43e1d10f44d2ff12278e4398da8049f5add7e2d3b3d7154	UNKNOWN	UNKNOWN	UNKNOWN	UNKNOWN	UNKNOWN	RESEARCH_ONLY; SOURCE_LICENSE_REVIEW_REQUIRED; NO_RAW_REDISTRIBUTION	VERIFY_SOURCE_AND_PREPROCESSING_PROVENANCE	CURRENT_HASH_NO_EXPECTED_HASH	auxiliary_or_historical_output
/Volumes/Extreme SSD/Utsav-Research-Archive/Sleep-GWAS/FAILED-PARTIAL-2026-09-01-sleep_gwas_atlas/results/logs/checkpoint_ten_traits/h2_sbp.log	1349		b7ccfccf567b0e4222d0379f1c135fc6fbccded41873fc3bfa2ad4e2f52c77d3	UNKNOWN	UNKNOWN	UNKNOWN	UNKNOWN	UNKNOWN	RESEARCH_ONLY; SOURCE_LICENSE_REVIEW_REQUIRED; NO_RAW_REDISTRIBUTION	VERIFY_SOURCE_AND_PREPROCESSING_PROVENANCE	CURRENT_HASH_NO_EXPECTED_HASH	auxiliary_or_historical_output
/Volumes/Extreme SSD/Utsav-Research-Archive/Sleep-GWAS/FAILED-PARTIAL-2026-09-01-sleep_gwas_atlas/results/logs/checkpoint_ten_traits/h2_scz.log	1394		b75e101667a887bdead011b83f5f8203f990b97bdcd269299dbd2a3258a70c7c	UNKNOWN	UNKNOWN	UNKNOWN	UNKNOWN	UNKNOWN	RESEARCH_ONLY; SOURCE_LICENSE_REVIEW_REQUIRED; NO_RAW_REDISTRIBUTION	VERIFY_SOURCE_AND_PREPROCESSING_PROVENANCE	CURRENT_HASH_NO_EXPECTED_HASH	auxiliary_or_historical_output
/Volumes/Extreme SSD/Utsav-Research-Archive/Sleep-GWAS/FAILED-PARTIAL-2026-09-01-sleep_gwas_atlas/results/logs/checkpoint_ten_traits/h2_snoring.log	1406		e8f4080d77fcc3764544246eb6c6c79bdcb4ff354798571433b04fbabd668a69	UNKNOWN	UNKNOWN	UNKNOWN	UNKNOWN	UNKNOWN	RESEARCH_ONLY; SOURCE_LICENSE_REVIEW_REQUIRED; NO_RAW_REDISTRIBUTION	VERIFY_SOURCE_AND_PREPROCESSING_PROVENANCE	CURRENT_HASH_NO_EXPECTED_HASH	auxiliary_or_historical_output
/Volumes/Extreme SSD/Utsav-Research-Archive/Sleep-GWAS/FAILED-PARTIAL-2026-09-01-sleep_gwas_atlas/results/logs/checkpoint_ten_traits/h2_stroke.log	1402		2cab422b971c795a2251184b9dd4883ab7bf167f1204e063ecd8e6f400cb53e7	UNKNOWN	UNKNOWN	UNKNOWN	UNKNOWN	UNKNOWN	RESEARCH_ONLY; SOURCE_LICENSE_REVIEW_REQUIRED; NO_RAW_REDISTRIBUTION	VERIFY_SOURCE_AND_PREPROCESSING_PROVENANCE	CURRENT_HASH_NO_EXPECTED_HASH	auxiliary_or_historical_output
/Volumes/Extreme SSD/Utsav-Research-Archive/Sleep-GWAS/FAILED-PARTIAL-2026-09-01-sleep_gwas_atlas/results/logs/checkpoint_ten_traits/rg_insomnia.log	8455		ed2f08b98381655955bbceb323b0999e15011b6bd4ce51711efa2a562953e040	UNKNOWN	UNKNOWN	UNKNOWN	UNKNOWN	UNKNOWN	RESEARCH_ONLY; SOURCE_LICENSE_REVIEW_REQUIRED; NO_RAW_REDISTRIBUTION	VERIFY_SOURCE_AND_PREPROCESSING_PROVENANCE	CURRENT_HASH_NO_EXPECTED_HASH	auxiliary_or_historical_output
/Volumes/Extreme SSD/Utsav-Research-Archive/Sleep-GWAS/FAILED-PARTIAL-2026-09-01-sleep_gwas_atlas/results/logs/checkpoint_ten_traits/rg_snoring.log	8448		6b60ceac44b80cbd4c2c65882b764db2f2f2d1e61cf76f0956cf82de6b088ecd	UNKNOWN	UNKNOWN	UNKNOWN	UNKNOWN	UNKNOWN	RESEARCH_ONLY; SOURCE_LICENSE_REVIEW_REQUIRED; NO_RAW_REDISTRIBUTION	VERIFY_SOURCE_AND_PREPROCESSING_PROVENANCE	CURRENT_HASH_NO_EXPECTED_HASH	auxiliary_or_historical_output
/Volumes/Extreme SSD/Utsav-Research-Archive/Sleep-GWAS/FAILED-PARTIAL-2026-09-01-sleep_gwas_atlas/results/logs/checkpoint_thirteen_traits/h2_adhd.log	1402		7764efa789e69c2acdab47b797675b68d0c98e37d3346bcb3d1826926c8cf1bf	UNKNOWN	UNKNOWN	UNKNOWN	UNKNOWN	UNKNOWN	RESEARCH_ONLY; SOURCE_LICENSE_REVIEW_REQUIRED; NO_RAW_REDISTRIBUTION	VERIFY_SOURCE_AND_PREPROCESSING_PROVENANCE	CURRENT_HASH_NO_EXPECTED_HASH	auxiliary_or_historical_output
/Volumes/Extreme SSD/Utsav-Research-Archive/Sleep-GWAS/FAILED-PARTIAL-2026-09-01-sleep_gwas_atlas/results/logs/checkpoint_thirteen_traits/h2_atrial_fibrillation.log	1445		c1004d0e0a10b6cae8ef11dd1c73adf728cc43c7142f29bef2789d03a7b58fdb	UNKNOWN	UNKNOWN	UNKNOWN	UNKNOWN	UNKNOWN	RESEARCH_ONLY; SOURCE_LICENSE_REVIEW_REQUIRED; NO_RAW_REDISTRIBUTION	VERIFY_SOURCE_AND_PREPROCESSING_PROVENANCE	CURRENT_HASH_NO_EXPECTED_HASH	auxiliary_or_historical_output
/Volumes/Extreme SSD/Utsav-Research-Archive/Sleep-GWAS/FAILED-PARTIAL-2026-09-01-sleep_gwas_atlas/results/logs/checkpoint_thirteen_traits/h2_bmi.log	1356		0d6c3dec00c73738704e78a785130dc57829b0f9118a18c3e78d55231e16859b	UNKNOWN	UNKNOWN	UNKNOWN	UNKNOWN	UNKNOWN	RESEARCH_ONLY; SOURCE_LICENSE_REVIEW_REQUIRED; NO_RAW_REDISTRIBUTION	VERIFY_SOURCE_AND_PREPROCESSING_PROVENANCE	CURRENT_HASH_NO_EXPECTED_HASH	auxiliary_or_historical_output
/Volumes/Extreme SSD/Utsav-Research-Archive/Sleep-GWAS/FAILED-PARTIAL-2026-09-01-sleep_gwas_atlas/results/logs/checkpoint_thirteen_traits/h2_crohn.log	1405		4d039205ae4efffc6347bc81a1f3670d7e4fc983dbadbc3326ea803ed3436c73	UNKNOWN	UNKNOWN	UNKNOWN	UNKNOWN	UNKNOWN	RESEARCH_ONLY; SOURCE_LICENSE_REVIEW_REQUIRED; NO_RAW_REDISTRIBUTION	VERIFY_SOURCE_AND_PREPROCESSING_PROVENANCE	CURRENT_HASH_NO_EXPECTED_HASH	auxiliary_or_historical_output
/Volumes/Extreme SSD/Utsav-Research-Archive/Sleep-GWAS/FAILED-PARTIAL-2026-09-01-sleep_gwas_atlas/results/logs/checkpoint_thirteen_traits/h2_insomnia.log	1414		d363aea8e18fd9b2f40456c49d244ffb0aa8247e549c2f1373dfc0531b22d138	UNKNOWN	UNKNOWN	UNKNOWN	UNKNOWN	UNKNOWN	RESEARCH_ONLY; SOURCE_LICENSE_REVIEW_REQUIRED; NO_RAW_REDISTRIBUTION	VERIFY_SOURCE_AND_PREPROCESSING_PROVENANCE	CURRENT_HASH_NO_EXPECTED_HASH	auxiliary_or_historical_output
/Volumes/Extreme SSD/Utsav-Research-Archive/Sleep-GWAS/FAILED-PARTIAL-2026-09-01-sleep_gwas_atlas/results/logs/checkpoint_thirteen_traits/h2_longevity.log	1417		6f7087e8bd15b6efc4823b62e23bcb53059f574a445cc6d77f03c2ccbd2096db	UNKNOWN	UNKNOWN	UNKNOWN	UNKNOWN	UNKNOWN	RESEARCH_ONLY; SOURCE_LICENSE_REVIEW_REQUIRED; NO_RAW_REDISTRIBUTION	VERIFY_SOURCE_AND_PREPROCESSING_PROVENANCE	CURRENT_HASH_NO_EXPECTED_HASH	auxiliary_or_historical_output
/Volumes/Extreme SSD/Utsav-Research-Archive/Sleep-GWAS/FAILED-PARTIAL-2026-09-01-sleep_gwas_atlas/results/logs/checkpoint_thirteen_traits/h2_parental_lifespan.log	1398		f83048902679d8925cbc6a8fc2ef8192de59210a4c75e3e1dee13e1c6a10a412	UNKNOWN	UNKNOWN	UNKNOWN	UNKNOWN	UNKNOWN	RESEARCH_ONLY; SOURCE_LICENSE_REVIEW_REQUIRED; NO_RAW_REDISTRIBUTION	VERIFY_SOURCE_AND_PREPROCESSING_PROVENANCE	CURRENT_HASH_NO_EXPECTED_HASH	auxiliary_or_historical_output
/Volumes/Extreme SSD/Utsav-Research-Archive/Sleep-GWAS/FAILED-PARTIAL-2026-09-01-sleep_gwas_atlas/results/logs/checkpoint_thirteen_traits/h2_ra.log	1395		b87ff9ae37295387a957808828846030cd2eb0661a7b07e62f51db7b593cec88	UNKNOWN	UNKNOWN	UNKNOWN	UNKNOWN	UNKNOWN	RESEARCH_ONLY; SOURCE_LICENSE_REVIEW_REQUIRED; NO_RAW_REDISTRIBUTION	VERIFY_SOURCE_AND_PREPROCESSING_PROVENANCE	CURRENT_HASH_NO_EXPECTED_HASH	auxiliary_or_historical_output
/Volumes/Extreme SSD/Utsav-Research-Archive/Sleep-GWAS/FAILED-PARTIAL-2026-09-01-sleep_gwas_atlas/results/logs/checkpoint_thirteen_traits/h2_sbp.log	1354		7e5f3b56ef105da9592e69afb8445f70de875f02ae3a8abb319e6888eaeb1103	UNKNOWN	UNKNOWN	UNKNOWN	UNKNOWN	UNKNOWN	RESEARCH_ONLY; SOURCE_LICENSE_REVIEW_REQUIRED; NO_RAW_REDISTRIBUTION	VERIFY_SOURCE_AND_PREPROCESSING_PROVENANCE	CURRENT_HASH_NO_EXPECTED_HASH	auxiliary_or_historical_output
/Volumes/Extreme SSD/Utsav-Research-Archive/Sleep-GWAS/FAILED-PARTIAL-2026-09-01-sleep_gwas_atlas/results/logs/checkpoint_thirteen_traits/h2_scz.log	1399		a869022ebae33be6e1fb361409a3b116cfb9b281cd01a910a726fd94d0a64889	UNKNOWN	UNKNOWN	UNKNOWN	UNKNOWN	UNKNOWN	RESEARCH_ONLY; SOURCE_LICENSE_REVIEW_REQUIRED; NO_RAW_REDISTRIBUTION	VERIFY_SOURCE_AND_PREPROCESSING_PROVENANCE	CURRENT_HASH_NO_EXPECTED_HASH	auxiliary_or_historical_output
/Volumes/Extreme SSD/Utsav-Research-Archive/Sleep-GWAS/FAILED-PARTIAL-2026-09-01-sleep_gwas_atlas/results/logs/checkpoint_thirteen_traits/h2_snoring.log	1411		63e5437ef809b95cf7089d9dd0f5b9bdd682ccfaa715572ebed026f58e04818b	UNKNOWN	UNKNOWN	UNKNOWN	UNKNOWN	UNKNOWN	RESEARCH_ONLY; SOURCE_LICENSE_REVIEW_REQUIRED; NO_RAW_REDISTRIBUTION	VERIFY_SOURCE_AND_PREPROCESSING_PROVENANCE	CURRENT_HASH_NO_EXPECTED_HASH	auxiliary_or_historical_output
/Volumes/Extreme SSD/Utsav-Research-Archive/Sleep-GWAS/FAILED-PARTIAL-2026-09-01-sleep_gwas_atlas/results/logs/checkpoint_thirteen_traits/h2_stroke.log	1407		3145ba6ba8ac4e80af9af75fb0d49575d7a436595f8f66a997e9a177a861a632	UNKNOWN	UNKNOWN	UNKNOWN	UNKNOWN	UNKNOWN	RESEARCH_ONLY; SOURCE_LICENSE_REVIEW_REQUIRED; NO_RAW_REDISTRIBUTION	VERIFY_SOURCE_AND_PREPROCESSING_PROVENANCE	CURRENT_HASH_NO_EXPECTED_HASH	auxiliary_or_historical_output
/Volumes/Extreme SSD/Utsav-Research-Archive/Sleep-GWAS/FAILED-PARTIAL-2026-09-01-sleep_gwas_atlas/results/logs/checkpoint_thirteen_traits/h2_uc.log	1397		f276de40e1537f415026efa0e7fa91212719e34e96604a3d832d9018ec2c6200	UNKNOWN	UNKNOWN	UNKNOWN	UNKNOWN	UNKNOWN	RESEARCH_ONLY; SOURCE_LICENSE_REVIEW_REQUIRED; NO_RAW_REDISTRIBUTION	VERIFY_SOURCE_AND_PREPROCESSING_PROVENANCE	CURRENT_HASH_NO_EXPECTED_HASH	auxiliary_or_historical_output
/Volumes/Extreme SSD/Utsav-Research-Archive/Sleep-GWAS/FAILED-PARTIAL-2026-09-01-sleep_gwas_atlas/results/logs/checkpoint_thirteen_traits/rg_insomnia.log	11085		06e74616b12c87a0755e5b4c853438996c3d46185b548f3b06ec61107aec51d3	UNKNOWN	UNKNOWN	UNKNOWN	UNKNOWN	UNKNOWN	RESEARCH_ONLY; SOURCE_LICENSE_REVIEW_REQUIRED; NO_RAW_REDISTRIBUTION	VERIFY_SOURCE_AND_PREPROCESSING_PROVENANCE	CURRENT_HASH_NO_EXPECTED_HASH	auxiliary_or_historical_output
/Volumes/Extreme SSD/Utsav-Research-Archive/Sleep-GWAS/FAILED-PARTIAL-2026-09-01-sleep_gwas_atlas/results/logs/checkpoint_thirteen_traits/rg_snoring.log	11072		ba506d958ffe9dbdd58ce49c2690e5b41e6edc1e85bd6d8465331ea0ec8dbe69	UNKNOWN	UNKNOWN	UNKNOWN	UNKNOWN	UNKNOWN	RESEARCH_ONLY; SOURCE_LICENSE_REVIEW_REQUIRED; NO_RAW_REDISTRIBUTION	VERIFY_SOURCE_AND_PREPROCESSING_PROVENANCE	CURRENT_HASH_NO_EXPECTED_HASH	auxiliary_or_historical_output
/Volumes/Extreme SSD/Utsav-Research-Archive/Sleep-GWAS/FAILED-PARTIAL-2026-09-01-sleep_gwas_atlas/results/logs/checkpoint_three_traits/h2_bmi.log	1353		778c5babedaf8afacdfe3432ed81d129d5c405e701281b2cac91b75928fae308	UNKNOWN	UNKNOWN	UNKNOWN	UNKNOWN	UNKNOWN	RESEARCH_ONLY; SOURCE_LICENSE_REVIEW_REQUIRED; NO_RAW_REDISTRIBUTION	VERIFY_SOURCE_AND_PREPROCESSING_PROVENANCE	CURRENT_HASH_NO_EXPECTED_HASH	auxiliary_or_historical_output
/Volumes/Extreme SSD/Utsav-Research-Archive/Sleep-GWAS/FAILED-PARTIAL-2026-09-01-sleep_gwas_atlas/results/logs/checkpoint_three_traits/h2_longevity.log	1413		501577d0f81d35fc4a98426c731321f5100e2b00129e01ca11389f4bd8598e21	UNKNOWN	UNKNOWN	UNKNOWN	UNKNOWN	UNKNOWN	RESEARCH_ONLY; SOURCE_LICENSE_REVIEW_REQUIRED; NO_RAW_REDISTRIBUTION	VERIFY_SOURCE_AND_PREPROCESSING_PROVENANCE	CURRENT_HASH_NO_EXPECTED_HASH	auxiliary_or_historical_output
/Volumes/Extreme SSD/Utsav-Research-Archive/Sleep-GWAS/FAILED-PARTIAL-2026-09-01-sleep_gwas_atlas/results/logs/checkpoint_three_traits/h2_snoring.log	1408		50a868e4d6fa68d87c0205b7814ecee23bdc811451bc091ff2c6e3dee1e54e00	UNKNOWN	UNKNOWN	UNKNOWN	UNKNOWN	UNKNOWN	RESEARCH_ONLY; SOURCE_LICENSE_REVIEW_REQUIRED; NO_RAW_REDISTRIBUTION	VERIFY_SOURCE_AND_PREPROCESSING_PROVENANCE	CURRENT_HASH_NO_EXPECTED_HASH	auxiliary_or_historical_output
/Volumes/Extreme SSD/Utsav-Research-Archive/Sleep-GWAS/FAILED-PARTIAL-2026-09-01-sleep_gwas_atlas/results/logs/checkpoint_three_traits/rg_snoring.log	3278		686d73818afd6dec63f98c45fa2cc09e8af412892be183e183e374d11d270622	UNKNOWN	UNKNOWN	UNKNOWN	UNKNOWN	UNKNOWN	RESEARCH_ONLY; SOURCE_LICENSE_REVIEW_REQUIRED; NO_RAW_REDISTRIBUTION	VERIFY_SOURCE_AND_PREPROCESSING_PROVENANCE	CURRENT_HASH_NO_EXPECTED_HASH	auxiliary_or_historical_output
/Volumes/Extreme SSD/Utsav-Research-Archive/Sleep-GWAS/FAILED-PARTIAL-2026-09-01-sleep_gwas_atlas/results/logs/checkpoint_twelve_traits/h2_adhd.log	1400		7be5a1fd03a4435bbeceab48351fa528f53aaca717112e97d9faa4e984136cae	UNKNOWN	UNKNOWN	UNKNOWN	UNKNOWN	UNKNOWN	RESEARCH_ONLY; SOURCE_LICENSE_REVIEW_REQUIRED; NO_RAW_REDISTRIBUTION	VERIFY_SOURCE_AND_PREPROCESSING_PROVENANCE	CURRENT_HASH_NO_EXPECTED_HASH	auxiliary_or_historical_output
/Volumes/Extreme SSD/Utsav-Research-Archive/Sleep-GWAS/FAILED-PARTIAL-2026-09-01-sleep_gwas_atlas/results/logs/checkpoint_twelve_traits/h2_atrial_fibrillation.log	1443		5829b2f9652ac47ed368a360f0936f9d2e760f2310cbca6845254adebf6ac585	UNKNOWN	UNKNOWN	UNKNOWN	UNKNOWN	UNKNOWN	RESEARCH_ONLY; SOURCE_LICENSE_REVIEW_REQUIRED; NO_RAW_REDISTRIBUTION	VERIFY_SOURCE_AND_PREPROCESSING_PROVENANCE	CURRENT_HASH_NO_EXPECTED_HASH	auxiliary_or_historical_output
/Volumes/Extreme SSD/Utsav-Research-Archive/Sleep-GWAS/FAILED-PARTIAL-2026-09-01-sleep_gwas_atlas/results/logs/checkpoint_twelve_traits/h2_bmi.log	1354		096b160df2814e9e57f313fbe4e971ed2b954364f66dbfcf21d8118b4ccc53ae	UNKNOWN	UNKNOWN	UNKNOWN	UNKNOWN	UNKNOWN	RESEARCH_ONLY; SOURCE_LICENSE_REVIEW_REQUIRED; NO_RAW_REDISTRIBUTION	VERIFY_SOURCE_AND_PREPROCESSING_PROVENANCE	CURRENT_HASH_NO_EXPECTED_HASH	auxiliary_or_historical_output
/Volumes/Extreme SSD/Utsav-Research-Archive/Sleep-GWAS/FAILED-PARTIAL-2026-09-01-sleep_gwas_atlas/results/logs/checkpoint_twelve_traits/h2_crohn.log	1402		535f2943fe0f927555b7c4a91ab2b8365b2a0ee0cc181d511a51e07fee521a2c	UNKNOWN	UNKNOWN	UNKNOWN	UNKNOWN	UNKNOWN	RESEARCH_ONLY; SOURCE_LICENSE_REVIEW_REQUIRED; NO_RAW_REDISTRIBUTION	VERIFY_SOURCE_AND_PREPROCESSING_PROVENANCE	CURRENT_HASH_NO_EXPECTED_HASH	auxiliary_or_historical_output
/Volumes/Extreme SSD/Utsav-Research-Archive/Sleep-GWAS/FAILED-PARTIAL-2026-09-01-sleep_gwas_atlas/results/logs/checkpoint_twelve_traits/h2_insomnia.log	1412		9150bf005e8782bc54c0cf6d56c39531132645c9e07fd8d67ba35bec41382830	UNKNOWN	UNKNOWN	UNKNOWN	UNKNOWN	UNKNOWN	RESEARCH_ONLY; SOURCE_LICENSE_REVIEW_REQUIRED; NO_RAW_REDISTRIBUTION	VERIFY_SOURCE_AND_PREPROCESSING_PROVENANCE	CURRENT_HASH_NO_EXPECTED_HASH	auxiliary_or_historical_output
/Volumes/Extreme SSD/Utsav-Research-Archive/Sleep-GWAS/FAILED-PARTIAL-2026-09-01-sleep_gwas_atlas/results/logs/checkpoint_twelve_traits/h2_longevity.log	1415		1a2fb879f37cc79dda44a3f4db358329a73de76dd1481e58899989648d01eb70	UNKNOWN	UNKNOWN	UNKNOWN	UNKNOWN	UNKNOWN	RESEARCH_ONLY; SOURCE_LICENSE_REVIEW_REQUIRED; NO_RAW_REDISTRIBUTION	VERIFY_SOURCE_AND_PREPROCESSING_PROVENANCE	CURRENT_HASH_NO_EXPECTED_HASH	auxiliary_or_historical_output
/Volumes/Extreme SSD/Utsav-Research-Archive/Sleep-GWAS/FAILED-PARTIAL-2026-09-01-sleep_gwas_atlas/results/logs/checkpoint_twelve_traits/h2_parental_lifespan.log	1397		b24c342cd302abf8a26c41ed268886b36ff5566261c469858e904427790c44f9	UNKNOWN	UNKNOWN	UNKNOWN	UNKNOWN	UNKNOWN	RESEARCH_ONLY; SOURCE_LICENSE_REVIEW_REQUIRED; NO_RAW_REDISTRIBUTION	VERIFY_SOURCE_AND_PREPROCESSING_PROVENANCE	CURRENT_HASH_NO_EXPECTED_HASH	auxiliary_or_historical_output
/Volumes/Extreme SSD/Utsav-Research-Archive/Sleep-GWAS/FAILED-PARTIAL-2026-09-01-sleep_gwas_atlas/results/logs/checkpoint_twelve_traits/h2_ra.log	1393		9dafc14cb2f4af1d4a0c29d7167f2a435f0ce3d726ee675fb0542d9efa47741b	UNKNOWN	UNKNOWN	UNKNOWN	UNKNOWN	UNKNOWN	RESEARCH_ONLY; SOURCE_LICENSE_REVIEW_REQUIRED; NO_RAW_REDISTRIBUTION	VERIFY_SOURCE_AND_PREPROCESSING_PROVENANCE	CURRENT_HASH_NO_EXPECTED_HASH	auxiliary_or_historical_output
/Volumes/Extreme SSD/Utsav-Research-Archive/Sleep-GWAS/FAILED-PARTIAL-2026-09-01-sleep_gwas_atlas/results/logs/checkpoint_twelve_traits/h2_sbp.log	1352		8beaaee095e1bb283b26e9f922a3255407e5e18828fc5257aedbe3fb0d89a374	UNKNOWN	UNKNOWN	UNKNOWN	UNKNOWN	UNKNOWN	RESEARCH_ONLY; SOURCE_LICENSE_REVIEW_REQUIRED; NO_RAW_REDISTRIBUTION	VERIFY_SOURCE_AND_PREPROCESSING_PROVENANCE	CURRENT_HASH_NO_EXPECTED_HASH	auxiliary_or_historical_output
/Volumes/Extreme SSD/Utsav-Research-Archive/Sleep-GWAS/FAILED-PARTIAL-2026-09-01-sleep_gwas_atlas/results/logs/checkpoint_twelve_traits/h2_scz.log	1396		5aa00abbd61b74065e2f98d6521a5f6932d0a167c81dcd75bc8f03aaff49342c	UNKNOWN	UNKNOWN	UNKNOWN	UNKNOWN	UNKNOWN	RESEARCH_ONLY; SOURCE_LICENSE_REVIEW_REQUIRED; NO_RAW_REDISTRIBUTION	VERIFY_SOURCE_AND_PREPROCESSING_PROVENANCE	CURRENT_HASH_NO_EXPECTED_HASH	auxiliary_or_historical_output
/Volumes/Extreme SSD/Utsav-Research-Archive/Sleep-GWAS/FAILED-PARTIAL-2026-09-01-sleep_gwas_atlas/results/logs/checkpoint_twelve_traits/h2_snoring.log	1409		5d3202654672063911a08b9fd3d4c5266951228f6bb9f6ec63bd95c87548b941	UNKNOWN	UNKNOWN	UNKNOWN	UNKNOWN	UNKNOWN	RESEARCH_ONLY; SOURCE_LICENSE_REVIEW_REQUIRED; NO_RAW_REDISTRIBUTION	VERIFY_SOURCE_AND_PREPROCESSING_PROVENANCE	CURRENT_HASH_NO_EXPECTED_HASH	auxiliary_or_historical_output
/Volumes/Extreme SSD/Utsav-Research-Archive/Sleep-GWAS/FAILED-PARTIAL-2026-09-01-sleep_gwas_atlas/results/logs/checkpoint_twelve_traits/h2_stroke.log	1404		bda028c0d41f05cee2776f7f1c117137b9323914e871a963b709b41bf47c5b00	UNKNOWN	UNKNOWN	UNKNOWN	UNKNOWN	UNKNOWN	RESEARCH_ONLY; SOURCE_LICENSE_REVIEW_REQUIRED; NO_RAW_REDISTRIBUTION	VERIFY_SOURCE_AND_PREPROCESSING_PROVENANCE	CURRENT_HASH_NO_EXPECTED_HASH	auxiliary_or_historical_output
/Volumes/Extreme SSD/Utsav-Research-Archive/Sleep-GWAS/FAILED-PARTIAL-2026-09-01-sleep_gwas_atlas/results/logs/checkpoint_twelve_traits/rg_insomnia.log	10226		30906e7a1a808d6ea3ac77e8f1fe736f4e96601a9d18cdaa41a052f13d9640cc	UNKNOWN	UNKNOWN	UNKNOWN	UNKNOWN	UNKNOWN	RESEARCH_ONLY; SOURCE_LICENSE_REVIEW_REQUIRED; NO_RAW_REDISTRIBUTION	VERIFY_SOURCE_AND_PREPROCESSING_PROVENANCE	CURRENT_HASH_NO_EXPECTED_HASH	auxiliary_or_historical_output
/Volumes/Extreme SSD/Utsav-Research-Archive/Sleep-GWAS/FAILED-PARTIAL-2026-09-01-sleep_gwas_atlas/results/logs/checkpoint_twelve_traits/rg_snoring.log	10215		61b6ac985120e66e82a2ae7e295db2d716ffcd471d3ce8a2ebeff466cba744d7	UNKNOWN	UNKNOWN	UNKNOWN	UNKNOWN	UNKNOWN	RESEARCH_ONLY; SOURCE_LICENSE_REVIEW_REQUIRED; NO_RAW_REDISTRIBUTION	VERIFY_SOURCE_AND_PREPROCESSING_PROVENANCE	CURRENT_HASH_NO_EXPECTED_HASH	auxiliary_or_historical_output
/Volumes/Extreme SSD/Utsav-Research-Archive/Sleep-GWAS/FAILED-PARTIAL-2026-09-01-sleep_gwas_atlas/results/logs/checkpoint_uc/h2_uc.log	1384		85ab0204b5ab895de3d37d7001526e3d1e5080927b60b623b3113e785e438208	UNKNOWN	UNKNOWN	UNKNOWN	UNKNOWN	UNKNOWN	RESEARCH_ONLY; SOURCE_LICENSE_REVIEW_REQUIRED; NO_RAW_REDISTRIBUTION	VERIFY_SOURCE_AND_PREPROCESSING_PROVENANCE	CURRENT_HASH_NO_EXPECTED_HASH	auxiliary_or_historical_output
/Volumes/Extreme SSD/Utsav-Research-Archive/Sleep-GWAS/FAILED-PARTIAL-2026-09-01-sleep_gwas_atlas/results/logs/genomicsem/discovery_odd_ldsc.log	748582		5221abebbc2c73466279733dea0a70c12ebca958fcaedcef7a3f0d701b1ff396	UNKNOWN	UNKNOWN	UNKNOWN	UNKNOWN	UNKNOWN	RESEARCH_ONLY; SOURCE_LICENSE_REVIEW_REQUIRED; NO_RAW_REDISTRIBUTION	VERIFY_SOURCE_AND_PREPROCESSING_PROVENANCE	CURRENT_HASH_NO_EXPECTED_HASH	auxiliary_or_historical_output
/Volumes/Extreme SSD/Utsav-Research-Archive/Sleep-GWAS/FAILED-PARTIAL-2026-09-01-sleep_gwas_atlas/results/logs/genomicsem/ldsc_45_trait_ldsc.log	728299		1e06e24334516b2733bd19437c0f9fc92f8321e8c02089e752b5867005e7762d	UNKNOWN	UNKNOWN	UNKNOWN	UNKNOWN	UNKNOWN	RESEARCH_ONLY; SOURCE_LICENSE_REVIEW_REQUIRED; NO_RAW_REDISTRIBUTION	VERIFY_SOURCE_AND_PREPROCESSING_PROVENANCE	CURRENT_HASH_NO_EXPECTED_HASH	auxiliary_or_historical_output
/Volumes/Extreme SSD/Utsav-Research-Archive/Sleep-GWAS/FAILED-PARTIAL-2026-09-01-sleep_gwas_atlas/results/logs/genomicsem/validation_even_ldsc.log	754009		7a67d24376b56b77d8663c8991a7086db998178326c101800f73721a79823fd2	UNKNOWN	UNKNOWN	UNKNOWN	UNKNOWN	UNKNOWN	RESEARCH_ONLY; SOURCE_LICENSE_REVIEW_REQUIRED; NO_RAW_REDISTRIBUTION	VERIFY_SOURCE_AND_PREPROCESSING_PROVENANCE	CURRENT_HASH_NO_EXPECTED_HASH	auxiliary_or_historical_output
/Volumes/Extreme SSD/Utsav-Research-Archive/Sleep-GWAS/FAILED-PARTIAL-2026-09-01-sleep_gwas_atlas/results/logs/rg_qc_failed_sensitivity/rg_accel_sleep_duration.log	3343		b59916015e12d838a6a1409f087eaa49e251ae18c0d1ffa37a1eb7965e99c999	UNKNOWN	UNKNOWN	UNKNOWN	UNKNOWN	UNKNOWN	RESEARCH_ONLY; SOURCE_LICENSE_REVIEW_REQUIRED; NO_RAW_REDISTRIBUTION	VERIFY_SOURCE_AND_PREPROCESSING_PROVENANCE	CURRENT_HASH_NO_EXPECTED_HASH	auxiliary_or_historical_output
/Volumes/Extreme SSD/Utsav-Research-Archive/Sleep-GWAS/FAILED-PARTIAL-2026-09-01-sleep_gwas_atlas/results/logs/rg_qc_failed_sensitivity/rg_chronotype.log	3282		5746c798f0de0f49e264919f06a8d247b401a54ce4f0b1859679fda9675c1c25	UNKNOWN	UNKNOWN	UNKNOWN	UNKNOWN	UNKNOWN	RESEARCH_ONLY; SOURCE_LICENSE_REVIEW_REQUIRED; NO_RAW_REDISTRIBUTION	VERIFY_SOURCE_AND_PREPROCESSING_PROVENANCE	CURRENT_HASH_NO_EXPECTED_HASH	auxiliary_or_historical_output
/Volumes/Extreme SSD/Utsav-Research-Archive/Sleep-GWAS/FAILED-PARTIAL-2026-09-01-sleep_gwas_atlas/results/logs/rg_qc_failed_sensitivity/rg_insomnia.log	3277		2107a285efaafbe648dba762350fdec66f1e7673457a28793a4d2e2d141dfe36	UNKNOWN	UNKNOWN	UNKNOWN	UNKNOWN	UNKNOWN	RESEARCH_ONLY; SOURCE_LICENSE_REVIEW_REQUIRED; NO_RAW_REDISTRIBUTION	VERIFY_SOURCE_AND_PREPROCESSING_PROVENANCE	CURRENT_HASH_NO_EXPECTED_HASH	auxiliary_or_historical_output
/Volumes/Extreme SSD/Utsav-Research-Archive/Sleep-GWAS/FAILED-PARTIAL-2026-09-01-sleep_gwas_atlas/results/logs/rg_qc_failed_sensitivity/rg_longsleep.log	3284		b159218411edc6665654ae308c0705ac436f08e83d3d008ec7e4ae7ddec33a6c	UNKNOWN	UNKNOWN	UNKNOWN	UNKNOWN	UNKNOWN	RESEARCH_ONLY; SOURCE_LICENSE_REVIEW_REQUIRED; NO_RAW_REDISTRIBUTION	VERIFY_SOURCE_AND_PREPROCESSING_PROVENANCE	CURRENT_HASH_NO_EXPECTED_HASH	auxiliary_or_historical_output
/Volumes/Extreme SSD/Utsav-Research-Archive/Sleep-GWAS/FAILED-PARTIAL-2026-09-01-sleep_gwas_atlas/results/logs/rg_qc_failed_sensitivity/rg_napping.log	3274		1ac8915d3a23125581daefd1723ae13d8602990af261cd87717ddfa7e30f1112	UNKNOWN	UNKNOWN	UNKNOWN	UNKNOWN	UNKNOWN	RESEARCH_ONLY; SOURCE_LICENSE_REVIEW_REQUIRED; NO_RAW_REDISTRIBUTION	VERIFY_SOURCE_AND_PREPROCESSING_PROVENANCE	CURRENT_HASH_NO_EXPECTED_HASH	auxiliary_or_historical_output
/Volumes/Extreme SSD/Utsav-Research-Archive/Sleep-GWAS/FAILED-PARTIAL-2026-09-01-sleep_gwas_atlas/results/logs/rg_qc_failed_sensitivity/rg_shortsleep.log	3287		e4ccca9065acf700fca23503119c4f581a34eca74a0cab9abd81bd23796eae58	UNKNOWN	UNKNOWN	UNKNOWN	UNKNOWN	UNKNOWN	RESEARCH_ONLY; SOURCE_LICENSE_REVIEW_REQUIRED; NO_RAW_REDISTRIBUTION	VERIFY_SOURCE_AND_PREPROCESSING_PROVENANCE	CURRENT_HASH_NO_EXPECTED_HASH	auxiliary_or_historical_output
/Volumes/Extreme SSD/Utsav-Research-Archive/Sleep-GWAS/FAILED-PARTIAL-2026-09-01-sleep_gwas_atlas/results/logs/rg_qc_failed_sensitivity/rg_sleep_apnea.log	3297		c33ac46c41e09dc2327b8f7ab101b0799df3f8bee2cd8c814f8d84f533d7cc3e	UNKNOWN	UNKNOWN	UNKNOWN	UNKNOWN	UNKNOWN	RESEARCH_ONLY; SOURCE_LICENSE_REVIEW_REQUIRED; NO_RAW_REDISTRIBUTION	VERIFY_SOURCE_AND_PREPROCESSING_PROVENANCE	CURRENT_HASH_NO_EXPECTED_HASH	auxiliary_or_historical_output
/Volumes/Extreme SSD/Utsav-Research-Archive/Sleep-GWAS/FAILED-PARTIAL-2026-09-01-sleep_gwas_atlas/results/logs/rg_qc_failed_sensitivity/rg_sleep_efficiency.log	3320		87221ba7141deeb5bb55a0f22c5c5ca5b7282a22a8d37e6b8fc929f3d6f79a6c	UNKNOWN	UNKNOWN	UNKNOWN	UNKNOWN	UNKNOWN	RESEARCH_ONLY; SOURCE_LICENSE_REVIEW_REQUIRED; NO_RAW_REDISTRIBUTION	VERIFY_SOURCE_AND_PREPROCESSING_PROVENANCE	CURRENT_HASH_NO_EXPECTED_HASH	auxiliary_or_historical_output
/Volumes/Extreme SSD/Utsav-Research-Archive/Sleep-GWAS/FAILED-PARTIAL-2026-09-01-sleep_gwas_atlas/results/logs/rg_qc_failed_sensitivity/rg_sleep_timing.log	3297		cbce1b7529c303f3921b58dfee004985451f7c2aaa5acbe9811f6bb0905bfc5a	UNKNOWN	UNKNOWN	UNKNOWN	UNKNOWN	UNKNOWN	RESEARCH_ONLY; SOURCE_LICENSE_REVIEW_REQUIRED; NO_RAW_REDISTRIBUTION	VERIFY_SOURCE_AND_PREPROCESSING_PROVENANCE	CURRENT_HASH_NO_EXPECTED_HASH	auxiliary_or_historical_output
/Volumes/Extreme SSD/Utsav-Research-Archive/Sleep-GWAS/FAILED-PARTIAL-2026-09-01-sleep_gwas_atlas/results/logs/rg_qc_failed_sensitivity/rg_sleepdur.log	3276		51323eac30b5743c94b2fc26fcd820294edac4fe764347c8ec1482c7eb087376	UNKNOWN	UNKNOWN	UNKNOWN	UNKNOWN	UNKNOWN	RESEARCH_ONLY; SOURCE_LICENSE_REVIEW_REQUIRED; NO_RAW_REDISTRIBUTION	VERIFY_SOURCE_AND_PREPROCESSING_PROVENANCE	CURRENT_HASH_NO_EXPECTED_HASH	auxiliary_or_historical_output
/Volumes/Extreme SSD/Utsav-Research-Archive/Sleep-GWAS/FAILED-PARTIAL-2026-09-01-sleep_gwas_atlas/results/logs/rg_qc_failed_sensitivity/rg_sleepiness.log	3289		8bfd7f8cb7ed921f43019aaf3387a445d23ca496c0e38e20d0e200614bf0158e	UNKNOWN	UNKNOWN	UNKNOWN	UNKNOWN	UNKNOWN	RESEARCH_ONLY; SOURCE_LICENSE_REVIEW_REQUIRED; NO_RAW_REDISTRIBUTION	VERIFY_SOURCE_AND_PREPROCESSING_PROVENANCE	CURRENT_HASH_NO_EXPECTED_HASH	auxiliary_or_historical_output
/Volumes/Extreme SSD/Utsav-Research-Archive/Sleep-GWAS/FAILED-PARTIAL-2026-09-01-sleep_gwas_atlas/results/logs/rg_qc_failed_sensitivity/rg_snoring.log	3269		f119da33bb6412f1258f5c111201aea70824e1510aa5abf1508a0067ac51a5b8	UNKNOWN	UNKNOWN	UNKNOWN	UNKNOWN	UNKNOWN	RESEARCH_ONLY; SOURCE_LICENSE_REVIEW_REQUIRED; NO_RAW_REDISTRIBUTION	VERIFY_SOURCE_AND_PREPROCESSING_PROVENANCE	CURRENT_HASH_NO_EXPECTED_HASH	auxiliary_or_historical_output
/Volumes/Extreme SSD/Utsav-Research-Archive/Sleep-GWAS/FAILED-PARTIAL-2026-09-01-sleep_gwas_atlas/results/sources/twas_phi_model_inventory/page_01.html	267683		c7efe3211361d9231c5f50b70cd79c61aacf803f47730d25dcb05b3b960652c9	UNKNOWN	UNKNOWN	UNKNOWN	UNKNOWN	UNKNOWN	RESEARCH_ONLY; SOURCE_LICENSE_REVIEW_REQUIRED; NO_RAW_REDISTRIBUTION	VERIFY_SOURCE_AND_PREPROCESSING_PROVENANCE	CURRENT_HASH_NO_EXPECTED_HASH	auxiliary_or_historical_output
/Volumes/Extreme SSD/Utsav-Research-Archive/Sleep-GWAS/FAILED-PARTIAL-2026-09-01-sleep_gwas_atlas/results/sources/twas_phi_model_inventory/page_02.html	267738		b095616b8808bf4ae7770b5ceabd3cc9314aab07ea752caedab8c3ff1d1a7adb	UNKNOWN	UNKNOWN	UNKNOWN	UNKNOWN	UNKNOWN	RESEARCH_ONLY; SOURCE_LICENSE_REVIEW_REQUIRED; NO_RAW_REDISTRIBUTION	VERIFY_SOURCE_AND_PREPROCESSING_PROVENANCE	CURRENT_HASH_NO_EXPECTED_HASH	auxiliary_or_historical_output
/Volumes/Extreme SSD/Utsav-Research-Archive/Sleep-GWAS/FAILED-PARTIAL-2026-09-01-sleep_gwas_atlas/results/sources/twas_phi_model_inventory/page_03.html	267656		33270ef14df4bc3da9203f3ae0761f1134e67e68003309a3e5575ef01ed178c5	UNKNOWN	UNKNOWN	UNKNOWN	UNKNOWN	UNKNOWN	RESEARCH_ONLY; SOURCE_LICENSE_REVIEW_REQUIRED; NO_RAW_REDISTRIBUTION	VERIFY_SOURCE_AND_PREPROCESSING_PROVENANCE	CURRENT_HASH_NO_EXPECTED_HASH	auxiliary_or_historical_output
/Volumes/Extreme SSD/Utsav-Research-Archive/Sleep-GWAS/FAILED-PARTIAL-2026-09-01-sleep_gwas_atlas/results/sources/twas_phi_model_inventory/page_04.html	267066		e1f2321ebd24b92ed0f03661a330984580dbbee0062d36bf6929ae8559ba2a17	UNKNOWN	UNKNOWN	UNKNOWN	UNKNOWN	UNKNOWN	RESEARCH_ONLY; SOURCE_LICENSE_REVIEW_REQUIRED; NO_RAW_REDISTRIBUTION	VERIFY_SOURCE_AND_PREPROCESSING_PROVENANCE	CURRENT_HASH_NO_EXPECTED_HASH	auxiliary_or_historical_output
/Volumes/Extreme SSD/Utsav-Research-Archive/Sleep-GWAS/FAILED-PARTIAL-2026-09-01-sleep_gwas_atlas/results/sources/twas_phi_model_inventory/page_05.html	244052		4dd2098bea3ea60e67a38440c25626b04d5a8c990b3a4c1da6cb28bbc81680be	UNKNOWN	UNKNOWN	UNKNOWN	UNKNOWN	UNKNOWN	RESEARCH_ONLY; SOURCE_LICENSE_REVIEW_REQUIRED; NO_RAW_REDISTRIBUTION	VERIFY_SOURCE_AND_PREPROCESSING_PROVENANCE	CURRENT_HASH_NO_EXPECTED_HASH	auxiliary_or_historical_output
/Volumes/Extreme SSD/Utsav-Research-Archive/Sleep-GWAS/FAILED-PARTIAL-2026-09-01-sleep_gwas_atlas/results/tables/analysis_panel_provenance.tsv	294		d5801a6c4ce658f94720751364fd49d7eb311afdae43f00754801da7905fca9c	UNKNOWN	UNKNOWN	UNKNOWN	UNKNOWN	UNKNOWN	RESEARCH_ONLY; SOURCE_LICENSE_REVIEW_REQUIRED; NO_RAW_REDISTRIBUTION	VERIFY_SOURCE_AND_PREPROCESSING_PROVENANCE	CURRENT_HASH_NO_EXPECTED_HASH	auxiliary_or_historical_output
/Volumes/Extreme SSD/Utsav-Research-Archive/Sleep-GWAS/FAILED-PARTIAL-2026-09-01-sleep_gwas_atlas/results/tables/chromosome_split_provenance.json	5362		a8a96730aee5cde4193e2302c0e9f8e0f51778e7a18a9718bed15732cc09d299	UNKNOWN	UNKNOWN	UNKNOWN	UNKNOWN	UNKNOWN	RESEARCH_ONLY; SOURCE_LICENSE_REVIEW_REQUIRED; NO_RAW_REDISTRIBUTION	VERIFY_SOURCE_AND_PREPROCESSING_PROVENANCE	CURRENT_HASH_NO_EXPECTED_HASH	auxiliary_or_historical_output
/Volumes/Extreme SSD/Utsav-Research-Archive/Sleep-GWAS/FAILED-PARTIAL-2026-09-01-sleep_gwas_atlas/results/tables/dense_harmonization_readiness.tsv	3969		302eaf2eaf84cbd18e72379fe6412f173ffefe8832158c92c46ffd2aab820eed	UNKNOWN	UNKNOWN	UNKNOWN	UNKNOWN	UNKNOWN	RESEARCH_ONLY; SOURCE_LICENSE_REVIEW_REQUIRED; NO_RAW_REDISTRIBUTION	VERIFY_SOURCE_AND_PREPROCESSING_PROVENANCE	CURRENT_HASH_NO_EXPECTED_HASH	auxiliary_or_historical_output
/Volumes/Extreme SSD/Utsav-Research-Archive/Sleep-GWAS/FAILED-PARTIAL-2026-09-01-sleep_gwas_atlas/results/tables/factor_gwas.provenance.json	2826		ef885f612160af8be304177bbe292e6c499da3ffeb47a0a4be9377ad8379e40a	UNKNOWN	UNKNOWN	UNKNOWN	UNKNOWN	UNKNOWN	RESEARCH_ONLY; SOURCE_LICENSE_REVIEW_REQUIRED; NO_RAW_REDISTRIBUTION	VERIFY_SOURCE_AND_PREPROCESSING_PROVENANCE	CURRENT_HASH_NO_EXPECTED_HASH	auxiliary_or_historical_output
/Volumes/Extreme SSD/Utsav-Research-Archive/Sleep-GWAS/FAILED-PARTIAL-2026-09-01-sleep_gwas_atlas/results/tables/factor_gwas_summary.tsv	114		3d4ad3f076d787914242592d16ca5a2afc23760ca57f6e1dbbe6b603c5deb2b8	UNKNOWN	UNKNOWN	UNKNOWN	UNKNOWN	UNKNOWN	RESEARCH_ONLY; SOURCE_LICENSE_REVIEW_REQUIRED; NO_RAW_REDISTRIBUTION	VERIFY_SOURCE_AND_PREPROCESSING_PROVENANCE	CURRENT_HASH_NO_EXPECTED_HASH	auxiliary_or_historical_output
/Volumes/Extreme SSD/Utsav-Research-Archive/Sleep-GWAS/FAILED-PARTIAL-2026-09-01-sleep_gwas_atlas/results/tables/fine_mapping_input_readiness.tsv	10590		11181b4e8a9cb4878395b7492613ff433a45c83d779a4b00420957db7831ea62	UNKNOWN	UNKNOWN	UNKNOWN	UNKNOWN	UNKNOWN	RESEARCH_ONLY; SOURCE_LICENSE_REVIEW_REQUIRED; NO_RAW_REDISTRIBUTION	VERIFY_SOURCE_AND_PREPROCESSING_PROVENANCE	CURRENT_HASH_NO_EXPECTED_HASH	auxiliary_or_historical_output
/Volumes/Extreme SSD/Utsav-Research-Archive/Sleep-GWAS/FAILED-PARTIAL-2026-09-01-sleep_gwas_atlas/results/tables/fine_mapping_preflight.json	2604		f315be7cf1c08fde5c3d05fdf22f05992f3aa1e46ee838c3d2107835d400306c	UNKNOWN	UNKNOWN	UNKNOWN	UNKNOWN	UNKNOWN	RESEARCH_ONLY; SOURCE_LICENSE_REVIEW_REQUIRED; NO_RAW_REDISTRIBUTION	VERIFY_SOURCE_AND_PREPROCESSING_PROVENANCE	CURRENT_HASH_NO_EXPECTED_HASH	auxiliary_or_historical_output
/Volumes/Extreme SSD/Utsav-Research-Archive/Sleep-GWAS/FAILED-PARTIAL-2026-09-01-sleep_gwas_atlas/results/tables/genomic_sem_efa_models.tsv	2301		82ad65e5a934e390e8648c00ef0df0f85428903f3ecff74a8ec412f684e0315b	UNKNOWN	UNKNOWN	UNKNOWN	UNKNOWN	UNKNOWN	RESEARCH_ONLY; SOURCE_LICENSE_REVIEW_REQUIRED; NO_RAW_REDISTRIBUTION	VERIFY_SOURCE_AND_PREPROCESSING_PROVENANCE	CURRENT_HASH_NO_EXPECTED_HASH	auxiliary_or_historical_output
/Volumes/Extreme SSD/Utsav-Research-Archive/Sleep-GWAS/FAILED-PARTIAL-2026-09-01-sleep_gwas_atlas/results/tables/genomic_sem_factor_loadings.tsv	43182		f88b44da857864eeec2a35b50101cf07ce71a4047db7513f455d0c59c3dbaac0	UNKNOWN	UNKNOWN	UNKNOWN	UNKNOWN	UNKNOWN	RESEARCH_ONLY; SOURCE_LICENSE_REVIEW_REQUIRED; NO_RAW_REDISTRIBUTION	VERIFY_SOURCE_AND_PREPROCESSING_PROVENANCE	CURRENT_HASH_NO_EXPECTED_HASH	auxiliary_or_historical_output
/Volumes/Extreme SSD/Utsav-Research-Archive/Sleep-GWAS/FAILED-PARTIAL-2026-09-01-sleep_gwas_atlas/results/tables/genomic_sem_model_fit.tsv	2341		56c1d0bd6eccd04e3a8e31e3583cdd4743ca9f4fd57d1c794fd98688f84d9b92	UNKNOWN	UNKNOWN	UNKNOWN	UNKNOWN	UNKNOWN	RESEARCH_ONLY; SOURCE_LICENSE_REVIEW_REQUIRED; NO_RAW_REDISTRIBUTION	VERIFY_SOURCE_AND_PREPROCESSING_PROVENANCE	CURRENT_HASH_NO_EXPECTED_HASH	auxiliary_or_historical_output
/Volumes/Extreme SSD/Utsav-Research-Archive/Sleep-GWAS/FAILED-PARTIAL-2026-09-01-sleep_gwas_atlas/results/tables/genomic_sem_model_syntax.tsv	11869		ba304d400b76cdcaa8f01206f7e7f032adceec622ceea69c1ae85ae3ef306bf5	UNKNOWN	UNKNOWN	UNKNOWN	UNKNOWN	UNKNOWN	RESEARCH_ONLY; SOURCE_LICENSE_REVIEW_REQUIRED; NO_RAW_REDISTRIBUTION	VERIFY_SOURCE_AND_PREPROCESSING_PROVENANCE	CURRENT_HASH_NO_EXPECTED_HASH	auxiliary_or_historical_output
/Volumes/Extreme SSD/Utsav-Research-Archive/Sleep-GWAS/FAILED-PARTIAL-2026-09-01-sleep_gwas_atlas/results/tables/genomic_sem_split_diagnostics.tsv	1027		2ba6ffb25b73f4d1f6d4b0f69741fdbdcd4b0559d72ab9ac5d6dfcd7e76e059a	UNKNOWN	UNKNOWN	UNKNOWN	UNKNOWN	UNKNOWN	RESEARCH_ONLY; SOURCE_LICENSE_REVIEW_REQUIRED; NO_RAW_REDISTRIBUTION	VERIFY_SOURCE_AND_PREPROCESSING_PROVENANCE	CURRENT_HASH_NO_EXPECTED_HASH	auxiliary_or_historical_output
/Volumes/Extreme SSD/Utsav-Research-Archive/Sleep-GWAS/FAILED-PARTIAL-2026-09-01-sleep_gwas_atlas/results/tables/genomicsem_discovery_odd.rds	8005776			UNKNOWN	UNKNOWN	UNKNOWN	UNKNOWN	UNKNOWN	RESEARCH_ONLY; SOURCE_LICENSE_REVIEW_REQUIRED; NO_RAW_REDISTRIBUTION	VERIFY_SOURCE_AND_PREPROCESSING_PROVENANCE	INVENTORIED_NOT_YET_HASHED	auxiliary_or_historical_output
/Volumes/Extreme SSD/Utsav-Research-Archive/Sleep-GWAS/FAILED-PARTIAL-2026-09-01-sleep_gwas_atlas/results/tables/genomicsem_discovery_odd_metadata.tsv	714		195adf4f219e2bfea458f46024508b2e6c7912788c3e8678dd467495acd552c7	UNKNOWN	UNKNOWN	UNKNOWN	UNKNOWN	UNKNOWN	RESEARCH_ONLY; SOURCE_LICENSE_REVIEW_REQUIRED; NO_RAW_REDISTRIBUTION	VERIFY_SOURCE_AND_PREPROCESSING_PROVENANCE	CURRENT_HASH_NO_EXPECTED_HASH	auxiliary_or_historical_output
/Volumes/Extreme SSD/Utsav-Research-Archive/Sleep-GWAS/FAILED-PARTIAL-2026-09-01-sleep_gwas_atlas/results/tables/genomicsem_trait_inclusion.tsv	7355		bc69a613e244a3b7103e7084d0cdc7a80b09b53c6ecbfd8dc385ca1d014990eb	UNKNOWN	UNKNOWN	UNKNOWN	UNKNOWN	UNKNOWN	RESEARCH_ONLY; SOURCE_LICENSE_REVIEW_REQUIRED; NO_RAW_REDISTRIBUTION	VERIFY_SOURCE_AND_PREPROCESSING_PROVENANCE	CURRENT_HASH_NO_EXPECTED_HASH	auxiliary_or_historical_output
/Volumes/Extreme SSD/Utsav-Research-Archive/Sleep-GWAS/FAILED-PARTIAL-2026-09-01-sleep_gwas_atlas/results/tables/genomicsem_validation_even.rds	8003976			UNKNOWN	UNKNOWN	UNKNOWN	UNKNOWN	UNKNOWN	RESEARCH_ONLY; SOURCE_LICENSE_REVIEW_REQUIRED; NO_RAW_REDISTRIBUTION	VERIFY_SOURCE_AND_PREPROCESSING_PROVENANCE	INVENTORIED_NOT_YET_HASHED	auxiliary_or_historical_output
/Volumes/Extreme SSD/Utsav-Research-Archive/Sleep-GWAS/FAILED-PARTIAL-2026-09-01-sleep_gwas_atlas/results/tables/genomicsem_validation_even_metadata.tsv	715		e3fb5cbdc0c1e457c221b2037fcd342bcfdb22f228fc4514a1232de27b217218	UNKNOWN	UNKNOWN	UNKNOWN	UNKNOWN	UNKNOWN	RESEARCH_ONLY; SOURCE_LICENSE_REVIEW_REQUIRED; NO_RAW_REDISTRIBUTION	VERIFY_SOURCE_AND_PREPROCESSING_PROVENANCE	CURRENT_HASH_NO_EXPECTED_HASH	auxiliary_or_historical_output
/Volumes/Extreme SSD/Utsav-Research-Archive/Sleep-GWAS/FAILED-PARTIAL-2026-09-01-sleep_gwas_atlas/results/tables/h2_adhd_checkpoint.tsv	331		c9739220142d1013a0dd58a732278eb589c8d864849b098de1214a146db2f627	UNKNOWN	UNKNOWN	UNKNOWN	UNKNOWN	UNKNOWN	RESEARCH_ONLY; SOURCE_LICENSE_REVIEW_REQUIRED; NO_RAW_REDISTRIBUTION	VERIFY_SOURCE_AND_PREPROCESSING_PROVENANCE	CURRENT_HASH_NO_EXPECTED_HASH	auxiliary_or_historical_output
/Volumes/Extreme SSD/Utsav-Research-Archive/Sleep-GWAS/FAILED-PARTIAL-2026-09-01-sleep_gwas_atlas/results/tables/h2_bmi_snoring_checkpoint.tsv	492		6591bdda3f88edeae4fb12776b4a930630bd4cca78f396fe567a7bf97978dd93	UNKNOWN	UNKNOWN	UNKNOWN	UNKNOWN	UNKNOWN	RESEARCH_ONLY; SOURCE_LICENSE_REVIEW_REQUIRED; NO_RAW_REDISTRIBUTION	VERIFY_SOURCE_AND_PREPROCESSING_PROVENANCE	CURRENT_HASH_NO_EXPECTED_HASH	auxiliary_or_historical_output
/Volumes/Extreme SSD/Utsav-Research-Archive/Sleep-GWAS/FAILED-PARTIAL-2026-09-01-sleep_gwas_atlas/results/tables/h2_crohn_checkpoint.tsv	329		8c3fa40df52c76b51e9ae0d9b582a67dd9fed8710212edaeedd7d79844e81437	UNKNOWN	UNKNOWN	UNKNOWN	UNKNOWN	UNKNOWN	RESEARCH_ONLY; SOURCE_LICENSE_REVIEW_REQUIRED; NO_RAW_REDISTRIBUTION	VERIFY_SOURCE_AND_PREPROCESSING_PROVENANCE	CURRENT_HASH_NO_EXPECTED_HASH	auxiliary_or_historical_output
/Volumes/Extreme SSD/Utsav-Research-Archive/Sleep-GWAS/FAILED-PARTIAL-2026-09-01-sleep_gwas_atlas/results/tables/h2_eight_trait_checkpoint.tsv	1474		e73024f4be357bd521a693a02e916d1bc0a86059975abcee4dd06f1b12308d26	UNKNOWN	UNKNOWN	UNKNOWN	UNKNOWN	UNKNOWN	RESEARCH_ONLY; SOURCE_LICENSE_REVIEW_REQUIRED; NO_RAW_REDISTRIBUTION	VERIFY_SOURCE_AND_PREPROCESSING_PROVENANCE	CURRENT_HASH_NO_EXPECTED_HASH	auxiliary_or_historical_output
/Volumes/Extreme SSD/Utsav-Research-Archive/Sleep-GWAS/FAILED-PARTIAL-2026-09-01-sleep_gwas_atlas/results/tables/h2_eleven_trait_checkpoint.tsv	1957		2684f7e3c0990a48d5c5037b5860dccd6a65d272e1a760556e7ec0851681e1c1	UNKNOWN	UNKNOWN	UNKNOWN	UNKNOWN	UNKNOWN	RESEARCH_ONLY; SOURCE_LICENSE_REVIEW_REQUIRED; NO_RAW_REDISTRIBUTION	VERIFY_SOURCE_AND_PREPROCESSING_PROVENANCE	CURRENT_HASH_NO_EXPECTED_HASH	auxiliary_or_historical_output
/Volumes/Extreme SSD/Utsav-Research-Archive/Sleep-GWAS/FAILED-PARTIAL-2026-09-01-sleep_gwas_atlas/results/tables/h2_five_trait_checkpoint.tsv	991		9db6c0219deaacff93018fbe54625a22bf87dd414dd43d7130c10138158ef481	UNKNOWN	UNKNOWN	UNKNOWN	UNKNOWN	UNKNOWN	RESEARCH_ONLY; SOURCE_LICENSE_REVIEW_REQUIRED; NO_RAW_REDISTRIBUTION	VERIFY_SOURCE_AND_PREPROCESSING_PROVENANCE	CURRENT_HASH_NO_EXPECTED_HASH	auxiliary_or_historical_output
/Volumes/Extreme SSD/Utsav-Research-Archive/Sleep-GWAS/FAILED-PARTIAL-2026-09-01-sleep_gwas_atlas/results/tables/h2_four_trait_checkpoint.tsv	807		242e11d68fb7cc8e0799a581afd202577a17758f1f250e3f9004299745d8d6e5	UNKNOWN	UNKNOWN	UNKNOWN	UNKNOWN	UNKNOWN	RESEARCH_ONLY; SOURCE_LICENSE_REVIEW_REQUIRED; NO_RAW_REDISTRIBUTION	VERIFY_SOURCE_AND_PREPROCESSING_PROVENANCE	CURRENT_HASH_NO_EXPECTED_HASH	auxiliary_or_historical_output
/Volumes/Extreme SSD/Utsav-Research-Archive/Sleep-GWAS/FAILED-PARTIAL-2026-09-01-sleep_gwas_atlas/results/tables/h2_insomnia_checkpoint.tsv	341		98c6376e0c43b09b59fc90162088a768614c607e4b3682a4f220d480f4648d2f	UNKNOWN	UNKNOWN	UNKNOWN	UNKNOWN	UNKNOWN	RESEARCH_ONLY; SOURCE_LICENSE_REVIEW_REQUIRED; NO_RAW_REDISTRIBUTION	VERIFY_SOURCE_AND_PREPROCESSING_PROVENANCE	CURRENT_HASH_NO_EXPECTED_HASH	auxiliary_or_historical_output
/Volumes/Extreme SSD/Utsav-Research-Archive/Sleep-GWAS/FAILED-PARTIAL-2026-09-01-sleep_gwas_atlas/results/tables/h2_longevity_checkpoint.tsv	341		c6690631673ba61fdcd7af6e35371f5892757cb94d9863c62c01038a781154d1	UNKNOWN	UNKNOWN	UNKNOWN	UNKNOWN	UNKNOWN	RESEARCH_ONLY; SOURCE_LICENSE_REVIEW_REQUIRED; NO_RAW_REDISTRIBUTION	VERIFY_SOURCE_AND_PREPROCESSING_PROVENANCE	CURRENT_HASH_NO_EXPECTED_HASH	auxiliary_or_historical_output
/Volumes/Extreme SSD/Utsav-Research-Archive/Sleep-GWAS/FAILED-PARTIAL-2026-09-01-sleep_gwas_atlas/results/tables/h2_nine_trait_checkpoint.tsv	1621		edece958a68a1f3b350127f970f1dd312539d6abff587d8bd84fa7bc20f36d3f	UNKNOWN	UNKNOWN	UNKNOWN	UNKNOWN	UNKNOWN	RESEARCH_ONLY; SOURCE_LICENSE_REVIEW_REQUIRED; NO_RAW_REDISTRIBUTION	VERIFY_SOURCE_AND_PREPROCESSING_PROVENANCE	CURRENT_HASH_NO_EXPECTED_HASH	auxiliary_or_historical_output
/Volumes/Extreme SSD/Utsav-Research-Archive/Sleep-GWAS/FAILED-PARTIAL-2026-09-01-sleep_gwas_atlas/results/tables/h2_parental_lifespan_checkpoint.tsv	369		d7bb679e7e557282fdc30af76868e7d52b7b56ab24dc9c736e92b0e3afcdd20c	UNKNOWN	UNKNOWN	UNKNOWN	UNKNOWN	UNKNOWN	RESEARCH_ONLY; SOURCE_LICENSE_REVIEW_REQUIRED; NO_RAW_REDISTRIBUTION	VERIFY_SOURCE_AND_PREPROCESSING_PROVENANCE	CURRENT_HASH_NO_EXPECTED_HASH	auxiliary_or_historical_output
/Volumes/Extreme SSD/Utsav-Research-Archive/Sleep-GWAS/FAILED-PARTIAL-2026-09-01-sleep_gwas_atlas/results/tables/h2_ra_checkpoint.tsv	321		05e278758d19bef734f77acef8a360edea8c572224dc4d58db0ec55dc1e1bd9e	UNKNOWN	UNKNOWN	UNKNOWN	UNKNOWN	UNKNOWN	RESEARCH_ONLY; SOURCE_LICENSE_REVIEW_REQUIRED; NO_RAW_REDISTRIBUTION	VERIFY_SOURCE_AND_PREPROCESSING_PROVENANCE	CURRENT_HASH_NO_EXPECTED_HASH	auxiliary_or_historical_output
/Volumes/Extreme SSD/Utsav-Research-Archive/Sleep-GWAS/FAILED-PARTIAL-2026-09-01-sleep_gwas_atlas/results/tables/h2_sbp_checkpoint.tsv	324		706f96c0d97021c500fff8dfe8b2978391be1e3026fc8625150a1b580273fc46	UNKNOWN	UNKNOWN	UNKNOWN	UNKNOWN	UNKNOWN	RESEARCH_ONLY; SOURCE_LICENSE_REVIEW_REQUIRED; NO_RAW_REDISTRIBUTION	VERIFY_SOURCE_AND_PREPROCESSING_PROVENANCE	CURRENT_HASH_NO_EXPECTED_HASH	auxiliary_or_historical_output
/Volumes/Extreme SSD/Utsav-Research-Archive/Sleep-GWAS/FAILED-PARTIAL-2026-09-01-sleep_gwas_atlas/results/tables/h2_scz_checkpoint.tsv	328		5b5122564df07524cdc4ca869148f673bba54076defe1e0ea8eb5f80579b1df6	UNKNOWN	UNKNOWN	UNKNOWN	UNKNOWN	UNKNOWN	RESEARCH_ONLY; SOURCE_LICENSE_REVIEW_REQUIRED; NO_RAW_REDISTRIBUTION	VERIFY_SOURCE_AND_PREPROCESSING_PROVENANCE	CURRENT_HASH_NO_EXPECTED_HASH	auxiliary_or_historical_output
/Volumes/Extreme SSD/Utsav-Research-Archive/Sleep-GWAS/FAILED-PARTIAL-2026-09-01-sleep_gwas_atlas/results/tables/h2_seven_trait_checkpoint.tsv	1312		82e367585faa8d868c1d1a1215f86d60ac95e79c0af455bf81520ca0c6d36097	UNKNOWN	UNKNOWN	UNKNOWN	UNKNOWN	UNKNOWN	RESEARCH_ONLY; SOURCE_LICENSE_REVIEW_REQUIRED; NO_RAW_REDISTRIBUTION	VERIFY_SOURCE_AND_PREPROCESSING_PROVENANCE	CURRENT_HASH_NO_EXPECTED_HASH	auxiliary_or_historical_output
/Volumes/Extreme SSD/Utsav-Research-Archive/Sleep-GWAS/FAILED-PARTIAL-2026-09-01-sleep_gwas_atlas/results/tables/h2_six_trait_checkpoint.tsv	1143		8f5696961c512f5e3c4d38748285e2c5b03623a94b4babaacd25fcb48d555dbd	UNKNOWN	UNKNOWN	UNKNOWN	UNKNOWN	UNKNOWN	RESEARCH_ONLY; SOURCE_LICENSE_REVIEW_REQUIRED; NO_RAW_REDISTRIBUTION	VERIFY_SOURCE_AND_PREPROCESSING_PROVENANCE	CURRENT_HASH_NO_EXPECTED_HASH	auxiliary_or_historical_output
/Volumes/Extreme SSD/Utsav-Research-Archive/Sleep-GWAS/FAILED-PARTIAL-2026-09-01-sleep_gwas_atlas/results/tables/h2_stroke_checkpoint.tsv	336		48cd58cf307964a8904ca9887051cd4dedbb094d0dcefeb831adcb52f7af293d	UNKNOWN	UNKNOWN	UNKNOWN	UNKNOWN	UNKNOWN	RESEARCH_ONLY; SOURCE_LICENSE_REVIEW_REQUIRED; NO_RAW_REDISTRIBUTION	VERIFY_SOURCE_AND_PREPROCESSING_PROVENANCE	CURRENT_HASH_NO_EXPECTED_HASH	auxiliary_or_historical_output
/Volumes/Extreme SSD/Utsav-Research-Archive/Sleep-GWAS/FAILED-PARTIAL-2026-09-01-sleep_gwas_atlas/results/tables/h2_summary.tsv	6547		1c5c2a2e0b1716fba8c907f7e57492db1cf24b1f0d0d052c2d4518fd3482be67	UNKNOWN	UNKNOWN	UNKNOWN	UNKNOWN	UNKNOWN	RESEARCH_ONLY; SOURCE_LICENSE_REVIEW_REQUIRED; NO_RAW_REDISTRIBUTION	VERIFY_SOURCE_AND_PREPROCESSING_PROVENANCE	CURRENT_HASH_NO_EXPECTED_HASH	auxiliary_or_historical_output
/Volumes/Extreme SSD/Utsav-Research-Archive/Sleep-GWAS/FAILED-PARTIAL-2026-09-01-sleep_gwas_atlas/results/tables/h2_ten_trait_checkpoint.tsv	1775		1bb2124d8dd239cbf7421e68d11bac24161da2a1db010424428513851b1843f0	UNKNOWN	UNKNOWN	UNKNOWN	UNKNOWN	UNKNOWN	RESEARCH_ONLY; SOURCE_LICENSE_REVIEW_REQUIRED; NO_RAW_REDISTRIBUTION	VERIFY_SOURCE_AND_PREPROCESSING_PROVENANCE	CURRENT_HASH_NO_EXPECTED_HASH	auxiliary_or_historical_output
/Volumes/Extreme SSD/Utsav-Research-Archive/Sleep-GWAS/FAILED-PARTIAL-2026-09-01-sleep_gwas_atlas/results/tables/h2_thirteen_trait_checkpoint.tsv	2320		6973e06a837a1287e91db779f53fe3224a7f020c82a606df639fb26c1a1beadd	UNKNOWN	UNKNOWN	UNKNOWN	UNKNOWN	UNKNOWN	RESEARCH_ONLY; SOURCE_LICENSE_REVIEW_REQUIRED; NO_RAW_REDISTRIBUTION	VERIFY_SOURCE_AND_PREPROCESSING_PROVENANCE	CURRENT_HASH_NO_EXPECTED_HASH	auxiliary_or_historical_output
/Volumes/Extreme SSD/Utsav-Research-Archive/Sleep-GWAS/FAILED-PARTIAL-2026-09-01-sleep_gwas_atlas/results/tables/h2_three_trait_checkpoint.tsv	658		1121046fe8b6ebcc4333f0fc2b775b65be3b55343e74f000696c6f6e7302926a	UNKNOWN	UNKNOWN	UNKNOWN	UNKNOWN	UNKNOWN	RESEARCH_ONLY; SOURCE_LICENSE_REVIEW_REQUIRED; NO_RAW_REDISTRIBUTION	VERIFY_SOURCE_AND_PREPROCESSING_PROVENANCE	CURRENT_HASH_NO_EXPECTED_HASH	auxiliary_or_historical_output
/Volumes/Extreme SSD/Utsav-Research-Archive/Sleep-GWAS/FAILED-PARTIAL-2026-09-01-sleep_gwas_atlas/results/tables/h2_twelve_trait_checkpoint.tsv	2142		3c71f76a5b28951775adfa40e331c474a58d0a455023ac92b00c84740aaa42b2	UNKNOWN	UNKNOWN	UNKNOWN	UNKNOWN	UNKNOWN	RESEARCH_ONLY; SOURCE_LICENSE_REVIEW_REQUIRED; NO_RAW_REDISTRIBUTION	VERIFY_SOURCE_AND_PREPROCESSING_PROVENANCE	CURRENT_HASH_NO_EXPECTED_HASH	auxiliary_or_historical_output
/Volumes/Extreme SSD/Utsav-Research-Archive/Sleep-GWAS/FAILED-PARTIAL-2026-09-01-sleep_gwas_atlas/results/tables/h2_uc_checkpoint.tsv	321		98519ee2a1c505f1e97540ddbf3b53cdfc3a7a7dc071c6cf606d64f74001c26c	UNKNOWN	UNKNOWN	UNKNOWN	UNKNOWN	UNKNOWN	RESEARCH_ONLY; SOURCE_LICENSE_REVIEW_REQUIRED; NO_RAW_REDISTRIBUTION	VERIFY_SOURCE_AND_PREPROCESSING_PROVENANCE	CURRENT_HASH_NO_EXPECTED_HASH	auxiliary_or_historical_output
/Volumes/Extreme SSD/Utsav-Research-Archive/Sleep-GWAS/FAILED-PARTIAL-2026-09-01-sleep_gwas_atlas/results/tables/interpretation_preflight.json	19617		cfff5eeeecf4f69f9727dab89d9f59575a3b7926a92e7c98eeb59569f7012c30	UNKNOWN	UNKNOWN	UNKNOWN	UNKNOWN	UNKNOWN	RESEARCH_ONLY; SOURCE_LICENSE_REVIEW_REQUIRED; NO_RAW_REDISTRIBUTION	VERIFY_SOURCE_AND_PREPROCESSING_PROVENANCE	CURRENT_HASH_NO_EXPECTED_HASH	auxiliary_or_historical_output
/Volumes/Extreme SSD/Utsav-Research-Archive/Sleep-GWAS/FAILED-PARTIAL-2026-09-01-sleep_gwas_atlas/results/tables/interpretation_source_readiness.tsv	5293		b61f93fc3a0ae2f1560c8313e4ee1ea62ccd71db88771a7e323fed9b3888037a	UNKNOWN	UNKNOWN	UNKNOWN	UNKNOWN	UNKNOWN	RESEARCH_ONLY; SOURCE_LICENSE_REVIEW_REQUIRED; NO_RAW_REDISTRIBUTION	VERIFY_SOURCE_AND_PREPROCESSING_PROVENANCE	CURRENT_HASH_NO_EXPECTED_HASH	auxiliary_or_historical_output
/Volumes/Extreme SSD/Utsav-Research-Archive/Sleep-GWAS/FAILED-PARTIAL-2026-09-01-sleep_gwas_atlas/results/tables/lava_input.lock.json	11646		7a605264e2893dec3aaff24e327e543b44d00defeae8903480df79eb7094dc73	UNKNOWN	UNKNOWN	UNKNOWN	UNKNOWN	UNKNOWN	RESEARCH_ONLY; SOURCE_LICENSE_REVIEW_REQUIRED; NO_RAW_REDISTRIBUTION	VERIFY_SOURCE_AND_PREPROCESSING_PROVENANCE	CURRENT_HASH_NO_EXPECTED_HASH	auxiliary_or_historical_output
/Volumes/Extreme SSD/Utsav-Research-Archive/Sleep-GWAS/FAILED-PARTIAL-2026-09-01-sleep_gwas_atlas/results/tables/lava_input_diagnostics.json	871		1e7e097049654266480986f23cb6a5e5d562ec2fbc1e8fd177d1a24931dace26	UNKNOWN	UNKNOWN	UNKNOWN	UNKNOWN	UNKNOWN	RESEARCH_ONLY; SOURCE_LICENSE_REVIEW_REQUIRED; NO_RAW_REDISTRIBUTION	VERIFY_SOURCE_AND_PREPROCESSING_PROVENANCE	CURRENT_HASH_NO_EXPECTED_HASH	auxiliary_or_historical_output
/Volumes/Extreme SSD/Utsav-Research-Archive/Sleep-GWAS/FAILED-PARTIAL-2026-09-01-sleep_gwas_atlas/results/tables/lava_input_info.tsv	2646		d0eeaf67ba0ae870694de0f0ad72a1a991fd0b6bebb02c248930be338d962083	UNKNOWN	UNKNOWN	UNKNOWN	UNKNOWN	UNKNOWN	RESEARCH_ONLY; SOURCE_LICENSE_REVIEW_REQUIRED; NO_RAW_REDISTRIBUTION	VERIFY_SOURCE_AND_PREPROCESSING_PROVENANCE	CURRENT_HASH_NO_EXPECTED_HASH	auxiliary_or_historical_output
/Volumes/Extreme SSD/Utsav-Research-Archive/Sleep-GWAS/FAILED-PARTIAL-2026-09-01-sleep_gwas_atlas/results/tables/lava_input_provenance.tsv	6372		80e616605b33ce8388ae68136e0096d8139d17b06520b88a751c4ee843070364	UNKNOWN	UNKNOWN	UNKNOWN	UNKNOWN	UNKNOWN	RESEARCH_ONLY; SOURCE_LICENSE_REVIEW_REQUIRED; NO_RAW_REDISTRIBUTION	VERIFY_SOURCE_AND_PREPROCESSING_PROVENANCE	CURRENT_HASH_NO_EXPECTED_HASH	auxiliary_or_historical_output
/Volumes/Extreme SSD/Utsav-Research-Archive/Sleep-GWAS/FAILED-PARTIAL-2026-09-01-sleep_gwas_atlas/results/tables/lava_pair_manifest.tsv	34432		9af4d5d868ae4bc63198bdc6f5c022c4cd937c7b193457949dee7ab51b92fc93	UNKNOWN	UNKNOWN	UNKNOWN	UNKNOWN	UNKNOWN	RESEARCH_ONLY; SOURCE_LICENSE_REVIEW_REQUIRED; NO_RAW_REDISTRIBUTION	VERIFY_SOURCE_AND_PREPROCESSING_PROVENANCE	CURRENT_HASH_NO_EXPECTED_HASH	auxiliary_or_historical_output
/Volumes/Extreme SSD/Utsav-Research-Archive/Sleep-GWAS/FAILED-PARTIAL-2026-09-01-sleep_gwas_atlas/results/tables/lava_runtime_policy.tsv	566		db05ca313832c78df145eb91b1f6ff5189539d1389821e2b2c45f470ae850a23	UNKNOWN	UNKNOWN	UNKNOWN	UNKNOWN	UNKNOWN	RESEARCH_ONLY; SOURCE_LICENSE_REVIEW_REQUIRED; NO_RAW_REDISTRIBUTION	VERIFY_SOURCE_AND_PREPROCESSING_PROVENANCE	CURRENT_HASH_NO_EXPECTED_HASH	auxiliary_or_historical_output
/Volumes/Extreme SSD/Utsav-Research-Archive/Sleep-GWAS/FAILED-PARTIAL-2026-09-01-sleep_gwas_atlas/results/tables/lava_sample_overlap.txt	17989		8a399356dd01ba9a97fe65cb21fc5e36e615bc82f649bc5e0acf1fb6086aaad2	UNKNOWN	UNKNOWN	UNKNOWN	UNKNOWN	UNKNOWN	RESEARCH_ONLY; SOURCE_LICENSE_REVIEW_REQUIRED; NO_RAW_REDISTRIBUTION	VERIFY_SOURCE_AND_PREPROCESSING_PROVENANCE	CURRENT_HASH_NO_EXPECTED_HASH	auxiliary_or_historical_output
/Volumes/Extreme SSD/Utsav-Research-Archive/Sleep-GWAS/FAILED-PARTIAL-2026-09-01-sleep_gwas_atlas/results/tables/ldsc_covariance_45x45.tsv	41093		adb9804e135169c8091abbe18dc07946fedbff9d0147cd93f5e33abebe690a10	UNKNOWN	UNKNOWN	UNKNOWN	UNKNOWN	UNKNOWN	RESEARCH_ONLY; SOURCE_LICENSE_REVIEW_REQUIRED; NO_RAW_REDISTRIBUTION	VERIFY_SOURCE_AND_PREPROCESSING_PROVENANCE	CURRENT_HASH_NO_EXPECTED_HASH	auxiliary_or_historical_output
/Volumes/Extreme SSD/Utsav-Research-Archive/Sleep-GWAS/FAILED-PARTIAL-2026-09-01-sleep_gwas_atlas/results/tables/ldsc_covariance_diagnostics.tsv	579		043b2b9c0003463d920c5c107c4a4d6601bcb18794e5ca6ef83dfaf46f548bd2	UNKNOWN	UNKNOWN	UNKNOWN	UNKNOWN	UNKNOWN	RESEARCH_ONLY; SOURCE_LICENSE_REVIEW_REQUIRED; NO_RAW_REDISTRIBUTION	VERIFY_SOURCE_AND_PREPROCESSING_PROVENANCE	CURRENT_HASH_NO_EXPECTED_HASH	auxiliary_or_historical_output
/Volumes/Extreme SSD/Utsav-Research-Archive/Sleep-GWAS/FAILED-PARTIAL-2026-09-01-sleep_gwas_atlas/results/tables/ldsc_covariance_metadata.tsv	324		4cbb760d3f1f87e662a9e1409070a2095b136c73c734b733ae0f323a3ac08c74	UNKNOWN	UNKNOWN	UNKNOWN	UNKNOWN	UNKNOWN	RESEARCH_ONLY; SOURCE_LICENSE_REVIEW_REQUIRED; NO_RAW_REDISTRIBUTION	VERIFY_SOURCE_AND_PREPROCESSING_PROVENANCE	CURRENT_HASH_NO_EXPECTED_HASH	auxiliary_or_historical_output
/Volumes/Extreme SSD/Utsav-Research-Archive/Sleep-GWAS/FAILED-PARTIAL-2026-09-01-sleep_gwas_atlas/results/tables/ldsc_covariance_pairs.tsv	292611		2be39639e0262c3b5a434e26d5339661715992a20e35fb0613323a042a953209	UNKNOWN	UNKNOWN	UNKNOWN	UNKNOWN	UNKNOWN	RESEARCH_ONLY; SOURCE_LICENSE_REVIEW_REQUIRED; NO_RAW_REDISTRIBUTION	VERIFY_SOURCE_AND_PREPROCESSING_PROVENANCE	CURRENT_HASH_NO_EXPECTED_HASH	auxiliary_or_historical_output
/Volumes/Extreme SSD/Utsav-Research-Archive/Sleep-GWAS/FAILED-PARTIAL-2026-09-01-sleep_gwas_atlas/results/tables/ldsc_covariance_structure.rds	10576500			UNKNOWN	UNKNOWN	UNKNOWN	UNKNOWN	UNKNOWN	RESEARCH_ONLY; SOURCE_LICENSE_REVIEW_REQUIRED; NO_RAW_REDISTRIBUTION	VERIFY_SOURCE_AND_PREPROCESSING_PROVENANCE	INVENTORIED_NOT_YET_HASHED	auxiliary_or_historical_output
/Volumes/Extreme SSD/Utsav-Research-Archive/Sleep-GWAS/FAILED-PARTIAL-2026-09-01-sleep_gwas_atlas/results/tables/ldsc_covariance_trait_scales.tsv	2214		5f27f9ccd54b66b5b27cf418edf6fb4dfabeed73788cd08af86b353f6a69c1d1	UNKNOWN	UNKNOWN	UNKNOWN	UNKNOWN	UNKNOWN	RESEARCH_ONLY; SOURCE_LICENSE_REVIEW_REQUIRED; NO_RAW_REDISTRIBUTION	VERIFY_SOURCE_AND_PREPROCESSING_PROVENANCE	CURRENT_HASH_NO_EXPECTED_HASH	auxiliary_or_historical_output
/Volumes/Extreme SSD/Utsav-Research-Archive/Sleep-GWAS/FAILED-PARTIAL-2026-09-01-sleep_gwas_atlas/results/tables/ldsc_genetic_correlation_45x45.tsv	38631		5fa9b6baf73b429ca7ee6cbe40cfa2b1b5547fae51cce4a882f1689522020d79	UNKNOWN	UNKNOWN	UNKNOWN	UNKNOWN	UNKNOWN	RESEARCH_ONLY; SOURCE_LICENSE_REVIEW_REQUIRED; NO_RAW_REDISTRIBUTION	VERIFY_SOURCE_AND_PREPROCESSING_PROVENANCE	CURRENT_HASH_NO_EXPECTED_HASH	auxiliary_or_historical_output
/Volumes/Extreme SSD/Utsav-Research-Archive/Sleep-GWAS/FAILED-PARTIAL-2026-09-01-sleep_gwas_atlas/results/tables/ldsc_intercept_45x45.tsv	41215		86cfeab6a86894bb57e754fea64e7f461174ee80aadee48285434228e610a5b6	UNKNOWN	UNKNOWN	UNKNOWN	UNKNOWN	UNKNOWN	RESEARCH_ONLY; SOURCE_LICENSE_REVIEW_REQUIRED; NO_RAW_REDISTRIBUTION	VERIFY_SOURCE_AND_PREPROCESSING_PROVENANCE	CURRENT_HASH_NO_EXPECTED_HASH	auxiliary_or_historical_output
/Volumes/Extreme SSD/Utsav-Research-Archive/Sleep-GWAS/FAILED-PARTIAL-2026-09-01-sleep_gwas_atlas/results/tables/ldsc_sampling_covariance_1035x1035.tsv.gz	9693527			UNKNOWN	UNKNOWN	UNKNOWN	UNKNOWN	UNKNOWN	RESEARCH_ONLY; SOURCE_LICENSE_REVIEW_REQUIRED; NO_RAW_REDISTRIBUTION	VERIFY_SOURCE_AND_PREPROCESSING_PROVENANCE	INVENTORIED_NOT_YET_HASHED	auxiliary_or_historical_output
/Volumes/Extreme SSD/Utsav-Research-Archive/Sleep-GWAS/FAILED-PARTIAL-2026-09-01-sleep_gwas_atlas/results/tables/mixer_input_readiness.tsv	9249		b40e7d3925c977846c58a8952e2996185b3d68884117890c75ad31bae3e9ba3c	UNKNOWN	UNKNOWN	UNKNOWN	UNKNOWN	UNKNOWN	RESEARCH_ONLY; SOURCE_LICENSE_REVIEW_REQUIRED; NO_RAW_REDISTRIBUTION	VERIFY_SOURCE_AND_PREPROCESSING_PROVENANCE	CURRENT_HASH_NO_EXPECTED_HASH	auxiliary_or_historical_output
/Volumes/Extreme SSD/Utsav-Research-Archive/Sleep-GWAS/FAILED-PARTIAL-2026-09-01-sleep_gwas_atlas/results/tables/mixer_preflight.json	2133		b71d3a478e68a0649e47dc81a7af2201c558343c109d0fcd178e2b0ccecd8ecd	UNKNOWN	UNKNOWN	UNKNOWN	UNKNOWN	UNKNOWN	RESEARCH_ONLY; SOURCE_LICENSE_REVIEW_REQUIRED; NO_RAW_REDISTRIBUTION	VERIFY_SOURCE_AND_PREPROCESSING_PROVENANCE	CURRENT_HASH_NO_EXPECTED_HASH	auxiliary_or_historical_output
/Volumes/Extreme SSD/Utsav-Research-Archive/Sleep-GWAS/FAILED-PARTIAL-2026-09-01-sleep_gwas_atlas/results/tables/molecular_input_readiness.tsv	2374		537fa32b06c5c364853e915148784d14c211c352334f503dc28ad3592b552586	UNKNOWN	UNKNOWN	UNKNOWN	UNKNOWN	UNKNOWN	RESEARCH_ONLY; SOURCE_LICENSE_REVIEW_REQUIRED; NO_RAW_REDISTRIBUTION	VERIFY_SOURCE_AND_PREPROCESSING_PROVENANCE	CURRENT_HASH_NO_EXPECTED_HASH	auxiliary_or_historical_output
/Volumes/Extreme SSD/Utsav-Research-Archive/Sleep-GWAS/FAILED-PARTIAL-2026-09-01-sleep_gwas_atlas/results/tables/molecular_preflight.json	4312		0e05b9e77dccb86a85aa462a54997158110a24d386f6f725289cc1b12f6d0092	UNKNOWN	UNKNOWN	UNKNOWN	UNKNOWN	UNKNOWN	RESEARCH_ONLY; SOURCE_LICENSE_REVIEW_REQUIRED; NO_RAW_REDISTRIBUTION	VERIFY_SOURCE_AND_PREPROCESSING_PROVENANCE	CURRENT_HASH_NO_EXPECTED_HASH	auxiliary_or_historical_output
/Volumes/Extreme SSD/Utsav-Research-Archive/Sleep-GWAS/FAILED-PARTIAL-2026-09-01-sleep_gwas_atlas/results/tables/phase0_readiness.tsv	11262		a928f61cdeb40bbbf6f925ee4db9e3c5d8d01d371cc5b2454f21203e766d9099	UNKNOWN	UNKNOWN	UNKNOWN	UNKNOWN	UNKNOWN	RESEARCH_ONLY; SOURCE_LICENSE_REVIEW_REQUIRED; NO_RAW_REDISTRIBUTION	VERIFY_SOURCE_AND_PREPROCESSING_PROVENANCE	CURRENT_HASH_NO_EXPECTED_HASH	auxiliary_or_historical_output
/Volumes/Extreme SSD/Utsav-Research-Archive/Sleep-GWAS/FAILED-PARTIAL-2026-09-01-sleep_gwas_atlas/results/tables/phase1_inclusion.tsv	8915		0e4c27de6fd6afb8bd7f160f84ef3a97da9172f42439f86c1dc9e92370ef1cbb	UNKNOWN	UNKNOWN	UNKNOWN	UNKNOWN	UNKNOWN	RESEARCH_ONLY; SOURCE_LICENSE_REVIEW_REQUIRED; NO_RAW_REDISTRIBUTION	VERIFY_SOURCE_AND_PREPROCESSING_PROVENANCE	CURRENT_HASH_NO_EXPECTED_HASH	auxiliary_or_historical_output
/Volumes/Extreme SSD/Utsav-Research-Archive/Sleep-GWAS/FAILED-PARTIAL-2026-09-01-sleep_gwas_atlas/results/tables/phase1_inclusion_eight_trait_checkpoint.tsv	9098		96869268cf36d6595ef47059baf22b2c9742cbf139cf7e820cc28426a08603a9	UNKNOWN	UNKNOWN	UNKNOWN	UNKNOWN	UNKNOWN	RESEARCH_ONLY; SOURCE_LICENSE_REVIEW_REQUIRED; NO_RAW_REDISTRIBUTION	VERIFY_SOURCE_AND_PREPROCESSING_PROVENANCE	CURRENT_HASH_NO_EXPECTED_HASH	auxiliary_or_historical_output
/Volumes/Extreme SSD/Utsav-Research-Archive/Sleep-GWAS/FAILED-PARTIAL-2026-09-01-sleep_gwas_atlas/results/tables/phase1_inclusion_eleven_trait_checkpoint.tsv	9080		4a2ca184e4735d73f7e466c1ad2e3ebb06363300ababf2f86f545fd7d836786d	UNKNOWN	UNKNOWN	UNKNOWN	UNKNOWN	UNKNOWN	RESEARCH_ONLY; SOURCE_LICENSE_REVIEW_REQUIRED; NO_RAW_REDISTRIBUTION	VERIFY_SOURCE_AND_PREPROCESSING_PROVENANCE	CURRENT_HASH_NO_EXPECTED_HASH	auxiliary_or_historical_output
/Volumes/Extreme SSD/Utsav-Research-Archive/Sleep-GWAS/FAILED-PARTIAL-2026-09-01-sleep_gwas_atlas/results/tables/phase1_inclusion_five_trait_checkpoint.tsv	9116		424426346a9ada39761f324714773d85b3be6e49d979041ec4ff12e36b4b01fa	UNKNOWN	UNKNOWN	UNKNOWN	UNKNOWN	UNKNOWN	RESEARCH_ONLY; SOURCE_LICENSE_REVIEW_REQUIRED; NO_RAW_REDISTRIBUTION	VERIFY_SOURCE_AND_PREPROCESSING_PROVENANCE	CURRENT_HASH_NO_EXPECTED_HASH	auxiliary_or_historical_output
/Volumes/Extreme SSD/Utsav-Research-Archive/Sleep-GWAS/FAILED-PARTIAL-2026-09-01-sleep_gwas_atlas/results/tables/phase1_inclusion_four_trait_checkpoint.tsv	9122		7540f58e8974333eafc77a0467f84c275f3b91ae9dea02def99cde415ef5fdf4	UNKNOWN	UNKNOWN	UNKNOWN	UNKNOWN	UNKNOWN	RESEARCH_ONLY; SOURCE_LICENSE_REVIEW_REQUIRED; NO_RAW_REDISTRIBUTION	VERIFY_SOURCE_AND_PREPROCESSING_PROVENANCE	CURRENT_HASH_NO_EXPECTED_HASH	auxiliary_or_historical_output
/Volumes/Extreme SSD/Utsav-Research-Archive/Sleep-GWAS/FAILED-PARTIAL-2026-09-01-sleep_gwas_atlas/results/tables/phase1_inclusion_nine_trait_checkpoint.tsv	9092		9b034f3d6d7213af4fb17cbafccbf851c602337d27cb865af31b846fda2e6e35	UNKNOWN	UNKNOWN	UNKNOWN	UNKNOWN	UNKNOWN	RESEARCH_ONLY; SOURCE_LICENSE_REVIEW_REQUIRED; NO_RAW_REDISTRIBUTION	VERIFY_SOURCE_AND_PREPROCESSING_PROVENANCE	CURRENT_HASH_NO_EXPECTED_HASH	auxiliary_or_historical_output
/Volumes/Extreme SSD/Utsav-Research-Archive/Sleep-GWAS/FAILED-PARTIAL-2026-09-01-sleep_gwas_atlas/results/tables/phase1_inclusion_seven_trait_checkpoint.tsv	9104		911c38c2d0a637e9d4b843ffa9d66bc81498a6ac0dd84353f007dba3227971a2	UNKNOWN	UNKNOWN	UNKNOWN	UNKNOWN	UNKNOWN	RESEARCH_ONLY; SOURCE_LICENSE_REVIEW_REQUIRED; NO_RAW_REDISTRIBUTION	VERIFY_SOURCE_AND_PREPROCESSING_PROVENANCE	CURRENT_HASH_NO_EXPECTED_HASH	auxiliary_or_historical_output
/Volumes/Extreme SSD/Utsav-Research-Archive/Sleep-GWAS/FAILED-PARTIAL-2026-09-01-sleep_gwas_atlas/results/tables/phase1_inclusion_six_trait_checkpoint.tsv	9110		9926dff56239e23c5bdb5acf82ad8cff68b85058737efacd68b5b9f18eca7b98	UNKNOWN	UNKNOWN	UNKNOWN	UNKNOWN	UNKNOWN	RESEARCH_ONLY; SOURCE_LICENSE_REVIEW_REQUIRED; NO_RAW_REDISTRIBUTION	VERIFY_SOURCE_AND_PREPROCESSING_PROVENANCE	CURRENT_HASH_NO_EXPECTED_HASH	auxiliary_or_historical_output
/Volumes/Extreme SSD/Utsav-Research-Archive/Sleep-GWAS/FAILED-PARTIAL-2026-09-01-sleep_gwas_atlas/results/tables/phase1_inclusion_ten_trait_checkpoint.tsv	9086		29fae471b47c3e78629cde7311dac3a458f8043a29bc3617773e378f5b3d1805	UNKNOWN	UNKNOWN	UNKNOWN	UNKNOWN	UNKNOWN	RESEARCH_ONLY; SOURCE_LICENSE_REVIEW_REQUIRED; NO_RAW_REDISTRIBUTION	VERIFY_SOURCE_AND_PREPROCESSING_PROVENANCE	CURRENT_HASH_NO_EXPECTED_HASH	auxiliary_or_historical_output
/Volumes/Extreme SSD/Utsav-Research-Archive/Sleep-GWAS/FAILED-PARTIAL-2026-09-01-sleep_gwas_atlas/results/tables/phase1_inclusion_thirteen_trait_checkpoint.tsv	9068		afcf2cfd71e1befc5fddc9cf7eacab66f42bd99501c6d3d06f68d9d1f18113f5	UNKNOWN	UNKNOWN	UNKNOWN	UNKNOWN	UNKNOWN	RESEARCH_ONLY; SOURCE_LICENSE_REVIEW_REQUIRED; NO_RAW_REDISTRIBUTION	VERIFY_SOURCE_AND_PREPROCESSING_PROVENANCE	CURRENT_HASH_NO_EXPECTED_HASH	auxiliary_or_historical_output
/Volumes/Extreme SSD/Utsav-Research-Archive/Sleep-GWAS/FAILED-PARTIAL-2026-09-01-sleep_gwas_atlas/results/tables/phase1_inclusion_three_trait_checkpoint.tsv	9128		a51e5ba775078186e4d8de92f00fc9b07354b77f195c2558db3d97388e9561d8	UNKNOWN	UNKNOWN	UNKNOWN	UNKNOWN	UNKNOWN	RESEARCH_ONLY; SOURCE_LICENSE_REVIEW_REQUIRED; NO_RAW_REDISTRIBUTION	VERIFY_SOURCE_AND_PREPROCESSING_PROVENANCE	CURRENT_HASH_NO_EXPECTED_HASH	auxiliary_or_historical_output
/Volumes/Extreme SSD/Utsav-Research-Archive/Sleep-GWAS/FAILED-PARTIAL-2026-09-01-sleep_gwas_atlas/results/tables/phase1_inclusion_twelve_trait_checkpoint.tsv	9074		3ec18592a379534393796aa0b3ddfb5855db45f6cfb09e0a18bd892ee6545720	UNKNOWN	UNKNOWN	UNKNOWN	UNKNOWN	UNKNOWN	RESEARCH_ONLY; SOURCE_LICENSE_REVIEW_REQUIRED; NO_RAW_REDISTRIBUTION	VERIFY_SOURCE_AND_PREPROCESSING_PROVENANCE	CURRENT_HASH_NO_EXPECTED_HASH	auxiliary_or_historical_output
/Volumes/Extreme SSD/Utsav-Research-Archive/Sleep-GWAS/FAILED-PARTIAL-2026-09-01-sleep_gwas_atlas/results/tables/phase1_summary_report.md	3512		b027c4e9443e796e68bb7f0bcfbf67a58c5770649ff385eb679ac72512984252	UNKNOWN	UNKNOWN	UNKNOWN	UNKNOWN	UNKNOWN	RESEARCH_ONLY; SOURCE_LICENSE_REVIEW_REQUIRED; NO_RAW_REDISTRIBUTION	VERIFY_SOURCE_AND_PREPROCESSING_PROVENANCE	CURRENT_HASH_NO_EXPECTED_HASH	auxiliary_or_historical_output
/Volumes/Extreme SSD/Utsav-Research-Archive/Sleep-GWAS/FAILED-PARTIAL-2026-09-01-sleep_gwas_atlas/results/tables/pleiotropy_input_readiness.tsv	6366		071eaaaf76a62c469a7fef8ef1c05a2a587078f4dd3cd02b18ebd084f4773b36	UNKNOWN	UNKNOWN	UNKNOWN	UNKNOWN	UNKNOWN	RESEARCH_ONLY; SOURCE_LICENSE_REVIEW_REQUIRED; NO_RAW_REDISTRIBUTION	VERIFY_SOURCE_AND_PREPROCESSING_PROVENANCE	CURRENT_HASH_NO_EXPECTED_HASH	auxiliary_or_historical_output
/Volumes/Extreme SSD/Utsav-Research-Archive/Sleep-GWAS/FAILED-PARTIAL-2026-09-01-sleep_gwas_atlas/results/tables/pleiotropy_pair_manifest.lock.json	12081		f5dcb965257093a0076b4fcc884066ca624341ff68b580b67436148ac8457f1c	UNKNOWN	UNKNOWN	UNKNOWN	UNKNOWN	UNKNOWN	RESEARCH_ONLY; SOURCE_LICENSE_REVIEW_REQUIRED; NO_RAW_REDISTRIBUTION	VERIFY_SOURCE_AND_PREPROCESSING_PROVENANCE	CURRENT_HASH_NO_EXPECTED_HASH	auxiliary_or_historical_output
/Volumes/Extreme SSD/Utsav-Research-Archive/Sleep-GWAS/FAILED-PARTIAL-2026-09-01-sleep_gwas_atlas/results/tables/pleiotropy_pair_manifest.tsv	175550		106fd69ebc252b7fbd12867e5ec7fe084aac8fbd51da5105be69bb615508c0f5	UNKNOWN	UNKNOWN	UNKNOWN	UNKNOWN	UNKNOWN	RESEARCH_ONLY; SOURCE_LICENSE_REVIEW_REQUIRED; NO_RAW_REDISTRIBUTION	VERIFY_SOURCE_AND_PREPROCESSING_PROVENANCE	CURRENT_HASH_NO_EXPECTED_HASH	auxiliary_or_historical_output
/Volumes/Extreme SSD/Utsav-Research-Archive/Sleep-GWAS/FAILED-PARTIAL-2026-09-01-sleep_gwas_atlas/results/tables/pleiotropy_preflight.json	2194		df48bcc759070266cac1ba458f2fd7be5c1e4c700d31b8a44b98a30c3ccb3ff1	UNKNOWN	UNKNOWN	UNKNOWN	UNKNOWN	UNKNOWN	RESEARCH_ONLY; SOURCE_LICENSE_REVIEW_REQUIRED; NO_RAW_REDISTRIBUTION	VERIFY_SOURCE_AND_PREPROCESSING_PROVENANCE	CURRENT_HASH_NO_EXPECTED_HASH	auxiliary_or_historical_output
/Volumes/Extreme SSD/Utsav-Research-Archive/Sleep-GWAS/FAILED-PARTIAL-2026-09-01-sleep_gwas_atlas/results/tables/q_snp.tsv	76		005b57b4118e158330d8abfc7b5d22f862cd25c16b440ac8795c9f55236e530f	UNKNOWN	UNKNOWN	UNKNOWN	UNKNOWN	UNKNOWN	RESEARCH_ONLY; SOURCE_LICENSE_REVIEW_REQUIRED; NO_RAW_REDISTRIBUTION	VERIFY_SOURCE_AND_PREPROCESSING_PROVENANCE	CURRENT_HASH_NO_EXPECTED_HASH	auxiliary_or_historical_output
/Volumes/Extreme SSD/Utsav-Research-Archive/Sleep-GWAS/FAILED-PARTIAL-2026-09-01-sleep_gwas_atlas/results/tables/rg_eight_trait_checkpoint.tsv	1123		10cffa08bf9e96d8aaa28e1fa3818a63a989c7e901d64e85420d18f60bcac110	UNKNOWN	UNKNOWN	UNKNOWN	UNKNOWN	UNKNOWN	RESEARCH_ONLY; SOURCE_LICENSE_REVIEW_REQUIRED; NO_RAW_REDISTRIBUTION	VERIFY_SOURCE_AND_PREPROCESSING_PROVENANCE	CURRENT_HASH_NO_EXPECTED_HASH	auxiliary_or_historical_output
/Volumes/Extreme SSD/Utsav-Research-Archive/Sleep-GWAS/FAILED-PARTIAL-2026-09-01-sleep_gwas_atlas/results/tables/rg_eleven_trait_checkpoint.tsv	2741		8dad36cbcb78bca120e224a1c27a6bab5f378c6b3e4a8db237b95b7d51fc38cb	UNKNOWN	UNKNOWN	UNKNOWN	UNKNOWN	UNKNOWN	RESEARCH_ONLY; SOURCE_LICENSE_REVIEW_REQUIRED; NO_RAW_REDISTRIBUTION	VERIFY_SOURCE_AND_PREPROCESSING_PROVENANCE	CURRENT_HASH_NO_EXPECTED_HASH	auxiliary_or_historical_output
/Volumes/Extreme SSD/Utsav-Research-Archive/Sleep-GWAS/FAILED-PARTIAL-2026-09-01-sleep_gwas_atlas/results/tables/rg_five_trait_checkpoint.tsv	687		4ce9087d838560aebdad4aae9d3658490cbcd9ba69b7e12b7ced18780ae02553	UNKNOWN	UNKNOWN	UNKNOWN	UNKNOWN	UNKNOWN	RESEARCH_ONLY; SOURCE_LICENSE_REVIEW_REQUIRED; NO_RAW_REDISTRIBUTION	VERIFY_SOURCE_AND_PREPROCESSING_PROVENANCE	CURRENT_HASH_NO_EXPECTED_HASH	auxiliary_or_historical_output
/Volumes/Extreme SSD/Utsav-Research-Archive/Sleep-GWAS/FAILED-PARTIAL-2026-09-01-sleep_gwas_atlas/results/tables/rg_four_trait_checkpoint.tsv	534		fcfb7335d7cc1c1524c907784f0fcbd4103c2599ce838f26a7a78a43f567c43e	UNKNOWN	UNKNOWN	UNKNOWN	UNKNOWN	UNKNOWN	RESEARCH_ONLY; SOURCE_LICENSE_REVIEW_REQUIRED; NO_RAW_REDISTRIBUTION	VERIFY_SOURCE_AND_PREPROCESSING_PROVENANCE	CURRENT_HASH_NO_EXPECTED_HASH	auxiliary_or_historical_output
/Volumes/Extreme SSD/Utsav-Research-Archive/Sleep-GWAS/FAILED-PARTIAL-2026-09-01-sleep_gwas_atlas/results/tables/rg_matrix.tsv	79897		161756ac61775ad3393572cf5fbdf51690eb47ff010b8a50dbcc5fabf79bc077	UNKNOWN	UNKNOWN	UNKNOWN	UNKNOWN	UNKNOWN	RESEARCH_ONLY; SOURCE_LICENSE_REVIEW_REQUIRED; NO_RAW_REDISTRIBUTION	VERIFY_SOURCE_AND_PREPROCESSING_PROVENANCE	CURRENT_HASH_NO_EXPECTED_HASH	auxiliary_or_historical_output
/Volumes/Extreme SSD/Utsav-Research-Archive/Sleep-GWAS/FAILED-PARTIAL-2026-09-01-sleep_gwas_atlas/results/tables/rg_nine_trait_checkpoint.tsv	1261		157021a8ea1d79b1bb47142cd59f3d040b4f564c440101b820f95675318c5e74	UNKNOWN	UNKNOWN	UNKNOWN	UNKNOWN	UNKNOWN	RESEARCH_ONLY; SOURCE_LICENSE_REVIEW_REQUIRED; NO_RAW_REDISTRIBUTION	VERIFY_SOURCE_AND_PREPROCESSING_PROVENANCE	CURRENT_HASH_NO_EXPECTED_HASH	auxiliary_or_historical_output
/Volumes/Extreme SSD/Utsav-Research-Archive/Sleep-GWAS/FAILED-PARTIAL-2026-09-01-sleep_gwas_atlas/results/tables/rg_primary_phase1.tsv	48393		9beb16a412df19f4c152d4562a0ea1a99698122a23b30b356ea34c3bec66f821	UNKNOWN	UNKNOWN	UNKNOWN	UNKNOWN	UNKNOWN	RESEARCH_ONLY; SOURCE_LICENSE_REVIEW_REQUIRED; NO_RAW_REDISTRIBUTION	VERIFY_SOURCE_AND_PREPROCESSING_PROVENANCE	CURRENT_HASH_NO_EXPECTED_HASH	auxiliary_or_historical_output
/Volumes/Extreme SSD/Utsav-Research-Archive/Sleep-GWAS/FAILED-PARTIAL-2026-09-01-sleep_gwas_atlas/results/tables/rg_qc_failed_sensitivity.tsv	3775		33b8aebbb919fa9c4fb93a53bd298e37ea1900122af577155dc528100e6dcc1d	UNKNOWN	UNKNOWN	UNKNOWN	UNKNOWN	UNKNOWN	RESEARCH_ONLY; SOURCE_LICENSE_REVIEW_REQUIRED; NO_RAW_REDISTRIBUTION	VERIFY_SOURCE_AND_PREPROCESSING_PROVENANCE	CURRENT_HASH_NO_EXPECTED_HASH	auxiliary_or_historical_output
/Volumes/Extreme SSD/Utsav-Research-Archive/Sleep-GWAS/FAILED-PARTIAL-2026-09-01-sleep_gwas_atlas/results/tables/rg_seven_trait_checkpoint.tsv	982		8cd6ddcf9f1ed8fbb6d7c053c40f2e9ab33ef48c84056bd27304692625d2a07f	UNKNOWN	UNKNOWN	UNKNOWN	UNKNOWN	UNKNOWN	RESEARCH_ONLY; SOURCE_LICENSE_REVIEW_REQUIRED; NO_RAW_REDISTRIBUTION	VERIFY_SOURCE_AND_PREPROCESSING_PROVENANCE	CURRENT_HASH_NO_EXPECTED_HASH	auxiliary_or_historical_output
/Volumes/Extreme SSD/Utsav-Research-Archive/Sleep-GWAS/FAILED-PARTIAL-2026-09-01-sleep_gwas_atlas/results/tables/rg_six_trait_checkpoint.tsv	827		45097d7cae447253f26ffa6d33eb4f66fbde365991086fd0b803c8cead71a273	UNKNOWN	UNKNOWN	UNKNOWN	UNKNOWN	UNKNOWN	RESEARCH_ONLY; SOURCE_LICENSE_REVIEW_REQUIRED; NO_RAW_REDISTRIBUTION	VERIFY_SOURCE_AND_PREPROCESSING_PROVENANCE	CURRENT_HASH_NO_EXPECTED_HASH	auxiliary_or_historical_output
/Volumes/Extreme SSD/Utsav-Research-Archive/Sleep-GWAS/FAILED-PARTIAL-2026-09-01-sleep_gwas_atlas/results/tables/rg_snoring_bmi_checkpoint.tsv	271		f0b0b9cadb40807e0a08a960319bd3fbf29f2ebc32fdb9e7474b7df32abee427	UNKNOWN	UNKNOWN	UNKNOWN	UNKNOWN	UNKNOWN	RESEARCH_ONLY; SOURCE_LICENSE_REVIEW_REQUIRED; NO_RAW_REDISTRIBUTION	VERIFY_SOURCE_AND_PREPROCESSING_PROVENANCE	CURRENT_HASH_NO_EXPECTED_HASH	auxiliary_or_historical_output
/Volumes/Extreme SSD/Utsav-Research-Archive/Sleep-GWAS/FAILED-PARTIAL-2026-09-01-sleep_gwas_atlas/results/tables/rg_snoring_longevity_checkpoint.tsv	286		2002b02e4d08d621392c7802c9b5233a83d337e24554495a2468f9c80ee9ba07	UNKNOWN	UNKNOWN	UNKNOWN	UNKNOWN	UNKNOWN	RESEARCH_ONLY; SOURCE_LICENSE_REVIEW_REQUIRED; NO_RAW_REDISTRIBUTION	VERIFY_SOURCE_AND_PREPROCESSING_PROVENANCE	CURRENT_HASH_NO_EXPECTED_HASH	auxiliary_or_historical_output
/Volumes/Extreme SSD/Utsav-Research-Archive/Sleep-GWAS/FAILED-PARTIAL-2026-09-01-sleep_gwas_atlas/results/tables/rg_ten_trait_checkpoint.tsv	2415		5ea7bb50a6596b0377e0a46b0241c9f19412dddbdd40893d78b3ed0d4cc4176a	UNKNOWN	UNKNOWN	UNKNOWN	UNKNOWN	UNKNOWN	RESEARCH_ONLY; SOURCE_LICENSE_REVIEW_REQUIRED; NO_RAW_REDISTRIBUTION	VERIFY_SOURCE_AND_PREPROCESSING_PROVENANCE	CURRENT_HASH_NO_EXPECTED_HASH	auxiliary_or_historical_output
/Volumes/Extreme SSD/Utsav-Research-Archive/Sleep-GWAS/FAILED-PARTIAL-2026-09-01-sleep_gwas_atlas/results/tables/rg_thirteen_trait_checkpoint.tsv	3387		78b030232b416f4d834f89a4215d80a9b11b0cb31eb156d7442a6d9415874453	UNKNOWN	UNKNOWN	UNKNOWN	UNKNOWN	UNKNOWN	RESEARCH_ONLY; SOURCE_LICENSE_REVIEW_REQUIRED; NO_RAW_REDISTRIBUTION	VERIFY_SOURCE_AND_PREPROCESSING_PROVENANCE	CURRENT_HASH_NO_EXPECTED_HASH	auxiliary_or_historical_output
/Volumes/Extreme SSD/Utsav-Research-Archive/Sleep-GWAS/FAILED-PARTIAL-2026-09-01-sleep_gwas_atlas/results/tables/rg_three_trait_checkpoint.tsv	398		03613a3778fa37bfeefac1bea61c6a22bdd6085936e302a3cc8c23c7ae91636b	UNKNOWN	UNKNOWN	UNKNOWN	UNKNOWN	UNKNOWN	RESEARCH_ONLY; SOURCE_LICENSE_REVIEW_REQUIRED; NO_RAW_REDISTRIBUTION	VERIFY_SOURCE_AND_PREPROCESSING_PROVENANCE	CURRENT_HASH_NO_EXPECTED_HASH	auxiliary_or_historical_output
/Volumes/Extreme SSD/Utsav-Research-Archive/Sleep-GWAS/FAILED-PARTIAL-2026-09-01-sleep_gwas_atlas/results/tables/rg_twelve_trait_checkpoint.tsv	3067		9b5f78c654d0ea5f4d394fb061bfac4c127649f354f50df11e439924785b3472	UNKNOWN	UNKNOWN	UNKNOWN	UNKNOWN	UNKNOWN	RESEARCH_ONLY; SOURCE_LICENSE_REVIEW_REQUIRED; NO_RAW_REDISTRIBUTION	VERIFY_SOURCE_AND_PREPROCESSING_PROVENANCE	CURRENT_HASH_NO_EXPECTED_HASH	auxiliary_or_historical_output
/Volumes/Extreme SSD/Utsav-Research-Archive/Sleep-GWAS/FAILED-PARTIAL-2026-09-01-sleep_gwas_atlas/results/tables/source_readiness.tsv	21931		7c12e824de311260eb27352c5291356ddc7f221e7bb0cdb39c4f79bb2c009352	UNKNOWN	UNKNOWN	UNKNOWN	UNKNOWN	UNKNOWN	RESEARCH_ONLY; SOURCE_LICENSE_REVIEW_REQUIRED; NO_RAW_REDISTRIBUTION	VERIFY_SOURCE_AND_PREPROCESSING_PROVENANCE	CURRENT_HASH_NO_EXPECTED_HASH	auxiliary_or_historical_output
/Volumes/Extreme SSD/Utsav-Research-Archive/Sleep-GWAS/FAILED-PARTIAL-2026-09-01-sleep_gwas_atlas/results/tables/trait_readiness.tsv	10619		935bfb7d67ae10683a9f2d35acc7d0f8d60e1ddbf5888d779b058dc2e22ea470	UNKNOWN	UNKNOWN	UNKNOWN	UNKNOWN	UNKNOWN	RESEARCH_ONLY; SOURCE_LICENSE_REVIEW_REQUIRED; NO_RAW_REDISTRIBUTION	VERIFY_SOURCE_AND_PREPROCESSING_PROVENANCE	CURRENT_HASH_NO_EXPECTED_HASH	auxiliary_or_historical_output
/Volumes/Extreme SSD/Utsav-Research-Archive/Sleep-GWAS/FAILED-PARTIAL-2026-09-01-sleep_gwas_atlas/results/tables/trait_readiness_eight_trait_checkpoint.tsv	18405		84e4504d7a9e95818ad657d3d0b745e9ad846c69bb6fe263025135cec515a1c6	UNKNOWN	UNKNOWN	UNKNOWN	UNKNOWN	UNKNOWN	RESEARCH_ONLY; SOURCE_LICENSE_REVIEW_REQUIRED; NO_RAW_REDISTRIBUTION	VERIFY_SOURCE_AND_PREPROCESSING_PROVENANCE	CURRENT_HASH_NO_EXPECTED_HASH	auxiliary_or_historical_output
/Volumes/Extreme SSD/Utsav-Research-Archive/Sleep-GWAS/FAILED-PARTIAL-2026-09-01-sleep_gwas_atlas/results/tables/trait_readiness_eleven_trait_checkpoint.tsv	17778		5679629eb83c6470f7ae82722efb38f1655987616db0712134578329fd4e8691	UNKNOWN	UNKNOWN	UNKNOWN	UNKNOWN	UNKNOWN	RESEARCH_ONLY; SOURCE_LICENSE_REVIEW_REQUIRED; NO_RAW_REDISTRIBUTION	VERIFY_SOURCE_AND_PREPROCESSING_PROVENANCE	CURRENT_HASH_NO_EXPECTED_HASH	auxiliary_or_historical_output
/Volumes/Extreme SSD/Utsav-Research-Archive/Sleep-GWAS/FAILED-PARTIAL-2026-09-01-sleep_gwas_atlas/results/tables/trait_readiness_five_trait_checkpoint.tsv	19032		894f5902c64197afa27b78126157c128dd88e4e44d05b6f3dbba85c62aa9b875	UNKNOWN	UNKNOWN	UNKNOWN	UNKNOWN	UNKNOWN	RESEARCH_ONLY; SOURCE_LICENSE_REVIEW_REQUIRED; NO_RAW_REDISTRIBUTION	VERIFY_SOURCE_AND_PREPROCESSING_PROVENANCE	CURRENT_HASH_NO_EXPECTED_HASH	auxiliary_or_historical_output
/Volumes/Extreme SSD/Utsav-Research-Archive/Sleep-GWAS/FAILED-PARTIAL-2026-09-01-sleep_gwas_atlas/results/tables/trait_readiness_four_trait_checkpoint.tsv	19241		440940302fe0df28e214462774efcc061e994f0b6301099b4ddfba25edb2f24a	UNKNOWN	UNKNOWN	UNKNOWN	UNKNOWN	UNKNOWN	RESEARCH_ONLY; SOURCE_LICENSE_REVIEW_REQUIRED; NO_RAW_REDISTRIBUTION	VERIFY_SOURCE_AND_PREPROCESSING_PROVENANCE	CURRENT_HASH_NO_EXPECTED_HASH	auxiliary_or_historical_output
/Volumes/Extreme SSD/Utsav-Research-Archive/Sleep-GWAS/FAILED-PARTIAL-2026-09-01-sleep_gwas_atlas/results/tables/trait_readiness_nine_trait_checkpoint.tsv	18196		ebb048d8a77bc7194aee3e1a59cd3b99f82adb77ce8476c8a62947e87cc6feef	UNKNOWN	UNKNOWN	UNKNOWN	UNKNOWN	UNKNOWN	RESEARCH_ONLY; SOURCE_LICENSE_REVIEW_REQUIRED; NO_RAW_REDISTRIBUTION	VERIFY_SOURCE_AND_PREPROCESSING_PROVENANCE	CURRENT_HASH_NO_EXPECTED_HASH	auxiliary_or_historical_output
/Volumes/Extreme SSD/Utsav-Research-Archive/Sleep-GWAS/FAILED-PARTIAL-2026-09-01-sleep_gwas_atlas/results/tables/trait_readiness_nine_trait_validation.tsv	18196		ebb048d8a77bc7194aee3e1a59cd3b99f82adb77ce8476c8a62947e87cc6feef	UNKNOWN	UNKNOWN	UNKNOWN	UNKNOWN	UNKNOWN	RESEARCH_ONLY; SOURCE_LICENSE_REVIEW_REQUIRED; NO_RAW_REDISTRIBUTION	VERIFY_SOURCE_AND_PREPROCESSING_PROVENANCE	CURRENT_HASH_NO_EXPECTED_HASH	auxiliary_or_historical_output
/Volumes/Extreme SSD/Utsav-Research-Archive/Sleep-GWAS/FAILED-PARTIAL-2026-09-01-sleep_gwas_atlas/results/tables/trait_readiness_seven_trait_checkpoint.tsv	18614		85e019e699587db3574c7280d1f1b98f1590c36e4cd4226a18ef3a5ea7cdf36d	UNKNOWN	UNKNOWN	UNKNOWN	UNKNOWN	UNKNOWN	RESEARCH_ONLY; SOURCE_LICENSE_REVIEW_REQUIRED; NO_RAW_REDISTRIBUTION	VERIFY_SOURCE_AND_PREPROCESSING_PROVENANCE	CURRENT_HASH_NO_EXPECTED_HASH	auxiliary_or_historical_output
/Volumes/Extreme SSD/Utsav-Research-Archive/Sleep-GWAS/FAILED-PARTIAL-2026-09-01-sleep_gwas_atlas/results/tables/trait_readiness_six_trait_checkpoint.tsv	18823		86e063325b8747f3978509a8ffad5fdb57d60cc4d775349c9517b81e5757246b	UNKNOWN	UNKNOWN	UNKNOWN	UNKNOWN	UNKNOWN	RESEARCH_ONLY; SOURCE_LICENSE_REVIEW_REQUIRED; NO_RAW_REDISTRIBUTION	VERIFY_SOURCE_AND_PREPROCESSING_PROVENANCE	CURRENT_HASH_NO_EXPECTED_HASH	auxiliary_or_historical_output
/Volumes/Extreme SSD/Utsav-Research-Archive/Sleep-GWAS/FAILED-PARTIAL-2026-09-01-sleep_gwas_atlas/results/tables/trait_readiness_ten_trait_checkpoint.tsv	17987		52bd4fe9d3a1303c8f6e8ec3fd0587556fd1d5fae7b8cc77d52f21a70fa57564	UNKNOWN	UNKNOWN	UNKNOWN	UNKNOWN	UNKNOWN	RESEARCH_ONLY; SOURCE_LICENSE_REVIEW_REQUIRED; NO_RAW_REDISTRIBUTION	VERIFY_SOURCE_AND_PREPROCESSING_PROVENANCE	CURRENT_HASH_NO_EXPECTED_HASH	auxiliary_or_historical_output
/Volumes/Extreme SSD/Utsav-Research-Archive/Sleep-GWAS/FAILED-PARTIAL-2026-09-01-sleep_gwas_atlas/results/tables/trait_readiness_thirteen_trait_checkpoint.tsv	17360		7543657dcc1b291fbc0d6b37c91d19283e2aa9bcb7b68a1b1599987afd0f6882	UNKNOWN	UNKNOWN	UNKNOWN	UNKNOWN	UNKNOWN	RESEARCH_ONLY; SOURCE_LICENSE_REVIEW_REQUIRED; NO_RAW_REDISTRIBUTION	VERIFY_SOURCE_AND_PREPROCESSING_PROVENANCE	CURRENT_HASH_NO_EXPECTED_HASH	auxiliary_or_historical_output
/Volumes/Extreme SSD/Utsav-Research-Archive/Sleep-GWAS/FAILED-PARTIAL-2026-09-01-sleep_gwas_atlas/results/tables/trait_readiness_three_trait_checkpoint.tsv	19411		388ded6b3ddec14f8a7bd30c61be2df46a1337afd861516e7716e6d82e9ec503	UNKNOWN	UNKNOWN	UNKNOWN	UNKNOWN	UNKNOWN	RESEARCH_ONLY; SOURCE_LICENSE_REVIEW_REQUIRED; NO_RAW_REDISTRIBUTION	VERIFY_SOURCE_AND_PREPROCESSING_PROVENANCE	CURRENT_HASH_NO_EXPECTED_HASH	auxiliary_or_historical_output
/Volumes/Extreme SSD/Utsav-Research-Archive/Sleep-GWAS/FAILED-PARTIAL-2026-09-01-sleep_gwas_atlas/results/tables/trait_readiness_twelve_trait_checkpoint.tsv	17608		e8b242a876cd46a0454628a55ac5b918bdc568b9b7700161d4b48cf682228175	UNKNOWN	UNKNOWN	UNKNOWN	UNKNOWN	UNKNOWN	RESEARCH_ONLY; SOURCE_LICENSE_REVIEW_REQUIRED; NO_RAW_REDISTRIBUTION	VERIFY_SOURCE_AND_PREPROCESSING_PROVENANCE	CURRENT_HASH_NO_EXPECTED_HASH	auxiliary_or_historical_output
/Volumes/Extreme SSD/Utsav-Research-Archive/Sleep-GWAS/FAILED-PARTIAL-2026-09-01-sleep_gwas_atlas/results/tables/twas_phi_model_inventory.lock.json	3569		d78f9411b37410de1c08726a86e51fdbe34ca08bed0e5f0a8bf5c4450129b4c2	UNKNOWN	UNKNOWN	UNKNOWN	UNKNOWN	UNKNOWN	RESEARCH_ONLY; SOURCE_LICENSE_REVIEW_REQUIRED; NO_RAW_REDISTRIBUTION	VERIFY_SOURCE_AND_PREPROCESSING_PROVENANCE	CURRENT_HASH_NO_EXPECTED_HASH	auxiliary_or_historical_output
/Volumes/Extreme SSD/Utsav-Research-Archive/Sleep-GWAS/FAILED-PARTIAL-2026-09-01-sleep_gwas_atlas/results/tables/twas_phi_model_inventory.tsv	21559		3a1296373a215abd100062adf55a98f4e5b6cdbb8f95e8210efe7071124cca7e	UNKNOWN	UNKNOWN	UNKNOWN	UNKNOWN	UNKNOWN	RESEARCH_ONLY; SOURCE_LICENSE_REVIEW_REQUIRED; NO_RAW_REDISTRIBUTION	VERIFY_SOURCE_AND_PREPROCESSING_PROVENANCE	CURRENT_HASH_NO_EXPECTED_HASH	auxiliary_or_historical_output
/Volumes/Extreme SSD/Utsav-Research-Archive/Sleep-GWAS/FAILED-PARTIAL-2026-09-01-sleep_gwas_atlas/config/analysis_panel.lock.json	380		4be67d7255235742d236e949c27e6e3b9eee6e6f5195c0b9d001be26c50d710c	UNKNOWN	UNKNOWN	UNKNOWN	UNKNOWN	UNKNOWN	RESEARCH_ONLY; SOURCE_LICENSE_REVIEW_REQUIRED; NO_RAW_REDISTRIBUTION	VERIFY_SOURCE_AND_PREPROCESSING_PROVENANCE	CURRENT_HASH_NO_EXPECTED_HASH	auxiliary_or_historical_output
/Volumes/Extreme SSD/Utsav-Research-Archive/Sleep-GWAS/FAILED-PARTIAL-2026-09-01-sleep_gwas_atlas/config/analysis_panel.tsv	24571		38d3d430507880e8623fc2b5dd3f4dcf963dcc346d99b14bb6c185a64e361a80	UNKNOWN	UNKNOWN	UNKNOWN	UNKNOWN	UNKNOWN	RESEARCH_ONLY; SOURCE_LICENSE_REVIEW_REQUIRED; NO_RAW_REDISTRIBUTION	VERIFY_SOURCE_AND_PREPROCESSING_PROVENANCE	CURRENT_HASH_NO_EXPECTED_HASH	auxiliary_or_historical_output
/Volumes/Extreme SSD/Utsav-Research-Archive/Sleep-GWAS/FAILED-PARTIAL-2026-09-01-sleep_gwas_atlas/config/atlas_table_schema.json	4283		c1413b301d4da992424e6229cc022f0b2517303f91c42a4d8bb95da7f4e671b9	UNKNOWN	UNKNOWN	UNKNOWN	UNKNOWN	UNKNOWN	RESEARCH_ONLY; SOURCE_LICENSE_REVIEW_REQUIRED; NO_RAW_REDISTRIBUTION	VERIFY_SOURCE_AND_PREPROCESSING_PROVENANCE	CURRENT_HASH_NO_EXPECTED_HASH	auxiliary_or_historical_output
/Volumes/Extreme SSD/Utsav-Research-Archive/Sleep-GWAS/FAILED-PARTIAL-2026-09-01-sleep_gwas_atlas/config/dense_harmonization_policy.json	2549		4226b8488f314631e5c40583aa01dd8f669eb60087568f7b16bd4913ce180cf3	UNKNOWN	UNKNOWN	UNKNOWN	UNKNOWN	UNKNOWN	RESEARCH_ONLY; SOURCE_LICENSE_REVIEW_REQUIRED; NO_RAW_REDISTRIBUTION	VERIFY_SOURCE_AND_PREPROCESSING_PROVENANCE	CURRENT_HASH_NO_EXPECTED_HASH	auxiliary_or_historical_output
/Volumes/Extreme SSD/Utsav-Research-Archive/Sleep-GWAS/FAILED-PARTIAL-2026-09-01-sleep_gwas_atlas/config/dense_variant_map_policy.json	2016		833dc54d5b1a3a39d65e9ce5382fdc728c4db664714a9808242165776cfbf9a1	UNKNOWN	UNKNOWN	UNKNOWN	UNKNOWN	UNKNOWN	RESEARCH_ONLY; SOURCE_LICENSE_REVIEW_REQUIRED; NO_RAW_REDISTRIBUTION	VERIFY_SOURCE_AND_PREPROCESSING_PROVENANCE	CURRENT_HASH_NO_EXPECTED_HASH	auxiliary_or_historical_output
/Volumes/Extreme SSD/Utsav-Research-Archive/Sleep-GWAS/FAILED-PARTIAL-2026-09-01-sleep_gwas_atlas/config/dense_variant_mapping_plans.tsv	2257		0ab89e93a6b29b4d25da00059c8bef8d2e163fee4dc2c8422205201f526ee5e2	UNKNOWN	UNKNOWN	UNKNOWN	UNKNOWN	UNKNOWN	RESEARCH_ONLY; SOURCE_LICENSE_REVIEW_REQUIRED; NO_RAW_REDISTRIBUTION	VERIFY_SOURCE_AND_PREPROCESSING_PROVENANCE	CURRENT_HASH_NO_EXPECTED_HASH	auxiliary_or_historical_output
/Volumes/Extreme SSD/Utsav-Research-Archive/Sleep-GWAS/FAILED-PARTIAL-2026-09-01-sleep_gwas_atlas/config/downstream_analysis_policy.json	4756		1a22e03fe8a62eed460de460900f49a7546df12437b20e7997946f7c809c676c	UNKNOWN	UNKNOWN	UNKNOWN	UNKNOWN	UNKNOWN	RESEARCH_ONLY; SOURCE_LICENSE_REVIEW_REQUIRED; NO_RAW_REDISTRIBUTION	VERIFY_SOURCE_AND_PREPROCESSING_PROVENANCE	CURRENT_HASH_NO_EXPECTED_HASH	auxiliary_or_historical_output
/Volumes/Extreme SSD/Utsav-Research-Archive/Sleep-GWAS/FAILED-PARTIAL-2026-09-01-sleep_gwas_atlas/config/fine_mapping_analysis_policy.json	2537		8e7333316e0a79756a92aad745ceffea2cd9c6cca6ad63e09f233465903f9563	UNKNOWN	UNKNOWN	UNKNOWN	UNKNOWN	UNKNOWN	RESEARCH_ONLY; SOURCE_LICENSE_REVIEW_REQUIRED; NO_RAW_REDISTRIBUTION	VERIFY_SOURCE_AND_PREPROCESSING_PROVENANCE	CURRENT_HASH_NO_EXPECTED_HASH	auxiliary_or_historical_output
/Volumes/Extreme SSD/Utsav-Research-Archive/Sleep-GWAS/FAILED-PARTIAL-2026-09-01-sleep_gwas_atlas/config/fine_mapping_method_references.tsv	1338		b77f1e5a075c4dbea965738869363c4787c65f51a99eb06db59ff7591e5b346d	UNKNOWN	UNKNOWN	UNKNOWN	UNKNOWN	UNKNOWN	RESEARCH_ONLY; SOURCE_LICENSE_REVIEW_REQUIRED; NO_RAW_REDISTRIBUTION	VERIFY_SOURCE_AND_PREPROCESSING_PROVENANCE	CURRENT_HASH_NO_EXPECTED_HASH	auxiliary_or_historical_output
/Volumes/Extreme SSD/Utsav-Research-Archive/Sleep-GWAS/FAILED-PARTIAL-2026-09-01-sleep_gwas_atlas/config/fine_mapping_sources.tsv	1242		6710a3240b8d474592f493bb46e2e35097a7be42b20f8d8cc9db17b012248486	UNKNOWN	UNKNOWN	UNKNOWN	UNKNOWN	UNKNOWN	RESEARCH_ONLY; SOURCE_LICENSE_REVIEW_REQUIRED; NO_RAW_REDISTRIBUTION	VERIFY_SOURCE_AND_PREPROCESSING_PROVENANCE	CURRENT_HASH_NO_EXPECTED_HASH	auxiliary_or_historical_output
/Volumes/Extreme SSD/Utsav-Research-Archive/Sleep-GWAS/FAILED-PARTIAL-2026-09-01-sleep_gwas_atlas/config/gwas_schemas.tsv	25377		df2e56799a8cb07be849c96940d553710210725563e29e63baf62cc5a59dd51c	UNKNOWN	UNKNOWN	UNKNOWN	UNKNOWN	UNKNOWN	RESEARCH_ONLY; SOURCE_LICENSE_REVIEW_REQUIRED; NO_RAW_REDISTRIBUTION	VERIFY_SOURCE_AND_PREPROCESSING_PROVENANCE	CURRENT_HASH_NO_EXPECTED_HASH	auxiliary_or_historical_output
/Volumes/Extreme SSD/Utsav-Research-Archive/Sleep-GWAS/FAILED-PARTIAL-2026-09-01-sleep_gwas_atlas/config/hm3_prefilter_plans.tsv	2608		c747e84dca751577f7e518c32429f65783ba2d90e60fc14e9a0c238919c2f5d6	UNKNOWN	UNKNOWN	UNKNOWN	UNKNOWN	UNKNOWN	RESEARCH_ONLY; SOURCE_LICENSE_REVIEW_REQUIRED; NO_RAW_REDISTRIBUTION	VERIFY_SOURCE_AND_PREPROCESSING_PROVENANCE	CURRENT_HASH_NO_EXPECTED_HASH	auxiliary_or_historical_output
/Volumes/Extreme SSD/Utsav-Research-Archive/Sleep-GWAS/FAILED-PARTIAL-2026-09-01-sleep_gwas_atlas/config/interpretation_abc_2021.json	3830		d858327720b7b6000ded9b3d4ca5b7fc017f490d6ea243bb576368af6fb7b1fa	UNKNOWN	UNKNOWN	UNKNOWN	UNKNOWN	UNKNOWN	RESEARCH_ONLY; SOURCE_LICENSE_REVIEW_REQUIRED; NO_RAW_REDISTRIBUTION	VERIFY_SOURCE_AND_PREPROCESSING_PROVENANCE	CURRENT_HASH_NO_EXPECTED_HASH	auxiliary_or_historical_output
/Volumes/Extreme SSD/Utsav-Research-Archive/Sleep-GWAS/FAILED-PARTIAL-2026-09-01-sleep_gwas_atlas/config/interpretation_analysis_policy.json	27358		aedc398cf377f9c75c56d7f7aae7772c64fc3db81dd1f16b38b307c8168b383e	UNKNOWN	UNKNOWN	UNKNOWN	UNKNOWN	UNKNOWN	RESEARCH_ONLY; SOURCE_LICENSE_REVIEW_REQUIRED; NO_RAW_REDISTRIBUTION	VERIFY_SOURCE_AND_PREPROCESSING_PROVENANCE	CURRENT_HASH_NO_EXPECTED_HASH	auxiliary_or_historical_output
/Volumes/Extreme SSD/Utsav-Research-Archive/Sleep-GWAS/FAILED-PARTIAL-2026-09-01-sleep_gwas_atlas/config/interpretation_catlas_adult_v4.json	13140		89d29f44e7d2f9d62d9f6fd30f7184e254e02b63069e910b01386a686f50a655	UNKNOWN	UNKNOWN	UNKNOWN	UNKNOWN	UNKNOWN	RESEARCH_ONLY; SOURCE_LICENSE_REVIEW_REQUIRED; NO_RAW_REDISTRIBUTION	VERIFY_SOURCE_AND_PREPROCESSING_PROVENANCE	CURRENT_HASH_NO_EXPECTED_HASH	auxiliary_or_historical_output
/Volumes/Extreme SSD/Utsav-Research-Archive/Sleep-GWAS/FAILED-PARTIAL-2026-09-01-sleep_gwas_atlas/config/interpretation_causal_installed_packages.tsv	3610		77e51c68395bf9cd0ceeb1bd04a41256b9b29734a6cda83cd5afeb82164a6e09	UNKNOWN	UNKNOWN	UNKNOWN	UNKNOWN	UNKNOWN	RESEARCH_ONLY; SOURCE_LICENSE_REVIEW_REQUIRED; NO_RAW_REDISTRIBUTION	VERIFY_SOURCE_AND_PREPROCESSING_PROVENANCE	CURRENT_HASH_NO_EXPECTED_HASH	auxiliary_or_historical_output
/Volumes/Extreme SSD/Utsav-Research-Archive/Sleep-GWAS/FAILED-PARTIAL-2026-09-01-sleep_gwas_atlas/config/interpretation_causal_packages.tsv	12787		6c9ae71bf61cf36de4a952c469ffe4e5dec1b56ff6ef71f80225ff650fe0e26b	UNKNOWN	UNKNOWN	UNKNOWN	UNKNOWN	UNKNOWN	RESEARCH_ONLY; SOURCE_LICENSE_REVIEW_REQUIRED; NO_RAW_REDISTRIBUTION	VERIFY_SOURCE_AND_PREPROCESSING_PROVENANCE	CURRENT_HASH_NO_EXPECTED_HASH	auxiliary_or_historical_output
/Volumes/Extreme SSD/Utsav-Research-Archive/Sleep-GWAS/FAILED-PARTIAL-2026-09-01-sleep_gwas_atlas/config/interpretation_causal_runtime.json	6950		9a2d0106b5cd2f641b41f7d86447b8305b18abc9c01d8fc4249621860e166d94	UNKNOWN	UNKNOWN	UNKNOWN	UNKNOWN	UNKNOWN	RESEARCH_ONLY; SOURCE_LICENSE_REVIEW_REQUIRED; NO_RAW_REDISTRIBUTION	VERIFY_SOURCE_AND_PREPROCESSING_PROVENANCE	CURRENT_HASH_NO_EXPECTED_HASH	auxiliary_or_historical_output
/Volumes/Extreme SSD/Utsav-Research-Archive/Sleep-GWAS/FAILED-PARTIAL-2026-09-01-sleep_gwas_atlas/config/interpretation_fuma_scrna.json	8934		4f28ea6f9a9ab76d553b65cffbae4b8ca748225c791dadf7e8fdc4c59ec8bf9b	UNKNOWN	UNKNOWN	UNKNOWN	UNKNOWN	UNKNOWN	RESEARCH_ONLY; SOURCE_LICENSE_REVIEW_REQUIRED; NO_RAW_REDISTRIBUTION	VERIFY_SOURCE_AND_PREPROCESSING_PROVENANCE	CURRENT_HASH_NO_EXPECTED_HASH	auxiliary_or_historical_output
/Volumes/Extreme SSD/Utsav-Research-Archive/Sleep-GWAS/FAILED-PARTIAL-2026-09-01-sleep_gwas_atlas/config/interpretation_hocomoco_v14.json	1818		40450abb7c8f7a2382a88502175195683d93be4a48524197084bd91dbc5b6b3a	UNKNOWN	UNKNOWN	UNKNOWN	UNKNOWN	UNKNOWN	RESEARCH_ONLY; SOURCE_LICENSE_REVIEW_REQUIRED; NO_RAW_REDISTRIBUTION	VERIFY_SOURCE_AND_PREPROCESSING_PROVENANCE	CURRENT_HASH_NO_EXPECTED_HASH	auxiliary_or_historical_output
/Volumes/Extreme SSD/Utsav-Research-Archive/Sleep-GWAS/FAILED-PARTIAL-2026-09-01-sleep_gwas_atlas/config/interpretation_ldsc_seg_gtex.json	3414		cf08a10f8b518f6ee07f8a33201b43de1fa8025a36815361f1563928c12d5d5c	UNKNOWN	UNKNOWN	UNKNOWN	UNKNOWN	UNKNOWN	RESEARCH_ONLY; SOURCE_LICENSE_REVIEW_REQUIRED; NO_RAW_REDISTRIBUTION	VERIFY_SOURCE_AND_PREPROCESSING_PROVENANCE	CURRENT_HASH_NO_EXPECTED_HASH	auxiliary_or_historical_output
/Volumes/Extreme SSD/Utsav-Research-Archive/Sleep-GWAS/FAILED-PARTIAL-2026-09-01-sleep_gwas_atlas/config/interpretation_ldsc_seg_reference.json	4200		e152110bc3db4b822e7a642040acf6f755939d6721de3854df17046b95c3fa2d	UNKNOWN	UNKNOWN	UNKNOWN	UNKNOWN	UNKNOWN	RESEARCH_ONLY; SOURCE_LICENSE_REVIEW_REQUIRED; NO_RAW_REDISTRIBUTION	VERIFY_SOURCE_AND_PREPROCESSING_PROVENANCE	CURRENT_HASH_NO_EXPECTED_HASH	auxiliary_or_historical_output
/Volumes/Extreme SSD/Utsav-Research-Archive/Sleep-GWAS/FAILED-PARTIAL-2026-09-01-sleep_gwas_atlas/config/interpretation_method_references.tsv	4156		399dd38badd2bb27332b7846db477597d7dfe2a46d97f12fe80a244ecc151542	UNKNOWN	UNKNOWN	UNKNOWN	UNKNOWN	UNKNOWN	RESEARCH_ONLY; SOURCE_LICENSE_REVIEW_REQUIRED; NO_RAW_REDISTRIBUTION	VERIFY_SOURCE_AND_PREPROCESSING_PROVENANCE	CURRENT_HASH_NO_EXPECTED_HASH	auxiliary_or_historical_output
/Volumes/Extreme SSD/Utsav-Research-Archive/Sleep-GWAS/FAILED-PARTIAL-2026-09-01-sleep_gwas_atlas/config/interpretation_pathway_sources.json	6155		3b65f601928b95f99bab15c3e7e31c0c2a3ecfe555fafc231ab9ab9f9b9dcfdf	UNKNOWN	UNKNOWN	UNKNOWN	UNKNOWN	UNKNOWN	RESEARCH_ONLY; SOURCE_LICENSE_REVIEW_REQUIRED; NO_RAW_REDISTRIBUTION	VERIFY_SOURCE_AND_PREPROCESSING_PROVENANCE	CURRENT_HASH_NO_EXPECTED_HASH	auxiliary_or_historical_output
/Volumes/Extreme SSD/Utsav-Research-Archive/Sleep-GWAS/FAILED-PARTIAL-2026-09-01-sleep_gwas_atlas/config/interpretation_pchic_2016.json	2454		4ba88e68a0c29e6641790d2f475b1cf56dffdd310d6e02971d82c1c6821237ab	UNKNOWN	UNKNOWN	UNKNOWN	UNKNOWN	UNKNOWN	RESEARCH_ONLY; SOURCE_LICENSE_REVIEW_REQUIRED; NO_RAW_REDISTRIBUTION	VERIFY_SOURCE_AND_PREPROCESSING_PROVENANCE	CURRENT_HASH_NO_EXPECTED_HASH	auxiliary_or_historical_output
/Volumes/Extreme SSD/Utsav-Research-Archive/Sleep-GWAS/FAILED-PARTIAL-2026-09-01-sleep_gwas_atlas/config/interpretation_screen_registry_v4.json	1681		47fdd559358ed85e0314f01abfcc9d68933ef22f921fea063046f68b87cbf4a2	UNKNOWN	UNKNOWN	UNKNOWN	UNKNOWN	UNKNOWN	RESEARCH_ONLY; SOURCE_LICENSE_REVIEW_REQUIRED; NO_RAW_REDISTRIBUTION	VERIFY_SOURCE_AND_PREPROCESSING_PROVENANCE	CURRENT_HASH_NO_EXPECTED_HASH	auxiliary_or_historical_output
/Volumes/Extreme SSD/Utsav-Research-Archive/Sleep-GWAS/FAILED-PARTIAL-2026-09-01-sleep_gwas_atlas/config/interpretation_source_registry.tsv	10940		11b525969e0184b2132160112f3760e5301902bd3a14f1c277ef58e9e868c193	UNKNOWN	UNKNOWN	UNKNOWN	UNKNOWN	UNKNOWN	RESEARCH_ONLY; SOURCE_LICENSE_REVIEW_REQUIRED; NO_RAW_REDISTRIBUTION	VERIFY_SOURCE_AND_PREPROCESSING_PROVENANCE	CURRENT_HASH_NO_EXPECTED_HASH	auxiliary_or_historical_output
/Volumes/Extreme SSD/Utsav-Research-Archive/Sleep-GWAS/FAILED-PARTIAL-2026-09-01-sleep_gwas_atlas/config/lava_analysis_policy.json	2744		cc605ec2a3641fe1a84ce60c6f75e8b7819b7ef40efef04753d4f0834d94115f	UNKNOWN	UNKNOWN	UNKNOWN	UNKNOWN	UNKNOWN	RESEARCH_ONLY; SOURCE_LICENSE_REVIEW_REQUIRED; NO_RAW_REDISTRIBUTION	VERIFY_SOURCE_AND_PREPROCESSING_PROVENANCE	CURRENT_HASH_NO_EXPECTED_HASH	auxiliary_or_historical_output
/Volumes/Extreme SSD/Utsav-Research-Archive/Sleep-GWAS/FAILED-PARTIAL-2026-09-01-sleep_gwas_atlas/config/lava_reference_sources.tsv	947		986959f8b46ce258e54ecd98947cb185458ad2936f74dc84b86742dcd0287b61	UNKNOWN	UNKNOWN	UNKNOWN	UNKNOWN	UNKNOWN	RESEARCH_ONLY; SOURCE_LICENSE_REVIEW_REQUIRED; NO_RAW_REDISTRIBUTION	VERIFY_SOURCE_AND_PREPROCESSING_PROVENANCE	CURRENT_HASH_NO_EXPECTED_HASH	auxiliary_or_historical_output
/Volumes/Extreme SSD/Utsav-Research-Archive/Sleep-GWAS/FAILED-PARTIAL-2026-09-01-sleep_gwas_atlas/config/liftover_plans.tsv	2885		dda87cffebe55fc3792ab75d08abbc61b5ff49d138a7410ad0480d36682b90e3	UNKNOWN	UNKNOWN	UNKNOWN	UNKNOWN	UNKNOWN	RESEARCH_ONLY; SOURCE_LICENSE_REVIEW_REQUIRED; NO_RAW_REDISTRIBUTION	VERIFY_SOURCE_AND_PREPROCESSING_PROVENANCE	CURRENT_HASH_NO_EXPECTED_HASH	auxiliary_or_historical_output
/Volumes/Extreme SSD/Utsav-Research-Archive/Sleep-GWAS/FAILED-PARTIAL-2026-09-01-sleep_gwas_atlas/config/literature_pair_reviews.tsv	33234		430f53facd478f3596ad01ffdc4121f22085ea900e5288d4d897ec92d3f03609	UNKNOWN	UNKNOWN	UNKNOWN	UNKNOWN	UNKNOWN	RESEARCH_ONLY; SOURCE_LICENSE_REVIEW_REQUIRED; NO_RAW_REDISTRIBUTION	VERIFY_SOURCE_AND_PREPROCESSING_PROVENANCE	CURRENT_HASH_NO_EXPECTED_HASH	auxiliary_or_historical_output
/Volumes/Extreme SSD/Utsav-Research-Archive/Sleep-GWAS/FAILED-PARTIAL-2026-09-01-sleep_gwas_atlas/config/mixer_analysis_policy.json	3434		b3383398a586771c16fce533e52c563b13bc5226710ee9ae2303070b9d629aaf	UNKNOWN	UNKNOWN	UNKNOWN	UNKNOWN	UNKNOWN	RESEARCH_ONLY; SOURCE_LICENSE_REVIEW_REQUIRED; NO_RAW_REDISTRIBUTION	VERIFY_SOURCE_AND_PREPROCESSING_PROVENANCE	CURRENT_HASH_NO_EXPECTED_HASH	auxiliary_or_historical_output
/Volumes/Extreme SSD/Utsav-Research-Archive/Sleep-GWAS/FAILED-PARTIAL-2026-09-01-sleep_gwas_atlas/config/mixer_reference_files.tsv	11119		5c5f50dcd17794865cab20817a26c918e47d60170b412624bd94a803579ee229	UNKNOWN	UNKNOWN	UNKNOWN	UNKNOWN	UNKNOWN	RESEARCH_ONLY; SOURCE_LICENSE_REVIEW_REQUIRED; NO_RAW_REDISTRIBUTION	VERIFY_SOURCE_AND_PREPROCESSING_PROVENANCE	CURRENT_HASH_NO_EXPECTED_HASH	auxiliary_or_historical_output
/Volumes/Extreme SSD/Utsav-Research-Archive/Sleep-GWAS/FAILED-PARTIAL-2026-09-01-sleep_gwas_atlas/config/molecular_analysis_policy.json	10761		0fb348ec171a5861da37ee5b73e2734946bc0ec4c68fc8372fd905cdb87390ba	UNKNOWN	UNKNOWN	UNKNOWN	UNKNOWN	UNKNOWN	RESEARCH_ONLY; SOURCE_LICENSE_REVIEW_REQUIRED; NO_RAW_REDISTRIBUTION	VERIFY_SOURCE_AND_PREPROCESSING_PROVENANCE	CURRENT_HASH_NO_EXPECTED_HASH	auxiliary_or_historical_output
/Volumes/Extreme SSD/Utsav-Research-Archive/Sleep-GWAS/FAILED-PARTIAL-2026-09-01-sleep_gwas_atlas/config/molecular_method_references.tsv	1258		241f8f639fe9114d51baa762fa07357873f22cf8155ca7e7ef1048e2169bd64d	UNKNOWN	UNKNOWN	UNKNOWN	UNKNOWN	UNKNOWN	RESEARCH_ONLY; SOURCE_LICENSE_REVIEW_REQUIRED; NO_RAW_REDISTRIBUTION	VERIFY_SOURCE_AND_PREPROCESSING_PROVENANCE	CURRENT_HASH_NO_EXPECTED_HASH	auxiliary_or_historical_output
/Volumes/Extreme SSD/Utsav-Research-Archive/Sleep-GWAS/FAILED-PARTIAL-2026-09-01-sleep_gwas_atlas/config/molecular_source_registry.tsv	5147		ac6cb174de5c23ad56b2ff249984ab3315f692be651589e71fe981b7f7565f11	UNKNOWN	UNKNOWN	UNKNOWN	UNKNOWN	UNKNOWN	RESEARCH_ONLY; SOURCE_LICENSE_REVIEW_REQUIRED; NO_RAW_REDISTRIBUTION	VERIFY_SOURCE_AND_PREPROCESSING_PROVENANCE	CURRENT_HASH_NO_EXPECTED_HASH	auxiliary_or_historical_output
/Volumes/Extreme SSD/Utsav-Research-Archive/Sleep-GWAS/FAILED-PARTIAL-2026-09-01-sleep_gwas_atlas/config/nonjournal_source_citations.tsv	457		55c88b8afebe47fd262e7262ba77bb6e167b6d4a598c56d97bc74754b7dc1ca8	UNKNOWN	UNKNOWN	UNKNOWN	UNKNOWN	UNKNOWN	RESEARCH_ONLY; SOURCE_LICENSE_REVIEW_REQUIRED; NO_RAW_REDISTRIBUTION	VERIFY_SOURCE_AND_PREPROCESSING_PROVENANCE	CURRENT_HASH_NO_EXPECTED_HASH	auxiliary_or_historical_output
/Volumes/Extreme SSD/Utsav-Research-Archive/Sleep-GWAS/FAILED-PARTIAL-2026-09-01-sleep_gwas_atlas/config/panel_45_selection.tsv	5490		2ff8daf5ca288e3e47aa74501402719a4e86fba565278eb624f11e6c82a9a0ef	UNKNOWN	UNKNOWN	UNKNOWN	UNKNOWN	UNKNOWN	RESEARCH_ONLY; SOURCE_LICENSE_REVIEW_REQUIRED; NO_RAW_REDISTRIBUTION	VERIFY_SOURCE_AND_PREPROCESSING_PROVENANCE	CURRENT_HASH_NO_EXPECTED_HASH	auxiliary_or_historical_output
/Volumes/Extreme SSD/Utsav-Research-Archive/Sleep-GWAS/FAILED-PARTIAL-2026-09-01-sleep_gwas_atlas/config/pleiotropy_analysis_policy.json	3335		0822a9c70016777afaff3dde7a7dac49024014475f477057cdfefca7747c0f1d	UNKNOWN	UNKNOWN	UNKNOWN	UNKNOWN	UNKNOWN	RESEARCH_ONLY; SOURCE_LICENSE_REVIEW_REQUIRED; NO_RAW_REDISTRIBUTION	VERIFY_SOURCE_AND_PREPROCESSING_PROVENANCE	CURRENT_HASH_NO_EXPECTED_HASH	auxiliary_or_historical_output
/Volumes/Extreme SSD/Utsav-Research-Archive/Sleep-GWAS/FAILED-PARTIAL-2026-09-01-sleep_gwas_atlas/config/pleiotropy_reference_sources.tsv	1144		e6d82cb7483c03324300600b6c6de5d3ad1bb025a63f8a5dcefdf2cca3ed6f5a	UNKNOWN	UNKNOWN	UNKNOWN	UNKNOWN	UNKNOWN	RESEARCH_ONLY; SOURCE_LICENSE_REVIEW_REQUIRED; NO_RAW_REDISTRIBUTION	VERIFY_SOURCE_AND_PREPROCESSING_PROVENANCE	CURRENT_HASH_NO_EXPECTED_HASH	auxiliary_or_historical_output
/Volumes/Extreme SSD/Utsav-Research-Archive/Sleep-GWAS/FAILED-PARTIAL-2026-09-01-sleep_gwas_atlas/config/public_gwas_sources.tsv	36130		4b194d25641c2308a84428a7d127969e2eeec0b1884626ab0b8f5a49e1b7cc93	UNKNOWN	UNKNOWN	UNKNOWN	UNKNOWN	UNKNOWN	RESEARCH_ONLY; SOURCE_LICENSE_REVIEW_REQUIRED; NO_RAW_REDISTRIBUTION	VERIFY_SOURCE_AND_PREPROCESSING_PROVENANCE	CURRENT_HASH_NO_EXPECTED_HASH	auxiliary_or_historical_output
/Volumes/Extreme SSD/Utsav-Research-Archive/Sleep-GWAS/FAILED-PARTIAL-2026-09-01-sleep_gwas_atlas/config/public_gwas_substitution_candidates.tsv	4137		00bcfcf1f02807331c2c4133d625f974f5be1f11e3bd73651d1fce03849cb1a6	UNKNOWN	UNKNOWN	UNKNOWN	UNKNOWN	UNKNOWN	RESEARCH_ONLY; SOURCE_LICENSE_REVIEW_REQUIRED; NO_RAW_REDISTRIBUTION	VERIFY_SOURCE_AND_PREPROCESSING_PROVENANCE	CURRENT_HASH_NO_EXPECTED_HASH	auxiliary_or_historical_output
/Volumes/Extreme SSD/Utsav-Research-Archive/Sleep-GWAS/FAILED-PARTIAL-2026-09-01-sleep_gwas_atlas/config/published_rg_source_workbooks.tsv	4553		559ee85f048566438af89598f257ebf988206ccf4bae6728e70adb44515cf936	UNKNOWN	UNKNOWN	UNKNOWN	UNKNOWN	UNKNOWN	RESEARCH_ONLY; SOURCE_LICENSE_REVIEW_REQUIRED; NO_RAW_REDISTRIBUTION	VERIFY_SOURCE_AND_PREPROCESSING_PROVENANCE	CURRENT_HASH_NO_EXPECTED_HASH	auxiliary_or_historical_output
/Volumes/Extreme SSD/Utsav-Research-Archive/Sleep-GWAS/FAILED-PARTIAL-2026-09-01-sleep_gwas_atlas/config/reviewed_additional_rg_evidence.tsv	15330		ab477b1108349c91eb5e09330dc86924dba0e79035cb4fee53ca49e068b6157e	UNKNOWN	UNKNOWN	UNKNOWN	UNKNOWN	UNKNOWN	RESEARCH_ONLY; SOURCE_LICENSE_REVIEW_REQUIRED; NO_RAW_REDISTRIBUTION	VERIFY_SOURCE_AND_PREPROCESSING_PROVENANCE	CURRENT_HASH_NO_EXPECTED_HASH	auxiliary_or_historical_output
/Volumes/Extreme SSD/Utsav-Research-Archive/Sleep-GWAS/FAILED-PARTIAL-2026-09-01-sleep_gwas_atlas/config/sleep_measurement_modes.tsv	3007		5e013fa8c4190d21fc4873f33de3aa68ea9c560bdb6d8f249d25e4a71e35d852	UNKNOWN	UNKNOWN	UNKNOWN	UNKNOWN	UNKNOWN	RESEARCH_ONLY; SOURCE_LICENSE_REVIEW_REQUIRED; NO_RAW_REDISTRIBUTION	VERIFY_SOURCE_AND_PREPROCESSING_PROVENANCE	CURRENT_HASH_NO_EXPECTED_HASH	auxiliary_or_historical_output
/Volumes/Extreme SSD/Utsav-Research-Archive/Sleep-GWAS/FAILED-PARTIAL-2026-09-01-sleep_gwas_atlas/config/track_b_cross_sleep_policy.json	18138		e75772779c72bef71db7e67b3e52c8edfc72fa7d4bffbfe5d6561c21ced5ff8d	UNKNOWN	UNKNOWN	UNKNOWN	UNKNOWN	UNKNOWN	RESEARCH_ONLY; SOURCE_LICENSE_REVIEW_REQUIRED; NO_RAW_REDISTRIBUTION	VERIFY_SOURCE_AND_PREPROCESSING_PROVENANCE	CURRENT_HASH_NO_EXPECTED_HASH	auxiliary_or_historical_output
/Volumes/Extreme SSD/Utsav-Research-Archive/Sleep-GWAS/FAILED-PARTIAL-2026-09-01-sleep_gwas_atlas/config/track_b_finemapping_policy.json	26025		3f236d7427d6b5483dc62f5fb62a2041a679af5a00aaf9d4b4c6327b3864f374	UNKNOWN	UNKNOWN	UNKNOWN	UNKNOWN	UNKNOWN	RESEARCH_ONLY; SOURCE_LICENSE_REVIEW_REQUIRED; NO_RAW_REDISTRIBUTION	VERIFY_SOURCE_AND_PREPROCESSING_PROVENANCE	CURRENT_HASH_NO_EXPECTED_HASH	auxiliary_or_historical_output
/Volumes/Extreme SSD/Utsav-Research-Archive/Sleep-GWAS/FAILED-PARTIAL-2026-09-01-sleep_gwas_atlas/config/track_b_local_analysis_policy.json	6947		d84eba4feba928115b3057e7abe146afc808de9adfcc792e2a0ec25902c1f962	UNKNOWN	UNKNOWN	UNKNOWN	UNKNOWN	UNKNOWN	RESEARCH_ONLY; SOURCE_LICENSE_REVIEW_REQUIRED; NO_RAW_REDISTRIBUTION	VERIFY_SOURCE_AND_PREPROCESSING_PROVENANCE	CURRENT_HASH_NO_EXPECTED_HASH	auxiliary_or_historical_output
/Volumes/Extreme SSD/Utsav-Research-Archive/Sleep-GWAS/FAILED-PARTIAL-2026-09-01-sleep_gwas_atlas/config/track_b_mechanism_followup_policy.json	37769		503d34e1cdebac5c1e427c41a71b9c320bde948828ddf18df9767d7ac4e06c7e	UNKNOWN	UNKNOWN	UNKNOWN	UNKNOWN	UNKNOWN	RESEARCH_ONLY; SOURCE_LICENSE_REVIEW_REQUIRED; NO_RAW_REDISTRIBUTION	VERIFY_SOURCE_AND_PREPROCESSING_PROVENANCE	CURRENT_HASH_NO_EXPECTED_HASH	auxiliary_or_historical_output
/Volumes/Extreme SSD/Utsav-Research-Archive/Sleep-GWAS/FAILED-PARTIAL-2026-09-01-sleep_gwas_atlas/config/track_b_mechanism_followup_policy_v2.json	1725		d6adcd5ec9863ddef2cd7c36d6fbff95cd243ebe973bb0e0fa726c1817e70e81	UNKNOWN	UNKNOWN	UNKNOWN	UNKNOWN	UNKNOWN	RESEARCH_ONLY; SOURCE_LICENSE_REVIEW_REQUIRED; NO_RAW_REDISTRIBUTION	VERIFY_SOURCE_AND_PREPROCESSING_PROVENANCE	CURRENT_HASH_NO_EXPECTED_HASH	auxiliary_or_historical_output
/Volumes/Extreme SSD/Utsav-Research-Archive/Sleep-GWAS/FAILED-PARTIAL-2026-09-01-sleep_gwas_atlas/config/track_b_mechanism_followup_policy_v3.json	21165		30f6cd67b1227421664f55b3cb20f5c2139f9f0293365d687c42fa03309de0a4	UNKNOWN	UNKNOWN	UNKNOWN	UNKNOWN	UNKNOWN	RESEARCH_ONLY; SOURCE_LICENSE_REVIEW_REQUIRED; NO_RAW_REDISTRIBUTION	VERIFY_SOURCE_AND_PREPROCESSING_PROVENANCE	CURRENT_HASH_NO_EXPECTED_HASH	auxiliary_or_historical_output
/Volumes/Extreme SSD/Utsav-Research-Archive/Sleep-GWAS/FAILED-PARTIAL-2026-09-01-sleep_gwas_atlas/config/track_b_mechanism_followup_policy_v4.json	7249		9ab5c856b3fd88b5cd20ce69ae8219e8398386e80264f63fe8119e2fa546922f	UNKNOWN	UNKNOWN	UNKNOWN	UNKNOWN	UNKNOWN	RESEARCH_ONLY; SOURCE_LICENSE_REVIEW_REQUIRED; NO_RAW_REDISTRIBUTION	VERIFY_SOURCE_AND_PREPROCESSING_PROVENANCE	CURRENT_HASH_NO_EXPECTED_HASH	auxiliary_or_historical_output
/Volumes/Extreme SSD/Utsav-Research-Archive/Sleep-GWAS/FAILED-PARTIAL-2026-09-01-sleep_gwas_atlas/config/track_b_pair_comparison_policy.json	8789		d1b1cca81a42192378b6f53ee893ec493d936e46c6b784a35e20fdb48ce6723f	UNKNOWN	UNKNOWN	UNKNOWN	UNKNOWN	UNKNOWN	RESEARCH_ONLY; SOURCE_LICENSE_REVIEW_REQUIRED; NO_RAW_REDISTRIBUTION	VERIFY_SOURCE_AND_PREPROCESSING_PROVENANCE	CURRENT_HASH_NO_EXPECTED_HASH	auxiliary_or_historical_output
/Volumes/Extreme SSD/Utsav-Research-Archive/Sleep-GWAS/FAILED-PARTIAL-2026-09-01-sleep_gwas_atlas/config/track_b_pleiotropy_policy.json	17930		3f2a09bc64fd3a9f3603663912c67636c77f28c40f493d01691feeb9e94adcd4	UNKNOWN	UNKNOWN	UNKNOWN	UNKNOWN	UNKNOWN	RESEARCH_ONLY; SOURCE_LICENSE_REVIEW_REQUIRED; NO_RAW_REDISTRIBUTION	VERIFY_SOURCE_AND_PREPROCESSING_PROVENANCE	CURRENT_HASH_NO_EXPECTED_HASH	auxiliary_or_historical_output
/Volumes/Extreme SSD/Utsav-Research-Archive/Sleep-GWAS/FAILED-PARTIAL-2026-09-01-sleep_gwas_atlas/config/traits.tsv	13016		428237685c95a2a4f305e943267c6745cc10d76435e019ae2b78ea8eabfd569b	UNKNOWN	UNKNOWN	UNKNOWN	UNKNOWN	UNKNOWN	RESEARCH_ONLY; SOURCE_LICENSE_REVIEW_REQUIRED; NO_RAW_REDISTRIBUTION	VERIFY_SOURCE_AND_PREPROCESSING_PROVENANCE	CURRENT_HASH_NO_EXPECTED_HASH	auxiliary_or_historical_output
/Volumes/Extreme SSD/Utsav-Research-Archive/Sleep-GWAS/FAILED-PARTIAL-2026-09-01-sleep_gwas_atlas/config/variant_mapping_plans.tsv	2460		78f4d89b82c1a0f9db571a3c240e162f354c8961cd5eda17e7556e6dcd1dcee1	UNKNOWN	UNKNOWN	UNKNOWN	UNKNOWN	UNKNOWN	RESEARCH_ONLY; SOURCE_LICENSE_REVIEW_REQUIRED; NO_RAW_REDISTRIBUTION	VERIFY_SOURCE_AND_PREPROCESSING_PROVENANCE	CURRENT_HASH_NO_EXPECTED_HASH	auxiliary_or_historical_output
/Volumes/Extreme SSD/Utsav-Research-Archive/Sleep-GWAS/FAILED-PARTIAL-2026-09-01-sleep_gwas_atlas/config/workflow.yaml	2996		56fa6baa7212d0bb7414fb37b540a2ce24da4c42e0747c650fc78d2f9aedf6a2	UNKNOWN	UNKNOWN	UNKNOWN	UNKNOWN	UNKNOWN	RESEARCH_ONLY; SOURCE_LICENSE_REVIEW_REQUIRED; NO_RAW_REDISTRIBUTION	VERIFY_SOURCE_AND_PREPROCESSING_PROVENANCE	CURRENT_HASH_NO_EXPECTED_HASH	auxiliary_or_historical_output
/Volumes/Extreme SSD/Utsav-Research-Archive/Sleep-GWAS/Brain6-Replication-R13/hm3/finngen_R13_F5_BIPO.hm3.tsv.gz	19632580			UNKNOWN	UNKNOWN	UNKNOWN	UNKNOWN	UNKNOWN	RESEARCH_ONLY; SOURCE_LICENSE_REVIEW_REQUIRED; NO_RAW_REDISTRIBUTION	VERIFY_SOURCE_AND_PREPROCESSING_PROVENANCE	INVENTORIED_NOT_YET_HASHED	auxiliary_or_historical_output
/Volumes/Extreme SSD/Utsav-Research-Archive/Sleep-GWAS/Brain6-Replication-R13/hm3/finngen_R13_F5_DEPRESSIO.hm3.tsv.gz	19751809			UNKNOWN	UNKNOWN	UNKNOWN	UNKNOWN	UNKNOWN	RESEARCH_ONLY; SOURCE_LICENSE_REVIEW_REQUIRED; NO_RAW_REDISTRIBUTION	VERIFY_SOURCE_AND_PREPROCESSING_PROVENANCE	INVENTORIED_NOT_YET_HASHED	auxiliary_or_historical_output
/Volumes/Extreme SSD/Utsav-Research-Archive/Sleep-GWAS/Brain6-Replication-R13/hm3/finngen_R13_F5_SCHZPHR.hm3.tsv.gz	19614008			UNKNOWN	UNKNOWN	UNKNOWN	UNKNOWN	UNKNOWN	RESEARCH_ONLY; SOURCE_LICENSE_REVIEW_REQUIRED; NO_RAW_REDISTRIBUTION	VERIFY_SOURCE_AND_PREPROCESSING_PROVENANCE	INVENTORIED_NOT_YET_HASHED	auxiliary_or_historical_output
/Volumes/Extreme SSD/Utsav-Research-Archive/Sleep-GWAS/Brain6-Replication-R13/hm3/finngen_R13_G6_PARKINSON.hm3.tsv.gz	19621443			UNKNOWN	UNKNOWN	UNKNOWN	UNKNOWN	UNKNOWN	RESEARCH_ONLY; SOURCE_LICENSE_REVIEW_REQUIRED; NO_RAW_REDISTRIBUTION	VERIFY_SOURCE_AND_PREPROCESSING_PROVENANCE	INVENTORIED_NOT_YET_HASHED	auxiliary_or_historical_output
/Volumes/Extreme SSD/Utsav-Research-Archive/Sleep-GWAS/Brain6-Replication-R13/munged/finngen_R13_F5_BIPO.log	2603		71cc0197607ad7cd9dbf9ab4dd9b7916773a37eeaeb6c9006bcf492e74abdeb7	UNKNOWN	UNKNOWN	UNKNOWN	UNKNOWN	UNKNOWN	RESEARCH_ONLY; SOURCE_LICENSE_REVIEW_REQUIRED; NO_RAW_REDISTRIBUTION	VERIFY_SOURCE_AND_PREPROCESSING_PROVENANCE	CURRENT_HASH_NO_EXPECTED_HASH	auxiliary_or_historical_output
/Volumes/Extreme SSD/Utsav-Research-Archive/Sleep-GWAS/Brain6-Replication-R13/munged/finngen_R13_F5_BIPO.sumstats.gz	8697598			UNKNOWN	UNKNOWN	UNKNOWN	UNKNOWN	UNKNOWN	RESEARCH_ONLY; SOURCE_LICENSE_REVIEW_REQUIRED; NO_RAW_REDISTRIBUTION	VERIFY_SOURCE_AND_PREPROCESSING_PROVENANCE	INVENTORIED_NOT_YET_HASHED	hapmap3_munged_gwas
/Volumes/Extreme SSD/Utsav-Research-Archive/Sleep-GWAS/Brain6-Replication-R13/munged/finngen_R13_F5_DEPRESSIO.log	2624		9b2317d6738e3dc6862ecb1a546e55a3b36099b7475c4f5bf364554c0e918aa1	UNKNOWN	UNKNOWN	UNKNOWN	UNKNOWN	UNKNOWN	RESEARCH_ONLY; SOURCE_LICENSE_REVIEW_REQUIRED; NO_RAW_REDISTRIBUTION	VERIFY_SOURCE_AND_PREPROCESSING_PROVENANCE	CURRENT_HASH_NO_EXPECTED_HASH	auxiliary_or_historical_output
/Volumes/Extreme SSD/Utsav-Research-Archive/Sleep-GWAS/Brain6-Replication-R13/munged/finngen_R13_F5_DEPRESSIO.sumstats.gz	8740159			UNKNOWN	UNKNOWN	UNKNOWN	UNKNOWN	UNKNOWN	RESEARCH_ONLY; SOURCE_LICENSE_REVIEW_REQUIRED; NO_RAW_REDISTRIBUTION	VERIFY_SOURCE_AND_PREPROCESSING_PROVENANCE	INVENTORIED_NOT_YET_HASHED	hapmap3_munged_gwas
/Volumes/Extreme SSD/Utsav-Research-Archive/Sleep-GWAS/Brain6-Replication-R13/munged/finngen_R13_F5_SCHZPHR.log	2614		4f621d077be5601dd5f516588801d585bab5e96390fe4c905853a8a3904eb820	UNKNOWN	UNKNOWN	UNKNOWN	UNKNOWN	UNKNOWN	RESEARCH_ONLY; SOURCE_LICENSE_REVIEW_REQUIRED; NO_RAW_REDISTRIBUTION	VERIFY_SOURCE_AND_PREPROCESSING_PROVENANCE	CURRENT_HASH_NO_EXPECTED_HASH	auxiliary_or_historical_output
/Volumes/Extreme SSD/Utsav-Research-Archive/Sleep-GWAS/Brain6-Replication-R13/munged/finngen_R13_F5_SCHZPHR.sumstats.gz	8689083			UNKNOWN	UNKNOWN	UNKNOWN	UNKNOWN	UNKNOWN	RESEARCH_ONLY; SOURCE_LICENSE_REVIEW_REQUIRED; NO_RAW_REDISTRIBUTION	VERIFY_SOURCE_AND_PREPROCESSING_PROVENANCE	INVENTORIED_NOT_YET_HASHED	hapmap3_munged_gwas
/Volumes/Extreme SSD/Utsav-Research-Archive/Sleep-GWAS/Brain6-Replication-R13/munged/finngen_R13_G6_PARKINSON.log	2623		4a60b9ca4a0400becb22df2bcc0c7cbb63b4d46c8baed87c61a37bd71d621ac4	UNKNOWN	UNKNOWN	UNKNOWN	UNKNOWN	UNKNOWN	RESEARCH_ONLY; SOURCE_LICENSE_REVIEW_REQUIRED; NO_RAW_REDISTRIBUTION	VERIFY_SOURCE_AND_PREPROCESSING_PROVENANCE	CURRENT_HASH_NO_EXPECTED_HASH	auxiliary_or_historical_output
/Volumes/Extreme SSD/Utsav-Research-Archive/Sleep-GWAS/Brain6-Replication-R13/munged/finngen_R13_G6_PARKINSON.sumstats.gz	8688533			UNKNOWN	UNKNOWN	UNKNOWN	UNKNOWN	UNKNOWN	RESEARCH_ONLY; SOURCE_LICENSE_REVIEW_REQUIRED; NO_RAW_REDISTRIBUTION	VERIFY_SOURCE_AND_PREPROCESSING_PROVENANCE	INVENTORIED_NOT_YET_HASHED	hapmap3_munged_gwas
