sleep_trait	extension_trait_id	rg	se	z	p	extension_h2_observed	extension_h2_observed_se	extension_h2_intercept	extension_h2_intercept_se	cross_trait_LDSC_intercept	cross_trait_LDSC_intercept_se	extension_input_snp_count	snp_overlap_after_merge	snp_overlap_valid_alleles	input_log	extension_fdr	phenotype_name	phenotype_domain	novelty_priority	ancestry	analysis_status	extension_fdr_pass_0.05	abs_rg_ge_0.15	initial_screen_status	pair_id	p_original_printed	z_from_printed_rg_se	p_from_printed_rg_se	p_from_printed_z	fdr_recomputed_original_p	fdr_from_printed_z	fdr_from_printed_rg_se	ci95_low	ci95_high	historical_significant	p_rounding_lower_bound	p_rounding_upper_bound	fdr_rounding_lower_bound	fdr_rounding_upper_bound	precision_sensitivity_changed	sleep_source_id	external_source_accession	sleep_measurement	source_result_path	numerical_verification	native_reproduction	full_precision_estimates_available
insomnia	panukbb_continuous__30510__both_sexes__na__irnt	0.1593	0.0287	5.549	2.8727e-08	0.0634	0.0027	1.064	0.0094	0.0224	0.0064	1217311	1130007	1129254	discovery_extension/logs/rg/rg_insomnia.log	1.6898235294117645e-07	Creatinine (enzymatic) in urine	renal_urinary	PREVIOUSLY_SCREENED	EUR	PRIMARY_EXTENSION_RG_COMPLETE	True	True	PAIR_NOVELTY_AUDIT_REQUIRED	insomnia__panukbb_continuous__30510__both_sexes__na__irnt	2.8727e-08	5.550522648083624	2.8481680848817616e-08	2.8730817853674333e-08	1.6898235294117645e-07	1.6900481090396669e-07	1.6753929911069188e-07	0.10304903364370044	0.21555096635629956	True	2.6676966410718418e-08	3.039771870984572e-08	1.569233318277554e-07	1.7881011005791598e-07	False	jansen_2019_insomnia_ukb	PANUKBB_2025_RELEASE	SELF_REPORT	discovery_extension/results/ldsc/extension_rg_matrix.tsv	RECOMPUTED_FROM_PRINTED_ESTIMATES	BLOCKED_MISSING_INPUTS	False
insomnia	panukbb_continuous__30530__both_sexes__na__irnt	0.1891	0.0292	6.4741	9.5362e-11	0.0707	0.003	1.0615	0.0103	0.002	0.0062	1217311	1130007	1129257	discovery_extension/logs/rg/rg_insomnia.log	7.64608e-10	Sodium in urine	renal_urinary	HEAVILY_STUDIED	EUR	PRIMARY_EXTENSION_RG_COMPLETE	True	True	PAIR_NOVELTY_AUDIT_REQUIRED	insomnia__panukbb_continuous__30530__both_sexes__na__irnt	9.5362e-11	6.476027397260274	9.416895623256803e-11	9.537872155384526e-11	7.64608e-10	7.645470673239605e-10	7.584077012018902e-10	0.13186905165143042	0.24633094834856956	True	8.649358287754727e-11	1.0247922490628985e-10	6.965926137789042e-10	8.198337992503188e-10	False	jansen_2019_insomnia_ukb	PANUKBB_2025_RELEASE	SELF_REPORT	discovery_extension/results/ldsc/extension_rg_matrix.tsv	RECOMPUTED_FROM_PRINTED_ESTIMATES	BLOCKED_MISSING_INPUTS	False
insomnia	panukbb_phecode__594__both_sexes__na__na	0.1361	0.0486	2.8009	0.0051	0.1887	0.0185	1.0058	0.0073	0.0109	0.0057	1217311	1130007	1129263	discovery_extension/logs/rg/rg_insomnia.log	0.011883495145631069	Urinary calculus	renal_urinary	HIGH_NOVELTY_PRIORITY	EUR	PRIMARY_EXTENSION_RG_COMPLETE	True	False	NOT_TIER_A_SCREEN_THRESHOLD	insomnia__panukbb_phecode__594__both_sexes__na__na	0.0051	2.800411522633745	0.005103749638001255	0.005096030787100131	0.011883495145631069	0.0118973481410898	0.011892232166216517	0.04084575035135338	0.23135424964864662	True	0.0050421982798430475	0.00516585073094458	0.011748811525847877	0.012060351901037929	False	jansen_2019_insomnia_ukb	PANUKBB_2025_RELEASE	SELF_REPORT	discovery_extension/results/ldsc/extension_rg_matrix.tsv	RECOMPUTED_FROM_PRINTED_ESTIMATES	BLOCKED_MISSING_INPUTS	False
insomnia	panukbb_icd10__j44__both_sexes__na__na	0.4353	0.0467	9.3221	1.1409e-20	0.1767	0.019	1.0049	0.0087	0.0404	0.0057	1217311	1130007	1129266	discovery_extension/logs/rg/rg_insomnia.log	2.632846153846154e-19	J44 Other chronic obstructive pulmonary disease	pulmonary	HIGH_NOVELTY_PRIORITY	EUR	PRIMARY_EXTENSION_RG_COMPLETE	True	True	PAIR_NOVELTY_AUDIT_REQUIRED	insomnia__panukbb_icd10__j44__both_sexes__na__na	1.1409e-20	9.321199143468952	1.1503275844642667e-20	1.1406003582935328e-20	2.632846153846154e-19	2.6321546729850757e-19	2.6546021179944615e-19	0.3437696819219795	0.5268303180780205	True	1.0363559499891947e-20	1.2763941121136795e-20	2.3915906538212185e-19	2.9455248741084907e-19	False	jansen_2019_insomnia_ukb	PANUKBB_2025_RELEASE	SELF_REPORT	discovery_extension/results/ldsc/extension_rg_matrix.tsv	RECOMPUTED_FROM_PRINTED_ESTIMATES	BLOCKED_MISSING_INPUTS	False
insomnia	panukbb_continuous__3064__both_sexes__na__irnt	-0.1069	0.0267	-4.0015	6.2936e-05	0.1023	0.0049	1.1047	0.0149	-0.0118	0.0068	1217311	1130007	1129258	discovery_extension/logs/rg/rg_insomnia.log	0.00021578057142857142	Peak expiratory flow (PEF)	pulmonary	PREVIOUSLY_SCREENED	EUR	PRIMARY_EXTENSION_RG_COMPLETE	True	False	NOT_TIER_A_SCREEN_THRESHOLD	insomnia__panukbb_continuous__3064__both_sexes__na__irnt	6.2936e-05	-4.00374531835206	6.234748418913225e-05	6.294219520552525e-05	0.00021578057142857142	0.00021580181213322946	0.00021376280293416769	-0.15923103838721944	-0.05456896161278055	True	5.991807731419088e-05	6.486033447512182e-05	0.00020543340793436872	0.0002223782896289891	False	jansen_2019_insomnia_ukb	PANUKBB_2025_RELEASE	SELF_REPORT	discovery_extension/results/ldsc/extension_rg_matrix.tsv	RECOMPUTED_FROM_PRINTED_ESTIMATES	BLOCKED_MISSING_INPUTS	False
insomnia	panukbb_categorical__2316__both_sexes__2316__na	0.4093	0.0299	13.7078	9.1135e-43	0.0841	0.0042	1.0405	0.0105	0.0659	0.0068	1217311	1130007	1129262	discovery_extension/logs/rg/rg_insomnia.log	9.942000000000001e-41	Wheeze or whistling in the chest in last year	pulmonary	HEAVILY_STUDIED	EUR	PRIMARY_EXTENSION_RG_COMPLETE	True	True	PAIR_NOVELTY_AUDIT_REQUIRED	insomnia__panukbb_categorical__2316__both_sexes__2316__na	9.1135e-43	13.688963210702342	1.181835358976851e-42	9.118080895960109e-43	9.942000000000001e-41	9.94699734104739e-41	1.2892749370656555e-40	0.3506970768622524	0.4679029231377476	True	8.421281491556758e-43	1.6557093880282447e-42	9.186852536243735e-41	1.8062284233035397e-40	False	jansen_2019_insomnia_ukb	PANUKBB_2025_RELEASE	SELF_REPORT	discovery_extension/results/ldsc/extension_rg_matrix.tsv	RECOMPUTED_FROM_PRINTED_ESTIMATES	BLOCKED_MISSING_INPUTS	False
insomnia	panukbb_phecode__496_2__both_sexes__na__na	0.442	0.0445	9.937	2.8724e-23	0.1849	0.0188	1.0046	0.0087	0.0415	0.0056	1217311	1130007	1129257	discovery_extension/logs/rg/rg_insomnia.log	8.206857142857142e-22	Chronic bronchitis	pulmonary	HIGH_NOVELTY_PRIORITY	EUR	PRIMARY_EXTENSION_RG_COMPLETE	True	True	PAIR_NOVELTY_AUDIT_REQUIRED	insomnia__panukbb_phecode__496_2__both_sexes__na__na	2.8724e-23	9.932584269662922	3.003681234694169e-23	2.873507364251002e-23	8.206857142857142e-22	8.210021040717148e-22	8.38236623635582e-22	0.3547816026879676	0.5292183973120324	True	2.6548877617930444e-23	3.396849877787328e-23	7.522770559319621e-22	9.479581054290219e-22	False	jansen_2019_insomnia_ukb	PANUKBB_2025_RELEASE	SELF_REPORT	discovery_extension/results/ldsc/extension_rg_matrix.tsv	RECOMPUTED_FROM_PRINTED_ESTIMATES	BLOCKED_MISSING_INPUTS	False
insomnia	panukbb_icd10__k21__both_sexes__na__na	0.5216	0.0378	13.7915	2.8662e-43	0.0704	0.0057	1.0119	0.0075	0.0463	0.005	1217311	1130007	1129265	discovery_extension/logs/rg/rg_insomnia.log	3.4394400000000004e-41	K21 Gastro-oesophageal reflux disease	gastrointestinal	HIGH_NOVELTY_PRIORITY	EUR	PRIMARY_EXTENSION_RG_COMPLETE	True	True	PAIR_NOVELTY_AUDIT_REQUIRED	insomnia__panukbb_icd10__k21__both_sexes__na__na	2.8662e-43	13.798941798941797	2.5862107689216343e-43	2.8673520207037707e-43	3.4394400000000004e-41	3.4408224248445247e-41	3.103452922705961e-41	0.4475133613843859	0.595686638615614	True	1.9701707920521094e-43	3.3911454910528763e-43	2.3642049504625314e-41	4.0693745892634517e-41	False	jansen_2019_insomnia_ukb	PANUKBB_2025_RELEASE	SELF_REPORT	discovery_extension/results/ldsc/extension_rg_matrix.tsv	RECOMPUTED_FROM_PRINTED_ESTIMATES	BLOCKED_MISSING_INPUTS	False
insomnia	panukbb_icd10__k80__both_sexes__na__na	0.2169	0.0403	5.383	7.3261e-08	0.1132	0.0129	1.0254	0.0111	0.0289	0.0051	1217311	1130007	1128782	discovery_extension/logs/rg/rg_insomnia.log	4.0700555555555553e-07	K80 Cholelithiasis	gastrointestinal	HIGH_NOVELTY_PRIORITY	EUR	PRIMARY_EXTENSION_RG_COMPLETE	True	True	PAIR_NOVELTY_AUDIT_REQUIRED	insomnia__panukbb_icd10__k80__both_sexes__na__na	7.3261e-08	5.382133995037221	7.360793704242292e-08	7.325453830852284e-08	4.0700555555555553e-07	4.069696572695713e-07	4.0893298356901626e-07	0.13791345142303582	0.29588654857696417	True	7.04333360090747e-08	7.691254333072262e-08	3.9129631116152604e-07	4.272919073929034e-07	False	jansen_2019_insomnia_ukb	PANUKBB_2025_RELEASE	SELF_REPORT	discovery_extension/results/ldsc/extension_rg_matrix.tsv	RECOMPUTED_FROM_PRINTED_ESTIMATES	BLOCKED_MISSING_INPUTS	False
insomnia	panukbb_phecode__550_2__both_sexes__na__na	0.4325	0.0369	11.7349	8.4408e-32	0.0924	0.0056	1.0272	0.0084	0.0385	0.006	1217311	1130007	1129245	discovery_extension/logs/rg/rg_insomnia.log	4.403895652173913e-30	Diaphragmatic hernia	gastrointestinal	HIGH_NOVELTY_PRIORITY	EUR	PRIMARY_EXTENSION_RG_COMPLETE	True	True	PAIR_NOVELTY_AUDIT_REQUIRED	insomnia__panukbb_phecode__550_2__both_sexes__na__na	8.4408e-32	11.720867208672086	9.964667429812054e-32	8.442604926196464e-32	4.403895652173913e-30	4.404837352798155e-30	5.198956919901941e-30	0.360177328970472	0.504822671029528	True	8.126575692176583e-32	1.2208165545703537e-31	4.239952535048652e-30	6.369477676019236e-30	False	jansen_2019_insomnia_ukb	PANUKBB_2025_RELEASE	SELF_REPORT	discovery_extension/results/ldsc/extension_rg_matrix.tsv	RECOMPUTED_FROM_PRINTED_ESTIMATES	BLOCKED_MISSING_INPUTS	False
insomnia	panukbb_phecode__550_4__both_sexes__na__na	0.1944	0.0572	3.3962	0.0007	0.2281	0.0356	1.0032	0.007	0.0154	0.0055	1217311	1130007	1129253	discovery_extension/logs/rg/rg_insomnia.log	0.0019489559164733179	Umbilical hernia	gastrointestinal	PREVIOUSLY_SCREENED	EUR	PRIMARY_EXTENSION_RG_COMPLETE	True	True	PAIR_NOVELTY_AUDIT_REQUIRED	insomnia__panukbb_phecode__550_4__both_sexes__na__na	0.0007	3.3986013986013983	0.0006773135052463715	0.0006832841326931423	0.0019489559164733179	0.001911284287253545	0.0018945832314583816	0.08229006008430889	0.3065099399156911	True	0.0006678464898721973	0.0006868882876124724	0.00186810206957258	0.0019237845053156016	False	jansen_2019_insomnia_ukb	PANUKBB_2025_RELEASE	SELF_REPORT	discovery_extension/results/ldsc/extension_rg_matrix.tsv	RECOMPUTED_FROM_PRINTED_ESTIMATES	BLOCKED_MISSING_INPUTS	False
insomnia	panukbb_phecode__558__both_sexes__na__na	0.5211	0.0497	10.4814	1.0521e-25	0.0693	0.0078	1.0036	0.0061	0.0392	0.0046	1217311	1130007	1129250	discovery_extension/logs/rg/rg_insomnia.log	3.713294117647059e-24	Noninfectious gastroenteritis	gastrointestinal	HIGH_NOVELTY_PRIORITY	EUR	PRIMARY_EXTENSION_RG_COMPLETE	True	True	PAIR_NOVELTY_AUDIT_REQUIRED	insomnia__panukbb_phecode__558__both_sexes__na__na	1.0521e-25	10.484909456740443	1.0134268411489872e-25	1.051751233755489e-25	3.713294117647059e-24	3.712063177960549e-24	3.576800615819955e-24	0.4236897899683593	0.6185102100316406	True	8.966588633574437e-26	1.1449678040318377e-25	3.1646783412615657e-24	4.041062837759427e-24	False	jansen_2019_insomnia_ukb	PANUKBB_2025_RELEASE	SELF_REPORT	discovery_extension/results/ldsc/extension_rg_matrix.tsv	RECOMPUTED_FROM_PRINTED_ESTIMATES	BLOCKED_MISSING_INPUTS	False
insomnia	panukbb_phecode__785__both_sexes__na__na	0.5591	0.0359	15.5735	1.1013e-54	0.0502	0.0039	1.0083	0.0075	0.0515	0.0056	1217311	1130007	1129265	discovery_extension/logs/rg/rg_insomnia.log	4.4052e-52	Abdominal pain	gastrointestinal	HIGH_NOVELTY_PRIORITY	EUR	PRIMARY_EXTENSION_RG_COMPLETE	True	True	PAIR_NOVELTY_AUDIT_REQUIRED	insomnia__panukbb_phecode__785__both_sexes__na__na	1.1013e-54	15.573816155988858	1.0966460494590455e-54	1.1020811181454258e-54	4.4052e-52	4.4083244725817035e-52	4.386584197836182e-52	0.4887372929550121	0.629462707044988	True	7.637777171592001e-55	1.572167523984052e-54	3.0551108686368003e-52	6.288670095936208e-52	False	jansen_2019_insomnia_ukb	PANUKBB_2025_RELEASE	SELF_REPORT	discovery_extension/results/ldsc/extension_rg_matrix.tsv	RECOMPUTED_FROM_PRINTED_ESTIMATES	BLOCKED_MISSING_INPUTS	False
insomnia	panukbb_categorical__41200__both_sexes__j183__na	0.2342	0.0435	5.3905	7.0246e-08	0.1188	0.0154	1.0225	0.0115	0.0304	0.0049	1217311	1130007	1128043	discovery_extension/logs/rg/rg_insomnia.log	3.920706976744186e-07	Operative procedures - main OPCS4	gastrointestinal	HIGH_NOVELTY_PRIORITY	EUR	PRIMARY_EXTENSION_RG_COMPLETE	True	True	PAIR_NOVELTY_AUDIT_REQUIRED	insomnia__panukbb_categorical__41200__both_sexes__j183__na	7.0246e-08	5.3839080459770114	7.288574860566041e-08	7.026191576274263e-08	3.920706976744186e-07	3.921595298385635e-07	4.068041782641511e-07	0.14894156667250763	0.31945843332749235	True	6.996757090569894e-08	7.591454796097484e-08	3.9051667482250566e-07	4.237091048984642e-07	False	jansen_2019_insomnia_ukb	PANUKBB_2025_RELEASE	SELF_REPORT	discovery_extension/results/ldsc/extension_rg_matrix.tsv	RECOMPUTED_FROM_PRINTED_ESTIMATES	BLOCKED_MISSING_INPUTS	False
insomnia	panukbb_categorical__3393__both_sexes__3393__na	0.1562	0.0474	3.2921	0.001	0.09	0.0111	1.0039	0.0069	0.0021	0.0047	1217311	1130007	1129262	discovery_extension/logs/rg/rg_insomnia.log	0.002696629213483146	Hearing aid user	sensory	HEAVILY_STUDIED	EUR	PRIMARY_EXTENSION_RG_COMPLETE	True	True	PAIR_NOVELTY_AUDIT_REQUIRED	insomnia__panukbb_categorical__3393__both_sexes__3393__na	0.001	3.29535864978903	0.0009829614014722375	0.000994422456690982	0.002696629213483146	0.0026936951422780546	0.0026637920128176713	0.06329770713280145	0.24910229286719857	True	0.0009672121430783311	0.0009989138879159282	0.0026140868731846785	0.002711983406106592	False	jansen_2019_insomnia_ukb	PANUKBB_2025_RELEASE	SELF_REPORT	discovery_extension/results/ldsc/extension_rg_matrix.tsv	RECOMPUTED_FROM_PRINTED_ESTIMATES	BLOCKED_MISSING_INPUTS	False
insomnia	panukbb_categorical__2257__both_sexes__2257__na	0.2577	0.0289	8.9305	4.2421e-19	0.0519	0.0022	1.0404	0.0094	0.0595	0.0056	1217311	1130007	1129266	discovery_extension/logs/rg/rg_insomnia.log	8.4842e-18	Hearing difficulty/problems with background noise	sensory	HEAVILY_STUDIED	EUR	PRIMARY_EXTENSION_RG_COMPLETE	True	True	PAIR_NOVELTY_AUDIT_REQUIRED	insomnia__panukbb_categorical__2257__both_sexes__2257__na	4.2421e-19	8.916955017301039	4.792842592730322e-19	4.240876667382568e-19	8.4842e-18	8.481753334765136e-18	9.585685185460644e-18	0.20105704084679243	0.31434295915320754	True	4.103496282103643e-19	5.593365607632547e-19	8.206992564207285e-18	1.1186731215265094e-17	False	jansen_2019_insomnia_ukb	PANUKBB_2025_RELEASE	SELF_REPORT	discovery_extension/results/ldsc/extension_rg_matrix.tsv	RECOMPUTED_FROM_PRINTED_ESTIMATES	BLOCKED_MISSING_INPUTS	False
insomnia	panukbb_icd10__m16__both_sexes__na__na	0.1346	0.0369	3.651	0.0003	0.1583	0.015	1.0156	0.0091	0.0239	0.0055	1217311	1130007	1129267	discovery_extension/logs/rg/rg_insomnia.log	0.0008866995073891625	M16 Coxarthrosis [arthrosis of hip]	musculoskeletal_pain	PREVIOUSLY_SCREENED	EUR	PRIMARY_EXTENSION_RG_COMPLETE	True	False	NOT_TIER_A_SCREEN_THRESHOLD	insomnia__panukbb_icd10__m16__both_sexes__na__na	0.0003	3.6476964769647693	0.0002646019566996796	0.00026122123999430466	0.0008866995073891625	0.0008120867564589782	0.000820471183564898	0.062277328970472	0.206922671029528	True	0.00025818353610807416	0.00027115175329916775	0.000799469039932241	0.0008407806303850163	False	jansen_2019_insomnia_ukb	PANUKBB_2025_RELEASE	SELF_REPORT	discovery_extension/results/ldsc/extension_rg_matrix.tsv	RECOMPUTED_FROM_PRINTED_ESTIMATES	BLOCKED_MISSING_INPUTS	False
insomnia	panukbb_icd10__m17__both_sexes__na__na	0.2881	0.032	9.0033	2.1894e-19	0.1328	0.0086	1.0218	0.0092	0.0485	0.0055	1217311	1130007	1128741	discovery_extension/logs/rg/rg_insomnia.log	4.579448275862069e-18	M17 Gonarthrosis [arthrosis of knee]	musculoskeletal_pain	HIGH_NOVELTY_PRIORITY	EUR	PRIMARY_EXTENSION_RG_COMPLETE	True	True	PAIR_NOVELTY_AUDIT_REQUIRED	insomnia__panukbb_icd10__m17__both_sexes__na__na	2.1894e-19	9.003125	2.193823414149496e-19	2.190328046541561e-19	4.579448275862069e-18	4.58153222085495e-18	4.538944994792061e-18	0.2253811524947183	0.35081884750528175	True	1.9019666940557074e-19	2.528728900843484e-19	3.935103504942843e-18	5.231852898296864e-18	False	jansen_2019_insomnia_ukb	PANUKBB_2025_RELEASE	SELF_REPORT	discovery_extension/results/ldsc/extension_rg_matrix.tsv	RECOMPUTED_FROM_PRINTED_ESTIMATES	BLOCKED_MISSING_INPUTS	False
insomnia	panukbb_icd10__m51__both_sexes__na__na	0.4201	0.059	7.123	1.0562e-12	0.103	0.0142	1.0123	0.0067	0.0362	0.0051	1217311	1130007	1129264	discovery_extension/logs/rg/rg_insomnia.log	1.0832820512820514e-11	M51 Other intervertebral disk disorders	musculoskeletal_pain	HIGH_NOVELTY_PRIORITY	EUR	PRIMARY_EXTENSION_RG_COMPLETE	True	True	PAIR_NOVELTY_AUDIT_REQUIRED	insomnia__panukbb_icd10__m51__both_sexes__na__na	1.0562e-12	7.120338983050847	1.076619419375723e-12	1.0560282024844871e-12	1.0832820512820514e-11	1.083105848702038e-11	1.104225045513562e-11	0.3044621249121368	0.5357378750878632	True	1.0241152161900183e-12	1.131666975766314e-12	1.0503745807077112e-11	1.1606840777090399e-11	False	jansen_2019_insomnia_ukb	PANUKBB_2025_RELEASE	SELF_REPORT	discovery_extension/results/ldsc/extension_rg_matrix.tsv	RECOMPUTED_FROM_PRINTED_ESTIMATES	BLOCKED_MISSING_INPUTS	False
insomnia	panukbb_categorical__6151__both_sexes__7__na	0.2677	0.0592	4.5234	6.0868e-06	0.0421	0.0071	1.0053	0.0064	0.0173	0.0048	1217311	1130007	1129262	discovery_extension/logs/rg/rg_insomnia.log	2.5186758620689653e-05	Fractured bone site(s)	musculoskeletal_pain	HIGH_NOVELTY_PRIORITY	EUR	PRIMARY_EXTENSION_RG_COMPLETE	True	True	PAIR_NOVELTY_AUDIT_REQUIRED	insomnia__panukbb_categorical__6151__both_sexes__7__na	6.0868e-06	4.521959459459459	6.1269796177495446e-06	6.085407764356746e-06	2.5186758620689653e-05	2.518099764561412e-05	2.535301910792915e-05	0.15167013211522878	0.3837298678847712	True	5.993252544339296e-06	6.2633263694955245e-06	2.4799665700714328e-05	2.5917212563429758e-05	False	jansen_2019_insomnia_ukb	PANUKBB_2025_RELEASE	SELF_REPORT	discovery_extension/results/ldsc/extension_rg_matrix.tsv	RECOMPUTED_FROM_PRINTED_ESTIMATES	BLOCKED_MISSING_INPUTS	False
insomnia	panukbb_categorical__3571__both_sexes__3571__na	0.5168	0.0476	10.8676	1.6455e-27	0.0471	0.0056	0.9873	0.0063	0.0437	0.0052	1217311	1130007	1129213	discovery_extension/logs/rg/rg_insomnia.log	6.582000000000001e-26	Back pain for 3+ months	musculoskeletal_pain	HEAVILY_STUDIED	EUR	PRIMARY_EXTENSION_RG_COMPLETE	True	True	PAIR_NOVELTY_AUDIT_REQUIRED	insomnia__panukbb_categorical__3571__both_sexes__3571__na	1.6455e-27	10.857142857142858	1.8442946318206757e-27	1.644704106592644e-27	6.582000000000001e-26	6.578816426370577e-26	7.377178527282703e-26	0.42350571433589346	0.6100942856641066	True	1.6088544603697215e-27	2.1132584376604676e-27	6.435417841478887e-26	8.453033750641871e-26	False	jansen_2019_insomnia_ukb	PANUKBB_2025_RELEASE	SELF_REPORT	discovery_extension/results/ldsc/extension_rg_matrix.tsv	RECOMPUTED_FROM_PRINTED_ESTIMATES	BLOCKED_MISSING_INPUTS	False
insomnia	panukbb_categorical__6159__both_sexes__7__na	0.4496	0.0301	14.9574	1.3932e-50	0.0586	0.003	1.0313	0.0085	0.0665	0.0059	1217311	1130007	1129266	discovery_extension/logs/rg/rg_insomnia.log	2.388342857142857e-48	Pain type(s) experienced in last month	musculoskeletal_pain	HIGH_NOVELTY_PRIORITY	EUR	PRIMARY_EXTENSION_RG_COMPLETE	True	True	PAIR_NOVELTY_AUDIT_REQUIRED	insomnia__panukbb_categorical__6159__both_sexes__7__na	1.3932e-50	14.93687707641196	1.896573488103482e-50	1.3936536721984568e-50	2.388342857142857e-48	2.3891205809116404e-48	3.2512688367488263e-48	0.3906050840653444	0.5085949159346557	True	1.2736081223063224e-50	2.8185608528267573e-50	2.183328209667981e-48	4.8318186048458696e-48	False	jansen_2019_insomnia_ukb	PANUKBB_2025_RELEASE	SELF_REPORT	discovery_extension/results/ldsc/extension_rg_matrix.tsv	RECOMPUTED_FROM_PRINTED_ESTIMATES	BLOCKED_MISSING_INPUTS	False
insomnia	panukbb_categorical__6159__both_sexes__8__na	0.4729	0.05	9.4634	2.9796e-21	0.1771	0.0214	1.0003	0.0068	0.0586	0.0048	1217311	1130007	1129264	discovery_extension/logs/rg/rg_insomnia.log	7.296979591836736e-20	Pain type(s) experienced in last month	musculoskeletal_pain	PREVIOUSLY_SCREENED	EUR	PRIMARY_EXTENSION_RG_COMPLETE	True	True	PAIR_NOVELTY_AUDIT_REQUIRED	insomnia__panukbb_categorical__6159__both_sexes__8__na	2.9796e-21	9.457999999999998	3.1388928456938986e-21	2.980895246218711e-21	7.296979591836736e-20	7.300151623392761e-20	7.68708452006669e-20	0.3749018007729973	0.5708981992270027	True	2.839766344348524e-21	3.468458625364546e-21	6.815439226436458e-20	8.494184388647868e-20	False	jansen_2019_insomnia_ukb	PANUKBB_2025_RELEASE	SELF_REPORT	discovery_extension/results/ldsc/extension_rg_matrix.tsv	RECOMPUTED_FROM_PRINTED_ESTIMATES	BLOCKED_MISSING_INPUTS	False
insomnia	panukbb_phecode__740__both_sexes__na__na	0.3642	0.0416	8.7457	2.2173e-18	0.0809	0.0091	1.0184	0.0116	0.0519	0.0053	1217311	1130007	1129267	discovery_extension/logs/rg/rg_insomnia.log	4.1574375000000004e-17	Osteoarthrosis	musculoskeletal_pain	HIGH_NOVELTY_PRIORITY	EUR	PRIMARY_EXTENSION_RG_COMPLETE	True	True	PAIR_NOVELTY_AUDIT_REQUIRED	insomnia__panukbb_phecode__740__both_sexes__na__na	2.2173e-18	8.754807692307693	2.0445179142216274e-18	2.2163726677571625e-18	4.1574375000000004e-17	4.15569875204468e-17	3.8334710891655516e-17	0.2826654982431338	0.44573450175686624	True	1.8423031962143427e-18	2.2680531845375757e-18	3.4543184929018927e-17	4.2525997210079545e-17	False	jansen_2019_insomnia_ukb	PANUKBB_2025_RELEASE	SELF_REPORT	discovery_extension/results/ldsc/extension_rg_matrix.tsv	RECOMPUTED_FROM_PRINTED_ESTIMATES	BLOCKED_MISSING_INPUTS	False
insomnia	panukbb_phecode__835__both_sexes__na__na	0.3302	0.0424	7.7824	7.1173e-15	0.0974	0.0103	1.0102	0.0075	0.021	0.0054	1217311	1130007	1129265	discovery_extension/logs/rg/rg_insomnia.log	9.705409090909093e-14	Internal derangement of knee	musculoskeletal_pain	PREVIOUSLY_SCREENED	EUR	PRIMARY_EXTENSION_RG_COMPLETE	True	True	PAIR_NOVELTY_AUDIT_REQUIRED	insomnia__panukbb_phecode__835__both_sexes__na__na	7.1173e-15	7.787735849056603	6.822061789720846e-15	7.116144918759998e-15	9.705409090909093e-14	9.70383398012727e-14	9.198285559174173e-14	0.2470975270555017	0.4133024729444983	True	6.284073426373338e-15	7.403892849571964e-15	8.472907990615737e-14	1.0096217522143587e-13	False	jansen_2019_insomnia_ukb	PANUKBB_2025_RELEASE	SELF_REPORT	discovery_extension/results/ldsc/extension_rg_matrix.tsv	RECOMPUTED_FROM_PRINTED_ESTIMATES	BLOCKED_MISSING_INPUTS	False
insomnia	panukbb_icd10__z88__both_sexes__na__na	0.4287	0.0448	9.5703	1.0657e-21	0.0538	0.0052	1.0194	0.0075	0.0359	0.0051	1217311	1130007	1129266	discovery_extension/logs/rg/rg_insomnia.log	2.66425e-20	Z88 Personal history of allergy to drugs, medicaments and biologocal substances	allergy_infectious	HIGH_NOVELTY_PRIORITY	EUR	PRIMARY_EXTENSION_RG_COMPLETE	True	True	PAIR_NOVELTY_AUDIT_REQUIRED	insomnia__panukbb_icd10__z88__both_sexes__na__na	1.0657e-21	9.569196428571429	1.0773979070620314e-21	1.0659591031425924e-21	2.66425e-20	2.664897757856481e-20	2.6934947676550782e-20	0.3408936134926056	0.5165063865073944	True	9.61046131615551e-22	1.207362311822034e-21	2.402615329038877e-20	3.018405779555085e-20	False	jansen_2019_insomnia_ukb	PANUKBB_2025_RELEASE	SELF_REPORT	discovery_extension/results/ldsc/extension_rg_matrix.tsv	RECOMPUTED_FROM_PRINTED_ESTIMATES	BLOCKED_MISSING_INPUTS	False
insomnia	panukbb_phecode__960_2__both_sexes__na__na	0.4105	0.0486	8.4374	3.2454e-17	0.062	0.0072	1.0071	0.007	0.0262	0.0049	1217311	1130007	1129259	discovery_extension/logs/rg/rg_insomnia.log	5.563542857142856e-16	Allergy/adverse effect of penicillin	allergy_infectious	HIGH_NOVELTY_PRIORITY	EUR	PRIMARY_EXTENSION_RG_COMPLETE	True	True	PAIR_NOVELTY_AUDIT_REQUIRED	insomnia__panukbb_phecode__960_2__both_sexes__na__na	3.2454e-17	8.446502057613168	3.00160709048473e-17	3.244745212903973e-17	5.563542857142856e-16	5.56242036497824e-16	5.14561215511668e-16	0.3152457503513534	0.5057542496486466	True	2.7615901561956987e-17	3.261621900331463e-17	4.734154553478341e-16	5.59135182913965e-16	False	jansen_2019_insomnia_ukb	PANUKBB_2025_RELEASE	SELF_REPORT	discovery_extension/results/ldsc/extension_rg_matrix.tsv	RECOMPUTED_FROM_PRINTED_ESTIMATES	BLOCKED_MISSING_INPUTS	False
insomnia	panukbb_phecode__960__both_sexes__na__na	0.3991	0.0465	8.584	9.162e-18	0.0596	0.0066	1.0133	0.007	0.0297	0.005	1217311	1130007	1129258	discovery_extension/logs/rg/rg_insomnia.log	1.6658181818181816e-16	Poisoning by antibiotics	allergy_infectious	PREVIOUSLY_SCREENED	EUR	PRIMARY_EXTENSION_RG_COMPLETE	True	True	PAIR_NOVELTY_AUDIT_REQUIRED	insomnia__panukbb_phecode__960__both_sexes__na__na	9.162e-18	8.582795698924732	9.259472285550344e-18	9.162997202323222e-18	1.6658181818181816e-16	1.665999491331495e-16	1.683540415554608e-16	0.30796167471888747	0.49023832528111255	True	8.464578943128347e-18	1.0125999249337163e-17	1.5390143532960633e-16	1.841090772606757e-16	False	jansen_2019_insomnia_ukb	PANUKBB_2025_RELEASE	SELF_REPORT	discovery_extension/results/ldsc/extension_rg_matrix.tsv	RECOMPUTED_FROM_PRINTED_ESTIMATES	BLOCKED_MISSING_INPUTS	False
insomnia	panukbb_prescriptions__amoxicillin_clavulanic_acid__both_sexes__na__na	0.3438	0.0713	4.821	1.4283e-06	0.0238	0.0047	1.0618	0.0062	0.0197	0.0051	1217311	1130007	1129266	discovery_extension/logs/rg/rg_insomnia.log	6.492272727272726e-06	amoxicillin/clavulanic acid	allergy_infectious	PREVIOUSLY_SCREENED	EUR	PRIMARY_EXTENSION_RG_COMPLETE	True	True	PAIR_NOVELTY_AUDIT_REQUIRED	insomnia__panukbb_prescriptions__amoxicillin_clavulanic_acid__both_sexes__na__na	1.4283e-06	4.8218793828892	1.4221193348602938e-06	1.4284035734861096e-06	6.492272727272726e-06	6.492743515845952e-06	6.464178794819517e-06	0.20405456790229415	0.48354543209770584	True	1.3932703857957014e-06	1.4515005961460472e-06	6.333047208162278e-06	6.597729982482032e-06	False	jansen_2019_insomnia_ukb	PANUKBB_2025_RELEASE	SELF_REPORT	discovery_extension/results/ldsc/extension_rg_matrix.tsv	RECOMPUTED_FROM_PRINTED_ESTIMATES	BLOCKED_MISSING_INPUTS	False
insomnia	panukbb_prescriptions__clarithromycin__both_sexes__na__na	0.395	0.0617	6.4011	1.5431e-10	0.0377	0.0065	1.0351	0.0076	0.0302	0.0052	1217311	1130007	1129266	discovery_extension/logs/rg/rg_insomnia.log	1.1946580645161292e-09	clarithromycin	allergy_infectious	HIGH_NOVELTY_PRIORITY	EUR	PRIMARY_EXTENSION_RG_COMPLETE	True	True	PAIR_NOVELTY_AUDIT_REQUIRED	insomnia__panukbb_prescriptions__clarithromycin__both_sexes__na__na	1.5431e-10	6.40194489465154	1.5341004030247212e-10	1.5426149202240832e-10	1.1946580645161292e-09	1.1942825188831612e-09	1.1876906345997843e-09	0.27407022215387866	0.5159297778461214	True	1.47491100474315e-10	1.5955073170316734e-10	1.1418665843172775e-09	1.2352314712503278e-09	False	jansen_2019_insomnia_ukb	PANUKBB_2025_RELEASE	SELF_REPORT	discovery_extension/results/ldsc/extension_rg_matrix.tsv	RECOMPUTED_FROM_PRINTED_ESTIMATES	BLOCKED_MISSING_INPUTS	False
insomnia	panukbb_categorical__20004__both_sexes__1478__na	0.1169	0.0337	3.4671	0.0005	0.0691	0.0059	1.0766	0.013	-0.006	0.0064	1217311	1130007	1129267	discovery_extension/logs/rg/rg_insomnia.log	0.0014150943396226414	Operation code	allergy_infectious	PREVIOUSLY_SCREENED	EUR	PRIMARY_EXTENSION_RG_COMPLETE	True	False	NOT_TIER_A_SCREEN_THRESHOLD	insomnia__panukbb_categorical__20004__both_sexes__1478__na	0.0005	3.4688427299703264	0.0005227053425061359	0.0005261061246916844	0.0014150943396226414	0.001492499644515417	0.0014828520354783997	0.05084921372100018	0.18295078627899983	True	0.0005099344783720829	0.0005357346133302755	0.0014466226336796678	0.0015234159620766128	False	jansen_2019_insomnia_ukb	PANUKBB_2025_RELEASE	SELF_REPORT	discovery_extension/results/ldsc/extension_rg_matrix.tsv	RECOMPUTED_FROM_PRINTED_ESTIMATES	BLOCKED_MISSING_INPUTS	False
insomnia	panukbb_prescriptions__gabapentin__both_sexes__na__na	0.5794	0.0634	9.1424	6.109e-20	0.0956	0.0146	1.0192	0.0073	0.0374	0.0055	1217311	1130007	1129265	discovery_extension/logs/rg/rg_insomnia.log	1.3575555555555556e-18	gabapentin	medication_use	HIGH_NOVELTY_PRIORITY	EUR	PRIMARY_EXTENSION_RG_COMPLETE	True	True	PAIR_NOVELTY_AUDIT_REQUIRED	insomnia__panukbb_prescriptions__gabapentin__both_sexes__na__na	6.109e-20	9.138801261829654	6.314839867400558e-20	6.108144018921278e-20	1.3575555555555556e-18	1.3573653375380618e-18	1.403297748311235e-18	0.4551382833801606	0.7036617166198395	True	5.864306938668251e-20	6.798762870799579e-20	1.3031793197040559e-18	1.5108361935110177e-18	False	jansen_2019_insomnia_ukb	PANUKBB_2025_RELEASE	SELF_REPORT	discovery_extension/results/ldsc/extension_rg_matrix.tsv	RECOMPUTED_FROM_PRINTED_ESTIMATES	BLOCKED_MISSING_INPUTS	False
insomnia	panukbb_prescriptions__paracetamol__both_sexes__na__na	0.479	0.0442	10.8379	2.2773e-27	0.045	0.0045	1.0754	0.0082	0.05	0.0058	1217311	1130007	1129266	discovery_extension/logs/rg/rg_insomnia.log	8.815354838709678e-26	paracetamol	medication_use	HIGH_NOVELTY_PRIORITY	EUR	PRIMARY_EXTENSION_RG_COMPLETE	True	True	PAIR_NOVELTY_AUDIT_REQUIRED	insomnia__panukbb_prescriptions__paracetamol__both_sexes__na__na	2.2773e-27	10.837104072398189	2.2962498696334783e-27	2.276363451557992e-27	8.815354838709678e-26	8.811729489901905e-26	8.888709172774754e-26	0.3923695918833296	0.5656304081166704	True	1.9831649096382544e-27	2.657409255584805e-27	7.676767392148081e-26	1.0286745505489568e-25	False	jansen_2019_insomnia_ukb	PANUKBB_2025_RELEASE	SELF_REPORT	discovery_extension/results/ldsc/extension_rg_matrix.tsv	RECOMPUTED_FROM_PRINTED_ESTIMATES	BLOCKED_MISSING_INPUTS	False
insomnia	panukbb_prescriptions__mebeverine__both_sexes__na__na	0.4161	0.0589	7.0616	1.6461e-12	0.0585	0.0091	1.0236	0.0069	0.0327	0.0051	1217311	1130007	1129265	discovery_extension/logs/rg/rg_insomnia.log	1.6740000000000002e-11	mebeverine	medication_use	HIGH_NOVELTY_PRIORITY	EUR	PRIMARY_EXTENSION_RG_COMPLETE	True	True	PAIR_NOVELTY_AUDIT_REQUIRED	insomnia__panukbb_prescriptions__mebeverine__both_sexes__na__na	1.6461e-12	7.064516129032258	1.6117662315831389e-12	1.645962260938071e-12	1.6740000000000002e-11	1.6738599263776996e-11	1.639084303304887e-11	0.30065812131059083	0.5315418786894092	True	1.5341382225087181e-12	1.6931026037354683e-12	1.5601405652631034e-11	1.7217992580360694e-11	False	jansen_2019_insomnia_ukb	PANUKBB_2025_RELEASE	SELF_REPORT	discovery_extension/results/ldsc/extension_rg_matrix.tsv	RECOMPUTED_FROM_PRINTED_ESTIMATES	BLOCKED_MISSING_INPUTS	False
insomnia	panukbb_prescriptions__amlodipine__both_sexes__na__na	0.2364	0.0385	6.1475	7.8716e-10	0.092	0.0074	1.0455	0.0083	0.0206	0.0059	1217311	1130007	1129265	discovery_extension/logs/rg/rg_insomnia.log	5.656239520958084e-09	amlodipine	medication_use	HIGH_NOVELTY_PRIORITY	EUR	PRIMARY_EXTENSION_RG_COMPLETE	True	True	PAIR_NOVELTY_AUDIT_REQUIRED	insomnia__panukbb_prescriptions__amlodipine__both_sexes__na__na	7.8716e-10	6.14025974025974	8.238665630999339e-10	7.871370024108911e-10	5.656239520958084e-09	5.656074268820774e-09	5.919999255807908e-09	0.1609413865952079	0.3118586134047921	True	7.770560487341396e-10	8.732911754372301e-10	5.583636278329147e-09	6.275146170806444e-09	False	jansen_2019_insomnia_ukb	PANUKBB_2025_RELEASE	SELF_REPORT	discovery_extension/results/ldsc/extension_rg_matrix.tsv	RECOMPUTED_FROM_PRINTED_ESTIMATES	BLOCKED_MISSING_INPUTS	False
insomnia	panukbb_prescriptions__orlistat__both_sexes__na__na	0.3396	0.0572	5.9373	2.8971e-09	0.2472	0.0307	1.0195	0.007	0.0277	0.0052	1217311	1130007	1129266	discovery_extension/logs/rg/rg_insomnia.log	1.9207292817679558e-08	orlistat	medication_use	HIGH_NOVELTY_PRIORITY	EUR	PRIMARY_EXTENSION_RG_COMPLETE	True	True	PAIR_NOVELTY_AUDIT_REQUIRED	insomnia__panukbb_prescriptions__orlistat__both_sexes__na__na	2.8971e-09	5.9370629370629375	2.901732977877107e-09	2.8975417947911693e-09	1.9207292817679558e-08	1.9210221843919356e-08	1.934488651918071e-08	0.22749006008430891	0.4517099399156911	True	2.796268952238277e-09	3.0108720498310734e-09	1.8641793014921848e-08	2.0072480332207156e-08	False	jansen_2019_insomnia_ukb	PANUKBB_2025_RELEASE	SELF_REPORT	discovery_extension/results/ldsc/extension_rg_matrix.tsv	RECOMPUTED_FROM_PRINTED_ESTIMATES	BLOCKED_MISSING_INPUTS	False
insomnia	panukbb_prescriptions__tramadol__both_sexes__na__na	0.5405	0.0375	14.4321	3.2494e-47	0.0841	0.0071	1.0438	0.008	0.0605	0.0055	1217311	1130007	1129266	discovery_extension/logs/rg/rg_insomnia.log	4.8741e-45	tramadol	medication_use	HIGH_NOVELTY_PRIORITY	EUR	PRIMARY_EXTENSION_RG_COMPLETE	True	True	PAIR_NOVELTY_AUDIT_REQUIRED	insomnia__panukbb_prescriptions__tramadol__both_sexes__na__na	3.2494e-47	14.413333333333334	4.26613561545688e-47	3.2503189341085146e-47	4.8741e-45	4.875478401162772e-45	6.39920342318532e-45	0.46700135057974795	0.6139986494202521	True	3.166028153822232e-47	5.741525431590179e-47	4.749042230733348e-45	8.612288147385267e-45	False	jansen_2019_insomnia_ukb	PANUKBB_2025_RELEASE	SELF_REPORT	discovery_extension/results/ldsc/extension_rg_matrix.tsv	RECOMPUTED_FROM_PRINTED_ESTIMATES	BLOCKED_MISSING_INPUTS	False
insomnia	panukbb_prescriptions__citalopram__both_sexes__na__na	0.4751	0.0555	8.5665	1.0672e-17	0.0604	0.009	1.0255	0.0077	0.0442	0.0059	1217311	1130007	1129265	discovery_extension/logs/rg/rg_insomnia.log	1.9114029850746267e-16	citalopram	medication_use	HIGH_NOVELTY_PRIORITY	EUR	PRIMARY_EXTENSION_RG_COMPLETE	True	True	PAIR_NOVELTY_AUDIT_REQUIRED	insomnia__panukbb_prescriptions__citalopram__both_sexes__na__na	1.0672e-17	8.560360360360361	1.1251527435324616e-17	1.0667789728161734e-17	1.9114029850746267e-16	1.91064890653643e-16	2.0151989436402296e-16	0.366321998858027	0.5838780011419731	True	1.0440470007042451e-17	1.2123070902700496e-17	1.869934926634469e-16	2.1712962810806859e-16	False	jansen_2019_insomnia_ukb	PANUKBB_2025_RELEASE	SELF_REPORT	discovery_extension/results/ldsc/extension_rg_matrix.tsv	RECOMPUTED_FROM_PRINTED_ESTIMATES	BLOCKED_MISSING_INPUTS	False
insomnia	panukbb_prescriptions__bendroflumethiazide__both_sexes__na__na	0.2415	0.0369	6.5376	6.2533e-11	0.1063	0.0085	1.0565	0.0083	0.0185	0.0058	1217311	1130007	1129264	discovery_extension/logs/rg/rg_insomnia.log	5.139698630136987e-10	bendroflumethiazide	medication_use	HIGH_NOVELTY_PRIORITY	EUR	PRIMARY_EXTENSION_RG_COMPLETE	True	True	PAIR_NOVELTY_AUDIT_REQUIRED	insomnia__panukbb_prescriptions__bendroflumethiazide__both_sexes__na__na	6.2533e-11	6.544715447154471	5.960877332578552e-11	6.251384635276349e-11	5.139698630136987e-10	5.138124357761383e-10	4.899351232256345e-10	0.169177328970472	0.313822671029528	True	5.565958675159724e-11	6.381979839491499e-11	4.5747605549258007e-10	5.245462881773834e-10	False	jansen_2019_insomnia_ukb	PANUKBB_2025_RELEASE	SELF_REPORT	discovery_extension/results/ldsc/extension_rg_matrix.tsv	RECOMPUTED_FROM_PRINTED_ESTIMATES	BLOCKED_MISSING_INPUTS	False
insomnia	panukbb_categorical__20003__both_sexes__1140874420__na	0.2938	0.0603	4.8722	1.1039e-06	0.2604	0.0507	0.9988	0.0075	0.0309	0.0046	1217311	1130007	1129263	discovery_extension/logs/rg/rg_insomnia.log	5.114594594594594e-06	Treatment/medication code	medication_use	PREVIOUSLY_SCREENED	EUR	PRIMARY_EXTENSION_RG_COMPLETE	True	True	PAIR_NOVELTY_AUDIT_REQUIRED	insomnia__panukbb_categorical__20003__both_sexes__1140874420__na	1.1039e-06	4.872305140961857	1.1030362854415302e-06	1.1036236223496101e-06	5.114594594594594e-06	5.113314080384295e-06	5.110592828300526e-06	0.17561417173223476	0.41198582826776525	True	1.0761408738973995e-06	1.1305317662528532e-06	4.985980882922315e-06	5.237985017387737e-06	False	jansen_2019_insomnia_ukb	PANUKBB_2025_RELEASE	SELF_REPORT	discovery_extension/results/ldsc/extension_rg_matrix.tsv	RECOMPUTED_FROM_PRINTED_ESTIMATES	BLOCKED_MISSING_INPUTS	False
insomnia	panukbb_categorical__20003__both_sexes__1140881856__na	0.3385	0.0662	5.1154	3.13e-07	0.1351	0.0287	0.9957	0.0071	0.0209	0.0053	1217311	1130007	1129266	discovery_extension/logs/rg/rg_insomnia.log	1.5585062240663901e-06	Treatment/medication code	medication_use	PREVIOUSLY_SCREENED	EUR	PRIMARY_EXTENSION_RG_COMPLETE	True	True	PAIR_NOVELTY_AUDIT_REQUIRED	insomnia__panukbb_categorical__20003__both_sexes__1140881856__na	3.13e-07	5.113293051359517	3.165905664971833e-07	3.1307677931543534e-07	1.5585062240663901e-06	1.5588885277117112e-06	1.5698705776719833e-06	0.20875038422344847	0.46824961577655155	True	3.0893367559281903e-07	3.244185497729864e-07	1.5319025236007554e-06	1.6153620735584384e-06	False	jansen_2019_insomnia_ukb	PANUKBB_2025_RELEASE	SELF_REPORT	discovery_extension/results/ldsc/extension_rg_matrix.tsv	RECOMPUTED_FROM_PRINTED_ESTIMATES	BLOCKED_MISSING_INPUTS	False
insomnia	panukbb_categorical__6149__both_sexes__3__na	0.1558	0.0378	4.1236	3.7294e-05	0.0477	0.0034	1.0193	0.0072	0.0422	0.0057	1217311	1130007	1129263	discovery_extension/logs/rg/rg_insomnia.log	0.00013439279279279278	Mouth/teeth dental problems	oral_dental	PREVIOUSLY_SCREENED	EUR	PRIMARY_EXTENSION_RG_COMPLETE	True	True	PAIR_NOVELTY_AUDIT_REQUIRED	insomnia__panukbb_categorical__6149__both_sexes__3__na	3.7294e-05	4.121693121693122	3.760979928731899e-05	3.729964129921203e-05	0.00013439279279279278	0.00013441312179896228	0.00013553080824259094	0.08171336138438595	0.22988663861561404	True	3.651742428447182e-05	3.8730138913528064e-05	0.0001315943217458444	0.0001395680681568579	False	jansen_2019_insomnia_ukb	PANUKBB_2025_RELEASE	SELF_REPORT	discovery_extension/results/ldsc/extension_rg_matrix.tsv	RECOMPUTED_FROM_PRINTED_ESTIMATES	BLOCKED_MISSING_INPUTS	False
insomnia	panukbb_categorical__6149__both_sexes__4__na	0.3136	0.0524	5.983	2.1905e-09	0.0784	0.0087	1.0191	0.0067	0.0175	0.0063	1217311	1130007	1129266	discovery_extension/logs/rg/rg_insomnia.log	1.4767415730337077e-08	Mouth/teeth dental problems	oral_dental	HIGH_NOVELTY_PRIORITY	EUR	PRIMARY_EXTENSION_RG_COMPLETE	True	True	PAIR_NOVELTY_AUDIT_REQUIRED	insomnia__panukbb_categorical__6149__both_sexes__4__na	2.1905e-09	5.98473282442748	2.167453463077357e-09	2.1906476785309476e-09	1.4767415730337077e-08	1.4768411315938972e-08	1.4612045818499034e-08	0.21089788721010116	0.4163021127898988	True	2.0803710243114568e-09	2.2579067620252042e-09	1.4024973197605327e-08	1.522184333949576e-08	False	jansen_2019_insomnia_ukb	PANUKBB_2025_RELEASE	SELF_REPORT	discovery_extension/results/ldsc/extension_rg_matrix.tsv	RECOMPUTED_FROM_PRINTED_ESTIMATES	BLOCKED_MISSING_INPUTS	False
insomnia	panukbb_categorical__6149__both_sexes__6__na	0.2631	0.0308	8.5452	1.2835e-17	0.0888	0.0041	1.0631	0.01	0.0214	0.0063	1217311	1130007	1129266	discovery_extension/logs/rg/rg_insomnia.log	2.232173913043478e-16	Mouth/teeth dental problems	oral_dental	PREVIOUSLY_SCREENED	EUR	PRIMARY_EXTENSION_RG_COMPLETE	True	True	PAIR_NOVELTY_AUDIT_REQUIRED	insomnia__panukbb_categorical__6149__both_sexes__6__na	1.2835e-17	8.542207792207792	1.3168136391472228e-17	1.2831386479488646e-17	2.232173913043478e-16	2.2315454746936775e-16	2.290110676777779e-16	0.20273310927616633	0.32346689072383367	True	1.1511797864443037e-17	1.505266898580402e-17	2.0020518025118326e-16	2.617855475792004e-16	False	jansen_2019_insomnia_ukb	PANUKBB_2025_RELEASE	SELF_REPORT	discovery_extension/results/ldsc/extension_rg_matrix.tsv	RECOMPUTED_FROM_PRINTED_ESTIMATES	BLOCKED_MISSING_INPUTS	False
insomnia	panukbb_categorical__20004__both_sexes__1480__na	-0.1635	0.0502	-3.2565	0.0011	0.078	0.008	1.0082	0.0067	-0.0107	0.0052	1217311	1130007	1129267	discovery_extension/logs/rg/rg_insomnia.log	0.0029464285714285716	Operation code	oral_dental	PREVIOUSLY_SCREENED	EUR	PRIMARY_EXTENSION_RG_COMPLETE	True	True	PAIR_NOVELTY_AUDIT_REQUIRED	insomnia__panukbb_categorical__20004__both_sexes__1480__na	0.0011	-3.256972111553785	0.001126074960115296	0.0011279493049343092	0.0029464285714285716	0.0030212927810740428	0.003016272214594543	-0.26189019202391073	-0.06510980797608928	True	0.0011093536130487294	0.001142995084616805	0.002971482892094811	0.0030684431801793425	False	jansen_2019_insomnia_ukb	PANUKBB_2025_RELEASE	SELF_REPORT	discovery_extension/results/ldsc/extension_rg_matrix.tsv	RECOMPUTED_FROM_PRINTED_ESTIMATES	BLOCKED_MISSING_INPUTS	False
insomnia	panukbb_continuous__398__both_sexes__na__na	-0.1926	0.0434	-4.436	9.1639e-06	0.0137	0.0013	1.0066	0.0069	-0.003	0.0051	1217311	1130007	1129265	discovery_extension/logs/rg/rg_insomnia.log	3.66952e-05	Number of correct matches in round	cognitive	UNDEREXPLORED	EUR	PRIMARY_EXTENSION_RG_COMPLETE	True	True	PAIR_NOVELTY_AUDIT_REQUIRED	insomnia__panukbb_continuous__398__both_sexes__na__na	9.1639e-06	-4.43778801843318	9.088806183420182e-06	9.164584747436269e-06	3.66952e-05	3.66923937995633e-05	3.647681411406093e-05	-0.27766243692903836	-0.10753756307096164	True	8.827697800651844e-06	9.356657708445679e-06	3.542888749425489e-05	3.755180351215657e-05	False	jansen_2019_insomnia_ukb	PANUKBB_2025_RELEASE	SELF_REPORT	discovery_extension/results/ldsc/extension_rg_matrix.tsv	RECOMPUTED_FROM_PRINTED_ESTIMATES	BLOCKED_MISSING_INPUTS	False
insomnia	panukbb_categorical__4294__both_sexes__0__na	0.1436	0.0598	2.401	0.0163	0.1253	0.0244	1.0069	0.0065	0.0046	0.0044	1217311	1130007	1128930	discovery_extension/logs/rg/rg_insomnia.log	0.03389948006932409	Final attempt correct	cognitive	UNDEREXPLORED	EUR	PRIMARY_EXTENSION_RG_COMPLETE	True	False	NOT_TIER_A_SCREEN_THRESHOLD	insomnia__panukbb_categorical__4294__both_sexes__0__na	0.0163	2.4013377926421406	0.016335249478648242	0.016350336499955005	0.03389948006932409	0.03400416603110226	0.033972789210360295	0.02639415372450478	0.26080584627549525	True	0.01620860825324586	0.016462545478284626	0.03370941057867423	0.0342969697464263	False	jansen_2019_insomnia_ukb	PANUKBB_2025_RELEASE	SELF_REPORT	discovery_extension/results/ldsc/extension_rg_matrix.tsv	RECOMPUTED_FROM_PRINTED_ESTIMATES	BLOCKED_MISSING_INPUTS	False
insomnia	panukbb_categorical__5001__both_sexes__5001__na	-0.2702	0.0504	-5.3608	8.2868e-08	0.1164	0.0133	1.0017	0.0071	-0.0015	0.0053	1217311	1130007	1129250	discovery_extension/logs/rg/rg_insomnia.log	4.56154128440367e-07	FI7 : synonym	cognitive	PREVIOUSLY_SCREENED	EUR	PRIMARY_EXTENSION_RG_COMPLETE	True	True	PAIR_NOVELTY_AUDIT_REQUIRED	insomnia__panukbb_categorical__5001__both_sexes__5001__na	8.2868e-08	-5.361111111111111	8.27116214304949e-08	8.285420769788011e-08	4.56154128440367e-07	4.5607820751126665e-07	4.5529332897520126e-07	-0.36898218482081874	-0.17141781517918125	True	7.98673729068018e-08	8.564791029081083e-08	4.3963691508331264e-07	4.736289969998756e-07	False	jansen_2019_insomnia_ukb	PANUKBB_2025_RELEASE	SELF_REPORT	discovery_extension/results/ldsc/extension_rg_matrix.tsv	RECOMPUTED_FROM_PRINTED_ESTIMATES	BLOCKED_MISSING_INPUTS	False
insomnia	panukbb_continuous__20409__both_sexes__na__na	0.1895	0.0639	2.9629	0.003	0.0377	0.0071	1.0414	0.0073	0.0224	0.0054	1217311	1130007	1129224	discovery_extension/logs/rg/rg_insomnia.log	0.007272727272727273	Frequency of feeling guilt or remorse after drinking alcohol in last year	mental_psychosocial	UNDEREXPLORED	EUR	PRIMARY_EXTENSION_RG_COMPLETE	True	True	PAIR_NOVELTY_AUDIT_REQUIRED	insomnia__panukbb_continuous__20409__both_sexes__na__na	0.003	2.9655712050078247	0.0030212139812072995	0.003047555584726399	0.007272727272727273	0.007388013538730665	0.00732415510595709	0.06425830138789054	0.31474169861210943	True	0.0029908519976133007	0.003051808729034201	0.007250550297244365	0.007398324191598063	False	jansen_2019_insomnia_ukb	PANUKBB_2025_RELEASE	SELF_REPORT	discovery_extension/results/ldsc/extension_rg_matrix.tsv	RECOMPUTED_FROM_PRINTED_ESTIMATES	BLOCKED_MISSING_INPUTS	False
insomnia	panukbb_continuous__20515__both_sexes__na__na	0.4472	0.0473	9.4539	3.2659e-21	0.0425	0.004	1.0156	0.0068	0.0905	0.0054	1217311	1130007	1129269	discovery_extension/logs/rg/rg_insomnia.log	7.684470588235294e-20	Recent trouble relaxing	mental_psychosocial	UNDEREXPLORED	EUR	PRIMARY_EXTENSION_RG_COMPLETE	True	True	PAIR_NOVELTY_AUDIT_REQUIRED	insomnia__panukbb_continuous__20515__both_sexes__na__na	3.2659e-21	9.454545454545453	3.244284505860953e-21	3.2643606641699873e-21	7.684470588235294e-20	7.68084862157644e-20	7.786282814066286e-20	0.3544937035312554	0.5399062964687446	True	2.9185684534339636e-21	3.6051099194608206e-21	6.867219890432856e-20	8.652263806705969e-20	False	jansen_2019_insomnia_ukb	PANUKBB_2025_RELEASE	SELF_REPORT	discovery_extension/results/ldsc/extension_rg_matrix.tsv	RECOMPUTED_FROM_PRINTED_ESTIMATES	BLOCKED_MISSING_INPUTS	False
insomnia	panukbb_continuous__20520__both_sexes__na__na	0.4468	0.0464	9.6249	6.2773e-22	0.0461	0.0047	1.0242	0.0079	0.0677	0.0057	1217311	1130007	1129272	discovery_extension/logs/rg/rg_insomnia.log	1.6027148936170214e-20	Recent worrying too much about different things	mental_psychosocial	UNDEREXPLORED	EUR	PRIMARY_EXTENSION_RG_COMPLETE	True	True	PAIR_NOVELTY_AUDIT_REQUIRED	insomnia__panukbb_continuous__20520__both_sexes__na__na	6.2773e-22	9.629310344827587	6.013168902427762e-22	6.276794755462868e-22	1.6027148936170214e-20	1.602585895011796e-20	1.5352771665773008e-20	0.35585767111734146	0.5377423288826585	True	5.377950476720975e-22	6.720928638257114e-22	1.3730937387372704e-20	1.7159817799805397e-20	False	jansen_2019_insomnia_ukb	PANUKBB_2025_RELEASE	SELF_REPORT	discovery_extension/results/ldsc/extension_rg_matrix.tsv	RECOMPUTED_FROM_PRINTED_ESTIMATES	BLOCKED_MISSING_INPUTS	False
insomnia	panukbb_continuous__20485__both_sexes__na__na	0.3277	0.0466	7.037	1.9636e-12	0.0451	0.0045	1.0444	0.0075	0.0442	0.0056	1217311	1130007	1129271	discovery_extension/logs/rg/rg_insomnia.log	1.9636e-11	Ever contemplated self-harm	mental_psychosocial	UNDEREXPLORED	EUR	PRIMARY_EXTENSION_RG_COMPLETE	True	True	PAIR_NOVELTY_AUDIT_REQUIRED	insomnia__panukbb_continuous__20485__both_sexes__na__na	1.9636e-12	7.032188841201716	2.0331836182067858e-12	1.9642285460823635e-12	1.9636e-11	1.9642285460823638e-11	2.0331836182067858e-11	0.23636567832043348	0.4190343216795665	True	1.9111680086956375e-12	2.162544645966109e-12	1.9111680086956376e-11	2.1625446459661092e-11	False	jansen_2019_insomnia_ukb	PANUKBB_2025_RELEASE	SELF_REPORT	discovery_extension/results/ldsc/extension_rg_matrix.tsv	RECOMPUTED_FROM_PRINTED_ESTIMATES	BLOCKED_MISSING_INPUTS	False
insomnia	panukbb_continuous__20498__both_sexes__na__na	0.3615	0.0429	8.4209	3.7347e-17	0.0529	0.0041	1.0109	0.0065	0.0531	0.0056	1217311	1130007	1128865	discovery_extension/logs/rg/rg_insomnia.log	6.2245e-16	Felt very upset when reminded of stressful experience in past month	mental_psychosocial	PREVIOUSLY_SCREENED	EUR	PRIMARY_EXTENSION_RG_COMPLETE	True	True	PAIR_NOVELTY_AUDIT_REQUIRED	insomnia__panukbb_continuous__20498__both_sexes__na__na	3.7347e-17	8.426573426573427	3.5593449665487284e-17	3.736030625316189e-17	6.2245e-16	6.226717708860315e-16	5.989577616432728e-16	0.2774175450632317	0.4455824549367683	True	3.239949649539475e-17	3.9089053366178354e-17	5.475971238658268e-16	6.514842227696392e-16	False	jansen_2019_insomnia_ukb	PANUKBB_2025_RELEASE	SELF_REPORT	discovery_extension/results/ldsc/extension_rg_matrix.tsv	RECOMPUTED_FROM_PRINTED_ESTIMATES	BLOCKED_MISSING_INPUTS	False
insomnia	panukbb_categorical__6145__both_sexes__6__na	0.3165	0.037	8.5479	1.2532e-17	0.0759	0.0044	1.0187	0.0081	0.0654	0.0062	1217311	1130007	1129261	discovery_extension/logs/rg/rg_insomnia.log	2.211529411764706e-16	Illness, injury, bereavement, stress in last 2 years	mental_psychosocial	UNDEREXPLORED	EUR	PRIMARY_EXTENSION_RG_COMPLETE	True	True	PAIR_NOVELTY_AUDIT_REQUIRED	insomnia__panukbb_categorical__6145__both_sexes__6__na	1.2532e-17	8.554054054054054	1.1883921386861452e-17	1.2534824709826627e-17	2.211529411764706e-16	2.212027889969405e-16	2.097162597681433e-16	0.243981332572018	0.38901866742798197	True	1.0623211307017301e-17	1.328803873475425e-17	1.8746843482971708e-16	2.3449480120154556e-16	False	jansen_2019_insomnia_ukb	PANUKBB_2025_RELEASE	SELF_REPORT	discovery_extension/results/ldsc/extension_rg_matrix.tsv	RECOMPUTED_FROM_PRINTED_ESTIMATES	BLOCKED_MISSING_INPUTS	False
insomnia	panukbb_categorical__2020__both_sexes__2020__na	0.4408	0.0285	15.4802	4.7216e-54	0.0613	0.0034	1.0245	0.008	0.119	0.0057	1217311	1130007	1129269	discovery_extension/logs/rg/rg_insomnia.log	1.41648e-51	Loneliness, isolation	mental_psychosocial	PREVIOUSLY_SCREENED	EUR	PRIMARY_EXTENSION_RG_COMPLETE	True	True	PAIR_NOVELTY_AUDIT_REQUIRED	insomnia__panukbb_categorical__2020__both_sexes__2020__na	4.7216e-54	15.466666666666667	5.824598851321604e-54	4.7200318134730757e-54	1.41648e-51	1.4160095440419226e-51	1.747379655396481e-51	0.38494102644060846	0.4966589735593916	True	3.714400282502153e-54	9.1116843035005e-54	1.1143200847506458e-51	2.73350529105015e-51	False	jansen_2019_insomnia_ukb	PANUKBB_2025_RELEASE	SELF_REPORT	discovery_extension/results/ldsc/extension_rg_matrix.tsv	RECOMPUTED_FROM_PRINTED_ESTIMATES	BLOCKED_MISSING_INPUTS	False
insomnia	panukbb_categorical__2040__both_sexes__2040__na	0.0906	0.0304	2.9852	0.0028	0.0671	0.0033	1.0268	0.0101	0.0009	0.0056	1217311	1130007	1129262	discovery_extension/logs/rg/rg_insomnia.log	0.006815415821501014	Risk taking	mental_psychosocial	HEAVILY_STUDIED	EUR	PRIMARY_EXTENSION_RG_COMPLETE	True	False	NOT_TIER_A_SCREEN_THRESHOLD	insomnia__panukbb_categorical__2040__both_sexes__2040__na	0.0028	2.9802631578947367	0.002880008511987293	0.0028339296653567044	0.006815415821501014	0.006912023574040743	0.0070101627066627824	0.03101709486998236	0.15018290513001764	True	0.0028189524987942863	0.0029420629722254794	0.006847657891807983	0.00716120804598494	False	jansen_2019_insomnia_ukb	PANUKBB_2025_RELEASE	SELF_REPORT	discovery_extension/results/ldsc/extension_rg_matrix.tsv	RECOMPUTED_FROM_PRINTED_ESTIMATES	BLOCKED_MISSING_INPUTS	False
insomnia	panukbb_categorical__1677__both_sexes__1677__na	-0.2993	0.0405	-7.386	1.513e-13	0.0276	0.0023	1.0371	0.0072	-0.0149	0.005	1217311	1130007	1128899	discovery_extension/logs/rg/rg_insomnia.log	1.681111111111111e-12	Breastfed as a baby	early_life	HEAVILY_STUDIED	EUR	PRIMARY_EXTENSION_RG_COMPLETE	True	True	PAIR_NOVELTY_AUDIT_REQUIRED	insomnia__panukbb_categorical__1677__both_sexes__1677__na	1.513e-13	-7.390123456790123	1.4669254695628265e-13	1.513117930629019e-13	1.681111111111111e-12	1.6812421451433545e-12	1.6451500593227962e-12	-0.3786785413738722	-0.21992145862612783	True	1.3567835353068793e-13	1.5855362323516302e-13	1.521626394736687e-12	1.7781714755345385e-12	False	jansen_2019_insomnia_ukb	PANUKBB_2025_RELEASE	SELF_REPORT	discovery_extension/results/ldsc/extension_rg_matrix.tsv	RECOMPUTED_FROM_PRINTED_ESTIMATES	BLOCKED_MISSING_INPUTS	False
insomnia	panukbb_continuous__20022__both_sexes__na__irnt	-0.0898	0.0294	-3.0491	0.0023	0.1028	0.0059	1.1288	0.0152	-0.0097	0.0056	1217311	1130007	1129251	discovery_extension/logs/rg/rg_insomnia.log	0.005762004175365344	Birth weight	early_life	HEAVILY_STUDIED	EUR	PRIMARY_EXTENSION_RG_COMPLETE	True	False	NOT_TIER_A_SCREEN_THRESHOLD	insomnia__panukbb_continuous__20022__both_sexes__na__irnt	0.0023	-3.054421768707483	0.0022549481694580523	0.0022952806535296902	0.005762004175365344	0.005762210845681231	0.005660957747593437	-0.1474229411454776	-0.03217705885452242	True	0.002203569738553987	0.00230724198280436	0.0055343140518797195	0.005792239287374963	False	jansen_2019_insomnia_ukb	PANUKBB_2025_RELEASE	SELF_REPORT	discovery_extension/results/ldsc/extension_rg_matrix.tsv	RECOMPUTED_FROM_PRINTED_ESTIMATES	BLOCKED_MISSING_INPUTS	False
insomnia	panukbb_categorical__1538__both_sexes__1__na	0.4438	0.0334	13.3053	2.1549e-40	0.0705	0.0041	1.0261	0.0076	0.0616	0.0053	1217311	1130007	1129265	discovery_extension/logs/rg/rg_insomnia.log	1.9891384615384616e-38	Major dietary changes in the last 5 years	diet	UNDEREXPLORED	EUR	PRIMARY_EXTENSION_RG_COMPLETE	True	True	PAIR_NOVELTY_AUDIT_REQUIRED	insomnia__panukbb_categorical__1538__both_sexes__1__na	2.1549e-40	13.287425149700598	2.738402748589781e-40	2.156258998237918e-40	1.9891384615384616e-38	1.9903929214503858e-38	2.5277563833136443e-38	0.3783372029163622	0.5092627970836378	True	2.0563447335928448e-40	3.6419126797252377e-40	1.898164369470318e-38	3.361765550515604e-38	False	jansen_2019_insomnia_ukb	PANUKBB_2025_RELEASE	SELF_REPORT	discovery_extension/results/ldsc/extension_rg_matrix.tsv	RECOMPUTED_FROM_PRINTED_ESTIMATES	BLOCKED_MISSING_INPUTS	False
insomnia	panukbb_continuous__1548__both_sexes__na__na	0.1889	0.0282	6.6991	2.0975e-11	0.0438	0.0021	1.03	0.0083	0.0185	0.0056	1217311	1130007	1129260	discovery_extension/logs/rg/rg_insomnia.log	1.7978571428571429e-10	Variation in diet	diet	PREVIOUSLY_SCREENED	EUR	PRIMARY_EXTENSION_RG_COMPLETE	True	True	PAIR_NOVELTY_AUDIT_REQUIRED	insomnia__panukbb_continuous__1548__both_sexes__na__na	2.0975e-11	6.698581560283689	2.1045225458796325e-11	2.0970705661010616e-11	1.7978571428571429e-10	1.7974890566580528e-10	1.803876467896828e-10	0.1336290156359705	0.24417098436402954	True	1.9163839016832826e-11	2.3099442777114534e-11	1.642614772871385e-10	1.9659100235842156e-10	False	jansen_2019_insomnia_ukb	PANUKBB_2025_RELEASE	SELF_REPORT	discovery_extension/results/ldsc/extension_rg_matrix.tsv	RECOMPUTED_FROM_PRINTED_ESTIMATES	BLOCKED_MISSING_INPUTS	False
insomnia	panukbb_continuous__1349__both_sexes__na__na	0.0856	0.031	2.7638	0.0057	0.0459	0.0025	1.0495	0.0096	0.0314	0.0059	1217311	1130007	1129264	discovery_extension/logs/rg/rg_insomnia.log	0.01310344827586207	Processed meat intake	diet	PREVIOUSLY_SCREENED	EUR	PRIMARY_EXTENSION_RG_COMPLETE	True	False	NOT_TIER_A_SCREEN_THRESHOLD	insomnia__panukbb_continuous__1349__both_sexes__na__na	0.0057	2.761290322580645	0.005757347202163893	0.0057132546003375	0.01310344827586207	0.013159127678320537	0.013245859117912954	0.024841116479258324	0.14635888352074167	True	0.005651114697518707	0.005865026346076728	0.013016003142077636	0.013508697918027012	False	jansen_2019_insomnia_ukb	PANUKBB_2025_RELEASE	SELF_REPORT	discovery_extension/results/ldsc/extension_rg_matrix.tsv	RECOMPUTED_FROM_PRINTED_ESTIMATES	BLOCKED_MISSING_INPUTS	False
insomnia	panukbb_categorical__1468__both_sexes__4__na	-0.3379	0.0287	-11.782	4.832e-32	0.0728	0.0035	1.0408	0.0082	-0.0333	0.0056	1217311	1130007	1129239	discovery_extension/logs/rg/rg_insomnia.log	2.6356363636363638e-30	Cereal type	diet	PREVIOUSLY_SCREENED	EUR	PRIMARY_EXTENSION_RG_COMPLETE	True	True	PAIR_NOVELTY_AUDIT_REQUIRED	insomnia__panukbb_categorical__1468__both_sexes__4__na	4.832e-32	-11.773519163763066	5.344743315770623e-32	4.8332456738726875e-32	2.6356363636363638e-30	2.6363158221123754e-30	2.9153145358748854e-30	-0.39415096635629954	-0.2816490336437004	True	4.102269062032434e-32	6.953711850986996e-32	2.2376013065631458e-30	3.792933736901998e-30	False	jansen_2019_insomnia_ukb	PANUKBB_2025_RELEASE	SELF_REPORT	discovery_extension/results/ldsc/extension_rg_matrix.tsv	RECOMPUTED_FROM_PRINTED_ESTIMATES	BLOCKED_MISSING_INPUTS	False
insomnia	panukbb_continuous__2237__both_sexes__na__na	0.1388	0.0287	4.8315	1.3554e-06	0.0743	0.003	1.072	0.0098	0.0282	0.0063	1217311	1130007	1129265	discovery_extension/logs/rg/rg_insomnia.log	6.20793893129771e-06	Plays computer games	digital_environment	PREVIOUSLY_SCREENED	EUR	PRIMARY_EXTENSION_RG_COMPLETE	True	False	NOT_TIER_A_SCREEN_THRESHOLD	insomnia__panukbb_continuous__2237__both_sexes__na__na	1.3554e-06	4.83623693379791	1.323201895635361e-06	1.355082186799152e-06	6.20793893129771e-06	6.206483298316727e-06	6.060466697566539e-06	0.08254903364370045	0.19505096635629957	True	1.2570776380148508e-06	1.392417317448585e-06	5.757607502358095e-06	6.377483896711076e-06	False	jansen_2019_insomnia_ukb	PANUKBB_2025_RELEASE	SELF_REPORT	discovery_extension/results/ldsc/extension_rg_matrix.tsv	RECOMPUTED_FROM_PRINTED_ESTIMATES	BLOCKED_MISSING_INPUTS	False
insomnia	panukbb_continuous__2267__both_sexes__na__na	-0.1132	0.0327	-3.4659	0.0005	0.0606	0.0066	1.0534	0.0228	-0.0096	0.0071	1217311	1130007	1129267	discovery_extension/logs/rg/rg_insomnia.log	0.0014150943396226414	Use of sun/uv protection	digital_environment	PREVIOUSLY_SCREENED	EUR	PRIMARY_EXTENSION_RG_COMPLETE	True	False	NOT_TIER_A_SCREEN_THRESHOLD	insomnia__panukbb_continuous__2267__both_sexes__na__na	0.0005	-3.46177370030581	0.0005366281671994515	0.0005284597928253039	0.0014150943396226414	0.0014956409230904829	0.0015187589637720325	-0.17729082229445975	-0.04910917770554023	True	0.0005231652535370912	0.0005503707292327295	0.0014806563779351637	0.001557653007262442	False	jansen_2019_insomnia_ukb	PANUKBB_2025_RELEASE	SELF_REPORT	discovery_extension/results/ldsc/extension_rg_matrix.tsv	RECOMPUTED_FROM_PRINTED_ESTIMATES	BLOCKED_MISSING_INPUTS	False
insomnia	panukbb_continuous__874__both_sexes__na__irnt	0.2164	0.0326	6.6348	3.2499e-11	0.0473	0.0024	1.0355	0.0085	-0.0046	0.0056	1217311	1130007	1129241	discovery_extension/logs/rg/rg_insomnia.log	2.7271888111888114e-10	Duration of walks	physical_activity	UNDEREXPLORED	EUR	PRIMARY_EXTENSION_RG_COMPLETE	True	True	PAIR_NOVELTY_AUDIT_REQUIRED	insomnia__panukbb_continuous__874__both_sexes__na__irnt	3.2499e-11	6.638036809815952	3.178884902306122e-11	3.249428227109167e-11	2.7271888111888114e-10	2.726792917853846e-10	2.6675957222149276e-10	0.15250517410399425	0.28029482589600574	True	2.935522061748803e-11	3.441121474959004e-11	2.463375156712282e-10	2.887654384580982e-10	False	jansen_2019_insomnia_ukb	PANUKBB_2025_RELEASE	SELF_REPORT	discovery_extension/results/ldsc/extension_rg_matrix.tsv	RECOMPUTED_FROM_PRINTED_ESTIMATES	BLOCKED_MISSING_INPUTS	False
insomnia	panukbb_continuous__943__both_sexes__na__na	-0.1552	0.0369	-4.2083	2.5729e-05	0.0353	0.0019	1.0521	0.0081	-0.028	0.0053	1217311	1130007	1129266	discovery_extension/logs/rg/rg_insomnia.log	9.55876160990712e-05	Frequency of stair climbing in last 4 weeks	physical_activity	PREVIOUSLY_SCREENED	EUR	PRIMARY_EXTENSION_RG_COMPLETE	True	True	PAIR_NOVELTY_AUDIT_REQUIRED	insomnia__panukbb_continuous__943__both_sexes__na__na	2.5729e-05	-4.205962059620596	2.599738479375925e-05	2.57299120630807e-05	9.55876160990712e-05	9.559100456872086e-05	9.65847113080839e-05	-0.227522671029528	-0.08287732897047201	True	2.5197229088504364e-05	2.6819405490086117e-05	9.361199661363851e-05	9.96386581675026e-05	False	jansen_2019_insomnia_ukb	PANUKBB_2025_RELEASE	SELF_REPORT	discovery_extension/results/ldsc/extension_rg_matrix.tsv	RECOMPUTED_FROM_PRINTED_ESTIMATES	BLOCKED_MISSING_INPUTS	False
insomnia	panukbb_continuous__904__both_sexes__na__na	-0.0759	0.0328	-2.3126	0.0207	0.0357	0.0019	1.0485	0.0083	-0.0304	0.0056	1217311	1130007	1129254	discovery_extension/logs/rg/rg_insomnia.log	0.04195945945945946	Number of days/week of vigorous physical activity 10+ minutes	physical_activity	PREVIOUSLY_SCREENED	EUR	PRIMARY_EXTENSION_RG_COMPLETE	True	False	NOT_TIER_A_SCREEN_THRESHOLD	insomnia__panukbb_continuous__904__both_sexes__na__na	0.0207	-2.314024390243902	0.020666384287585524	0.020744641536363663	0.04195945945945946	0.042049949060196615	0.04189131950186255	-0.14018681869291377	-0.011613181307086218	True	0.020390483793590465	0.020944679265992024	0.041332061743764456	0.04245543094457843	False	jansen_2019_insomnia_ukb	PANUKBB_2025_RELEASE	SELF_REPORT	discovery_extension/results/ldsc/extension_rg_matrix.tsv	RECOMPUTED_FROM_PRINTED_ESTIMATES	BLOCKED_MISSING_INPUTS	False
insomnia	panukbb_categorical__6164__both_sexes__5__na	-0.2119	0.0327	-6.4847	8.8936e-11	0.0318	0.0017	1.024	0.0086	-0.0344	0.0054	1217311	1130007	1129267	discovery_extension/logs/rg/rg_insomnia.log	7.211027027027027e-10	Types of physical activity in last 4 weeks	physical_activity	UNDEREXPLORED	EUR	PRIMARY_EXTENSION_RG_COMPLETE	True	True	PAIR_NOVELTY_AUDIT_REQUIRED	insomnia__panukbb_categorical__6164__both_sexes__5__na	8.8936e-11	-6.480122324159022	9.164828552133535e-11	8.890851415182292e-11	7.211027027027027e-10	7.208798444742398e-10	7.430942069297461e-10	-0.27599082229445976	-0.14780917770554025	True	8.494228795121315e-11	9.884812442201984e-11	6.88721253658485e-10	8.014712790974581e-10	False	jansen_2019_insomnia_ukb	PANUKBB_2025_RELEASE	SELF_REPORT	discovery_extension/results/ldsc/extension_rg_matrix.tsv	RECOMPUTED_FROM_PRINTED_ESTIMATES	BLOCKED_MISSING_INPUTS	False
insomnia	panukbb_continuous__924__both_sexes__na__na	-0.3085	0.0233	-13.2586	4.0211e-40	0.0825	0.0026	1.0563	0.0108	-0.1012	0.0063	1217311	1130007	1129262	discovery_extension/logs/rg/rg_insomnia.log	3.446657142857143e-38	Usual walking pace	physical_activity	PREVIOUSLY_SCREENED	EUR	PRIMARY_EXTENSION_RG_COMPLETE	True	True	PAIR_NOVELTY_AUDIT_REQUIRED	insomnia__panukbb_continuous__924__both_sexes__na__na	4.0211e-40	-13.240343347639485	5.131370413914321e-40	4.02336700649936e-40	3.446657142857143e-38	3.4486002912851655e-38	4.398317497640847e-38	-0.3541671608397833	-0.2628328391602167	True	3.4114643479110674e-40	7.697756216213098e-40	2.9241122982094863e-38	6.598076756754084e-38	False	jansen_2019_insomnia_ukb	PANUKBB_2025_RELEASE	SELF_REPORT	discovery_extension/results/ldsc/extension_rg_matrix.tsv	RECOMPUTED_FROM_PRINTED_ESTIMATES	BLOCKED_MISSING_INPUTS	False
insomnia	panukbb_categorical__6138__both_sexes__5__na	0.289	0.0445	6.4975	8.1646e-11	0.0219	0.0022	1.0097	0.007	-0.001	0.0047	1217311	1130007	1129263	discovery_extension/logs/rg/rg_insomnia.log	6.664979591836735e-10	Qualifications	socioeconomic_occupational	UNDEREXPLORED	EUR	PRIMARY_EXTENSION_RG_COMPLETE	True	True	PAIR_NOVELTY_AUDIT_REQUIRED	insomnia__panukbb_categorical__6138__both_sexes__5__na	8.1646e-11	6.4943820224719095	8.337493621980576e-11	8.166569263443835e-11	6.664979591836735e-10	6.666587153831701e-10	6.806117242433123e-10	0.20178160268796758	0.3762183973120324	True	7.883221484924918e-11	8.816222983284927e-11	6.435282844836668e-10	7.19691672104892e-10	False	jansen_2019_insomnia_ukb	PANUKBB_2025_RELEASE	SELF_REPORT	discovery_extension/results/ldsc/extension_rg_matrix.tsv	RECOMPUTED_FROM_PRINTED_ESTIMATES	BLOCKED_MISSING_INPUTS	False
insomnia	panukbb_categorical__6142__both_sexes__6__na	-0.2936	0.0574	-5.1132	3.1676e-07	0.0624	0.008	1.0122	0.0067	-0.0006	0.0051	1217311	1130007	1129265	discovery_extension/logs/rg/rg_insomnia.log	1.570710743801653e-06	Current employment status	socioeconomic_occupational	UNDEREXPLORED	EUR	PRIMARY_EXTENSION_RG_COMPLETE	True	True	PAIR_NOVELTY_AUDIT_REQUIRED	insomnia__panukbb_categorical__6142__both_sexes__6__na	3.1676e-07	-5.114982578397213	3.137699145850395e-07	3.167466241942394e-07	1.570710743801653e-06	1.570644417492096e-06	1.562339823659948e-06	-0.40610193271259915	-0.1810980672874009	True	3.050275607942251e-07	3.2273809533243075e-07	1.51880943134054e-06	1.6136904766621537e-06	False	jansen_2019_insomnia_ukb	PANUKBB_2025_RELEASE	SELF_REPORT	discovery_extension/results/ldsc/extension_rg_matrix.tsv	RECOMPUTED_FROM_PRINTED_ESTIMATES	BLOCKED_MISSING_INPUTS	False
insomnia	panukbb_continuous__816__both_sexes__na__na	0.3249	0.0307	10.5837	3.5457e-26	0.0846	0.0042	1.0747	0.0098	0.016	0.0064	1217311	1130007	1129239	discovery_extension/logs/rg/rg_insomnia.log	1.3296375e-24	Job involves heavy manual or physical work	socioeconomic_occupational	PREVIOUSLY_SCREENED	EUR	PRIMARY_EXTENSION_RG_COMPLETE	True	True	PAIR_NOVELTY_AUDIT_REQUIRED	insomnia__panukbb_continuous__816__both_sexes__na__na	3.5457e-26	10.583061889250814	3.57094176226933e-26	3.5466969318420673e-26	1.3296375e-24	1.3300113494407752e-24	1.3391031608509988e-24	0.2647291056746204	0.38507089432537966	True	2.9180719440849946e-26	4.3654737430190944e-26	1.094276979031873e-24	1.6370526536321605e-24	False	jansen_2019_insomnia_ukb	PANUKBB_2025_RELEASE	SELF_REPORT	discovery_extension/results/ldsc/extension_rg_matrix.tsv	RECOMPUTED_FROM_PRINTED_ESTIMATES	BLOCKED_MISSING_INPUTS	False
insomnia	panukbb_continuous__728__both_sexes__na__na	-0.2569	0.0371	-6.9183	4.5717e-12	0.0306	0.0018	1.0544	0.0078	-0.0286	0.0059	1217311	1130007	1129263	discovery_extension/logs/rg/rg_insomnia.log	4.354e-11	Number of vehicles in household	socioeconomic_occupational	PREVIOUSLY_SCREENED	EUR	PRIMARY_EXTENSION_RG_COMPLETE	True	True	PAIR_NOVELTY_AUDIT_REQUIRED	insomnia__panukbb_continuous__728__both_sexes__na__na	4.5717e-12	-6.9245283018867925	4.374305852247902e-12	4.5709552385365876e-12	4.354e-11	4.353290703368178e-11	4.166005573569431e-11	-0.329614663826436	-0.18418533617356403	True	4.055818056935399e-12	4.716316102327839e-12	3.862683863748e-11	4.4917296212646094e-11	False	jansen_2019_insomnia_ukb	PANUKBB_2025_RELEASE	SELF_REPORT	discovery_extension/results/ldsc/extension_rg_matrix.tsv	RECOMPUTED_FROM_PRINTED_ESTIMATES	BLOCKED_MISSING_INPUTS	False
insomnia	panukbb_continuous__699__both_sexes__na__irnt	-0.1241	0.0381	-3.2586	0.0011	0.028	0.002	1.0293	0.0078	-0.0068	0.0054	1217311	1130007	1129264	discovery_extension/logs/rg/rg_insomnia.log	0.0029464285714285716	Length of time at current address	socioeconomic_occupational	UNDEREXPLORED	EUR	PRIMARY_EXTENSION_RG_COMPLETE	True	False	NOT_TIER_A_SCREEN_THRESHOLD	insomnia__panukbb_continuous__699__both_sexes__na__irnt	0.0011	-3.2572178477690286	0.0011251004949597216	0.0011196340893792072	0.0029464285714285716	0.0030057290990045827	0.003016272214594543	-0.19877462781097605	-0.049425372189023944	True	0.0011031263735006857	0.0011474194982200132	0.0029614130832233175	0.003073445084517893	False	jansen_2019_insomnia_ukb	PANUKBB_2025_RELEASE	SELF_REPORT	discovery_extension/results/ldsc/extension_rg_matrix.tsv	RECOMPUTED_FROM_PRINTED_ESTIMATES	BLOCKED_MISSING_INPUTS	False
insomnia	panukbb_icd10__z95__both_sexes__na__na	0.2829	0.0417	6.7781	1.2175e-11	0.1334	0.0131	1.007	0.0085	0.0237	0.0051	1217311	1130007	1129266	discovery_extension/logs/rg/rg_insomnia.log	1.0822222222222222e-10	Z95 Presence of cardiac and vascular implants and grafts	other_clinical	UNDEREXPLORED	EUR	PRIMARY_EXTENSION_RG_COMPLETE	True	True	PAIR_NOVELTY_AUDIT_REQUIRED	insomnia__panukbb_icd10__z95__both_sexes__na__na	1.2175e-11	6.784172661870503	1.167536304126729e-11	1.2176656136578378e-11	1.0822222222222222e-10	1.0823694343625226e-10	1.0534162142496803e-10	0.20116950184467974	0.3646304981553202	True	1.094320270814161e-11	1.2453514117567918e-11	9.873566353210475e-11	1.1236253339159023e-10	False	jansen_2019_insomnia_ukb	PANUKBB_2025_RELEASE	SELF_REPORT	discovery_extension/results/ldsc/extension_rg_matrix.tsv	RECOMPUTED_FROM_PRINTED_ESTIMATES	BLOCKED_MISSING_INPUTS	False
insomnia	panukbb_categorical__20002__both_sexes__1226__na	0.0934	0.0304	3.0724	0.0021	0.2583	0.0283	1.0245	0.0176	0.0166	0.0059	1217311	1130007	1129262	discovery_extension/logs/rg/rg_insomnia.log	0.0053052631578947365	Non-cancer illness code, self-reported	other_clinical	PREVIOUSLY_SCREENED	EUR	PRIMARY_EXTENSION_RG_COMPLETE	True	False	NOT_TIER_A_SCREEN_THRESHOLD	insomnia__panukbb_categorical__20002__both_sexes__1226__na	0.0021	3.0723684210526314	0.0021236743605528735	0.00212344967941452	0.0053052631578947365	0.005375821973201317	0.005370686346126128	0.033817094869982356	0.15298290513001764	True	0.002076427071621829	0.0021717456139183477	0.00525677739651096	0.0054865152351621415	False	jansen_2019_insomnia_ukb	PANUKBB_2025_RELEASE	SELF_REPORT	discovery_extension/results/ldsc/extension_rg_matrix.tsv	RECOMPUTED_FROM_PRINTED_ESTIMATES	BLOCKED_MISSING_INPUTS	False
insomnia	panukbb_continuous__135__both_sexes__na__na	0.4682	0.0281	16.691	1.5243e-62	0.0658	0.0025	1.0592	0.0114	0.0954	0.0069	1217311	1130007	1129267	discovery_extension/logs/rg/rg_insomnia.log	1.82916e-59	Number of self-reported non-cancer illnesses	other_clinical	PREVIOUSLY_SCREENED	EUR	PRIMARY_EXTENSION_RG_COMPLETE	True	True	PAIR_NOVELTY_AUDIT_REQUIRED	insomnia__panukbb_continuous__135__both_sexes__na__na	1.5243e-62	16.661921708185055	2.479286342448704e-62	1.5239663931158358e-62	1.82916e-59	1.828759671739003e-59	2.975143610938445e-59	0.4131250120344245	0.5232749879655755	True	1.463798423124582e-62	4.187284701397906e-62	1.7565581077494984e-59	5.024741641677487e-59	False	jansen_2019_insomnia_ukb	PANUKBB_2025_RELEASE	SELF_REPORT	discovery_extension/results/ldsc/extension_rg_matrix.tsv	RECOMPUTED_FROM_PRINTED_ESTIMATES	BLOCKED_MISSING_INPUTS	False
insomnia	panukbb_categorical__20117__both_sexes__2__na	-0.2672	0.0381	-7.014	2.3156e-12	0.0862	0.0065	1.0326	0.0076	-0.0279	0.0055	1217311	1130007	1129266	discovery_extension/logs/rg/rg_insomnia.log	2.2591219512195123e-11	Alcohol drinker status	alcohol_tobacco	UNDEREXPLORED	EUR	PRIMARY_EXTENSION_RG_COMPLETE	True	True	PAIR_NOVELTY_AUDIT_REQUIRED	insomnia__panukbb_categorical__20117__both_sexes__2__na	2.3156e-12	-7.013123359580052	2.3305578967590176e-12	2.315993948085476e-12	2.2591219512195123e-11	2.2595062908150984e-11	2.27371502122831e-11	-0.34187462781097605	-0.19252537218902394	True	2.161410821885895e-12	2.512173368027886e-12	2.1086934847667268e-11	2.4509008468564743e-11	False	jansen_2019_insomnia_ukb	PANUKBB_2025_RELEASE	SELF_REPORT	discovery_extension/results/ldsc/extension_rg_matrix.tsv	RECOMPUTED_FROM_PRINTED_ESTIMATES	BLOCKED_MISSING_INPUTS	False
insomnia	panukbb_continuous__1588__both_sexes__na__na	0.1896	0.0348	5.4446	5.1935e-08	0.0502	0.0031	1.0579	0.0103	0.0091	0.0054	1217311	1130007	1128843	discovery_extension/logs/rg/rg_insomnia.log	2.966331753554503e-07	Average weekly beer plus cider intake	alcohol_tobacco	UNDEREXPLORED	EUR	PRIMARY_EXTENSION_RG_COMPLETE	True	True	PAIR_NOVELTY_AUDIT_REQUIRED	insomnia__panukbb_continuous__1588__both_sexes__na__na	5.1935e-08	5.448275862068965	5.086043187666306e-08	5.192192864349248e-08	2.966331753554503e-07	2.966205353886178e-07	2.920216184306013e-07	0.12139325333800612	0.2578067466619939	True	4.8273848146066375e-08	5.3573121498681464e-08	2.771704199774146e-07	3.061321228496084e-07	False	jansen_2019_insomnia_ukb	PANUKBB_2025_RELEASE	SELF_REPORT	discovery_extension/results/ldsc/extension_rg_matrix.tsv	RECOMPUTED_FROM_PRINTED_ESTIMATES	BLOCKED_MISSING_INPUTS	False
insomnia	panukbb_continuous__1259__both_sexes__na__na	0.3869	0.0562	6.8798	5.9945e-12	0.0106	0.0015	1.0159	0.0073	0.0092	0.0051	1217311	1130007	1129263	discovery_extension/logs/rg/rg_insomnia.log	5.6198437499999997e-11	Smoking/smokers in household	alcohol_tobacco	PREVIOUSLY_SCREENED	EUR	PRIMARY_EXTENSION_RG_COMPLETE	True	True	PAIR_NOVELTY_AUDIT_REQUIRED	insomnia__panukbb_continuous__1259__both_sexes__na__na	5.9945e-12	6.884341637010676	5.805539664209153e-12	5.993664874911179e-12	5.6198437499999997e-11	5.61906082022923e-11	5.442693435196081e-11	0.27675002406884897	0.4970499759311511	True	5.5260550061685596e-12	6.098330371965204e-12	5.180676568283025e-11	5.762201926266334e-11	False	jansen_2019_insomnia_ukb	PANUKBB_2025_RELEASE	SELF_REPORT	discovery_extension/results/ldsc/extension_rg_matrix.tsv	RECOMPUTED_FROM_PRINTED_ESTIMATES	BLOCKED_MISSING_INPUTS	False
insomnia	panukbb_phecode__318__both_sexes__na__na	0.3873	0.0402	9.6302	5.9605e-22	0.1519	0.0117	1.0053	0.0077	0.0382	0.0053	1217311	1130007	1129263	discovery_extension/logs/rg/rg_insomnia.log	1.5549130434782608e-20	Tobacco use disorder	alcohol_tobacco	UNDEREXPLORED	EUR	PRIMARY_EXTENSION_RG_COMPLETE	True	True	PAIR_NOVELTY_AUDIT_REQUIRED	insomnia__panukbb_phecode__318__both_sexes__na__na	5.9605e-22	9.634328358208954	5.7265254602786855e-22	5.961333672110258e-22	1.5549130434782608e-20	1.555130523159198e-20	1.4938762070292223e-20	0.3085094478214898	0.46609055217851014	True	5.033350734410778e-22	6.511947153020853e-22	1.3130480176723768e-20	1.698768822527179e-20	False	jansen_2019_insomnia_ukb	PANUKBB_2025_RELEASE	SELF_REPORT	discovery_extension/results/ldsc/extension_rg_matrix.tsv	RECOMPUTED_FROM_PRINTED_ESTIMATES	BLOCKED_MISSING_INPUTS	False
sleepdur	panukbb_continuous__30530__both_sexes__na__irnt	-0.1116	0.0282	-3.9515	7.7661e-05	0.0708	0.003	1.0608	0.0106	-0.0148	0.0075	1217311	1175819	1166472	discovery_extension/logs/rg/rg_sleepdur.log	0.00026177865168539326	Sodium in urine	renal_urinary	HEAVILY_STUDIED	EUR	PRIMARY_EXTENSION_RG_COMPLETE	True	False	NOT_TIER_A_SCREEN_THRESHOLD	sleepdur__panukbb_continuous__30530__both_sexes__na__irnt	7.7661e-05	-3.9574468085106385	7.575514951914451e-05	7.766287223208902e-05	0.00026177865168539326	0.00026178496258007537	0.00025535443658138596	-0.16687098436402953	-0.05632901563597048	True	7.30116011183597e-05	7.858575545036472e-05	0.00024610652062368436	0.0002648958048888698	False	dashti_2019_sleep_duration	PANUKBB_2025_RELEASE	SELF_REPORT	discovery_extension/results/ldsc/extension_rg_matrix.tsv	RECOMPUTED_FROM_PRINTED_ESTIMATES	BLOCKED_MISSING_INPUTS	False
sleepdur	panukbb_icd10__j44__both_sexes__na__na	-0.2046	0.0564	-3.6254	0.0003	0.1768	0.0195	1.006	0.0091	-0.0127	0.0075	1217311	1175819	1166481	discovery_extension/logs/rg/rg_sleepdur.log	0.0008866995073891625	J44 Other chronic obstructive pulmonary disease	pulmonary	HIGH_NOVELTY_PRIORITY	EUR	PRIMARY_EXTENSION_RG_COMPLETE	True	True	PAIR_NOVELTY_AUDIT_REQUIRED	sleepdur__panukbb_icd10__j44__both_sexes__na__na	0.0003	-3.627659574468085	0.00028600201259483646	0.0002885145266556163	0.0008866995073891625	0.0008764998278145305	0.0008688668737058322	-0.31514196872805905	-0.09405803127194096	True	0.00028148858218036727	0.0002905750014475754	0.000855155186370736	0.0008871456267920179	False	dashti_2019_sleep_duration	PANUKBB_2025_RELEASE	SELF_REPORT	discovery_extension/results/ldsc/extension_rg_matrix.tsv	RECOMPUTED_FROM_PRINTED_ESTIMATES	BLOCKED_MISSING_INPUTS	False
sleepdur	panukbb_categorical__2316__both_sexes__2316__na	-0.1733	0.0284	-6.0992	1.0662e-09	0.0835	0.0044	1.0439	0.0107	-0.025	0.0068	1217311	1175819	1166479	discovery_extension/logs/rg/rg_sleepdur.log	7.482105263157894e-09	Wheeze or whistling in the chest in last year	pulmonary	HEAVILY_STUDIED	EUR	PRIMARY_EXTENSION_RG_COMPLETE	True	True	PAIR_NOVELTY_AUDIT_REQUIRED	sleepdur__panukbb_categorical__2316__both_sexes__2316__na	1.0662e-09	-6.102112676056338	1.04675538208185e-09	1.066006240927185e-09	7.482105263157894e-09	7.480745550366211e-09	7.388861520577764e-09	-0.22896297716093755	-0.11763702283906247	True	9.67761206209696e-10	1.1317127706179769e-09	6.87167720385583e-09	7.988560733773953e-09	False	dashti_2019_sleep_duration	PANUKBB_2025_RELEASE	SELF_REPORT	discovery_extension/results/ldsc/extension_rg_matrix.tsv	RECOMPUTED_FROM_PRINTED_ESTIMATES	BLOCKED_MISSING_INPUTS	False
sleepdur	panukbb_phecode__496_2__both_sexes__na__na	-0.2065	0.0546	-3.7821	0.0002	0.185	0.0191	1.0055	0.0089	-0.013	0.0075	1217311	1175819	1166473	discovery_extension/logs/rg/rg_sleepdur.log	0.000625	Chronic bronchitis	pulmonary	HIGH_NOVELTY_PRIORITY	EUR	PRIMARY_EXTENSION_RG_COMPLETE	True	True	PAIR_NOVELTY_AUDIT_REQUIRED	sleepdur__panukbb_phecode__496_2__both_sexes__na__na	0.0002	-3.7820512820512815	0.00015554130745558829	0.00015551086118928138	0.000625	0.0005003030386786532	0.0005004009891332599	-0.3135140335558869	-0.09948596644411303	True	0.00015282437786697783	0.0001582985555283997	0.0004916601968910816	0.0005092714923165673	False	dashti_2019_sleep_duration	PANUKBB_2025_RELEASE	SELF_REPORT	discovery_extension/results/ldsc/extension_rg_matrix.tsv	RECOMPUTED_FROM_PRINTED_ESTIMATES	BLOCKED_MISSING_INPUTS	False
sleepdur	panukbb_icd10__k21__both_sexes__na__na	-0.193	0.0389	-4.966	6.8335e-07	0.0701	0.0055	1.0128	0.007	-0.0084	0.0056	1217311	1175819	1166482	discovery_extension/logs/rg/rg_sleepdur.log	3.254047619047619e-06	K21 Gastro-oesophageal reflux disease	gastrointestinal	HIGH_NOVELTY_PRIORITY	EUR	PRIMARY_EXTENSION_RG_COMPLETE	True	True	PAIR_NOVELTY_AUDIT_REQUIRED	sleepdur__panukbb_icd10__k21__both_sexes__na__na	6.8335e-07	-4.961439588688947	6.997263354661696e-07	6.834795445013735e-07	3.254047619047619e-06	3.2546644976255883e-06	3.3320301688865222e-06	-0.2692425989986081	-0.11675740100139191	True	6.726022427474178e-07	7.278291128018633e-07	3.202867822606751e-06	3.465852918104111e-06	False	dashti_2019_sleep_duration	PANUKBB_2025_RELEASE	SELF_REPORT	discovery_extension/results/ldsc/extension_rg_matrix.tsv	RECOMPUTED_FROM_PRINTED_ESTIMATES	BLOCKED_MISSING_INPUTS	False
sleepdur	panukbb_phecode__550_2__both_sexes__na__na	-0.1491	0.0341	-4.3724	1.229e-05	0.0923	0.0055	1.028	0.0079	-0.0068	0.006	1217311	1175819	1166459	discovery_extension/logs/rg/rg_sleepdur.log	4.772815533980582e-05	Diaphragmatic hernia	gastrointestinal	HIGH_NOVELTY_PRIORITY	EUR	PRIMARY_EXTENSION_RG_COMPLETE	True	False	NOT_TIER_A_SCREEN_THRESHOLD	sleepdur__panukbb_phecode__550_2__both_sexes__na__na	1.229e-05	-4.3724340175953085	1.2286895749251925e-05	1.2288810957912117e-05	4.772815533980582e-05	4.772353770062958e-05	4.7716099997094855e-05	-0.21593477187281584	-0.08226522812718418	True	1.1850348867141862e-05	1.273741761019492e-05	4.6020772299580044e-05	4.9465699457067646e-05	False	dashti_2019_sleep_duration	PANUKBB_2025_RELEASE	SELF_REPORT	discovery_extension/results/ldsc/extension_rg_matrix.tsv	RECOMPUTED_FROM_PRINTED_ESTIMATES	BLOCKED_MISSING_INPUTS	False
sleepdur	panukbb_phecode__550_4__both_sexes__na__na	-0.185	0.0442	-4.1822	2.8873e-05	0.224	0.0376	1.0044	0.0074	0.004	0.0058	1217311	1175819	1166465	discovery_extension/logs/rg/rg_sleepdur.log	0.00010563292682926829	Umbilical hernia	gastrointestinal	PREVIOUSLY_SCREENED	EUR	PRIMARY_EXTENSION_RG_COMPLETE	True	True	PAIR_NOVELTY_AUDIT_REQUIRED	sleepdur__panukbb_phecode__550_4__both_sexes__na__na	2.8873e-05	-4.18552036199095	2.845135611910681e-05	2.887018296980343e-05	0.00010563292682926829	0.00010562262062123206	0.00010409032726502492	-0.2716304081166704	-0.0983695918833296	True	2.7724696177538473e-05	2.919439486538768e-05	0.00010143181528367733	0.00010713539400142268	False	dashti_2019_sleep_duration	PANUKBB_2025_RELEASE	SELF_REPORT	discovery_extension/results/ldsc/extension_rg_matrix.tsv	RECOMPUTED_FROM_PRINTED_ESTIMATES	BLOCKED_MISSING_INPUTS	False
sleepdur	panukbb_phecode__558__both_sexes__na__na	-0.2142	0.0456	-4.6973	2.6356e-06	0.0686	0.0083	1.005	0.0062	-0.0085	0.0053	1217311	1175819	1166460	discovery_extension/logs/rg/rg_sleepdur.log	1.1459130434782609e-05	Noninfectious gastroenteritis	gastrointestinal	HIGH_NOVELTY_PRIORITY	EUR	PRIMARY_EXTENSION_RG_COMPLETE	True	True	PAIR_NOVELTY_AUDIT_REQUIRED	sleepdur__panukbb_phecode__558__both_sexes__na__na	2.6356e-06	-4.697368421052632	2.6353484499852864e-06	2.636231097059295e-06	1.1459130434782609e-05	1.1461874335040413e-05	1.1458036739066463e-05	-0.3035743576950265	-0.12482564230497353	True	2.5558576082935417e-06	2.7170271813702616e-06	1.1112424383884964e-05	1.1813161658131572e-05	False	dashti_2019_sleep_duration	PANUKBB_2025_RELEASE	SELF_REPORT	discovery_extension/results/ldsc/extension_rg_matrix.tsv	RECOMPUTED_FROM_PRINTED_ESTIMATES	BLOCKED_MISSING_INPUTS	False
sleepdur	panukbb_phecode__785__both_sexes__na__na	-0.1661	0.0337	-4.9283	8.2957e-07	0.0499	0.0039	1.0094	0.0077	-0.0174	0.0055	1217311	1175819	1166481	discovery_extension/logs/rg/rg_sleepdur.log	3.903858823529412e-06	Abdominal pain	gastrointestinal	HIGH_NOVELTY_PRIORITY	EUR	PRIMARY_EXTENSION_RG_COMPLETE	True	True	PAIR_NOVELTY_AUDIT_REQUIRED	sleepdur__panukbb_phecode__785__both_sexes__na__na	8.2957e-07	-4.928783382789318	8.27432522503217e-07	8.29481849439383e-07	3.903858823529412e-06	3.9034439973618025e-06	3.893800105897492e-06	-0.23215078627899982	-0.10004921372100017	True	7.909274543879506e-07	8.654421237234043e-07	3.7220115500609443e-06	4.072668817521903e-06	False	dashti_2019_sleep_duration	PANUKBB_2025_RELEASE	SELF_REPORT	discovery_extension/results/ldsc/extension_rg_matrix.tsv	RECOMPUTED_FROM_PRINTED_ESTIMATES	BLOCKED_MISSING_INPUTS	False
sleepdur	panukbb_icd10__m17__both_sexes__na__na	-0.1647	0.0348	-4.7373	2.1656e-06	0.1325	0.0087	1.0224	0.0089	-0.0218	0.0063	1217311	1175819	1165942	discovery_extension/logs/rg/rg_sleepdur.log	9.589372693726938e-06	M17 Gonarthrosis [arthrosis of knee]	musculoskeletal_pain	HIGH_NOVELTY_PRIORITY	EUR	PRIMARY_EXTENSION_RG_COMPLETE	True	True	PAIR_NOVELTY_AUDIT_REQUIRED	sleepdur__panukbb_icd10__m17__both_sexes__na__na	2.1656e-06	-4.732758620689656	2.2148882493028285e-06	2.165844285979039e-06	9.589372693726938e-06	9.590454402859214e-06	9.735772524408038e-06	-0.2329067466619939	-0.09649325333800614	True	2.1265838062728514e-06	2.3064394913188828e-06	9.358305156770108e-06	1.0138195566236846e-05	False	dashti_2019_sleep_duration	PANUKBB_2025_RELEASE	SELF_REPORT	discovery_extension/results/ldsc/extension_rg_matrix.tsv	RECOMPUTED_FROM_PRINTED_ESTIMATES	BLOCKED_MISSING_INPUTS	False
sleepdur	panukbb_icd10__m51__both_sexes__na__na	-0.1991	0.0484	-4.1167	3.8441e-05	0.1052	0.0136	1.011	0.0066	-0.0123	0.0056	1217311	1175819	1166480	discovery_extension/logs/rg/rg_sleepdur.log	0.00013811137724550898	M51 Other intervertebral disk disorders	musculoskeletal_pain	HIGH_NOVELTY_PRIORITY	EUR	PRIMARY_EXTENSION_RG_COMPLETE	True	True	PAIR_NOVELTY_AUDIT_REQUIRED	sleepdur__panukbb_icd10__m51__both_sexes__na__na	3.8441e-05	-4.113636363636363	3.894747940973923e-05	3.843358212044237e-05	0.00013811137724550898	0.00013808472618123007	0.00013993106374756608	-0.2939622568517386	-0.10423774314826138	True	3.8064481335453856e-05	3.9848013343746805e-05	0.0001367586155764809	0.00014316651500747353	False	dashti_2019_sleep_duration	PANUKBB_2025_RELEASE	SELF_REPORT	discovery_extension/results/ldsc/extension_rg_matrix.tsv	RECOMPUTED_FROM_PRINTED_ESTIMATES	BLOCKED_MISSING_INPUTS	False
sleepdur	panukbb_categorical__6151__both_sexes__7__na	-0.2035	0.0504	-4.037	5.4137e-05	0.0423	0.0069	1.0054	0.0064	-0.0134	0.0055	1217311	1175819	1166480	discovery_extension/logs/rg/rg_sleepdur.log	0.00018775838150289018	Fractured bone site(s)	musculoskeletal_pain	HIGH_NOVELTY_PRIORITY	EUR	PRIMARY_EXTENSION_RG_COMPLETE	True	True	PAIR_NOVELTY_AUDIT_REQUIRED	sleepdur__panukbb_categorical__6151__both_sexes__7__na	5.4137e-05	-4.037698412698412	5.397818541670842e-05	5.413906885496644e-05	0.00018775838150289018	0.00018776555672242698	0.0001874955944090412	-0.3022821848208187	-0.10471781517918126	True	5.2838962264367754e-05	5.5138326541381316e-05	0.00018378769483258349	0.0001912311903169294	False	dashti_2019_sleep_duration	PANUKBB_2025_RELEASE	SELF_REPORT	discovery_extension/results/ldsc/extension_rg_matrix.tsv	RECOMPUTED_FROM_PRINTED_ESTIMATES	BLOCKED_MISSING_INPUTS	False
sleepdur	panukbb_categorical__6159__both_sexes__7__na	-0.2355	0.031	-7.5916	3.1607e-14	0.0586	0.0029	1.0319	0.0085	-0.0308	0.0061	1217311	1175819	1166482	discovery_extension/logs/rg/rg_sleepdur.log	3.8702448979591836e-13	Pain type(s) experienced in last month	musculoskeletal_pain	HIGH_NOVELTY_PRIORITY	EUR	PRIMARY_EXTENSION_RG_COMPLETE	True	True	PAIR_NOVELTY_AUDIT_REQUIRED	sleepdur__panukbb_categorical__6159__both_sexes__7__na	3.1607e-14	-7.596774193548387	3.0360362033713814e-14	3.1597917011361177e-14	3.8702448979591836e-13	3.8691326952687157e-13	3.7175953510669977e-13	-0.29625888352074164	-0.17474111647925833	True	2.7269476687587762e-14	3.378351708750422e-14	3.3391195943985013e-13	4.1367571943882715e-13	False	dashti_2019_sleep_duration	PANUKBB_2025_RELEASE	SELF_REPORT	discovery_extension/results/ldsc/extension_rg_matrix.tsv	RECOMPUTED_FROM_PRINTED_ESTIMATES	BLOCKED_MISSING_INPUTS	False
sleepdur	panukbb_categorical__6159__both_sexes__8__na	-0.1518	0.0414	-3.6666	0.0002	0.1764	0.0211	1.0014	0.0065	-0.0055	0.0055	1217311	1175819	1166483	discovery_extension/logs/rg/rg_sleepdur.log	0.000625	Pain type(s) experienced in last month	musculoskeletal_pain	PREVIOUSLY_SCREENED	EUR	PRIMARY_EXTENSION_RG_COMPLETE	True	True	PAIR_NOVELTY_AUDIT_REQUIRED	sleepdur__panukbb_categorical__6159__both_sexes__8__na	0.0002	-3.6666666666666665	0.0002457327799303043	0.0002457968238444103	0.000625	0.0007681150745137821	0.0007679149372822008	-0.23294250895995822	-0.07065749104004175	True	0.0002403682723078337	0.00025119608889714716	0.0007511508509619804	0.0007849877778035849	False	dashti_2019_sleep_duration	PANUKBB_2025_RELEASE	SELF_REPORT	discovery_extension/results/ldsc/extension_rg_matrix.tsv	RECOMPUTED_FROM_PRINTED_ESTIMATES	BLOCKED_MISSING_INPUTS	False
sleepdur	panukbb_phecode__740__both_sexes__na__na	-0.204	0.0574	-3.5546	0.0004	0.0809	0.0091	1.0187	0.011	-0.0207	0.0076	1217311	1175819	1166482	discovery_extension/logs/rg/rg_sleepdur.log	0.001145584725536993	Osteoarthrosis	musculoskeletal_pain	HIGH_NOVELTY_PRIORITY	EUR	PRIMARY_EXTENSION_RG_COMPLETE	True	True	PAIR_NOVELTY_AUDIT_REQUIRED	sleepdur__panukbb_phecode__740__both_sexes__na__na	0.0004	-3.5540069686411146	0.00037940916011037254	0.00037855452487993197	0.001145584725536993	0.0011079644630632155	0.001110465834469383	-0.3165019327125991	-0.09149806728740088	True	0.00037372155566610637	0.00038516747782035745	0.0010938191873154333	0.001130075729546281	False	dashti_2019_sleep_duration	PANUKBB_2025_RELEASE	SELF_REPORT	discovery_extension/results/ldsc/extension_rg_matrix.tsv	RECOMPUTED_FROM_PRINTED_ESTIMATES	BLOCKED_MISSING_INPUTS	False
sleepdur	panukbb_phecode__835__both_sexes__na__na	-0.1745	0.0412	-4.232	2.316e-05	0.096	0.0107	1.0118	0.0074	-0.0191	0.0053	1217311	1175819	1166480	discovery_extension/logs/rg/rg_sleepdur.log	8.657943925233643e-05	Internal derangement of knee	musculoskeletal_pain	PREVIOUSLY_SCREENED	EUR	PRIMARY_EXTENSION_RG_COMPLETE	True	True	PAIR_NOVELTY_AUDIT_REQUIRED	sleepdur__panukbb_phecode__835__both_sexes__na__na	2.316e-05	-4.235436893203883	2.281077610543191e-05	2.3162240889069308e-05	8.657943925233643e-05	8.658781640773573e-05	8.554041039536968e-05	-0.2552505161630502	-0.09374948383694975	True	2.2173592642758906e-05	2.34637524536278e-05	8.313297604818655e-05	8.798907170110424e-05	False	dashti_2019_sleep_duration	PANUKBB_2025_RELEASE	SELF_REPORT	discovery_extension/results/ldsc/extension_rg_matrix.tsv	RECOMPUTED_FROM_PRINTED_ESTIMATES	BLOCKED_MISSING_INPUTS	False
sleepdur	panukbb_icd10__z88__both_sexes__na__na	-0.1372	0.0517	-2.6544	0.0079	0.0539	0.0052	1.019	0.0075	-0.0175	0.0062	1217311	1175819	1166485	discovery_extension/logs/rg/rg_sleepdur.log	0.017555555555555557	Z88 Personal history of allergy to drugs, medicaments and biologocal substances	allergy_infectious	HIGH_NOVELTY_PRIORITY	EUR	PRIMARY_EXTENSION_RG_COMPLETE	True	False	NOT_TIER_A_SCREEN_THRESHOLD	sleepdur__panukbb_icd10__z88__both_sexes__na__na	0.0079	-2.6537717601547386	0.007959764636903975	0.007944958454402908	0.017555555555555557	0.017655463232006462	0.01768836585978661	-0.2385301380007208	-0.03586986199927919	True	0.00787672543718934	0.008043424219907095	0.017503834304865202	0.017874276044237986	False	dashti_2019_sleep_duration	PANUKBB_2025_RELEASE	SELF_REPORT	discovery_extension/results/ldsc/extension_rg_matrix.tsv	RECOMPUTED_FROM_PRINTED_ESTIMATES	BLOCKED_MISSING_INPUTS	False
sleepdur	panukbb_prescriptions__gabapentin__both_sexes__na__na	-0.2487	0.0666	-3.7353	0.0002	0.0941	0.0139	1.02	0.0067	-0.0066	0.0065	1217311	1175819	1166480	discovery_extension/logs/rg/rg_sleepdur.log	0.000625	gabapentin	medication_use	HIGH_NOVELTY_PRIORITY	EUR	PRIMARY_EXTENSION_RG_COMPLETE	True	True	PAIR_NOVELTY_AUDIT_REQUIRED	sleepdur__panukbb_prescriptions__gabapentin__both_sexes__na__na	0.0002	-3.734234234234234	0.00018828719812799994	0.0001874915391469676	0.000625	0.0005952112353871988	0.000596159994072823	-0.37923360137036766	-0.11816639862963238	True	0.00018564406549335266	0.00019096162638213037	0.0005877912363905624	0.0006046278407877479	False	dashti_2019_sleep_duration	PANUKBB_2025_RELEASE	SELF_REPORT	discovery_extension/results/ldsc/extension_rg_matrix.tsv	RECOMPUTED_FROM_PRINTED_ESTIMATES	BLOCKED_MISSING_INPUTS	False
sleepdur	panukbb_prescriptions__paracetamol__both_sexes__na__na	-0.1767	0.0473	-3.7342	0.0002	0.0446	0.0042	1.0767	0.008	-0.0086	0.0065	1217311	1175819	1166482	discovery_extension/logs/rg/rg_sleepdur.log	0.000625	paracetamol	medication_use	HIGH_NOVELTY_PRIORITY	EUR	PRIMARY_EXTENSION_RG_COMPLETE	True	True	PAIR_NOVELTY_AUDIT_REQUIRED	sleepdur__panukbb_prescriptions__paracetamol__both_sexes__na__na	0.0002	-3.7357293868921775	0.0001871718697355549	0.00018831280860005442	0.000625	0.0005962410826386948	0.0005941964118589045	-0.2694062964687446	-0.08399370353125543	True	0.00018347870805788781	0.00019092680092024105	0.0005824720890726597	0.0006046278407877479	False	dashti_2019_sleep_duration	PANUKBB_2025_RELEASE	SELF_REPORT	discovery_extension/results/ldsc/extension_rg_matrix.tsv	RECOMPUTED_FROM_PRINTED_ESTIMATES	BLOCKED_MISSING_INPUTS	False
sleepdur	panukbb_prescriptions__mebeverine__both_sexes__na__na	-0.1286	0.0549	-2.344	0.0191	0.0568	0.0093	1.0256	0.0067	-0.0035	0.0057	1217311	1175819	1166483	discovery_extension/logs/rg/rg_sleepdur.log	0.039045996592844974	mebeverine	medication_use	HIGH_NOVELTY_PRIORITY	EUR	PRIMARY_EXTENSION_RG_COMPLETE	True	False	NOT_TIER_A_SCREEN_THRESHOLD	sleepdur__panukbb_prescriptions__mebeverine__both_sexes__na__na	0.0191	-2.3424408014571947	0.019158072959019588	0.019078171397767185	0.039045996592844974	0.03900137253376596	0.03916471473734839	-0.23620202275124896	-0.020997977248751035	True	0.019002205877041378	0.019314769766268315	0.038846076750340124	0.03948504892593182	False	dashti_2019_sleep_duration	PANUKBB_2025_RELEASE	SELF_REPORT	discovery_extension/results/ldsc/extension_rg_matrix.tsv	RECOMPUTED_FROM_PRINTED_ESTIMATES	BLOCKED_MISSING_INPUTS	False
sleepdur	panukbb_prescriptions__orlistat__both_sexes__na__na	-0.1374	0.0506	-2.7176	0.0066	0.2468	0.0296	1.0197	0.0066	-0.0035	0.0059	1217311	1175819	1166483	discovery_extension/logs/rg/rg_sleepdur.log	0.014859287054409006	orlistat	medication_use	HIGH_NOVELTY_PRIORITY	EUR	PRIMARY_EXTENSION_RG_COMPLETE	True	False	NOT_TIER_A_SCREEN_THRESHOLD	sleepdur__panukbb_prescriptions__orlistat__both_sexes__na__na	0.0066	-2.7154150197628457	0.00661927618766598	0.006575728114704243	0.014859287054409006	0.014860402519105633	0.014902685600748923	-0.23657417761772673	-0.03822582238227326	True	0.006546179185904683	0.006692959792681376	0.014738114489841688	0.0150685773944046	False	dashti_2019_sleep_duration	PANUKBB_2025_RELEASE	SELF_REPORT	discovery_extension/results/ldsc/extension_rg_matrix.tsv	RECOMPUTED_FROM_PRINTED_ESTIMATES	BLOCKED_MISSING_INPUTS	False
sleepdur	panukbb_prescriptions__tramadol__both_sexes__na__na	-0.2527	0.0444	-5.6871	1.2919e-08	0.083	0.0073	1.0463	0.0084	-0.0226	0.0063	1217311	1175819	1166482	discovery_extension/logs/rg/rg_sleepdur.log	8.116649214659686e-08	tramadol	medication_use	HIGH_NOVELTY_PRIORITY	EUR	PRIMARY_EXTENSION_RG_COMPLETE	True	True	PAIR_NOVELTY_AUDIT_REQUIRED	sleepdur__panukbb_prescriptions__tramadol__both_sexes__na__na	1.2919e-08	-5.691441441441441	1.259713593397443e-08	1.2921479996586409e-08	8.116649214659686e-08	8.118207327698268e-08	7.914430953282363e-08	-0.3397224009135784	-0.16567759908642157	True	1.2052258520091793e-08	1.3164610235243174e-08	7.572099593774948e-08	8.270959310100423e-08	False	dashti_2019_sleep_duration	PANUKBB_2025_RELEASE	SELF_REPORT	discovery_extension/results/ldsc/extension_rg_matrix.tsv	RECOMPUTED_FROM_PRINTED_ESTIMATES	BLOCKED_MISSING_INPUTS	False
sleepdur	panukbb_categorical__20003__both_sexes__1140881856__na	-0.212	0.0706	-3.0005	0.0027	0.1353	0.0284	0.9958	0.007	-0.0089	0.0057	1217311	1175819	1166480	discovery_extension/logs/rg/rg_sleepdur.log	0.00659877800407332	Treatment/medication code	medication_use	PREVIOUSLY_SCREENED	EUR	PRIMARY_EXTENSION_RG_COMPLETE	True	True	PAIR_NOVELTY_AUDIT_REQUIRED	sleepdur__panukbb_categorical__20003__both_sexes__1140881856__na	0.0027	-3.002832861189802	0.0026747928703945816	0.002695367537257693	0.00659877800407332	0.0066139164879424886	0.006563908884403881	-0.3503734573085278	-0.07362654269147217	True	0.002649966477046242	0.0026997960632601857	0.006489713821337736	0.006625266412908445	False	dashti_2019_sleep_duration	PANUKBB_2025_RELEASE	SELF_REPORT	discovery_extension/results/ldsc/extension_rg_matrix.tsv	RECOMPUTED_FROM_PRINTED_ESTIMATES	BLOCKED_MISSING_INPUTS	False
sleepdur	panukbb_categorical__6149__both_sexes__6__na	-0.1154	0.0323	-3.5788	0.0003	0.0885	0.0042	1.0654	0.0103	-0.022	0.0071	1217311	1175819	1166486	discovery_extension/logs/rg/rg_sleepdur.log	0.0008866995073891625	Mouth/teeth dental problems	oral_dental	PREVIOUSLY_SCREENED	EUR	PRIMARY_EXTENSION_RG_COMPLETE	True	False	NOT_TIER_A_SCREEN_THRESHOLD	sleepdur__panukbb_categorical__6149__both_sexes__6__na	0.0003	-3.5727554179566563	0.00035324466029078695	0.00034517548648966493	0.0008866995073891625	0.0010202231127773348	0.0010435030048788492	-0.17870683670064375	-0.052093163299356246	True	0.0003437981252166681	0.0003629031942661883	0.0010161520942364576	0.0010701122579463457	False	dashti_2019_sleep_duration	PANUKBB_2025_RELEASE	SELF_REPORT	discovery_extension/results/ldsc/extension_rg_matrix.tsv	RECOMPUTED_FROM_PRINTED_ESTIMATES	BLOCKED_MISSING_INPUTS	False
sleepdur	panukbb_continuous__398__both_sexes__na__na	-0.0998	0.0388	-2.5736	0.0101	0.0137	0.0013	1.0065	0.0068	0.005	0.0061	1217311	1175819	1166484	discovery_extension/logs/rg/rg_sleepdur.log	0.022076502732240436	Number of correct matches in round	cognitive	UNDEREXPLORED	EUR	PRIMARY_EXTENSION_RG_COMPLETE	True	False	NOT_TIER_A_SCREEN_THRESHOLD	sleepdur__panukbb_continuous__398__both_sexes__na__na	0.0101	-2.572164948453608	0.010106472722767995	0.010064655718191559	0.022076502732240436	0.021999247471456956	0.022090650760148624	-0.1758466026001541	-0.023753397399845902	True	0.009972707497648302	0.01024148278874611	0.02179826775442252	0.022385754729499694	False	dashti_2019_sleep_duration	PANUKBB_2025_RELEASE	SELF_REPORT	discovery_extension/results/ldsc/extension_rg_matrix.tsv	RECOMPUTED_FROM_PRINTED_ESTIMATES	BLOCKED_MISSING_INPUTS	False
sleepdur	panukbb_continuous__400__both_sexes__na__irnt	0.1217	0.0208	5.8429	5.1286e-09	0.0835	0.0034	1.0887	0.012	0.0044	0.0068	1217311	1175819	1166477	discovery_extension/logs/rg/rg_sleepdur.log	3.344739130434783e-08	Time to complete round	cognitive	HEAVILY_STUDIED	EUR	PRIMARY_EXTENSION_RG_COMPLETE	True	False	NOT_TIER_A_SCREEN_THRESHOLD	sleepdur__panukbb_continuous__400__both_sexes__na__irnt	5.1286e-09	5.850961538461539	4.88739244169444e-09	5.129981538174174e-09	3.344739130434783e-08	3.345640133591853e-08	3.187429853278983e-08	0.08093274912156688	0.1624672508784331	True	4.424953590709077e-09	5.39416343361571e-09	2.885839298288528e-08	3.517932674097202e-08	False	dashti_2019_sleep_duration	PANUKBB_2025_RELEASE	SELF_REPORT	discovery_extension/results/ldsc/extension_rg_matrix.tsv	RECOMPUTED_FROM_PRINTED_ESTIMATES	BLOCKED_MISSING_INPUTS	False
sleepdur	panukbb_continuous__20023__both_sexes__na__irnt	0.0675	0.0226	2.9835	0.0028	0.0795	0.0028	1.0911	0.0107	0.0018	0.0061	1217311	1175819	1166484	discovery_extension/logs/rg/rg_sleepdur.log	0.006815415821501014	Mean time to correctly identify matches	cognitive	PREVIOUSLY_SCREENED	EUR	PRIMARY_EXTENSION_RG_COMPLETE	True	False	NOT_TIER_A_SCREEN_THRESHOLD	sleepdur__panukbb_continuous__20023__both_sexes__na__irnt	0.0028	2.9867256637168147	0.002819826387859702	0.0028497203576044934	0.006815415821501014	0.00693643900431114	0.006877625336243175	0.023204813949394783	0.11179518605060523	True	0.0027393654207184394	0.002902070409685144	0.006681379074923023	0.007078220511427181	False	dashti_2019_sleep_duration	PANUKBB_2025_RELEASE	SELF_REPORT	discovery_extension/results/ldsc/extension_rg_matrix.tsv	RECOMPUTED_FROM_PRINTED_ESTIMATES	BLOCKED_MISSING_INPUTS	False
sleepdur	panukbb_continuous__20515__both_sexes__na__na	-0.2337	0.0411	-5.6847	1.3102e-08	0.0421	0.0039	1.0167	0.0069	-0.047	0.0058	1217311	1175819	1166444	discovery_extension/logs/rg/rg_sleepdur.log	8.18875e-08	Recent trouble relaxing	mental_psychosocial	UNDEREXPLORED	EUR	PRIMARY_EXTENSION_RG_COMPLETE	True	True	PAIR_NOVELTY_AUDIT_REQUIRED	sleepdur__panukbb_continuous__20515__both_sexes__na__na	1.3102e-08	-5.686131386861314	1.2994943350999922e-08	1.3104248681368348e-08	8.18875e-08	8.190155425855217e-08	8.121839594374952e-08	-0.3142545197645962	-0.15314548023540378	True	1.2389705312504795e-08	1.362729083067249e-08	7.743565820315497e-08	8.517056769170306e-08	False	dashti_2019_sleep_duration	PANUKBB_2025_RELEASE	SELF_REPORT	discovery_extension/results/ldsc/extension_rg_matrix.tsv	RECOMPUTED_FROM_PRINTED_ESTIMATES	BLOCKED_MISSING_INPUTS	False
sleepdur	panukbb_continuous__20520__both_sexes__na__na	-0.1728	0.0394	-4.3905	1.1309e-05	0.0459	0.0046	1.0244	0.0076	-0.0268	0.0058	1217311	1175819	1166446	discovery_extension/logs/rg/rg_sleepdur.log	4.4204560260586316e-05	Recent worrying too much about different things	mental_psychosocial	UNDEREXPLORED	EUR	PRIMARY_EXTENSION_RG_COMPLETE	True	True	PAIR_NOVELTY_AUDIT_REQUIRED	sleepdur__panukbb_continuous__20520__both_sexes__na__na	1.1309e-05	-4.385786802030458	1.1556727358754667e-05	1.1309031528919701e-05	4.4204560260586316e-05	4.420468350066333e-05	4.517287566939935e-05	-0.25002258099087815	-0.09557741900912188	True	1.1198750063352903e-05	1.192466263754996e-05	4.377361588281265e-05	4.661105916957639e-05	False	dashti_2019_sleep_duration	PANUKBB_2025_RELEASE	SELF_REPORT	discovery_extension/results/ldsc/extension_rg_matrix.tsv	RECOMPUTED_FROM_PRINTED_ESTIMATES	BLOCKED_MISSING_INPUTS	False
sleepdur	panukbb_continuous__20498__both_sexes__na__na	-0.1322	0.0368	-3.5945	0.0003	0.0531	0.0044	1.0113	0.0069	-0.0236	0.0056	1217311	1175819	1166032	discovery_extension/logs/rg/rg_sleepdur.log	0.0008866995073891625	Felt very upset when reminded of stressful experience in past month	mental_psychosocial	PREVIOUSLY_SCREENED	EUR	PRIMARY_EXTENSION_RG_COMPLETE	True	False	NOT_TIER_A_SCREEN_THRESHOLD	sleepdur__panukbb_continuous__20498__both_sexes__na__na	0.0003	-3.5923913043478266	0.000327657339882289	0.00032501514520770014	0.0008866995073891625	0.0009670842862775747	0.0009708365626141897	-0.204326674631074	-0.060073325368926025	True	0.00031988630337783	0.0003355829662911721	0.0009501573367658317	0.0009943199001219913	False	dashti_2019_sleep_duration	PANUKBB_2025_RELEASE	SELF_REPORT	discovery_extension/results/ldsc/extension_rg_matrix.tsv	RECOMPUTED_FROM_PRINTED_ESTIMATES	BLOCKED_MISSING_INPUTS	False
sleepdur	panukbb_categorical__6145__both_sexes__6__na	-0.2453	0.0321	-7.65	2.0104e-14	0.0753	0.0044	1.0208	0.008	-0.0397	0.0065	1217311	1175819	1166475	discovery_extension/logs/rg/rg_sleepdur.log	2.566468085106383e-13	Illness, injury, bereavement, stress in last 2 years	mental_psychosocial	UNDEREXPLORED	EUR	PRIMARY_EXTENSION_RG_COMPLETE	True	True	PAIR_NOVELTY_AUDIT_REQUIRED	sleepdur__panukbb_categorical__6145__both_sexes__6__na	2.0104e-14	-7.641744548286605	2.1429803089539743e-14	2.0097931313052673e-14	2.566468085106383e-13	2.5656933591131073e-13	2.7184816451443036e-13	-0.3082148439037357	-0.18238515609626427	True	1.9297225940734172e-14	2.3786061598859362e-14	2.4375443293558954e-13	3.036518501982046e-13	False	dashti_2019_sleep_duration	PANUKBB_2025_RELEASE	SELF_REPORT	discovery_extension/results/ldsc/extension_rg_matrix.tsv	RECOMPUTED_FROM_PRINTED_ESTIMATES	BLOCKED_MISSING_INPUTS	False
sleepdur	panukbb_categorical__2020__both_sexes__2020__na	-0.1646	0.027	-6.1052	1.0268e-09	0.0615	0.0032	1.0252	0.0078	-0.0515	0.0062	1217311	1175819	1166486	discovery_extension/logs/rg/rg_sleepdur.log	7.290887573964497e-09	Loneliness, isolation	mental_psychosocial	PREVIOUSLY_SCREENED	EUR	PRIMARY_EXTENSION_RG_COMPLETE	True	True	PAIR_NOVELTY_AUDIT_REQUIRED	sleepdur__panukbb_categorical__2020__both_sexes__2020__na	1.0268e-09	-6.0962962962962965	1.0855412465797365e-09	1.02672033258937e-09	7.290887573964497e-09	7.290321888208545e-09	7.617833309331485e-09	-0.21751902758258146	-0.11168097241741853	True	9.99675747989556e-10	1.1782246056568257e-09	7.020924470616603e-09	8.268242846714566e-09	False	dashti_2019_sleep_duration	PANUKBB_2025_RELEASE	SELF_REPORT	discovery_extension/results/ldsc/extension_rg_matrix.tsv	RECOMPUTED_FROM_PRINTED_ESTIMATES	BLOCKED_MISSING_INPUTS	False
sleepdur	panukbb_categorical__1538__both_sexes__1__na	-0.0882	0.0287	-3.0701	0.0021	0.07	0.004	1.0279	0.0075	-0.0058	0.0055	1217311	1175819	1166483	discovery_extension/logs/rg/rg_sleepdur.log	0.0053052631578947365	Major dietary changes in the last 5 years	diet	UNDEREXPLORED	EUR	PRIMARY_EXTENSION_RG_COMPLETE	True	False	NOT_TIER_A_SCREEN_THRESHOLD	sleepdur__panukbb_categorical__1538__both_sexes__1__na	0.0021	-3.073170731707317	0.0021179727520879597	0.0021398711001783498	0.0053052631578947365	0.005405990147818989	0.005370686346126128	-0.14445096635629956	-0.03194903364370045	True	0.002068066077540281	0.0021688023031903388	0.005246679266486971	0.0054865152351621415	False	dashti_2019_sleep_duration	PANUKBB_2025_RELEASE	SELF_REPORT	discovery_extension/results/ldsc/extension_rg_matrix.tsv	RECOMPUTED_FROM_PRINTED_ESTIMATES	BLOCKED_MISSING_INPUTS	False
sleepdur	panukbb_continuous__1548__both_sexes__na__na	-0.0767	0.026	-2.9479	0.0032	0.0437	0.0021	1.0313	0.0081	-0.0272	0.0062	1217311	1175819	1166482	discovery_extension/logs/rg/rg_sleepdur.log	0.007726358148893361	Variation in diet	diet	PREVIOUSLY_SCREENED	EUR	PRIMARY_EXTENSION_RG_COMPLETE	True	False	NOT_TIER_A_SCREEN_THRESHOLD	sleepdur__panukbb_continuous__1548__both_sexes__na__na	0.0032	-2.95	0.0031777392947297386	0.003199405412213702	0.007726358148893361	0.00774049696503315	0.007688078938862271	-0.1276590635980414	-0.025740936401958604	True	0.0031003331327592435	0.0032565957180690445	0.007500805966353008	0.007878860608231559	False	dashti_2019_sleep_duration	PANUKBB_2025_RELEASE	SELF_REPORT	discovery_extension/results/ldsc/extension_rg_matrix.tsv	RECOMPUTED_FROM_PRINTED_ESTIMATES	BLOCKED_MISSING_INPUTS	False
sleepdur	panukbb_categorical__1468__both_sexes__4__na	0.1061	0.0288	3.6884	0.0002	0.0727	0.0034	1.0416	0.008	0.0057	0.0064	1217311	1175819	1166454	discovery_extension/logs/rg/rg_sleepdur.log	0.000625	Cereal type	diet	PREVIOUSLY_SCREENED	EUR	PRIMARY_EXTENSION_RG_COMPLETE	True	False	NOT_TIER_A_SCREEN_THRESHOLD	sleepdur__panukbb_categorical__1468__both_sexes__4__na	0.0002	3.6840277777777777	0.00022957720617338952	0.00022566868559708035	0.000625	0.0007070559339856303	0.0007193019514570952	0.049653037245246445	0.16254696275475355	True	0.00022234533028282758	0.00023700318470677904	0.0006966433324788331	0.0007425687249298559	False	dashti_2019_sleep_duration	PANUKBB_2025_RELEASE	SELF_REPORT	discovery_extension/results/ldsc/extension_rg_matrix.tsv	RECOMPUTED_FROM_PRINTED_ESTIMATES	BLOCKED_MISSING_INPUTS	False
sleepdur	panukbb_continuous__2237__both_sexes__na__na	-0.1808	0.0241	-7.5055	6.1193e-14	0.0746	0.003	1.0716	0.0097	-0.0086	0.007	1217311	1175819	1166484	discovery_extension/logs/rg/rg_sleepdur.log	7.129281553398059e-13	Plays computer games	digital_environment	PREVIOUSLY_SCREENED	EUR	PRIMARY_EXTENSION_RG_COMPLETE	True	True	PAIR_NOVELTY_AUDIT_REQUIRED	sleepdur__panukbb_continuous__2237__both_sexes__na__na	6.1193e-14	-7.5020746887966805	6.281556066043022e-14	6.119457098158841e-14	7.129281553398059e-13	7.129464580379232e-13	7.318317746846239e-13	-0.2280351320274153	-0.13356486797258468	True	5.4880863558383464e-14	7.183531954838658e-14	6.393887016510696e-13	8.369163442530476e-13	False	dashti_2019_sleep_duration	PANUKBB_2025_RELEASE	SELF_REPORT	discovery_extension/results/ldsc/extension_rg_matrix.tsv	RECOMPUTED_FROM_PRINTED_ESTIMATES	BLOCKED_MISSING_INPUTS	False
sleepdur	panukbb_continuous__874__both_sexes__na__irnt	-0.0751	0.0272	-2.761	0.0058	0.0472	0.0025	1.0375	0.0085	-0.0307	0.0061	1217311	1175819	1166457	discovery_extension/logs/rg/rg_sleepdur.log	0.013307839388145313	Duration of walks	physical_activity	UNDEREXPLORED	EUR	PRIMARY_EXTENSION_RG_COMPLETE	True	False	NOT_TIER_A_SCREEN_THRESHOLD	sleepdur__panukbb_continuous__874__both_sexes__na__irnt	0.0058	-2.761029411764706	0.005761948716292135	0.005762467640365251	0.013307839388145313	0.013221723075407841	0.013245859117912954	-0.12841102037948948	-0.021788979620510532	True	0.0056409105188235135	0.005884866836994141	0.013016003142077636	0.013528429510331359	False	dashti_2019_sleep_duration	PANUKBB_2025_RELEASE	SELF_REPORT	discovery_extension/results/ldsc/extension_rg_matrix.tsv	RECOMPUTED_FROM_PRINTED_ESTIMATES	BLOCKED_MISSING_INPUTS	False
sleepdur	panukbb_categorical__6138__both_sexes__5__na	-0.0886	0.0375	-2.3614	0.0182	0.0216	0.0022	1.0118	0.0065	-0.0136	0.0055	1217311	1175819	1166482	discovery_extension/logs/rg/rg_sleepdur.log	0.0373972602739726	Qualifications	socioeconomic_occupational	UNDEREXPLORED	EUR	PRIMARY_EXTENSION_RG_COMPLETE	True	False	NOT_TIER_A_SCREEN_THRESHOLD	sleepdur__panukbb_categorical__6138__both_sexes__5__na	0.0182	-2.3626666666666667	0.01814398094811677	0.018206081338584233	0.0373972602739726	0.03747392385300357	0.03734610143694704	-0.16209864942025204	-0.015101350579747971	True	0.017925365260885187	0.01836433637257866	0.03689612060559558	0.03779966320256328	False	dashti_2019_sleep_duration	PANUKBB_2025_RELEASE	SELF_REPORT	discovery_extension/results/ldsc/extension_rg_matrix.tsv	RECOMPUTED_FROM_PRINTED_ESTIMATES	BLOCKED_MISSING_INPUTS	False
sleepdur	panukbb_continuous__816__both_sexes__na__na	-0.1047	0.0238	-4.3958	1.1034e-05	0.0844	0.0042	1.0757	0.0095	-0.0161	0.0061	1217311	1175819	1166434	discovery_extension/logs/rg/rg_sleepdur.log	4.341245901639344e-05	Job involves heavy manual or physical work	socioeconomic_occupational	PREVIOUSLY_SCREENED	EUR	PRIMARY_EXTENSION_RG_COMPLETE	True	False	NOT_TIER_A_SCREEN_THRESHOLD	sleepdur__panukbb_continuous__816__both_sexes__na__na	1.1034e-05	-4.399159663865546	1.086708552526249e-05	1.1036551865175391e-05	4.341245901639344e-05	4.342249914167367e-05	4.27557463289016e-05	-0.1513471428320533	-0.05805285716794671	True	1.0311967257041547e-05	1.1448158970475733e-05	4.070513390937453e-05	4.504193693301927e-05	False	dashti_2019_sleep_duration	PANUKBB_2025_RELEASE	SELF_REPORT	discovery_extension/results/ldsc/extension_rg_matrix.tsv	RECOMPUTED_FROM_PRINTED_ESTIMATES	BLOCKED_MISSING_INPUTS	False
sleepdur	panukbb_continuous__728__both_sexes__na__na	0.1656	0.0298	5.5516	2.8305e-08	0.0304	0.0018	1.0561	0.0078	0.0211	0.0059	1217311	1175819	1166482	discovery_extension/logs/rg/rg_sleepdur.log	1.6732019704433497e-07	Number of vehicles in household	socioeconomic_occupational	PREVIOUSLY_SCREENED	EUR	PRIMARY_EXTENSION_RG_COMPLETE	True	True	PAIR_NOVELTY_AUDIT_REQUIRED	sleepdur__panukbb_continuous__728__both_sexes__na__na	2.8305e-08	5.557046979865771	2.7437693056036165e-08	2.830667119877651e-08	1.6732019704433497e-07	1.6733007605188084e-07	1.6219325944454877e-07	0.10719307326070639	0.22400692673929362	True	2.5758045187847783e-08	2.921724992937183e-08	1.5226430652914947e-07	1.7271280746426697e-07	False	dashti_2019_sleep_duration	PANUKBB_2025_RELEASE	SELF_REPORT	discovery_extension/results/ldsc/extension_rg_matrix.tsv	RECOMPUTED_FROM_PRINTED_ESTIMATES	BLOCKED_MISSING_INPUTS	False
sleepdur	panukbb_icd10__z95__both_sexes__na__na	-0.1174	0.0389	-3.0148	0.0026	0.1327	0.0132	1.0087	0.008	-0.0045	0.0059	1217311	1175819	1166483	discovery_extension/logs/rg/rg_sleepdur.log	0.006393442622950819	Z95 Presence of cardiac and vascular implants and grafts	other_clinical	UNDEREXPLORED	EUR	PRIMARY_EXTENSION_RG_COMPLETE	True	False	NOT_TIER_A_SCREEN_THRESHOLD	sleepdur__panukbb_icd10__z95__both_sexes__na__na	0.0026	-3.0179948586118255	0.002544532216095806	0.002571487611525839	0.006393442622950819	0.006336314443184819	0.006295749813020552	-0.19364259899860808	-0.04115740100139191	True	0.0025014496768340022	0.0025881791723052923	0.006189153839589284	0.006403742281992476	False	dashti_2019_sleep_duration	PANUKBB_2025_RELEASE	SELF_REPORT	discovery_extension/results/ldsc/extension_rg_matrix.tsv	RECOMPUTED_FROM_PRINTED_ESTIMATES	BLOCKED_MISSING_INPUTS	False
sleepdur	panukbb_continuous__135__both_sexes__na__na	-0.156	0.025	-6.2292	4.6891e-10	0.0658	0.0025	1.0601	0.0116	-0.0166	0.0069	1217311	1175819	1166485	discovery_extension/logs/rg/rg_sleepdur.log	3.4520981595092025e-09	Number of self-reported non-cancer illnesses	other_clinical	PREVIOUSLY_SCREENED	EUR	PRIMARY_EXTENSION_RG_COMPLETE	True	True	PAIR_NOVELTY_AUDIT_REQUIRED	sleepdur__panukbb_continuous__135__both_sexes__na__na	4.6891e-10	-6.239999999999999	4.3757089360580825e-10	4.688229781672155e-10	3.4520981595092025e-09	3.4514575079795004e-09	3.2412658785615426e-09	-0.20499909961350135	-0.10700090038649865	True	3.98768421634704e-10	4.79872941198415e-10	2.953840160257067e-09	3.532806929068086e-09	False	dashti_2019_sleep_duration	PANUKBB_2025_RELEASE	SELF_REPORT	discovery_extension/results/ldsc/extension_rg_matrix.tsv	RECOMPUTED_FROM_PRINTED_ESTIMATES	BLOCKED_MISSING_INPUTS	False
sleepdur	panukbb_categorical__20117__both_sexes__2__na	0.0819	0.0341	2.4019	0.0163	0.0858	0.0067	1.0335	0.0077	0.0017	0.0058	1217311	1175819	1166487	discovery_extension/logs/rg/rg_sleepdur.log	0.03389948006932409	Alcohol drinker status	alcohol_tobacco	UNDEREXPLORED	EUR	PRIMARY_EXTENSION_RG_COMPLETE	True	False	NOT_TIER_A_SCREEN_THRESHOLD	sleepdur__panukbb_categorical__20117__both_sexes__2__na	0.0163	2.401759530791789	0.016316430322062404	0.016310166416724944	0.03389948006932409	0.03397951336817697	0.033972789210360295	0.015065228127184166	0.14873477187281584	True	0.016094973319641104	0.016539899984223273	0.033559037021296444	0.034365183237125	False	dashti_2019_sleep_duration	PANUKBB_2025_RELEASE	SELF_REPORT	discovery_extension/results/ldsc/extension_rg_matrix.tsv	RECOMPUTED_FROM_PRINTED_ESTIMATES	BLOCKED_MISSING_INPUTS	False
sleepdur	panukbb_continuous__1259__both_sexes__na__na	-0.1396	0.0465	-2.9999	0.0027	0.0105	0.0015	1.0163	0.0075	-0.0173	0.0059	1217311	1175819	1166475	discovery_extension/logs/rg/rg_sleepdur.log	0.00659877800407332	Smoking/smokers in household	alcohol_tobacco	PREVIOUSLY_SCREENED	EUR	PRIMARY_EXTENSION_RG_COMPLETE	True	False	NOT_TIER_A_SCREEN_THRESHOLD	sleepdur__panukbb_continuous__1259__both_sexes__na__na	0.0027	-3.002150537634409	0.002680795721658794	0.0027006825659098496	0.00659877800407332	0.0066139164879424886	0.006565214012225618	-0.23073832528111252	-0.04846167471888749	True	0.0026431007911375914	0.002718898777091425	0.006486136910767095	0.006658527617366755	False	dashti_2019_sleep_duration	PANUKBB_2025_RELEASE	SELF_REPORT	discovery_extension/results/ldsc/extension_rg_matrix.tsv	RECOMPUTED_FROM_PRINTED_ESTIMATES	BLOCKED_MISSING_INPUTS	False
sleepdur	panukbb_phecode__318__both_sexes__na__na	-0.1605	0.046	-3.4855	0.0005	0.1504	0.0118	1.0075	0.0072	-0.0166	0.0067	1217311	1175819	1166471	discovery_extension/logs/rg/rg_sleepdur.log	0.0014150943396226414	Tobacco use disorder	alcohol_tobacco	UNDEREXPLORED	EUR	PRIMARY_EXTENSION_RG_COMPLETE	True	True	PAIR_NOVELTY_AUDIT_REQUIRED	sleepdur__panukbb_phecode__318__both_sexes__na__na	0.0005	-3.489130434782609	0.0004845946250236812	0.0004912182232367662	0.0014150943396226414	0.0014034806378193318	0.001384556071496232	-0.2506583432888425	-0.07034165671115752	True	0.0004758138664978124	0.0004935067616105472	0.0013594681899937499	0.0014100193188872777	False	dashti_2019_sleep_duration	PANUKBB_2025_RELEASE	SELF_REPORT	discovery_extension/results/ldsc/extension_rg_matrix.tsv	RECOMPUTED_FROM_PRINTED_ESTIMATES	BLOCKED_MISSING_INPUTS	False
shortsleep	panukbb_continuous__30510__both_sexes__na__irnt	0.1471	0.0291	5.0472	4.4833e-07	0.0634	0.0028	1.0648	0.0096	0.0178	0.0062	1217311	1175828	1166470	discovery_extension/logs/rg/rg_shortsleep.log	2.1959020408163265e-06	Creatinine (enzymatic) in urine	renal_urinary	PREVIOUSLY_SCREENED	EUR	PRIMARY_EXTENSION_RG_COMPLETE	True	False	NOT_TIER_A_SCREEN_THRESHOLD	shortsleep__panukbb_continuous__30510__both_sexes__na__irnt	4.4833e-07	5.054982817869416	4.304295182816249e-07	4.483319638705066e-07	2.1959020408163265e-06	2.1959116597739095e-06	2.1168664833522536e-06	0.09006504804988444	0.20413495195011558	True	4.0753410160891647e-07	4.544784387575114e-07	2.0042660734864744e-06	2.2351398627418594e-06	False	dashti_2019_short_sleep	PANUKBB_2025_RELEASE	SELF_REPORT	discovery_extension/results/ldsc/extension_rg_matrix.tsv	RECOMPUTED_FROM_PRINTED_ESTIMATES	BLOCKED_MISSING_INPUTS	False
shortsleep	panukbb_continuous__30530__both_sexes__na__irnt	0.2631	0.0291	9.0359	1.6263e-19	0.0708	0.003	1.0608	0.0106	0.0327	0.0068	1217311	1175828	1166472	discovery_extension/logs/rg/rg_shortsleep.log	3.4849285714285714e-18	Sodium in urine	renal_urinary	HEAVILY_STUDIED	EUR	PRIMARY_EXTENSION_RG_COMPLETE	True	True	PAIR_NOVELTY_AUDIT_REQUIRED	shortsleep__panukbb_continuous__30530__both_sexes__na__irnt	1.6263e-19	9.041237113402062	1.5490861040335496e-19	1.6265835790639514e-19	3.4849285714285714e-18	3.4855362408513244e-18	3.319470222929035e-18	0.20606504804988443	0.3201349519501156	True	1.322327309317586e-19	1.813212758300343e-19	2.833558519966255e-18	3.885455910643592e-18	False	dashti_2019_short_sleep	PANUKBB_2025_RELEASE	SELF_REPORT	discovery_extension/results/ldsc/extension_rg_matrix.tsv	RECOMPUTED_FROM_PRINTED_ESTIMATES	BLOCKED_MISSING_INPUTS	False
shortsleep	panukbb_phecode__594__both_sexes__na__na	0.1949	0.0491	3.9673	7.268e-05	0.1903	0.0185	1.0047	0.0069	0.0088	0.0053	1217311	1175828	1166482	discovery_extension/logs/rg/rg_shortsleep.log	0.00024707082152974506	Urinary calculus	renal_urinary	HIGH_NOVELTY_PRIORITY	EUR	PRIMARY_EXTENSION_RG_COMPLETE	True	True	PAIR_NOVELTY_AUDIT_REQUIRED	shortsleep__panukbb_phecode__594__both_sexes__na__na	7.268e-05	3.9694501018329937	7.20386900726657e-05	7.269146799227201e-05	0.00024707082152974506	0.00024710980620602384	0.0002448907311252092	0.09866576835908335	0.2911342316409166	True	7.05225806637493e-05	7.358241500124523e-05	0.0002397368181203942	0.000250138521250692	False	dashti_2019_short_sleep	PANUKBB_2025_RELEASE	SELF_REPORT	discovery_extension/results/ldsc/extension_rg_matrix.tsv	RECOMPUTED_FROM_PRINTED_ESTIMATES	BLOCKED_MISSING_INPUTS	False
shortsleep	panukbb_icd10__j44__both_sexes__na__na	0.4258	0.0549	7.7543	8.8811e-15	0.1768	0.0195	1.006	0.0091	0.0439	0.0061	1217311	1175828	1166481	discovery_extension/logs/rg/rg_shortsleep.log	1.171134065934066e-13	J44 Other chronic obstructive pulmonary disease	pulmonary	HIGH_NOVELTY_PRIORITY	EUR	PRIMARY_EXTENSION_RG_COMPLETE	True	True	PAIR_NOVELTY_AUDIT_REQUIRED	shortsleep__panukbb_icd10__j44__both_sexes__na__na	8.8811e-15	7.755919854280511	8.770540344403806e-15	8.88321029031629e-15	1.171134065934066e-13	1.1714123459757744e-13	1.1565547706906118e-13	0.31819797724875104	0.5334020227512489	True	8.235583532264042e-15	9.338592203508907e-15	1.0860110152436099e-13	1.2314627081550208e-13	False	dashti_2019_short_sleep	PANUKBB_2025_RELEASE	SELF_REPORT	discovery_extension/results/ldsc/extension_rg_matrix.tsv	RECOMPUTED_FROM_PRINTED_ESTIMATES	BLOCKED_MISSING_INPUTS	False
shortsleep	panukbb_continuous__3064__both_sexes__na__irnt	-0.0701	0.0256	-2.7427	0.0061	0.1025	0.0048	1.1037	0.0146	-0.0454	0.0076	1217311	1175828	1166471	discovery_extension/logs/rg/rg_shortsleep.log	0.013863636363636364	Peak expiratory flow (PEF)	pulmonary	PREVIOUSLY_SCREENED	EUR	PRIMARY_EXTENSION_RG_COMPLETE	True	False	NOT_TIER_A_SCREEN_THRESHOLD	shortsleep__panukbb_continuous__3064__both_sexes__na__irnt	0.0061	-2.7382812499999996	0.006176123263633855	0.006093632886922067	0.013863636363636364	0.013875444903807363	0.014036643780986034	-0.12027507800422538	-0.019924921995774607	True	0.006040093298362658	0.006314359207407373	0.013753533127201498	0.014350816380471301	False	dashti_2019_short_sleep	PANUKBB_2025_RELEASE	SELF_REPORT	discovery_extension/results/ldsc/extension_rg_matrix.tsv	RECOMPUTED_FROM_PRINTED_ESTIMATES	BLOCKED_MISSING_INPUTS	False
shortsleep	panukbb_categorical__2316__both_sexes__2316__na	0.3538	0.031	11.4148	3.5286e-30	0.0835	0.0044	1.0438	0.0107	0.0652	0.0067	1217311	1175828	1166480	discovery_extension/logs/rg/rg_shortsleep.log	1.7643e-28	Wheeze or whistling in the chest in last year	pulmonary	HEAVILY_STUDIED	EUR	PRIMARY_EXTENSION_RG_COMPLETE	True	True	PAIR_NOVELTY_AUDIT_REQUIRED	shortsleep__panukbb_categorical__2316__both_sexes__2316__na	3.5286e-30	11.412903225806453	3.6049273226135705e-30	3.527143681071152e-30	1.7643e-28	1.763571840535576e-28	1.8024636613067853e-28	0.29304111647925835	0.41455888352074166	True	2.861958659905694e-30	4.535595707020481e-30	1.430979329952847e-28	2.2677978535102405e-28	False	dashti_2019_short_sleep	PANUKBB_2025_RELEASE	SELF_REPORT	discovery_extension/results/ldsc/extension_rg_matrix.tsv	RECOMPUTED_FROM_PRINTED_ESTIMATES	BLOCKED_MISSING_INPUTS	False
shortsleep	panukbb_phecode__496_2__both_sexes__na__na	0.4284	0.0527	8.1322	4.2158e-16	0.185	0.0191	1.0055	0.0089	0.0446	0.0061	1217311	1175828	1166471	discovery_extension/logs/rg/rg_shortsleep.log	6.2456296296296296e-15	Chronic bronchitis	pulmonary	HIGH_NOVELTY_PRIORITY	EUR	PRIMARY_EXTENSION_RG_COMPLETE	True	True	PAIR_NOVELTY_AUDIT_REQUIRED	shortsleep__panukbb_phecode__496_2__both_sexes__na__na	4.2158e-16	8.129032258064516	4.3273115689753265e-16	4.215685228389867e-16	6.2456296296296296e-15	6.2454595976146175e-15	6.41083195403752e-15	0.32510989801473916	0.5316901019852609	True	4.028515591766134e-16	4.647295410838132e-16	5.96817124706094e-15	6.8848820901305655e-15	False	dashti_2019_short_sleep	PANUKBB_2025_RELEASE	SELF_REPORT	discovery_extension/results/ldsc/extension_rg_matrix.tsv	RECOMPUTED_FROM_PRINTED_ESTIMATES	BLOCKED_MISSING_INPUTS	False
shortsleep	panukbb_icd10__k21__both_sexes__na__na	0.3819	0.0419	9.1127	8.0363e-20	0.0701	0.0055	1.0127	0.007	0.0344	0.0057	1217311	1175828	1166483	discovery_extension/logs/rg/rg_shortsleep.log	1.7533745454545455e-18	K21 Gastro-oesophageal reflux disease	gastrointestinal	HIGH_NOVELTY_PRIORITY	EUR	PRIMARY_EXTENSION_RG_COMPLETE	True	True	PAIR_NOVELTY_AUDIT_REQUIRED	shortsleep__panukbb_icd10__k21__both_sexes__na__na	8.0363e-20	9.1145584725537	7.899145391248912e-20	8.035677297259995e-20	1.7533745454545455e-18	1.7532386830385443e-18	1.7234499035452172e-18	0.2997775090477718	0.46402249095222825	True	7.065640399605409e-20	8.827358363291286e-20	1.5415942690048166e-18	1.9259690974453715e-18	False	dashti_2019_short_sleep	PANUKBB_2025_RELEASE	SELF_REPORT	discovery_extension/results/ldsc/extension_rg_matrix.tsv	RECOMPUTED_FROM_PRINTED_ESTIMATES	BLOCKED_MISSING_INPUTS	False
shortsleep	panukbb_icd10__k80__both_sexes__na__na	0.1756	0.0393	4.4658	7.9757e-06	0.1134	0.013	1.0252	0.0105	0.0241	0.0054	1217311	1175828	1165992	discovery_extension/logs/rg/rg_shortsleep.log	3.2225050505050504e-05	K80 Cholelithiasis	gastrointestinal	HIGH_NOVELTY_PRIORITY	EUR	PRIMARY_EXTENSION_RG_COMPLETE	True	True	PAIR_NOVELTY_AUDIT_REQUIRED	shortsleep__panukbb_icd10__k80__both_sexes__na__na	7.9757e-06	4.468193384223919	7.888297829131213e-06	7.97701046746648e-06	3.2225050505050504e-05	3.223034532309689e-05	3.197958579377519e-05	0.09857341540757587	0.25262658459242415	True	7.635438595207625e-06	8.148477738047488e-06	3.085025695033384e-05	3.3034369208300627e-05	False	dashti_2019_short_sleep	PANUKBB_2025_RELEASE	SELF_REPORT	discovery_extension/results/ldsc/extension_rg_matrix.tsv	RECOMPUTED_FROM_PRINTED_ESTIMATES	BLOCKED_MISSING_INPUTS	False
shortsleep	panukbb_phecode__550_2__both_sexes__na__na	0.3485	0.0337	10.3321	5.0425e-25	0.0923	0.0055	1.0279	0.0079	0.0273	0.0057	1217311	1175828	1166459	discovery_extension/logs/rg/rg_shortsleep.log	1.7288571428571428e-23	Diaphragmatic hernia	gastrointestinal	HIGH_NOVELTY_PRIORITY	EUR	PRIMARY_EXTENSION_RG_COMPLETE	True	True	PAIR_NOVELTY_AUDIT_REQUIRED	shortsleep__panukbb_phecode__550_2__both_sexes__na__na	5.0425e-25	10.341246290801186	4.585349707531734e-25	5.044394341401533e-25	1.7288571428571428e-23	1.7295066313376683e-23	1.5721198997251656e-23	0.2824492137210002	0.41455078627899977	True	3.8453200261204066e-25	5.463415770713082e-25	1.3183954375269964e-23	1.8731711213873424e-23	False	dashti_2019_short_sleep	PANUKBB_2025_RELEASE	SELF_REPORT	discovery_extension/results/ldsc/extension_rg_matrix.tsv	RECOMPUTED_FROM_PRINTED_ESTIMATES	BLOCKED_MISSING_INPUTS	False
shortsleep	panukbb_phecode__550_4__both_sexes__na__na	0.2699	0.0483	5.5817	2.3815e-08	0.224	0.0376	1.0044	0.0074	0.013	0.0052	1217311	1175828	1166466	discovery_extension/logs/rg/rg_shortsleep.log	1.4289e-07	Umbilical hernia	gastrointestinal	PREVIOUSLY_SCREENED	EUR	PRIMARY_EXTENSION_RG_COMPLETE	True	True	PAIR_NOVELTY_AUDIT_REQUIRED	shortsleep__panukbb_phecode__550_4__both_sexes__na__na	2.3815e-08	5.5879917184265	2.2971059602494618e-08	2.381789545540127e-08	1.4289e-07	1.4290737273240763e-07	1.378263576149677e-07	0.17523373954671534	0.3645662604532846	True	2.2085249131404425e-08	2.388937569112203e-08	1.3251149478842656e-07	1.4333625414673218e-07	False	dashti_2019_short_sleep	PANUKBB_2025_RELEASE	SELF_REPORT	discovery_extension/results/ldsc/extension_rg_matrix.tsv	RECOMPUTED_FROM_PRINTED_ESTIMATES	BLOCKED_MISSING_INPUTS	False
shortsleep	panukbb_phecode__558__both_sexes__na__na	0.4238	0.0503	8.4294	3.4738e-17	0.0686	0.0083	1.005	0.0062	0.0253	0.0053	1217311	1175828	1166460	discovery_extension/logs/rg/rg_shortsleep.log	5.871211267605634e-16	Noninfectious gastroenteritis	gastrointestinal	HIGH_NOVELTY_PRIORITY	EUR	PRIMARY_EXTENSION_RG_COMPLETE	True	True	PAIR_NOVELTY_AUDIT_REQUIRED	shortsleep__panukbb_phecode__558__both_sexes__na__na	3.4738e-17	8.42544731610338	3.5937465698596364e-17	3.474420375699826e-17	5.871211267605634e-16	5.872259789915198e-16	5.989577616432728e-16	0.3252138115776353	0.5223861884223647	True	3.3169629176358147e-17	3.89266974060687e-17	5.528271529393024e-16	6.514842227696392e-16	False	dashti_2019_short_sleep	PANUKBB_2025_RELEASE	SELF_REPORT	discovery_extension/results/ldsc/extension_rg_matrix.tsv	RECOMPUTED_FROM_PRINTED_ESTIMATES	BLOCKED_MISSING_INPUTS	False
shortsleep	panukbb_phecode__785__both_sexes__na__na	0.4071	0.0362	11.2472	2.3911e-29	0.0499	0.0039	1.0094	0.0077	0.0423	0.0057	1217311	1175828	1166482	discovery_extension/logs/rg/rg_shortsleep.log	1.062711111111111e-27	Abdominal pain	gastrointestinal	HIGH_NOVELTY_PRIORITY	EUR	PRIMARY_EXTENSION_RG_COMPLETE	True	True	PAIR_NOVELTY_AUDIT_REQUIRED	shortsleep__panukbb_phecode__785__both_sexes__na__na	2.3911e-29	11.24585635359116	2.427295112777436e-29	2.3906098583813233e-29	1.062711111111111e-27	1.0624932703916993e-27	1.0787978279010827e-27	0.3361493037596501	0.47805069624034996	True	2.003057162935567e-29	2.938992864288083e-29	8.902476279713631e-28	1.3062190507947035e-27	False	dashti_2019_short_sleep	PANUKBB_2025_RELEASE	SELF_REPORT	discovery_extension/results/ldsc/extension_rg_matrix.tsv	RECOMPUTED_FROM_PRINTED_ESTIMATES	BLOCKED_MISSING_INPUTS	False
shortsleep	panukbb_categorical__41200__both_sexes__j183__na	0.2187	0.0416	5.2599	1.4416e-07	0.1184	0.0154	1.0232	0.0109	0.0199	0.0053	1217311	1175828	1165230	discovery_extension/logs/rg/rg_shortsleep.log	7.654513274336282e-07	Operative procedures - main OPCS4	gastrointestinal	HIGH_NOVELTY_PRIORITY	EUR	PRIMARY_EXTENSION_RG_COMPLETE	True	True	PAIR_NOVELTY_AUDIT_REQUIRED	shortsleep__panukbb_categorical__41200__both_sexes__j183__na	1.4416e-07	5.257211538461539	1.4625604672241705e-07	1.441337646603806e-07	7.654513274336282e-07	7.653120247453838e-07	7.765807790570817e-07	0.13716549824313376	0.3002345017568663	True	1.4038691926332324e-07	1.5234721303729974e-07	7.454172704247251e-07	8.089232550653083e-07	False	dashti_2019_short_sleep	PANUKBB_2025_RELEASE	SELF_REPORT	discovery_extension/results/ldsc/extension_rg_matrix.tsv	RECOMPUTED_FROM_PRINTED_ESTIMATES	BLOCKED_MISSING_INPUTS	False
shortsleep	panukbb_categorical__2257__both_sexes__2257__na	0.0752	0.0244	3.0821	0.0021	0.0522	0.0022	1.0385	0.009	0.031	0.0053	1217311	1175828	1166480	discovery_extension/logs/rg/rg_shortsleep.log	0.0053052631578947365	Hearing difficulty/problems with background noise	sensory	HEAVILY_STUDIED	EUR	PRIMARY_EXTENSION_RG_COMPLETE	True	False	NOT_TIER_A_SCREEN_THRESHOLD	shortsleep__panukbb_categorical__2257__both_sexes__2257__na	0.0021	3.081967213114754	0.0020563748600251498	0.002055457734973732	0.0053052631578947365	0.005236834993563648	0.005250226558916325	0.027376878777222682	0.12302312122277732	True	0.0019992137929395145	0.0021147887773763437	0.0051043756415476964	0.005376581637397484	False	dashti_2019_short_sleep	PANUKBB_2025_RELEASE	SELF_REPORT	discovery_extension/results/ldsc/extension_rg_matrix.tsv	RECOMPUTED_FROM_PRINTED_ESTIMATES	BLOCKED_MISSING_INPUTS	False
shortsleep	panukbb_icd10__m16__both_sexes__na__na	0.1308	0.0444	2.9435	0.0032	0.1575	0.0152	1.0163	0.009	0.0196	0.0063	1217311	1175828	1166486	discovery_extension/logs/rg/rg_shortsleep.log	0.007726358148893361	M16 Coxarthrosis [arthrosis of hip]	musculoskeletal_pain	PREVIOUSLY_SCREENED	EUR	PRIMARY_EXTENSION_RG_COMPLETE	True	False	NOT_TIER_A_SCREEN_THRESHOLD	shortsleep__panukbb_icd10__m16__both_sexes__na__na	0.0032	2.9459459459459456	0.003219686602327168	0.003245238231607409	0.007726358148893361	0.007835585267462556	0.007773891192741653	0.04377759908642159	0.2178224009135784	True	0.0031736832020705847	0.0032661913188939354	0.007662816584476261	0.007886176222681535	False	dashti_2019_short_sleep	PANUKBB_2025_RELEASE	SELF_REPORT	discovery_extension/results/ldsc/extension_rg_matrix.tsv	RECOMPUTED_FROM_PRINTED_ESTIMATES	BLOCKED_MISSING_INPUTS	False
shortsleep	panukbb_icd10__m17__both_sexes__na__na	0.3047	0.0364	8.3749	5.5257e-17	0.1325	0.0087	1.0224	0.0089	0.0366	0.0059	1217311	1175828	1165942	discovery_extension/logs/rg/rg_shortsleep.log	8.841120000000001e-16	M17 Gonarthrosis [arthrosis of knee]	musculoskeletal_pain	HIGH_NOVELTY_PRIORITY	EUR	PRIMARY_EXTENSION_RG_COMPLETE	True	True	PAIR_NOVELTY_AUDIT_REQUIRED	shortsleep__panukbb_icd10__m17__both_sexes__na__na	5.5257e-17	8.37087912087912	5.718995241311679e-17	5.527078325154376e-17	8.841120000000001e-16	8.843325320247001e-16	9.150392386098686e-16	0.23335731096274204	0.376042689037258	True	5.125937974475464e-17	6.37771000130126e-17	8.201500759160742e-16	1.0070068423107252e-15	False	dashti_2019_short_sleep	PANUKBB_2025_RELEASE	SELF_REPORT	discovery_extension/results/ldsc/extension_rg_matrix.tsv	RECOMPUTED_FROM_PRINTED_ESTIMATES	BLOCKED_MISSING_INPUTS	False
shortsleep	panukbb_icd10__m51__both_sexes__na__na	0.3883	0.051	7.6089	2.7636e-14	0.1052	0.0136	1.0109	0.0066	0.0314	0.0048	1217311	1175828	1166481	discovery_extension/logs/rg/rg_shortsleep.log	3.418886597938144e-13	M51 Other intervertebral disk disorders	musculoskeletal_pain	HIGH_NOVELTY_PRIORITY	EUR	PRIMARY_EXTENSION_RG_COMPLETE	True	True	PAIR_NOVELTY_AUDIT_REQUIRED	shortsleep__panukbb_icd10__m51__both_sexes__na__na	2.7636e-14	7.613725490196079	2.6630609295011666e-14	2.7643852694452008e-14	3.418886597938144e-13	3.419858065293032e-13	3.294508366393196e-13	0.28834183678845726	0.4882581632115427	True	2.4942957621353016e-14	2.8426808528461845e-14	3.085726716043672e-13	3.5533510660577307e-13	False	dashti_2019_short_sleep	PANUKBB_2025_RELEASE	SELF_REPORT	discovery_extension/results/ldsc/extension_rg_matrix.tsv	RECOMPUTED_FROM_PRINTED_ESTIMATES	BLOCKED_MISSING_INPUTS	False
shortsleep	panukbb_categorical__6151__both_sexes__7__na	0.3117	0.0596	5.2292	1.7028e-07	0.0423	0.0069	1.0055	0.0064	0.0228	0.0054	1217311	1175828	1166480	discovery_extension/logs/rg/rg_shortsleep.log	8.922969432314409e-07	Fractured bone site(s)	musculoskeletal_pain	HIGH_NOVELTY_PRIORITY	EUR	PRIMARY_EXTENSION_RG_COMPLETE	True	True	PAIR_NOVELTY_AUDIT_REQUIRED	shortsleep__panukbb_categorical__6151__both_sexes__7__na	1.7028e-07	5.22986577181208	1.6963315995825111e-07	1.7024511546402034e-07	8.922969432314409e-07	8.921141421695389e-07	8.889073884275168e-07	0.19488614652141276	0.42851385347858717	True	1.648986359010361e-07	1.744907215308233e-07	8.640976553766084e-07	9.143618595501659e-07	False	dashti_2019_short_sleep	PANUKBB_2025_RELEASE	SELF_REPORT	discovery_extension/results/ldsc/extension_rg_matrix.tsv	RECOMPUTED_FROM_PRINTED_ESTIMATES	BLOCKED_MISSING_INPUTS	False
shortsleep	panukbb_categorical__3571__both_sexes__3571__na	0.2859	0.0501	5.7013	1.1889e-08	0.0466	0.0059	0.988	0.0067	0.03	0.0052	1217311	1175828	1166402	discovery_extension/logs/rg/rg_shortsleep.log	7.508842105263158e-08	Back pain for 3+ months	musculoskeletal_pain	HEAVILY_STUDIED	EUR	PRIMARY_EXTENSION_RG_COMPLETE	True	True	PAIR_NOVELTY_AUDIT_REQUIRED	shortsleep__panukbb_categorical__3571__both_sexes__3571__na	1.1889e-08	5.706586826347305	1.1526412148079879e-08	1.1889717660000635e-08	7.508842105263158e-08	7.509295364210927e-08	7.279839251418871e-08	0.18770580437454326	0.3840941956254567	True	1.1081473996700165e-08	1.1987751683004366e-08	6.99882568212642e-08	7.571211589265916e-08	False	dashti_2019_short_sleep	PANUKBB_2025_RELEASE	SELF_REPORT	discovery_extension/results/ldsc/extension_rg_matrix.tsv	RECOMPUTED_FROM_PRINTED_ESTIMATES	BLOCKED_MISSING_INPUTS	False
shortsleep	panukbb_categorical__6159__both_sexes__7__na	0.3979	0.0312	12.7449	3.327e-37	0.0586	0.0029	1.0319	0.0085	0.061	0.0062	1217311	1175828	1166481	discovery_extension/logs/rg/rg_shortsleep.log	2.2179999999999997e-35	Pain type(s) experienced in last month	musculoskeletal_pain	HIGH_NOVELTY_PRIORITY	EUR	PRIMARY_EXTENSION_RG_COMPLETE	True	True	PAIR_NOVELTY_AUDIT_REQUIRED	shortsleep__panukbb_categorical__6159__both_sexes__7__na	3.327e-37	12.753205128205128	2.9918661267833735e-37	3.328172926538334e-37	2.2179999999999997e-35	2.218781951025556e-35	1.9945774178555824e-35	0.33674912368235027	0.4590508763176497	True	2.253327289964143e-37	3.9669495326410085e-37	1.5022181933094286e-35	2.6446330217606724e-35	False	dashti_2019_short_sleep	PANUKBB_2025_RELEASE	SELF_REPORT	discovery_extension/results/ldsc/extension_rg_matrix.tsv	RECOMPUTED_FROM_PRINTED_ESTIMATES	BLOCKED_MISSING_INPUTS	False
shortsleep	panukbb_categorical__6159__both_sexes__8__na	0.5054	0.0502	10.0623	8.1043e-24	0.1764	0.0211	1.0014	0.0065	0.0341	0.0054	1217311	1175828	1166482	discovery_extension/logs/rg/rg_shortsleep.log	2.493630769230769e-22	Pain type(s) experienced in last month	musculoskeletal_pain	PREVIOUSLY_SCREENED	EUR	PRIMARY_EXTENSION_RG_COMPLETE	True	True	PAIR_NOVELTY_AUDIT_REQUIRED	shortsleep__panukbb_categorical__6159__both_sexes__8__na	8.1043e-24	10.067729083665338	7.672922846876242e-24	8.108157607122659e-24	2.493630769230769e-22	2.4948177252685104e-22	2.360899337500382e-22	0.4070098079760892	0.6037901920239107	True	6.858359539054248e-24	8.581282239798271e-24	2.110264473555153e-22	2.640394535322545e-22	False	dashti_2019_short_sleep	PANUKBB_2025_RELEASE	SELF_REPORT	discovery_extension/results/ldsc/extension_rg_matrix.tsv	RECOMPUTED_FROM_PRINTED_ESTIMATES	BLOCKED_MISSING_INPUTS	False
shortsleep	panukbb_phecode__740__both_sexes__na__na	0.3402	0.0543	6.2642	3.7474e-10	0.0809	0.0091	1.0187	0.011	0.041	0.0067	1217311	1175828	1166483	discovery_extension/logs/rg/rg_shortsleep.log	2.81055e-09	Osteoarthrosis	musculoskeletal_pain	HIGH_NOVELTY_PRIORITY	EUR	PRIMARY_EXTENSION_RG_COMPLETE	True	True	PAIR_NOVELTY_AUDIT_REQUIRED	shortsleep__panukbb_phecode__740__both_sexes__na__na	3.7474e-10	6.265193370165746	3.7236303909932226e-10	3.747442564994601e-10	2.81055e-09	2.810581923745951e-09	2.792722793244917e-09	0.23377395563947506	0.44662604436052494	True	3.5669292401839897e-10	3.8867382684935545e-10	2.675196930137992e-09	2.915053701370166e-09	False	dashti_2019_short_sleep	PANUKBB_2025_RELEASE	SELF_REPORT	discovery_extension/results/ldsc/extension_rg_matrix.tsv	RECOMPUTED_FROM_PRINTED_ESTIMATES	BLOCKED_MISSING_INPUTS	False
shortsleep	panukbb_phecode__835__both_sexes__na__na	0.2843	0.0485	5.8611	4.5991e-09	0.096	0.0107	1.0118	0.0074	0.0302	0.0057	1217311	1175828	1166481	discovery_extension/logs/rg/rg_shortsleep.log	3.0158032786885245e-08	Internal derangement of knee	musculoskeletal_pain	PREVIOUSLY_SCREENED	EUR	PRIMARY_EXTENSION_RG_COMPLETE	True	True	PAIR_NOVELTY_AUDIT_REQUIRED	shortsleep__panukbb_phecode__835__both_sexes__na__na	4.5991e-09	5.861855670103092	4.5772280261382656e-09	4.5981095282983205e-09	3.0158032786885245e-08	3.015153789048079e-08	3.001461000746404e-08	0.18924174674980737	0.3793582532501926	True	4.385979143974974e-09	4.776163517027649e-09	2.8760518976885074e-08	3.13191050296895e-08	False	dashti_2019_short_sleep	PANUKBB_2025_RELEASE	SELF_REPORT	discovery_extension/results/ldsc/extension_rg_matrix.tsv	RECOMPUTED_FROM_PRINTED_ESTIMATES	BLOCKED_MISSING_INPUTS	False
shortsleep	panukbb_icd10__z88__both_sexes__na__na	0.3453	0.0492	7.0182	2.2482e-12	0.0539	0.0052	1.019	0.0075	0.0341	0.0055	1217311	1175828	1166485	discovery_extension/logs/rg/rg_shortsleep.log	2.211344262295082e-11	Z88 Personal history of allergy to drugs, medicaments and biologocal substances	allergy_infectious	HIGH_NOVELTY_PRIORITY	EUR	PRIMARY_EXTENSION_RG_COMPLETE	True	True	PAIR_NOVELTY_AUDIT_REQUIRED	shortsleep__panukbb_icd10__z88__both_sexes__na__na	2.2482e-12	7.0182926829268295	2.245956926859105e-12	2.2474469146499356e-12	2.211344262295082e-11	2.210603522606494e-11	2.2179174983520717e-11	0.24886977196062932	0.4417302280393707	True	2.1185498871912327e-12	2.3805887035463144e-12	2.0838195611717044e-11	2.3609144167401468e-11	False	dashti_2019_short_sleep	PANUKBB_2025_RELEASE	SELF_REPORT	discovery_extension/results/ldsc/extension_rg_matrix.tsv	RECOMPUTED_FROM_PRINTED_ESTIMATES	BLOCKED_MISSING_INPUTS	False
shortsleep	panukbb_phecode__960_2__both_sexes__na__na	0.3216	0.0551	5.8373	5.3066e-09	0.0632	0.0075	1.0046	0.0073	0.0257	0.0057	1217311	1175828	1166473	discovery_extension/logs/rg/rg_shortsleep.log	3.439290322580645e-08	Allergy/adverse effect of penicillin	allergy_infectious	HIGH_NOVELTY_PRIORITY	EUR	PRIMARY_EXTENSION_RG_COMPLETE	True	True	PAIR_NOVELTY_AUDIT_REQUIRED	shortsleep__panukbb_phecode__960_2__both_sexes__na__na	5.3066e-09	5.8366606170598905	5.325742130146902e-09	5.305351943003774e-09	3.439290322580645e-08	3.43927499664324e-08	3.454535435770964e-08	0.213605984451843	0.429594015548157	True	5.1309021839729455e-09	5.5274001215670625e-09	3.323386109468699e-08	3.5853406193948516e-08	False	dashti_2019_short_sleep	PANUKBB_2025_RELEASE	SELF_REPORT	discovery_extension/results/ldsc/extension_rg_matrix.tsv	RECOMPUTED_FROM_PRINTED_ESTIMATES	BLOCKED_MISSING_INPUTS	False
shortsleep	panukbb_phecode__960__both_sexes__na__na	0.3153	0.0502	6.2876	3.2246e-10	0.0607	0.0066	1.0109	0.0071	0.0275	0.0055	1217311	1175828	1166469	discovery_extension/logs/rg/rg_shortsleep.log	2.4646624203821658e-09	Poisoning by antibiotics	allergy_infectious	PREVIOUSLY_SCREENED	EUR	PRIMARY_EXTENSION_RG_COMPLETE	True	True	PAIR_NOVELTY_AUDIT_REQUIRED	shortsleep__panukbb_phecode__960__both_sexes__na__na	3.2246e-10	6.280876494023905	3.366695221692964e-10	3.224113311053283e-10	2.4646624203821658e-09	2.464290428830535e-09	2.5569837126782005e-09	0.2169098079760893	0.4136901920239108	True	3.213012268798076e-10	3.5272198422769905e-10	2.44026248263145e-09	2.6789011460331572e-09	False	dashti_2019_short_sleep	PANUKBB_2025_RELEASE	SELF_REPORT	discovery_extension/results/ldsc/extension_rg_matrix.tsv	RECOMPUTED_FROM_PRINTED_ESTIMATES	BLOCKED_MISSING_INPUTS	False
shortsleep	panukbb_prescriptions__amoxicillin_clavulanic_acid__both_sexes__na__na	0.3744	0.0699	5.3579	8.4184e-08	0.0241	0.0046	1.0617	0.0064	0.0106	0.0061	1217311	1175828	1166487	discovery_extension/logs/rg/rg_shortsleep.log	4.612821917808219e-07	amoxicillin/clavulanic acid	allergy_infectious	PREVIOUSLY_SCREENED	EUR	PRIMARY_EXTENSION_RG_COMPLETE	True	True	PAIR_NOVELTY_AUDIT_REQUIRED	shortsleep__panukbb_prescriptions__amoxicillin_clavulanic_acid__both_sexes__na__na	8.4184e-08	5.356223175965665	8.497953430877298e-08	8.41948159701716e-08	4.612821917808219e-07	4.613414573708033e-07	4.656412838836876e-07	0.23739851748065022	0.5114014825193498	True	8.286655428895571e-08	8.714150783460852e-08	4.5406331117236006e-07	4.774877141622385e-07	False	dashti_2019_short_sleep	PANUKBB_2025_RELEASE	SELF_REPORT	discovery_extension/results/ldsc/extension_rg_matrix.tsv	RECOMPUTED_FROM_PRINTED_ESTIMATES	BLOCKED_MISSING_INPUTS	False
shortsleep	panukbb_prescriptions__clarithromycin__both_sexes__na__na	0.3963	0.0592	6.6972	2.1248e-11	0.0375	0.0065	1.0361	0.0072	0.0188	0.0054	1217311	1175828	1166481	discovery_extension/logs/rg/rg_shortsleep.log	1.808340425531915e-10	clarithromycin	allergy_infectious	HIGH_NOVELTY_PRIORITY	EUR	PRIMARY_EXTENSION_RG_COMPLETE	True	True	PAIR_NOVELTY_AUDIT_REQUIRED	shortsleep__panukbb_prescriptions__clarithromycin__both_sexes__na__na	2.1248e-11	6.694256756756756	2.167705261466437e-11	2.1245077300603124e-11	1.808340425531915e-10	1.8080916851577129e-10	1.8448555416735633e-10	0.2802701321152288	0.5123298678847712	True	2.0733722953010822e-11	2.266066221253789e-11	1.764572166213687e-10	1.9423424753603908e-10	False	dashti_2019_short_sleep	PANUKBB_2025_RELEASE	SELF_REPORT	discovery_extension/results/ldsc/extension_rg_matrix.tsv	RECOMPUTED_FROM_PRINTED_ESTIMATES	BLOCKED_MISSING_INPUTS	False
shortsleep	panukbb_prescriptions__gabapentin__both_sexes__na__na	0.5177	0.0697	7.4314	1.0748e-13	0.0941	0.0139	1.02	0.0067	0.0277	0.0057	1217311	1175828	1166481	discovery_extension/logs/rg/rg_shortsleep.log	1.228342857142857e-12	gabapentin	medication_use	HIGH_NOVELTY_PRIORITY	EUR	PRIMARY_EXTENSION_RG_COMPLETE	True	True	PAIR_NOVELTY_AUDIT_REQUIRED	shortsleep__panukbb_prescriptions__gabapentin__both_sexes__na__na	1.0748e-13	7.427546628407462	1.1063038980598001e-13	1.0745422340846329e-13	1.228342857142857e-12	1.2280482675252947e-12	1.2524195072375096e-12	0.38109051027755825	0.6543094897224419	True	1.0568398327176342e-13	1.1579655242607522e-13	1.1964224521331708e-12	1.3233891705837166e-12	False	dashti_2019_short_sleep	PANUKBB_2025_RELEASE	SELF_REPORT	discovery_extension/results/ldsc/extension_rg_matrix.tsv	RECOMPUTED_FROM_PRINTED_ESTIMATES	BLOCKED_MISSING_INPUTS	False
shortsleep	panukbb_prescriptions__paracetamol__both_sexes__na__na	0.4799	0.0473	10.1482	3.3742e-24	0.0446	0.0042	1.0768	0.008	0.0347	0.0063	1217311	1175828	1166483	discovery_extension/logs/rg/rg_shortsleep.log	1.065536842105263e-22	paracetamol	medication_use	HIGH_NOVELTY_PRIORITY	EUR	PRIMARY_EXTENSION_RG_COMPLETE	True	True	PAIR_NOVELTY_AUDIT_REQUIRED	shortsleep__panukbb_prescriptions__paracetamol__both_sexes__na__na	3.3742e-24	10.145877378435518	3.4565824641360324e-24	3.375312764429399e-24	1.065536842105263e-22	1.0658882413987575e-22	1.0915523570955893e-22	0.38719370353125543	0.5726062964687446	True	3.0630285955591702e-24	3.899170757764314e-24	9.67272188071317e-23	1.231317081399257e-22	False	dashti_2019_short_sleep	PANUKBB_2025_RELEASE	SELF_REPORT	discovery_extension/results/ldsc/extension_rg_matrix.tsv	RECOMPUTED_FROM_PRINTED_ESTIMATES	BLOCKED_MISSING_INPUTS	False
shortsleep	panukbb_prescriptions__mebeverine__both_sexes__na__na	0.3062	0.0595	5.1492	2.6167e-07	0.0567	0.0093	1.0256	0.0067	0.014	0.0053	1217311	1175828	1166484	discovery_extension/logs/rg/rg_shortsleep.log	1.319344537815126e-06	mebeverine	medication_use	HIGH_NOVELTY_PRIORITY	EUR	PRIMARY_EXTENSION_RG_COMPLETE	True	True	PAIR_NOVELTY_AUDIT_REQUIRED	shortsleep__panukbb_prescriptions__mebeverine__both_sexes__na__na	2.6167e-07	5.146218487394958	2.657898377121081e-07	2.615998232797727e-07	1.319344537815126e-06	1.3189907056122994e-06	1.3345096454164423e-06	0.1895821429198668	0.42281785708013325	True	2.585660075900769e-07	2.731957908348121e-07	1.2982393686531058e-06	1.3716943472877594e-06	False	dashti_2019_short_sleep	PANUKBB_2025_RELEASE	SELF_REPORT	discovery_extension/results/ldsc/extension_rg_matrix.tsv	RECOMPUTED_FROM_PRINTED_ESTIMATES	BLOCKED_MISSING_INPUTS	False
shortsleep	panukbb_prescriptions__amlodipine__both_sexes__na__na	0.1698	0.0402	4.2226	2.4145e-05	0.0917	0.0072	1.0471	0.0082	0.0127	0.0059	1217311	1175828	1166486	discovery_extension/logs/rg/rg_shortsleep.log	8.998136645962732e-05	amlodipine	medication_use	HIGH_NOVELTY_PRIORITY	EUR	PRIMARY_EXTENSION_RG_COMPLETE	True	True	PAIR_NOVELTY_AUDIT_REQUIRED	shortsleep__panukbb_prescriptions__amlodipine__both_sexes__na__na	2.4145e-05	4.223880597014926	2.4013130669902065e-05	2.41500192667512e-05	8.998136645962732e-05	9.000007180155727e-05	8.948992796236795e-05	0.09100944782148983	0.24859055217851017	True	2.3329059488412683e-05	2.471448858137166e-05	8.694059436675533e-05	9.21036841541801e-05	False	dashti_2019_short_sleep	PANUKBB_2025_RELEASE	SELF_REPORT	discovery_extension/results/ldsc/extension_rg_matrix.tsv	RECOMPUTED_FROM_PRINTED_ESTIMATES	BLOCKED_MISSING_INPUTS	False
shortsleep	panukbb_prescriptions__orlistat__both_sexes__na__na	0.3735	0.0524	7.1274	1.0229e-12	0.2468	0.0296	1.0197	0.0066	0.0203	0.0052	1217311	1175828	1166484	discovery_extension/logs/rg/rg_shortsleep.log	1.0581724137931035e-11	orlistat	medication_use	HIGH_NOVELTY_PRIORITY	EUR	PRIMARY_EXTENSION_RG_COMPLETE	True	True	PAIR_NOVELTY_AUDIT_REQUIRED	shortsleep__panukbb_prescriptions__orlistat__both_sexes__na__na	1.0229e-12	7.127862595419847	1.019394613874482e-12	1.0228253121494955e-12	1.0581724137931035e-11	1.058095150499478e-11	1.0545461522839467e-11	0.2707978872101012	0.4762021127898988	True	9.63479367310922e-13	1.0783752286651401e-12	9.967027937699192e-12	1.1155605813777312e-11	False	dashti_2019_short_sleep	PANUKBB_2025_RELEASE	SELF_REPORT	discovery_extension/results/ldsc/extension_rg_matrix.tsv	RECOMPUTED_FROM_PRINTED_ESTIMATES	BLOCKED_MISSING_INPUTS	False
shortsleep	panukbb_prescriptions__tramadol__both_sexes__na__na	0.5412	0.0446	12.1321	7.1402e-34	0.0831	0.0073	1.0462	0.0084	0.0476	0.0061	1217311	1175828	1166483	discovery_extension/logs/rg/rg_shortsleep.log	4.5095999999999996e-32	tramadol	medication_use	HIGH_NOVELTY_PRIORITY	EUR	PRIMARY_EXTENSION_RG_COMPLETE	True	True	PAIR_NOVELTY_AUDIT_REQUIRED	shortsleep__panukbb_prescriptions__tramadol__both_sexes__na__na	7.1402e-34	12.134529147982063	6.93075150596143e-34	7.139476392836106e-34	4.5095999999999996e-32	4.50914298494912e-32	4.3773167406072194e-32	0.4537856062895136	0.6286143937104864	True	5.7879738555895e-34	8.29402596481813e-34	3.6555624351091584e-32	5.238332188306188e-32	False	dashti_2019_short_sleep	PANUKBB_2025_RELEASE	SELF_REPORT	discovery_extension/results/ldsc/extension_rg_matrix.tsv	RECOMPUTED_FROM_PRINTED_ESTIMATES	BLOCKED_MISSING_INPUTS	False
shortsleep	panukbb_prescriptions__citalopram__both_sexes__na__na	0.3307	0.0492	6.7228	1.7825e-11	0.0604	0.009	1.0257	0.0074	0.0328	0.0048	1217311	1175828	1166483	discovery_extension/logs/rg/rg_shortsleep.log	1.55e-10	citalopram	medication_use	HIGH_NOVELTY_PRIORITY	EUR	PRIMARY_EXTENSION_RG_COMPLETE	True	True	PAIR_NOVELTY_AUDIT_REQUIRED	shortsleep__panukbb_prescriptions__citalopram__both_sexes__na__na	1.7825e-11	6.721544715447155	1.7980803758313038e-11	1.7826519868886563e-11	1.55e-10	1.550132162511875e-10	1.5635481528967858e-10	0.2342697719606293	0.4271302280393707	True	1.7036436117751093e-11	1.897429673772798e-11	1.48142922763053e-10	1.649938846758955e-10	False	dashti_2019_short_sleep	PANUKBB_2025_RELEASE	SELF_REPORT	discovery_extension/results/ldsc/extension_rg_matrix.tsv	RECOMPUTED_FROM_PRINTED_ESTIMATES	BLOCKED_MISSING_INPUTS	False
shortsleep	panukbb_prescriptions__bendroflumethiazide__both_sexes__na__na	0.2037	0.0365	5.5745	2.482e-08	0.1064	0.0087	1.0568	0.0084	0.012	0.0056	1217311	1175828	1166483	discovery_extension/logs/rg/rg_shortsleep.log	1.4817910447761194e-07	bendroflumethiazide	medication_use	HIGH_NOVELTY_PRIORITY	EUR	PRIMARY_EXTENSION_RG_COMPLETE	True	True	PAIR_NOVELTY_AUDIT_REQUIRED	shortsleep__panukbb_prescriptions__bendroflumethiazide__both_sexes__na__na	2.482e-08	5.580821917808219	2.393846460332119e-08	2.4824180598696965e-08	1.4817910447761194e-07	1.4820406327580278e-07	1.4291620658699218e-07	0.13216131456428803	0.27523868543571195	True	2.2726701353583974e-08	2.5209264043388838e-08	1.3568179912587447e-07	1.5050306891575426e-07	False	dashti_2019_short_sleep	PANUKBB_2025_RELEASE	SELF_REPORT	discovery_extension/results/ldsc/extension_rg_matrix.tsv	RECOMPUTED_FROM_PRINTED_ESTIMATES	BLOCKED_MISSING_INPUTS	False
shortsleep	panukbb_categorical__20003__both_sexes__1140874420__na	0.2625	0.0685	3.8289	0.0001	0.2613	0.049	0.9988	0.0072	0.0254	0.0055	1217311	1175828	1166482	discovery_extension/logs/rg/rg_shortsleep.log	0.0003225806451612903	Treatment/medication code	medication_use	PREVIOUSLY_SCREENED	EUR	PRIMARY_EXTENSION_RG_COMPLETE	True	True	PAIR_NOVELTY_AUDIT_REQUIRED	shortsleep__panukbb_categorical__20003__both_sexes__1140874420__na	0.0001	3.8321167883211675	0.00012704539959601673	0.00012871729171188344	0.0003225806451612903	0.00042087397834948264	0.0004154073011313898	0.1282424670590063	0.3967575329409937	True	0.00012523445067729702	0.00012887831410108417	0.0004094859422690911	0.0004214004820743897	False	dashti_2019_short_sleep	PANUKBB_2025_RELEASE	SELF_REPORT	discovery_extension/results/ldsc/extension_rg_matrix.tsv	RECOMPUTED_FROM_PRINTED_ESTIMATES	BLOCKED_MISSING_INPUTS	False
shortsleep	panukbb_categorical__20003__both_sexes__1140881856__na	0.3399	0.0725	4.6847	2.8032e-06	0.1353	0.0284	0.9957	0.007	0.0198	0.0048	1217311	1175828	1166481	discovery_extension/logs/rg/rg_shortsleep.log	1.2143826714801445e-05	Treatment/medication code	medication_use	PREVIOUSLY_SCREENED	EUR	PRIMARY_EXTENSION_RG_COMPLETE	True	True	PAIR_NOVELTY_AUDIT_REQUIRED	shortsleep__panukbb_categorical__20003__both_sexes__1140881856__na	2.8032e-06	4.6882758620689655	2.755164563585363e-06	2.803702811089512e-06	1.2143826714801445e-05	1.21460049577885e-05	1.1935730961380634e-05	0.19780261112084607	0.4819973888791539	True	2.7028069831315224e-06	2.808420497822017e-06	1.1708911118259302e-05	1.2166442589842673e-05	False	dashti_2019_short_sleep	PANUKBB_2025_RELEASE	SELF_REPORT	discovery_extension/results/ldsc/extension_rg_matrix.tsv	RECOMPUTED_FROM_PRINTED_ESTIMATES	BLOCKED_MISSING_INPUTS	False
shortsleep	panukbb_categorical__6149__both_sexes__4__na	0.33	0.051	6.4738	9.5576e-11	0.0789	0.0089	1.0186	0.0066	0.0203	0.0056	1217311	1175828	1166484	discovery_extension/logs/rg/rg_shortsleep.log	7.64608e-10	Mouth/teeth dental problems	oral_dental	HIGH_NOVELTY_PRIORITY	EUR	PRIMARY_EXTENSION_RG_COMPLETE	True	True	PAIR_NOVELTY_AUDIT_REQUIRED	shortsleep__panukbb_categorical__6149__both_sexes__4__na	9.5576e-11	6.470588235294119	9.762212696451e-11	9.556838341549506e-11	7.64608e-10	7.645470673239605e-10	7.8097701571608e-10	0.23004183678845727	0.4299581632115428	True	9.299592400489168e-11	1.0246334538215276e-10	7.439673920391334e-10	8.198337992503188e-10	False	dashti_2019_short_sleep	PANUKBB_2025_RELEASE	SELF_REPORT	discovery_extension/results/ldsc/extension_rg_matrix.tsv	RECOMPUTED_FROM_PRINTED_ESTIMATES	BLOCKED_MISSING_INPUTS	False
shortsleep	panukbb_categorical__6149__both_sexes__6__na	0.2949	0.0312	9.4578	3.1455e-21	0.0885	0.0042	1.0654	0.0103	0.0462	0.0067	1217311	1175828	1166485	discovery_extension/logs/rg/rg_shortsleep.log	7.5492e-20	Mouth/teeth dental problems	oral_dental	PREVIOUSLY_SCREENED	EUR	PRIMARY_EXTENSION_RG_COMPLETE	True	True	PAIR_NOVELTY_AUDIT_REQUIRED	shortsleep__panukbb_categorical__6149__both_sexes__6__na	3.1455e-21	9.451923076923077	3.3266184341191666e-21	3.1449010242287586e-21	7.5492e-20	7.547762458149022e-20	7.827337492045098e-20	0.23374912368235032	0.3560508763176497	True	2.8334841449703072e-21	3.902490344853103e-21	6.815439226436458e-20	9.182330223183772e-20	False	dashti_2019_short_sleep	PANUKBB_2025_RELEASE	SELF_REPORT	discovery_extension/results/ldsc/extension_rg_matrix.tsv	RECOMPUTED_FROM_PRINTED_ESTIMATES	BLOCKED_MISSING_INPUTS	False
shortsleep	panukbb_categorical__20004__both_sexes__1480__na	-0.1873	0.0472	-3.9643	7.3599e-05	0.0779	0.008	1.0083	0.0065	-0.0171	0.0055	1217311	1175828	1166483	discovery_extension/logs/rg/rg_shortsleep.log	0.00024878535211267605	Operation code	oral_dental	PREVIOUSLY_SCREENED	EUR	PRIMARY_EXTENSION_RG_COMPLETE	True	True	PAIR_NOVELTY_AUDIT_REQUIRED	shortsleep__panukbb_categorical__20004__both_sexes__1480__na	7.3599e-05	-3.9682203389830506	7.241136814769685e-05	7.361163225156642e-05	0.00024878535211267605	0.00024882805268135124	0.00024546226490744695	-0.27981030007029056	-0.09478969992970944	True	7.082747067914223e-05	7.402526936005136e-05	0.00024009312094624486	0.00025093311647475037	False	dashti_2019_short_sleep	PANUKBB_2025_RELEASE	SELF_REPORT	discovery_extension/results/ldsc/extension_rg_matrix.tsv	RECOMPUTED_FROM_PRINTED_ESTIMATES	BLOCKED_MISSING_INPUTS	False
shortsleep	panukbb_continuous__400__both_sexes__na__irnt	-0.0853	0.0225	-3.7954	0.0001	0.0835	0.0034	1.0887	0.0121	0.0117	0.0061	1217311	1175828	1166477	discovery_extension/logs/rg/rg_shortsleep.log	0.0003225806451612903	Time to complete round	cognitive	HEAVILY_STUDIED	EUR	PRIMARY_EXTENSION_RG_COMPLETE	True	False	NOT_TIER_A_SCREEN_THRESHOLD	shortsleep__panukbb_continuous__400__both_sexes__na__irnt	0.0001	-3.7911111111111113	0.00014997483681539588	0.00014740560221864981	0.0003225806451612903	0.0004755019426408059	0.00048378979617869636	-0.12939918965215122	-0.04120081034784879	True	0.00014365925695229037	0.0001565213864525976	0.0004634169579106141	0.0005049076982341858	False	dashti_2019_short_sleep	PANUKBB_2025_RELEASE	SELF_REPORT	discovery_extension/results/ldsc/extension_rg_matrix.tsv	RECOMPUTED_FROM_PRINTED_ESTIMATES	BLOCKED_MISSING_INPUTS	False
shortsleep	panukbb_categorical__4294__both_sexes__0__na	0.1332	0.0572	2.3283	0.0199	0.1283	0.0247	1.0055	0.0062	0.0138	0.005	1217311	1175828	1166088	discovery_extension/logs/rg/rg_shortsleep.log	0.04040609137055838	Final attempt correct	cognitive	UNDEREXPLORED	EUR	PRIMARY_EXTENSION_RG_COMPLETE	True	False	NOT_TIER_A_SCREEN_THRESHOLD	shortsleep__panukbb_categorical__4294__both_sexes__0__na	0.0199	2.3286713286713288	0.019876484137301087	0.019896179308821618	0.04040609137055838	0.04039833362197283	0.04042674739790052	0.021090060084308915	0.2453099399156911	True	0.019722609937125355	0.020031133877031856	0.04011378292296682	0.04073859998136712	False	dashti_2019_short_sleep	PANUKBB_2025_RELEASE	SELF_REPORT	discovery_extension/results/ldsc/extension_rg_matrix.tsv	RECOMPUTED_FROM_PRINTED_ESTIMATES	BLOCKED_MISSING_INPUTS	False
shortsleep	panukbb_continuous__20023__both_sexes__na__irnt	-0.0636	0.0256	-2.4874	0.0129	0.0795	0.0028	1.0911	0.0107	0.0223	0.0062	1217311	1175828	1166483	discovery_extension/logs/rg/rg_shortsleep.log	0.027544483985765124	Mean time to correctly identify matches	cognitive	PREVIOUSLY_SCREENED	EUR	PRIMARY_EXTENSION_RG_COMPLETE	True	False	NOT_TIER_A_SCREEN_THRESHOLD	shortsleep__panukbb_continuous__20023__both_sexes__na__irnt	0.0129	-2.484375	0.012977906190221804	0.01286806246659346	0.027544483985765124	0.0274762899642565	0.027710831722893535	-0.1137750780042254	-0.013424921995774615	True	0.01273146760311372	0.013227569624904165	0.027184628334050647	0.02824392090726868	False	dashti_2019_short_sleep	PANUKBB_2025_RELEASE	SELF_REPORT	discovery_extension/results/ldsc/extension_rg_matrix.tsv	RECOMPUTED_FROM_PRINTED_ESTIMATES	BLOCKED_MISSING_INPUTS	False
shortsleep	panukbb_categorical__5001__both_sexes__5001__na	-0.1993	0.0468	-4.2626	2.0209e-05	0.1159	0.0131	1.002	0.0066	-0.0146	0.0057	1217311	1175828	1166403	discovery_extension/logs/rg/rg_shortsleep.log	7.650094637223975e-05	FI7 : synonym	cognitive	PREVIOUSLY_SCREENED	EUR	PRIMARY_EXTENSION_RG_COMPLETE	True	True	PAIR_NOVELTY_AUDIT_REQUIRED	shortsleep__panukbb_categorical__5001__both_sexes__5001__na	2.0209e-05	-4.2585470085470085	2.0575995379628502e-05	2.020620256385552e-05	7.650094637223975e-05	7.649035670860134e-05	7.789020332982398e-05	-0.29102631447647453	-0.10757368552352548	True	2.006456330483098e-05	2.1098692867697373e-05	7.595418285740435e-05	7.986886889980079e-05	False	dashti_2019_short_sleep	PANUKBB_2025_RELEASE	SELF_REPORT	discovery_extension/results/ldsc/extension_rg_matrix.tsv	RECOMPUTED_FROM_PRINTED_ESTIMATES	BLOCKED_MISSING_INPUTS	False
shortsleep	panukbb_continuous__20515__both_sexes__na__na	0.377	0.0425	8.8794	6.7229e-19	0.0421	0.0039	1.0166	0.0069	0.0619	0.0056	1217311	1175828	1166444	discovery_extension/logs/rg/rg_shortsleep.log	1.3012064516129033e-17	Recent trouble relaxing	mental_psychosocial	UNDEREXPLORED	EUR	PRIMARY_EXTENSION_RG_COMPLETE	True	True	PAIR_NOVELTY_AUDIT_REQUIRED	shortsleep__panukbb_continuous__20515__both_sexes__na__na	6.7229e-19	8.870588235294116	7.276052485888165e-19	6.722196650322455e-19	1.3012064516129033e-17	1.3010703194172494e-17	1.4082682230751287e-17	0.2937015306570477	0.4602984693429523	True	6.554237404403587e-19	8.07430292124986e-19	1.268562078271662e-17	1.5627683073386827e-17	False	dashti_2019_short_sleep	PANUKBB_2025_RELEASE	SELF_REPORT	discovery_extension/results/ldsc/extension_rg_matrix.tsv	RECOMPUTED_FROM_PRINTED_ESTIMATES	BLOCKED_MISSING_INPUTS	False
shortsleep	panukbb_continuous__20520__both_sexes__na__na	0.3188	0.0408	7.8175	5.3864e-15	0.046	0.0046	1.0244	0.0076	0.0445	0.0055	1217311	1175828	1166447	discovery_extension/logs/rg/rg_shortsleep.log	7.429517241379311e-14	Recent worrying too much about different things	mental_psychosocial	UNDEREXPLORED	EUR	PRIMARY_EXTENSION_RG_COMPLETE	True	True	PAIR_NOVELTY_AUDIT_REQUIRED	shortsleep__panukbb_continuous__20520__both_sexes__na__na	5.3864e-15	7.813725490196077	5.552194801754115e-15	5.3882729272448636e-15	7.429517241379311e-14	7.432100589303261e-14	7.6581997265574e-14	0.23883346943076578	0.39876653056923417	True	5.095170072664082e-15	6.048247200636542e-15	7.027820789881492e-14	8.342409931912472e-14	False	dashti_2019_short_sleep	PANUKBB_2025_RELEASE	SELF_REPORT	discovery_extension/results/ldsc/extension_rg_matrix.tsv	RECOMPUTED_FROM_PRINTED_ESTIMATES	BLOCKED_MISSING_INPUTS	False
shortsleep	panukbb_continuous__20485__both_sexes__na__na	0.2013	0.0463	4.3456	1.3892e-05	0.0452	0.0043	1.0445	0.007	0.0275	0.0054	1217311	1175828	1166444	discovery_extension/logs/rg/rg_shortsleep.log	5.360257234726689e-05	Ever contemplated self-harm	mental_psychosocial	UNDEREXPLORED	EUR	PRIMARY_EXTENSION_RG_COMPLETE	True	True	PAIR_NOVELTY_AUDIT_REQUIRED	shortsleep__panukbb_continuous__20485__both_sexes__na__na	1.3892e-05	4.347732181425486	1.3755242385418046e-05	1.3889547628357602e-05	5.360257234726689e-05	5.359310982002933e-05	5.30748902331243e-05	0.1105536675157955	0.29204633248420453	True	1.3397283292834734e-05	1.4121511113799251e-05	5.169369759293145e-05	5.448814577671737e-05	False	dashti_2019_short_sleep	PANUKBB_2025_RELEASE	SELF_REPORT	discovery_extension/results/ldsc/extension_rg_matrix.tsv	RECOMPUTED_FROM_PRINTED_ESTIMATES	BLOCKED_MISSING_INPUTS	False
shortsleep	panukbb_continuous__20498__both_sexes__na__na	0.322	0.036	8.9527	3.4685e-19	0.0531	0.0044	1.0112	0.007	0.0393	0.0054	1217311	1175828	1166032	discovery_extension/logs/rg/rg_shortsleep.log	7.054576271186441e-18	Felt very upset when reminded of stressful experience in past month	mental_psychosocial	PREVIOUSLY_SCREENED	EUR	PRIMARY_EXTENSION_RG_COMPLETE	True	True	PAIR_NOVELTY_AUDIT_REQUIRED	shortsleep__panukbb_continuous__20498__both_sexes__na__na	3.4685e-19	8.944444444444445	3.738253500862606e-19	3.468916353967606e-19	7.054576271186441e-18	7.055423092815471e-18	7.603227459381571e-18	0.25144129655655806	0.39255870344344196	True	3.297959874233136e-19	4.2350583120913555e-19	6.707714998440277e-18	8.613677922897672e-18	False	dashti_2019_short_sleep	PANUKBB_2025_RELEASE	SELF_REPORT	discovery_extension/results/ldsc/extension_rg_matrix.tsv	RECOMPUTED_FROM_PRINTED_ESTIMATES	BLOCKED_MISSING_INPUTS	False
shortsleep	panukbb_categorical__6145__both_sexes__6__na	0.4455	0.0343	12.9689	1.8373e-38	0.0753	0.0044	1.0208	0.008	0.0748	0.0059	1217311	1175828	1166476	discovery_extension/logs/rg/rg_shortsleep.log	1.377975e-36	Illness, injury, bereavement, stress in last 2 years	mental_psychosocial	UNDEREXPLORED	EUR	PRIMARY_EXTENSION_RG_COMPLETE	True	True	PAIR_NOVELTY_AUDIT_REQUIRED	shortsleep__panukbb_categorical__6145__both_sexes__6__na	1.8373e-38	12.988338192419826	1.424873986098144e-38	1.8364690005725049e-38	1.377975e-36	1.3773517504293787e-36	1.0686554895736079e-36	0.3782732353302761	0.5127267646697239	True	1.09099263601051e-38	1.8587211625136144e-38	8.182444770078826e-37	1.3940408718852108e-36	False	dashti_2019_short_sleep	PANUKBB_2025_RELEASE	SELF_REPORT	discovery_extension/results/ldsc/extension_rg_matrix.tsv	RECOMPUTED_FROM_PRINTED_ESTIMATES	BLOCKED_MISSING_INPUTS	False
shortsleep	panukbb_categorical__2020__both_sexes__2020__na	0.3691	0.0282	13.09	3.7566e-39	0.0615	0.0032	1.0253	0.0078	0.0869	0.0061	1217311	1175828	1166487	discovery_extension/logs/rg/rg_shortsleep.log	3.0052799999999997e-37	Loneliness, isolation	mental_psychosocial	PREVIOUSLY_SCREENED	EUR	PRIMARY_EXTENSION_RG_COMPLETE	True	True	PAIR_NOVELTY_AUDIT_REQUIRED	shortsleep__panukbb_categorical__2020__both_sexes__2020__na	3.7566e-39	13.088652482269504	3.8233052424450994e-39	3.756078332069459e-39	3.0052799999999997e-37	3.004862665655567e-37	3.0586441939560797e-37	0.31382901563597043	0.42437098436402954	True	2.7493926675303342e-39	5.307197771973774e-39	2.199514134024267e-37	4.245758217579019e-37	False	dashti_2019_short_sleep	PANUKBB_2025_RELEASE	SELF_REPORT	discovery_extension/results/ldsc/extension_rg_matrix.tsv	RECOMPUTED_FROM_PRINTED_ESTIMATES	BLOCKED_MISSING_INPUTS	False
shortsleep	panukbb_categorical__2040__both_sexes__2040__na	0.1555	0.031	5.0103	5.434e-07	0.067	0.0034	1.0282	0.0101	0.0184	0.0065	1217311	1175828	1166478	discovery_extension/logs/rg/rg_shortsleep.log	2.6187951807228915e-06	Risk taking	mental_psychosocial	HEAVILY_STUDIED	EUR	PRIMARY_EXTENSION_RG_COMPLETE	True	True	PAIR_NOVELTY_AUDIT_REQUIRED	shortsleep__panukbb_categorical__2040__both_sexes__2040__na	5.434e-07	5.016129032258065	5.272292725688261e-07	5.434525075167991e-07	2.6187951807228915e-06	2.6190482289966222e-06	2.540863964187114e-06	0.09474111647925833	0.21625888352074168	True	5.012123983375002e-07	5.544558174701488e-07	2.4154814377710853e-06	2.672076228771801e-06	False	dashti_2019_short_sleep	PANUKBB_2025_RELEASE	SELF_REPORT	discovery_extension/results/ldsc/extension_rg_matrix.tsv	RECOMPUTED_FROM_PRINTED_ESTIMATES	BLOCKED_MISSING_INPUTS	False
shortsleep	panukbb_categorical__1677__both_sexes__1677__na	-0.1967	0.0412	-4.775	1.797e-06	0.0274	0.0024	1.0378	0.0076	-0.0235	0.0055	1217311	1175828	1166086	discovery_extension/logs/rg/rg_shortsleep.log	8.076404494382022e-06	Breastfed as a baby	early_life	HEAVILY_STUDIED	EUR	PRIMARY_EXTENSION_RG_COMPLETE	True	True	PAIR_NOVELTY_AUDIT_REQUIRED	shortsleep__panukbb_categorical__1677__both_sexes__1677__na	1.797e-06	-4.774271844660195	1.8035862237849472e-06	1.7970725428985508e-06	8.076404494382022e-06	8.076730529881127e-06	8.106005500157067e-06	-0.2774505161630503	-0.11594948383694978	True	1.7417564645233838e-06	1.8673645598228986e-06	7.798909542642017e-06	8.424201021757438e-06	False	dashti_2019_short_sleep	PANUKBB_2025_RELEASE	SELF_REPORT	discovery_extension/results/ldsc/extension_rg_matrix.tsv	RECOMPUTED_FROM_PRINTED_ESTIMATES	BLOCKED_MISSING_INPUTS	False
shortsleep	panukbb_continuous__20022__both_sexes__na__irnt	-0.0912	0.0267	-3.4153	0.0006	0.1024	0.0057	1.1327	0.0155	-0.0046	0.0068	1217311	1175828	1166455	discovery_extension/logs/rg/rg_shortsleep.log	0.0016861826697892272	Birth weight	early_life	HEAVILY_STUDIED	EUR	PRIMARY_EXTENSION_RG_COMPLETE	True	False	NOT_TIER_A_SCREEN_THRESHOLD	shortsleep__panukbb_continuous__20022__both_sexes__na__irnt	0.0006	-3.4157303370786516	0.0006361120601936451	0.0006371179832679196	0.0016861826697892272	0.0017904955033290484	0.00178766855323741	-0.14353103838721945	-0.038868961612780556	True	0.0006170321290005564	0.0006556652165752561	0.0017340481377064816	0.0018426188756213288	False	dashti_2019_short_sleep	PANUKBB_2025_RELEASE	SELF_REPORT	discovery_extension/results/ldsc/extension_rg_matrix.tsv	RECOMPUTED_FROM_PRINTED_ESTIMATES	BLOCKED_MISSING_INPUTS	False
shortsleep	panukbb_categorical__1538__both_sexes__1__na	0.3291	0.0323	10.1811	2.4088e-24	0.07	0.004	1.0279	0.0075	0.054	0.0055	1217311	1175828	1166483	discovery_extension/logs/rg/rg_shortsleep.log	7.812324324324324e-23	Major dietary changes in the last 5 years	diet	UNDEREXPLORED	EUR	PRIMARY_EXTENSION_RG_COMPLETE	True	True	PAIR_NOVELTY_AUDIT_REQUIRED	shortsleep__panukbb_categorical__1538__both_sexes__1__na	2.4088e-24	10.188854489164086	2.2236888782569172e-24	2.4082350067899618e-24	7.812324324324324e-23	7.810491913913389e-23	7.211963929481895e-23	0.26579316329935626	0.39240683670064375	True	1.860044611965825e-24	2.656171219127184e-24	6.032577119889163e-23	8.614609359331408e-23	False	dashti_2019_short_sleep	PANUKBB_2025_RELEASE	SELF_REPORT	discovery_extension/results/ldsc/extension_rg_matrix.tsv	RECOMPUTED_FROM_PRINTED_ESTIMATES	BLOCKED_MISSING_INPUTS	False
shortsleep	panukbb_continuous__1548__both_sexes__na__na	0.1873	0.0272	6.8869	5.7023e-12	0.0437	0.0021	1.0313	0.0081	0.0344	0.0064	1217311	1175828	1166481	discovery_extension/logs/rg/rg_shortsleep.log	5.388e-11	Variation in diet	diet	PREVIOUSLY_SCREENED	EUR	PRIMARY_EXTENSION_RG_COMPLETE	True	True	PAIR_NOVELTY_AUDIT_REQUIRED	shortsleep__panukbb_continuous__1548__both_sexes__na__na	5.7023e-12	6.886029411764706	5.7371134249258594e-12	5.702127459495314e-12	5.388e-11	5.3878369696018713e-11	5.420894574733095e-11	0.13398897962051054	0.24061102037948945	True	5.180067767758212e-12	6.350373436706769e-12	4.8945522215038224e-11	5.953475096912596e-11	False	dashti_2019_short_sleep	PANUKBB_2025_RELEASE	SELF_REPORT	discovery_extension/results/ldsc/extension_rg_matrix.tsv	RECOMPUTED_FROM_PRINTED_ESTIMATES	BLOCKED_MISSING_INPUTS	False
shortsleep	panukbb_categorical__1468__both_sexes__4__na	-0.3237	0.0284	-11.4042	3.9825e-30	0.0727	0.0034	1.0416	0.008	-0.0409	0.0061	1217311	1175828	1166452	discovery_extension/logs/rg/rg_shortsleep.log	1.9115999999999998e-28	Cereal type	diet	PREVIOUSLY_SCREENED	EUR	PRIMARY_EXTENSION_RG_COMPLETE	True	True	PAIR_NOVELTY_AUDIT_REQUIRED	shortsleep__panukbb_categorical__1468__both_sexes__4__na	3.9825e-30	-11.39788732394366	4.283887804796669e-30	3.9842312543466286e-30	1.9115999999999998e-28	1.9124310020863815e-28	2.056266146302401e-28	-0.37936297716093753	-0.26803702283906244	True	3.331791745404483e-30	5.5005942427713725e-30	1.5992600377941519e-28	2.640285236530259e-28	False	dashti_2019_short_sleep	PANUKBB_2025_RELEASE	SELF_REPORT	discovery_extension/results/ldsc/extension_rg_matrix.tsv	RECOMPUTED_FROM_PRINTED_ESTIMATES	BLOCKED_MISSING_INPUTS	False
shortsleep	panukbb_continuous__2237__both_sexes__na__na	0.2021	0.0272	7.4162	1.2052e-13	0.0746	0.003	1.0717	0.0097	0.0148	0.0066	1217311	1175828	1166484	discovery_extension/logs/rg/rg_shortsleep.log	1.364377358490566e-12	Plays computer games	digital_environment	PREVIOUSLY_SCREENED	EUR	PRIMARY_EXTENSION_RG_COMPLETE	True	True	PAIR_NOVELTY_AUDIT_REQUIRED	shortsleep__panukbb_continuous__2237__both_sexes__na__na	1.2052e-13	7.43014705882353	1.084770085280028e-13	1.2052844974178435e-13	1.364377358490566e-12	1.3644730159447285e-12	1.239737240320032e-12	0.14878897962051052	0.2554110203794895	True	9.645203478609467e-14	1.219198327378446e-13	1.1023089689839392e-12	1.380224521560505e-12	False	dashti_2019_short_sleep	PANUKBB_2025_RELEASE	SELF_REPORT	discovery_extension/results/ldsc/extension_rg_matrix.tsv	RECOMPUTED_FROM_PRINTED_ESTIMATES	BLOCKED_MISSING_INPUTS	False
shortsleep	panukbb_continuous__874__both_sexes__na__irnt	0.23	0.0301	7.6287	2.3707e-14	0.0472	0.0025	1.0375	0.0085	0.0321	0.0059	1217311	1175828	1166454	discovery_extension/logs/rg/rg_shortsleep.log	2.9633750000000005e-13	Duration of walks	physical_activity	UNDEREXPLORED	EUR	PRIMARY_EXTENSION_RG_COMPLETE	True	True	PAIR_NOVELTY_AUDIT_REQUIRED	shortsleep__panukbb_continuous__874__both_sexes__na__irnt	2.3707e-14	7.641196013289037	2.152131302405907e-14	2.3713274111286376e-14	2.9633750000000005e-13	2.964159263910797e-13	2.7184816451443036e-13	0.17100508406534437	0.28899491593465565	True	1.9245062573344922e-14	2.4052998939513445e-14	2.4375443293558954e-13	3.03827355025433e-13	False	dashti_2019_short_sleep	PANUKBB_2025_RELEASE	SELF_REPORT	discovery_extension/results/ldsc/extension_rg_matrix.tsv	RECOMPUTED_FROM_PRINTED_ESTIMATES	BLOCKED_MISSING_INPUTS	False
shortsleep	panukbb_continuous__943__both_sexes__na__na	-0.171	0.0328	-5.2074	1.9151e-07	0.0351	0.0018	1.0528	0.0078	-0.0198	0.006	1217311	1175828	1166486	discovery_extension/logs/rg/rg_shortsleep.log	9.863175965665237e-07	Frequency of stair climbing in last 4 weeks	physical_activity	PREVIOUSLY_SCREENED	EUR	PRIMARY_EXTENSION_RG_COMPLETE	True	True	PAIR_NOVELTY_AUDIT_REQUIRED	shortsleep__panukbb_continuous__943__both_sexes__na__na	1.9151e-07	-5.213414634146341	1.8539586643351638e-07	1.9150498155546166e-07	9.863175965665237e-07	9.862917505002317e-07	9.548284966533031e-07	-0.2352868186929138	-0.10671318130708624	True	1.7614179775503677e-07	1.9508876472369725e-07	9.071680571074854e-07	1.004749002868827e-06	False	dashti_2019_short_sleep	PANUKBB_2025_RELEASE	SELF_REPORT	discovery_extension/results/ldsc/extension_rg_matrix.tsv	RECOMPUTED_FROM_PRINTED_ESTIMATES	BLOCKED_MISSING_INPUTS	False
shortsleep	panukbb_categorical__6164__both_sexes__5__na	-0.1779	0.0338	-5.2678	1.381e-07	0.0316	0.0018	1.0258	0.0077	-0.0507	0.0062	1217311	1175828	1166489	discovery_extension/logs/rg/rg_shortsleep.log	7.365333333333334e-07	Types of physical activity in last 4 weeks	physical_activity	UNDEREXPLORED	EUR	PRIMARY_EXTENSION_RG_COMPLETE	True	True	PAIR_NOVELTY_AUDIT_REQUIRED	shortsleep__panukbb_categorical__6164__both_sexes__5__na	1.381e-07	-5.263313609467456	1.4148193642055292e-07	1.3806841007681402e-07	7.365333333333334e-07	7.363648537430081e-07	7.545703275762822e-07	-0.24414678267745382	-0.11165321732254618	True	1.3450993592063178e-07	1.487807282077932e-07	7.173863249100362e-07	7.934972171082304e-07	False	dashti_2019_short_sleep	PANUKBB_2025_RELEASE	SELF_REPORT	discovery_extension/results/ldsc/extension_rg_matrix.tsv	RECOMPUTED_FROM_PRINTED_ESTIMATES	BLOCKED_MISSING_INPUTS	False
shortsleep	panukbb_continuous__924__both_sexes__na__na	-0.2701	0.0262	-10.3082	6.4723e-25	0.0821	0.0026	1.0595	0.01	-0.0648	0.0067	1217311	1175828	1166482	discovery_extension/logs/rg/rg_shortsleep.log	2.157433333333333e-23	Usual walking pace	physical_activity	PREVIOUSLY_SCREENED	EUR	PRIMARY_EXTENSION_RG_COMPLETE	True	True	PAIR_NOVELTY_AUDIT_REQUIRED	shortsleep__panukbb_continuous__924__both_sexes__na__na	6.4723e-25	-10.30916030534351	6.405855555273252e-25	6.470176981150881e-25	2.157433333333333e-23	2.156725660383627e-23	2.1352851850910842e-23	-0.3214510563949494	-0.2187489436050506	True	5.114090161411315e-25	8.013332972833839e-25	1.7046967204704384e-23	2.671110990944613e-23	False	dashti_2019_short_sleep	PANUKBB_2025_RELEASE	SELF_REPORT	discovery_extension/results/ldsc/extension_rg_matrix.tsv	RECOMPUTED_FROM_PRINTED_ESTIMATES	BLOCKED_MISSING_INPUTS	False
shortsleep	panukbb_categorical__6138__both_sexes__5__na	0.322	0.0417	7.7295	1.0799e-14	0.0216	0.0022	1.0118	0.0065	0.0189	0.0048	1217311	1175828	1166482	discovery_extension/logs/rg/rg_shortsleep.log	1.4085652173913044e-13	Qualifications	socioeconomic_occupational	UNDEREXPLORED	EUR	PRIMARY_EXTENSION_RG_COMPLETE	True	True	PAIR_NOVELTY_AUDIT_REQUIRED	shortsleep__panukbb_categorical__6138__both_sexes__5__na	1.0799e-14	7.721822541966427	1.1467798137409118e-14	1.0796980958821706e-14	1.4085652173913044e-13	1.4083018641941356e-13	1.4957997570533633e-13	0.24026950184467977	0.40373049815532025	True	1.0562655559497568e-14	1.244671429128028e-14	1.3777376816735959e-13	1.6234844727756887e-13	False	dashti_2019_short_sleep	PANUKBB_2025_RELEASE	SELF_REPORT	discovery_extension/results/ldsc/extension_rg_matrix.tsv	RECOMPUTED_FROM_PRINTED_ESTIMATES	BLOCKED_MISSING_INPUTS	False
shortsleep	panukbb_categorical__6142__both_sexes__6__na	-0.2576	0.0518	-4.9682	6.7582e-07	0.0618	0.0078	1.0131	0.0062	-0.012	0.0054	1217311	1175828	1166485	discovery_extension/logs/rg/rg_shortsleep.log	3.231011952191235e-06	Current employment status	socioeconomic_occupational	UNDEREXPLORED	EUR	PRIMARY_EXTENSION_RG_COMPLETE	True	True	PAIR_NOVELTY_AUDIT_REQUIRED	shortsleep__panukbb_categorical__6142__both_sexes__6__na	6.7582e-07	-4.972972972972973	6.593385620384918e-07	6.757724587393087e-07	3.231011952191235e-06	3.2307846632954997e-06	3.1522162328533472e-06	-0.3591261343991748	-0.1560738656008252	True	6.399823811410794e-07	6.792193213677291e-07	3.059676722586834e-06	3.2472636878138444e-06	False	dashti_2019_short_sleep	PANUKBB_2025_RELEASE	SELF_REPORT	discovery_extension/results/ldsc/extension_rg_matrix.tsv	RECOMPUTED_FROM_PRINTED_ESTIMATES	BLOCKED_MISSING_INPUTS	False
shortsleep	panukbb_continuous__816__both_sexes__na__na	0.3745	0.027	13.8786	8.5394e-44	0.0844	0.0042	1.0756	0.0095	0.0577	0.0058	1217311	1175828	1166434	discovery_extension/logs/rg/rg_shortsleep.log	1.1385866666666667e-41	Job involves heavy manual or physical work	socioeconomic_occupational	PREVIOUSLY_SCREENED	EUR	PRIMARY_EXTENSION_RG_COMPLETE	True	True	PAIR_NOVELTY_AUDIT_REQUIRED	shortsleep__panukbb_continuous__816__both_sexes__na__na	8.5394e-44	13.87037037037037	9.57809498098415e-44	8.539561876169579e-44	1.1385866666666667e-41	1.1386082501559439e-41	1.2770793307978866e-41	0.32158097241741856	0.42741902758258143	True	6.517325668853056e-44	1.4045707935261666e-43	8.689767558470741e-42	1.8727610580348888e-41	False	dashti_2019_short_sleep	PANUKBB_2025_RELEASE	SELF_REPORT	discovery_extension/results/ldsc/extension_rg_matrix.tsv	RECOMPUTED_FROM_PRINTED_ESTIMATES	BLOCKED_MISSING_INPUTS	False
shortsleep	panukbb_continuous__728__both_sexes__na__na	-0.2436	0.035	-6.9652	3.2783e-12	0.0304	0.0018	1.0561	0.0078	-0.0505	0.0062	1217311	1175828	1166481	discovery_extension/logs/rg/rg_shortsleep.log	3.1471679999999996e-11	Number of vehicles in household	socioeconomic_occupational	PREVIOUSLY_SCREENED	EUR	PRIMARY_EXTENSION_RG_COMPLETE	True	True	PAIR_NOVELTY_AUDIT_REQUIRED	shortsleep__panukbb_continuous__728__both_sexes__na__na	3.2783e-12	-6.96	3.4027273843913612e-12	3.2793753297451622e-12	3.1471679999999996e-11	3.148200316555356e-11	3.266618289015707e-11	-0.3121987394589019	-0.1750012605410981	True	3.138297888124236e-12	3.688118507068781e-12	3.0127659725992664e-11	3.54059376678603e-11	False	dashti_2019_short_sleep	PANUKBB_2025_RELEASE	SELF_REPORT	discovery_extension/results/ldsc/extension_rg_matrix.tsv	RECOMPUTED_FROM_PRINTED_ESTIMATES	BLOCKED_MISSING_INPUTS	False
shortsleep	panukbb_icd10__z95__both_sexes__na__na	0.2365	0.0408	5.8037	6.4886e-09	0.1327	0.0132	1.0086	0.008	0.0221	0.0052	1217311	1175828	1166483	discovery_extension/logs/rg/rg_shortsleep.log	4.163807486631016e-08	Z95 Presence of cardiac and vascular implants and grafts	other_clinical	UNDEREXPLORED	EUR	PRIMARY_EXTENSION_RG_COMPLETE	True	True	PAIR_NOVELTY_AUDIT_REQUIRED	shortsleep__panukbb_icd10__z95__both_sexes__na__na	6.4886e-09	5.79656862745098	6.768549428082402e-09	6.486729492155032e-09	4.163807486631016e-08	4.162607160741197e-08	4.3434541784486e-08	0.1565334694307658	0.3164665305692342	True	6.440136513100978e-09	7.112363306382196e-09	4.132707922845547e-08	4.564083405165046e-08	False	dashti_2019_short_sleep	PANUKBB_2025_RELEASE	SELF_REPORT	discovery_extension/results/ldsc/extension_rg_matrix.tsv	RECOMPUTED_FROM_PRINTED_ESTIMATES	BLOCKED_MISSING_INPUTS	False
shortsleep	panukbb_categorical__20002__both_sexes__1226__na	0.0836	0.0292	2.8632	0.0042	0.2563	0.028	1.0275	0.0172	0.0097	0.0062	1217311	1175828	1166483	discovery_extension/logs/rg/rg_shortsleep.log	0.009960474308300396	Non-cancer illness code, self-reported	other_clinical	PREVIOUSLY_SCREENED	EUR	PRIMARY_EXTENSION_RG_COMPLETE	True	False	NOT_TIER_A_SCREEN_THRESHOLD	shortsleep__panukbb_categorical__20002__both_sexes__1226__na	0.0042	2.863013698630137	0.004196324205825851	0.004193857499293828	0.009960474308300396	0.009985374998318638	0.009991248109109167	0.026369051651430414	0.14083094834856957	True	0.0041093963665710396	0.004284611105249412	0.009784277063264379	0.010181254111483752	False	dashti_2019_short_sleep	PANUKBB_2025_RELEASE	SELF_REPORT	discovery_extension/results/ldsc/extension_rg_matrix.tsv	RECOMPUTED_FROM_PRINTED_ESTIMATES	BLOCKED_MISSING_INPUTS	False
shortsleep	panukbb_continuous__135__both_sexes__na__na	0.3445	0.027	12.7784	2.1646e-37	0.0658	0.0025	1.0602	0.0116	0.0671	0.0067	1217311	1175828	1166485	discovery_extension/logs/rg/rg_shortsleep.log	1.5279529411764705e-35	Number of self-reported non-cancer illnesses	other_clinical	PREVIOUSLY_SCREENED	EUR	PRIMARY_EXTENSION_RG_COMPLETE	True	True	PAIR_NOVELTY_AUDIT_REQUIRED	shortsleep__panukbb_continuous__135__both_sexes__na__na	2.1646e-37	12.759259259259258	2.7682088150304695e-37	2.1647707001428343e-37	1.5279529411764705e-35	1.5280734353949419e-35	1.9540297517862138e-35	0.29158097241741854	0.3974190275825814	True	1.9940928732625327e-37	3.835711297714846e-37	1.4075949693617877e-35	2.6446330217606724e-35	False	dashti_2019_short_sleep	PANUKBB_2025_RELEASE	SELF_REPORT	discovery_extension/results/ldsc/extension_rg_matrix.tsv	RECOMPUTED_FROM_PRINTED_ESTIMATES	BLOCKED_MISSING_INPUTS	False
shortsleep	panukbb_categorical__20117__both_sexes__2__na	-0.2847	0.0346	-8.2197	2.0409e-16	0.0858	0.0067	1.0336	0.0077	-0.035	0.0053	1217311	1175828	1166487	discovery_extension/logs/rg/rg_shortsleep.log	3.0613500000000003e-15	Alcohol drinker status	alcohol_tobacco	UNDEREXPLORED	EUR	PRIMARY_EXTENSION_RG_COMPLETE	True	True	PAIR_NOVELTY_AUDIT_REQUIRED	shortsleep__panukbb_categorical__20117__both_sexes__2__na	2.0409e-16	-8.228323699421965	1.898514661850485e-16	2.0401286994583305e-16	3.0613500000000003e-15	3.060193049187496e-15	2.8477719927757276e-15	-0.3525147538650859	-0.21688524613491414	True	1.6981103259353652e-16	2.121515022977983e-16	2.547165488903048e-15	3.1822725344669745e-15	False	dashti_2019_short_sleep	PANUKBB_2025_RELEASE	SELF_REPORT	discovery_extension/results/ldsc/extension_rg_matrix.tsv	RECOMPUTED_FROM_PRINTED_ESTIMATES	BLOCKED_MISSING_INPUTS	False
shortsleep	panukbb_continuous__1588__both_sexes__na__na	0.1345	0.0329	4.0885	4.3422e-05	0.0504	0.0031	1.0568	0.0102	0.0272	0.0061	1217311	1175828	1166028	discovery_extension/logs/rg/rg_shortsleep.log	0.0001537061946902655	Average weekly beer plus cider intake	alcohol_tobacco	UNDEREXPLORED	EUR	PRIMARY_EXTENSION_RG_COMPLETE	True	False	NOT_TIER_A_SCREEN_THRESHOLD	shortsleep__panukbb_continuous__1588__both_sexes__na__na	4.3422e-05	4.088145896656536	4.348346601224724e-05	4.3417154697349055e-05	0.0001537061946902655	0.00015368904317645683	0.0001539237734946805	0.07001718490863224	0.19898281509136778	True	4.205488486367853e-05	4.495345446081016e-05	0.00014886684907496826	0.00015912727242764659	False	dashti_2019_short_sleep	PANUKBB_2025_RELEASE	SELF_REPORT	discovery_extension/results/ldsc/extension_rg_matrix.tsv	RECOMPUTED_FROM_PRINTED_ESTIMATES	BLOCKED_MISSING_INPUTS	False
shortsleep	panukbb_continuous__1259__both_sexes__na__na	0.3692	0.0524	7.0446	1.8601e-12	0.0105	0.0015	1.0163	0.0075	0.0291	0.0057	1217311	1175828	1166476	discovery_extension/logs/rg/rg_shortsleep.log	1.8757310924369746e-11	Smoking/smokers in household	alcohol_tobacco	PREVIOUSLY_SCREENED	EUR	PRIMARY_EXTENSION_RG_COMPLETE	True	True	PAIR_NOVELTY_AUDIT_REQUIRED	shortsleep__panukbb_continuous__1259__both_sexes__na__na	1.8601e-12	7.045801526717557	1.843969346502423e-12	1.859950319126455e-12	1.8757310924369746e-11	1.8755801537409632e-11	1.859464887229334e-11	0.26649788721010115	0.4719021127898988	True	1.7448988254806558e-12	1.9483469953194483e-12	1.7595618408208294e-11	1.9647196591456622e-11	False	dashti_2019_short_sleep	PANUKBB_2025_RELEASE	SELF_REPORT	discovery_extension/results/ldsc/extension_rg_matrix.tsv	RECOMPUTED_FROM_PRINTED_ESTIMATES	BLOCKED_MISSING_INPUTS	False
shortsleep	panukbb_phecode__318__both_sexes__na__na	0.4414	0.0499	8.8457	9.0975e-19	0.1504	0.0118	1.0075	0.0072	0.0379	0.0062	1217311	1175828	1166471	discovery_extension/logs/rg/rg_shortsleep.log	1.7328571428571427e-17	Tobacco use disorder	alcohol_tobacco	UNDEREXPLORED	EUR	PRIMARY_EXTENSION_RG_COMPLETE	True	True	PAIR_NOVELTY_AUDIT_REQUIRED	shortsleep__panukbb_phecode__318__both_sexes__na__na	9.0975e-19	8.845691382765532	9.096333647779676e-19	9.095631654740582e-19	1.7328571428571427e-17	1.7325012675696346e-17	1.732634980529462e-17	0.34359779717145134	0.5392022028285487	True	8.325971395059239e-19	9.93525881302833e-19	1.585899313344617e-17	1.8924302501006343e-17	False	dashti_2019_short_sleep	PANUKBB_2025_RELEASE	SELF_REPORT	discovery_extension/results/ldsc/extension_rg_matrix.tsv	RECOMPUTED_FROM_PRINTED_ESTIMATES	BLOCKED_MISSING_INPUTS	False
longsleep	panukbb_continuous__30510__both_sexes__na__irnt	0.2402	0.0418	5.7456	9.1585e-09	0.0634	0.0028	1.0647	0.0096	0.0447	0.0059	1217311	1175811	1166466	discovery_extension/logs/rg/rg_longsleep.log	5.814920634920635e-08	Creatinine (enzymatic) in urine	renal_urinary	PREVIOUSLY_SCREENED	EUR	PRIMARY_EXTENSION_RG_COMPLETE	True	True	PAIR_NOVELTY_AUDIT_REQUIRED	longsleep__panukbb_continuous__30510__both_sexes__na__irnt	9.1585e-09	5.746411483253589	9.115731611351902e-09	9.159560486176756e-09	5.814920634920635e-08	5.8155939594773054e-08	5.787766102445652e-08	0.15827350544622576	0.32212649455377423	True	8.690322552332694e-09	9.560267630616378e-09	5.5176651125921866e-08	6.070011194042144e-08	False	dashti_2019_long_sleep	PANUKBB_2025_RELEASE	SELF_REPORT	discovery_extension/results/ldsc/extension_rg_matrix.tsv	RECOMPUTED_FROM_PRINTED_ESTIMATES	BLOCKED_MISSING_INPUTS	False
longsleep	panukbb_continuous__30530__both_sexes__na__irnt	0.2034	0.0413	4.9261	8.3873e-07	0.0708	0.003	1.0608	0.0106	0.0158	0.0063	1217311	1175811	1166467	discovery_extension/logs/rg/rg_longsleep.log	3.931546875e-06	Sodium in urine	renal_urinary	HEAVILY_STUDIED	EUR	PRIMARY_EXTENSION_RG_COMPLETE	True	True	PAIR_NOVELTY_AUDIT_REQUIRED	longsleep__panukbb_continuous__30530__both_sexes__na__irnt	8.3873e-07	4.924939467312348	8.438647300820747e-07	8.388707794789896e-07	3.931546875e-06	3.932206778807764e-06	3.955615922259725e-06	0.12245348743849575	0.2843465125615042	True	8.134141219464239e-07	8.753339897236933e-07	3.7980425927459483e-06	4.103128076829812e-06	False	dashti_2019_long_sleep	PANUKBB_2025_RELEASE	SELF_REPORT	discovery_extension/results/ldsc/extension_rg_matrix.tsv	RECOMPUTED_FROM_PRINTED_ESTIMATES	BLOCKED_MISSING_INPUTS	False
longsleep	panukbb_phecode__594__both_sexes__na__na	0.2517	0.0564	4.4647	8.0183e-06	0.1903	0.0185	1.0047	0.0069	0.0045	0.0052	1217311	1175811	1166475	discovery_extension/logs/rg/rg_longsleep.log	3.228845637583893e-05	Urinary calculus	renal_urinary	HIGH_NOVELTY_PRIORITY	EUR	PRIMARY_EXTENSION_RG_COMPLETE	True	True	PAIR_NOVELTY_AUDIT_REQUIRED	longsleep__panukbb_phecode__594__both_sexes__na__na	8.0183e-06	4.462765957446808	8.090841037515033e-06	8.018101978611579e-06	3.228845637583893e-05	3.228765897427482e-05	3.258056793630215e-05	0.14115803127194093	0.362241968728059	True	7.909718297846526e-06	8.275593043948052e-06	3.185121462220077e-05	3.343673957150728e-05	False	dashti_2019_long_sleep	PANUKBB_2025_RELEASE	SELF_REPORT	discovery_extension/results/ldsc/extension_rg_matrix.tsv	RECOMPUTED_FROM_PRINTED_ESTIMATES	BLOCKED_MISSING_INPUTS	False
longsleep	panukbb_icd10__j44__both_sexes__na__na	0.2811	0.0558	5.0403	4.6478e-07	0.1768	0.0195	1.006	0.0091	0.0343	0.0063	1217311	1175811	1166477	discovery_extension/logs/rg/rg_longsleep.log	2.2580404858299593e-06	J44 Other chronic obstructive pulmonary disease	pulmonary	HIGH_NOVELTY_PRIORITY	EUR	PRIMARY_EXTENSION_RG_COMPLETE	True	True	PAIR_NOVELTY_AUDIT_REQUIRED	longsleep__panukbb_icd10__j44__both_sexes__na__na	4.6478e-07	5.037634408602151	4.713205796421261e-07	4.6480264776164557e-07	2.2580404858299593e-06	2.2581505154411928e-06	2.2898165812572926e-06	0.171734009662665	0.39046599033733503	True	4.5817107846820193e-07	4.848091880715549e-07	2.225932365027702e-06	2.3553482821290117e-06	False	dashti_2019_long_sleep	PANUKBB_2025_RELEASE	SELF_REPORT	discovery_extension/results/ldsc/extension_rg_matrix.tsv	RECOMPUTED_FROM_PRINTED_ESTIMATES	BLOCKED_MISSING_INPUTS	False
longsleep	panukbb_categorical__2316__both_sexes__2316__na	0.221	0.0358	6.1748	6.6235e-10	0.0835	0.0044	1.0439	0.0107	0.0457	0.006	1217311	1175811	1166474	discovery_extension/logs/rg/rg_longsleep.log	4.8170909090909096e-09	Wheeze or whistling in the chest in last year	pulmonary	HEAVILY_STUDIED	EUR	PRIMARY_EXTENSION_RG_COMPLETE	True	True	PAIR_NOVELTY_AUDIT_REQUIRED	longsleep__panukbb_categorical__2316__both_sexes__2316__na	6.6235e-10	6.1731843575419	6.692809303305207e-10	6.62472773045017e-10	4.8170909090909096e-09	4.81798380396376e-09	4.867497675131059e-09	0.15083328935346607	0.29116671064653393	True	6.280836751987473e-10	7.129841884486368e-10	4.5678812741727075e-09	5.185339552353722e-09	False	dashti_2019_long_sleep	PANUKBB_2025_RELEASE	SELF_REPORT	discovery_extension/results/ldsc/extension_rg_matrix.tsv	RECOMPUTED_FROM_PRINTED_ESTIMATES	BLOCKED_MISSING_INPUTS	False
longsleep	panukbb_phecode__496_2__both_sexes__na__na	0.2786	0.0534	5.2207	1.7828e-07	0.185	0.0191	1.0056	0.0089	0.0349	0.0062	1217311	1175811	1166468	discovery_extension/logs/rg/rg_longsleep.log	9.301565217391305e-07	Chronic bronchitis	pulmonary	HIGH_NOVELTY_PRIORITY	EUR	PRIMARY_EXTENSION_RG_COMPLETE	True	True	PAIR_NOVELTY_AUDIT_REQUIRED	longsleep__panukbb_phecode__496_2__both_sexes__na__na	1.7828e-07	5.217228464419476	1.8162018961014312e-07	1.7824809000573905e-07	9.301565217391305e-07	9.299900348125517e-07	9.394147738455678e-07	0.17393792322556112	0.3832620767744389	True	1.7599480698699166e-07	1.8740819401146596e-07	9.071680571074854e-07	9.735490597998232e-07	False	dashti_2019_long_sleep	PANUKBB_2025_RELEASE	SELF_REPORT	discovery_extension/results/ldsc/extension_rg_matrix.tsv	RECOMPUTED_FROM_PRINTED_ESTIMATES	BLOCKED_MISSING_INPUTS	False
longsleep	panukbb_icd10__k21__both_sexes__na__na	0.1971	0.0497	3.9647	7.3481e-05	0.0701	0.0055	1.0127	0.007	0.0305	0.0051	1217311	1175811	1166477	discovery_extension/logs/rg/rg_longsleep.log	0.00024878535211267605	K21 Gastro-oesophageal reflux disease	gastrointestinal	HIGH_NOVELTY_PRIORITY	EUR	PRIMARY_EXTENSION_RG_COMPLETE	True	True	PAIR_NOVELTY_AUDIT_REQUIRED	longsleep__panukbb_icd10__k21__both_sexes__na__na	7.3481e-05	3.9657947686116697	7.3151786267568e-05	7.348831029772538e-05	0.00024878535211267605	0.00024882805268135124	0.0002472736437213566	0.09968978996835931	0.2945102100316407	True	7.163302660002818e-05	7.469782197459468e-05	0.0002421398082254474	0.00025249967991412283	False	dashti_2019_long_sleep	PANUKBB_2025_RELEASE	SELF_REPORT	discovery_extension/results/ldsc/extension_rg_matrix.tsv	RECOMPUTED_FROM_PRINTED_ESTIMATES	BLOCKED_MISSING_INPUTS	False
longsleep	panukbb_icd10__k80__both_sexes__na__na	0.2487	0.0616	4.0392	5.3626e-05	0.1134	0.013	1.0252	0.0105	0.0186	0.0055	1217311	1175811	1165987	discovery_extension/logs/rg/rg_longsleep.log	0.00018652521739130433	K80 Cholelithiasis	gastrointestinal	HIGH_NOVELTY_PRIORITY	EUR	PRIMARY_EXTENSION_RG_COMPLETE	True	True	PAIR_NOVELTY_AUDIT_REQUIRED	longsleep__panukbb_icd10__k80__both_sexes__na__na	5.3626e-05	4.037337662337662	5.406122972127355e-05	5.3633818606808614e-05	0.00018652521739130433	0.00018655241254542126	0.0001874955944090412	0.12796621855233267	0.36943378144766736	True	5.31263008814706e-05	5.501017834418983e-05	0.0001842530666409385	0.0001912311903169294	False	dashti_2019_long_sleep	PANUKBB_2025_RELEASE	SELF_REPORT	discovery_extension/results/ldsc/extension_rg_matrix.tsv	RECOMPUTED_FROM_PRINTED_ESTIMATES	BLOCKED_MISSING_INPUTS	False
longsleep	panukbb_phecode__550_2__both_sexes__na__na	0.257	0.0457	5.6272	1.8312e-08	0.0923	0.0055	1.028	0.0079	0.022	0.0055	1217311	1175811	1166457	discovery_extension/logs/rg/rg_longsleep.log	1.115451776649746e-07	Diaphragmatic hernia	gastrointestinal	HIGH_NOVELTY_PRIORITY	EUR	PRIMARY_EXTENSION_RG_COMPLETE	True	True	PAIR_NOVELTY_AUDIT_REQUIRED	longsleep__panukbb_phecode__550_2__both_sexes__na__na	1.8312e-08	5.6236323851203505	1.8698334442816345e-08	1.831583226835253e-08	1.115451776649746e-07	1.1156852143158901e-07	1.133232390473718e-07	0.16742964590651954	0.34657035409348047	True	1.792849751837959e-08	1.9498440122219272e-08	1.0865756071745206e-07	1.181723643770865e-07	False	dashti_2019_long_sleep	PANUKBB_2025_RELEASE	SELF_REPORT	discovery_extension/results/ldsc/extension_rg_matrix.tsv	RECOMPUTED_FROM_PRINTED_ESTIMATES	BLOCKED_MISSING_INPUTS	False
longsleep	panukbb_phecode__558__both_sexes__na__na	0.2467	0.0643	3.8385	0.0001	0.0686	0.0083	1.0051	0.0062	0.0218	0.0046	1217311	1175811	1166460	discovery_extension/logs/rg/rg_longsleep.log	0.0003225806451612903	Noninfectious gastroenteritis	gastrointestinal	HIGH_NOVELTY_PRIORITY	EUR	PRIMARY_EXTENSION_RG_COMPLETE	True	True	PAIR_NOVELTY_AUDIT_REQUIRED	longsleep__panukbb_phecode__558__both_sexes__na__na	0.0001	3.8367029548989118	0.00012469714832751553	0.00012378821457861426	0.0003225806451612903	0.0004058629986184075	0.0004088431092705427	0.12067431579407453	0.37272568420592544	True	0.00012280051681608808	0.0001266183564056887	0.00040262464529864945	0.000415142152149799	False	dashti_2019_long_sleep	PANUKBB_2025_RELEASE	SELF_REPORT	discovery_extension/results/ldsc/extension_rg_matrix.tsv	RECOMPUTED_FROM_PRINTED_ESTIMATES	BLOCKED_MISSING_INPUTS	False
longsleep	panukbb_phecode__785__both_sexes__na__na	0.3166	0.0461	6.8634	6.7253e-12	0.0499	0.0039	1.0094	0.0077	0.0311	0.0053	1217311	1175811	1166477	discovery_extension/logs/rg/rg_longsleep.log	6.256093023255814e-11	Abdominal pain	gastrointestinal	HIGH_NOVELTY_PRIORITY	EUR	PRIMARY_EXTENSION_RG_COMPLETE	True	True	PAIR_NOVELTY_AUDIT_REQUIRED	longsleep__panukbb_phecode__785__both_sexes__na__na	6.7253e-12	6.867678958785249	6.5254867072231184e-12	6.724060045379212e-12	6.256093023255814e-11	6.254939577096941e-11	6.070220192765692e-11	0.2262456603127035	0.4069543396872965	True	6.146091405227408e-12	6.926908372997926e-12	5.717294330444101e-11	6.443635695812024e-11	False	dashti_2019_long_sleep	PANUKBB_2025_RELEASE	SELF_REPORT	discovery_extension/results/ldsc/extension_rg_matrix.tsv	RECOMPUTED_FROM_PRINTED_ESTIMATES	BLOCKED_MISSING_INPUTS	False
longsleep	panukbb_categorical__41200__both_sexes__j183__na	0.1929	0.0696	2.7731	0.0056	0.1184	0.0153	1.0232	0.0109	0.018	0.0058	1217311	1175811	1165226	discovery_extension/logs/rg/rg_longsleep.log	0.012947976878612715	Operative procedures - main OPCS4	gastrointestinal	HIGH_NOVELTY_PRIORITY	EUR	PRIMARY_EXTENSION_RG_COMPLETE	True	True	PAIR_NOVELTY_AUDIT_REQUIRED	longsleep__panukbb_categorical__41200__both_sexes__j183__na	0.0056	2.771551724137931	0.005578980793424019	0.005552505520077485	0.012947976878612715	0.012838163052202277	0.012899377557049755	0.05648650667601224	0.32931349332398774	True	0.005532690986163328	0.005625552554920336	0.012792349100955672	0.013007057930451644	False	dashti_2019_long_sleep	PANUKBB_2025_RELEASE	SELF_REPORT	discovery_extension/results/ldsc/extension_rg_matrix.tsv	RECOMPUTED_FROM_PRINTED_ESTIMATES	BLOCKED_MISSING_INPUTS	False
longsleep	panukbb_continuous__5257__both_sexes__na__irnt	0.1114	0.0384	2.9029	0.0037	0.2446	0.0168	1.0903	0.0161	0.0011	0.0062	1217311	1175811	1166340	discovery_extension/logs/rg/rg_longsleep.log	0.00888	Corneal resistance factor (right)	sensory	HEAVILY_STUDIED	EUR	PRIMARY_EXTENSION_RG_COMPLETE	True	False	NOT_TIER_A_SCREEN_THRESHOLD	longsleep__panukbb_continuous__5257__both_sexes__na__irnt	0.0037	2.901041666666667	0.003719244205793162	0.003697246731011034	0.00888	0.008873392154426481	0.008926186093903589	0.036137382993661926	0.18666261700633807	True	0.003659319916777466	0.0037798998991381448	0.008782367800265919	0.009071759757931548	False	dashti_2019_long_sleep	PANUKBB_2025_RELEASE	SELF_REPORT	discovery_extension/results/ldsc/extension_rg_matrix.tsv	RECOMPUTED_FROM_PRINTED_ESTIMATES	BLOCKED_MISSING_INPUTS	False
longsleep	panukbb_continuous__2217__both_sexes__na__irnt	0.1357	0.035	3.8732	0.0001	0.0714	0.0035	1.0682	0.0111	0.0011	0.0062	1217311	1175811	1166467	discovery_extension/logs/rg/rg_longsleep.log	0.0003225806451612903	Age started wearing glasses or contact lenses	sensory	HEAVILY_STUDIED	EUR	PRIMARY_EXTENSION_RG_COMPLETE	True	False	NOT_TIER_A_SCREEN_THRESHOLD	longsleep__panukbb_continuous__2217__both_sexes__na__irnt	0.0001	3.8771428571428563	0.00010569030653937003	0.00010741560805887798	0.0003225806451612903	0.0003570601929935002	0.0003513251186904267	0.06710126054109809	0.20429873945890187	True	0.0001027011056980992	0.00010875259392227032	0.00034138871700199183	0.0003625086464075677	False	dashti_2019_long_sleep	PANUKBB_2025_RELEASE	SELF_REPORT	discovery_extension/results/ldsc/extension_rg_matrix.tsv	RECOMPUTED_FROM_PRINTED_ESTIMATES	BLOCKED_MISSING_INPUTS	False
longsleep	panukbb_categorical__2257__both_sexes__2257__na	0.1437	0.0396	3.6293	0.0003	0.0522	0.0022	1.0385	0.009	0.0226	0.0054	1217311	1175811	1166479	discovery_extension/logs/rg/rg_longsleep.log	0.0008866995073891625	Hearing difficulty/problems with background noise	sensory	HEAVILY_STUDIED	EUR	PRIMARY_EXTENSION_RG_COMPLETE	True	False	NOT_TIER_A_SCREEN_THRESHOLD	longsleep__panukbb_categorical__2257__both_sexes__2257__na	0.0003	3.6287878787878785	0.0002847550922713731	0.0002841908151720232	0.0008866995073891625	0.0008655557822498167	0.0008688668737058322	0.06608542621221385	0.22131457378778613	True	0.0002783693920617354	0.00029126121697632695	0.0008494493409922773	0.0008871456267920179	False	dashti_2019_long_sleep	PANUKBB_2025_RELEASE	SELF_REPORT	discovery_extension/results/ldsc/extension_rg_matrix.tsv	RECOMPUTED_FROM_PRINTED_ESTIMATES	BLOCKED_MISSING_INPUTS	False
longsleep	panukbb_icd10__m17__both_sexes__na__na	0.1086	0.0453	2.3997	0.0164	0.1325	0.0087	1.0224	0.0089	0.0176	0.0062	1217311	1175811	1165937	discovery_extension/logs/rg/rg_longsleep.log	0.0340484429065744	M17 Gonarthrosis [arthrosis of knee]	musculoskeletal_pain	HIGH_NOVELTY_PRIORITY	EUR	PRIMARY_EXTENSION_RG_COMPLETE	True	False	NOT_TIER_A_SCREEN_THRESHOLD	longsleep__panukbb_icd10__m17__both_sexes__na__na	0.0164	2.3973509933774837	0.016514096182920133	0.016408513405547193	0.0340484429065744	0.03406611779698379	0.034226106078590945	0.01981363150033555	0.19738636849966446	True	0.01634564674958178	0.016683691950424857	0.03387698808203478	0.03457759989725359	False	dashti_2019_long_sleep	PANUKBB_2025_RELEASE	SELF_REPORT	discovery_extension/results/ldsc/extension_rg_matrix.tsv	RECOMPUTED_FROM_PRINTED_ESTIMATES	BLOCKED_MISSING_INPUTS	False
longsleep	panukbb_icd10__m51__both_sexes__na__na	0.1994	0.0636	3.1368	0.0017	0.1052	0.0136	1.011	0.0066	0.0203	0.0053	1217311	1175811	1166476	discovery_extension/logs/rg/rg_longsleep.log	0.004415584415584416	M51 Other intervertebral disk disorders	musculoskeletal_pain	HIGH_NOVELTY_PRIORITY	EUR	PRIMARY_EXTENSION_RG_COMPLETE	True	True	PAIR_NOVELTY_AUDIT_REQUIRED	longsleep__panukbb_icd10__m51__both_sexes__na__na	0.0017	3.135220125786163	0.001717252007867461	0.0017080259623362315	0.004415584415584416	0.004436431071003198	0.004460394825629769	0.07474629058325255	0.32405370941674744	True	0.0016983020784458833	0.001736365994313233	0.0044111742297295664	0.0045100415436707345	False	dashti_2019_long_sleep	PANUKBB_2025_RELEASE	SELF_REPORT	discovery_extension/results/ldsc/extension_rg_matrix.tsv	RECOMPUTED_FROM_PRINTED_ESTIMATES	BLOCKED_MISSING_INPUTS	False
longsleep	panukbb_categorical__3571__both_sexes__3571__na	0.2545	0.062	4.1045	4.0521e-05	0.0468	0.0059	0.9877	0.0067	0.0214	0.0048	1217311	1175811	1166394	discovery_extension/logs/rg/rg_longsleep.log	0.00014428842729970325	Back pain for 3+ months	musculoskeletal_pain	HEAVILY_STUDIED	EUR	PRIMARY_EXTENSION_RG_COMPLETE	True	True	PAIR_NOVELTY_AUDIT_REQUIRED	longsleep__panukbb_categorical__3571__both_sexes__3571__na	4.0521e-05	4.104838709677419	4.045970683594139e-05	4.0519027165773946e-05	0.00014428842729970325	0.00014428140237070843	0.00014493029314367064	0.13298223295851666	0.3760177670414834	True	3.974469012598259e-05	4.118573716497534e-05	0.0001415241191429647	0.00014753099879991167	False	dashti_2019_long_sleep	PANUKBB_2025_RELEASE	SELF_REPORT	discovery_extension/results/ldsc/extension_rg_matrix.tsv	RECOMPUTED_FROM_PRINTED_ESTIMATES	BLOCKED_MISSING_INPUTS	False
longsleep	panukbb_categorical__6159__both_sexes__7__na	0.1422	0.04	3.5551	0.0004	0.0586	0.0029	1.0318	0.0085	0.0349	0.0057	1217311	1175811	1166476	discovery_extension/logs/rg/rg_longsleep.log	0.001145584725536993	Pain type(s) experienced in last month	musculoskeletal_pain	HIGH_NOVELTY_PRIORITY	EUR	PRIMARY_EXTENSION_RG_COMPLETE	True	False	NOT_TIER_A_SCREEN_THRESHOLD	longsleep__panukbb_categorical__6159__both_sexes__7__na	0.0004	3.5549999999999997	0.00037797908944576386	0.00037783535839274216	0.001145584725536993	0.0011079644630632155	0.0011089851035083536	0.06380144061839783	0.22059855938160217	True	0.00036986623552474836	0.00038623715946394205	0.001085182109119066	0.0011304502228212938	False	dashti_2019_long_sleep	PANUKBB_2025_RELEASE	SELF_REPORT	discovery_extension/results/ldsc/extension_rg_matrix.tsv	RECOMPUTED_FROM_PRINTED_ESTIMATES	BLOCKED_MISSING_INPUTS	False
longsleep	panukbb_categorical__6159__both_sexes__8__na	0.4318	0.0564	7.6534	1.9576e-14	0.1766	0.0211	1.0013	0.0065	0.0414	0.0045	1217311	1175811	1166478	discovery_extension/logs/rg/rg_longsleep.log	2.525935483870968e-13	Pain type(s) experienced in last month	musculoskeletal_pain	PREVIOUSLY_SCREENED	EUR	PRIMARY_EXTENSION_RG_COMPLETE	True	True	PAIR_NOVELTY_AUDIT_REQUIRED	longsleep__panukbb_categorical__6159__both_sexes__8__na	1.9576e-14	7.656028368794327	1.9177137979216567e-14	1.957338603621549e-14	2.525935483870968e-13	2.5255981982213536e-13	2.4744694166731055e-13	0.32125803127194097	0.5423419687280591	True	1.80638984063725e-14	2.0355648345465584e-14	2.330825600822258e-13	2.626535270382656e-13	False	dashti_2019_long_sleep	PANUKBB_2025_RELEASE	SELF_REPORT	discovery_extension/results/ldsc/extension_rg_matrix.tsv	RECOMPUTED_FROM_PRINTED_ESTIMATES	BLOCKED_MISSING_INPUTS	False
longsleep	panukbb_icd10__z88__both_sexes__na__na	0.3217	0.0569	5.6553	1.5559e-08	0.0539	0.0052	1.019	0.0075	0.0143	0.0057	1217311	1175811	1166482	discovery_extension/logs/rg/rg_longsleep.log	9.574769230769231e-08	Z88 Personal history of allergy to drugs, medicaments and biologocal substances	allergy_infectious	HIGH_NOVELTY_PRIORITY	EUR	PRIMARY_EXTENSION_RG_COMPLETE	True	True	PAIR_NOVELTY_AUDIT_REQUIRED	longsleep__panukbb_icd10__z88__both_sexes__na__na	1.5559e-08	5.65377855887522	1.5695840428801856e-08	1.5557429329886103e-08	9.574769230769231e-08	9.573802664545293e-08	9.658978725416526e-08	0.21017804927967093	0.43322195072032904	True	1.51699162632487e-08	1.6238486042357364e-08	9.335333085076124e-08	9.992914487604532e-08	False	dashti_2019_long_sleep	PANUKBB_2025_RELEASE	SELF_REPORT	discovery_extension/results/ldsc/extension_rg_matrix.tsv	RECOMPUTED_FROM_PRINTED_ESTIMATES	BLOCKED_MISSING_INPUTS	False
longsleep	panukbb_phecode__960_2__both_sexes__na__na	0.3555	0.0631	5.6378	1.7225e-08	0.0632	0.0075	1.0046	0.0073	0.0103	0.005	1217311	1175811	1166470	discovery_extension/logs/rg/rg_longsleep.log	1.0545918367346939e-07	Allergy/adverse effect of penicillin	allergy_infectious	HIGH_NOVELTY_PRIORITY	EUR	PRIMARY_EXTENSION_RG_COMPLETE	True	True	PAIR_NOVELTY_AUDIT_REQUIRED	longsleep__panukbb_phecode__960_2__both_sexes__na__na	1.7225e-08	5.63391442155309	1.7616446419910347e-08	1.7223637827402548e-08	1.0545918367346939e-07	1.0545084384124008e-07	1.0785579440761436e-07	0.23182627257552257	0.4791737274244774	True	1.7086656215728266e-08	1.8161297094093414e-08	1.0461218091262203e-07	1.1119161486179641e-07	False	dashti_2019_long_sleep	PANUKBB_2025_RELEASE	SELF_REPORT	discovery_extension/results/ldsc/extension_rg_matrix.tsv	RECOMPUTED_FROM_PRINTED_ESTIMATES	BLOCKED_MISSING_INPUTS	False
longsleep	panukbb_phecode__960__both_sexes__na__na	0.3351	0.059	5.6751	1.386e-08	0.0607	0.0066	1.0109	0.0071	0.0138	0.0051	1217311	1175811	1166468	discovery_extension/logs/rg/rg_longsleep.log	8.61761658031088e-08	Poisoning by antibiotics	allergy_infectious	PREVIOUSLY_SCREENED	EUR	PRIMARY_EXTENSION_RG_COMPLETE	True	True	PAIR_NOVELTY_AUDIT_REQUIRED	longsleep__panukbb_phecode__960__both_sexes__na__na	1.386e-08	5.679661016949153	1.3496194732509038e-08	1.386076614488596e-08	8.61761658031088e-08	8.618092939825467e-08	8.391416413995256e-08	0.21946212491213685	0.45073787508786317	True	1.3056293971646436e-08	1.3949699180355613e-08	8.117902987552188e-08	8.673388091412816e-08	False	dashti_2019_long_sleep	PANUKBB_2025_RELEASE	SELF_REPORT	discovery_extension/results/ldsc/extension_rg_matrix.tsv	RECOMPUTED_FROM_PRINTED_ESTIMATES	BLOCKED_MISSING_INPUTS	False
longsleep	panukbb_prescriptions__amoxicillin_clavulanic_acid__both_sexes__na__na	0.2583	0.0833	3.0998	0.0019	0.0241	0.0046	1.0617	0.0064	0.0216	0.0051	1217311	1175811	1166483	discovery_extension/logs/rg/rg_longsleep.log	0.0048614072494669505	amoxicillin/clavulanic acid	allergy_infectious	PREVIOUSLY_SCREENED	EUR	PRIMARY_EXTENSION_RG_COMPLETE	True	True	PAIR_NOVELTY_AUDIT_REQUIRED	longsleep__panukbb_prescriptions__amoxicillin_clavulanic_acid__both_sexes__na__na	0.0019	3.1008403361344534	0.0019297231201098014	0.0019365135592197737	0.0048614072494669505	0.00495483213446424	0.0049447781019110685	0.09503500008781349	0.42156499991218643	True	0.0019137340062358292	0.001945815410615116	0.004896547563929627	0.004989270283628502	False	dashti_2019_long_sleep	PANUKBB_2025_RELEASE	SELF_REPORT	discovery_extension/results/ldsc/extension_rg_matrix.tsv	RECOMPUTED_FROM_PRINTED_ESTIMATES	BLOCKED_MISSING_INPUTS	False
longsleep	panukbb_prescriptions__clarithromycin__both_sexes__na__na	0.329	0.0661	4.9778	6.4297e-07	0.0375	0.0065	1.036	0.0072	0.0139	0.0044	1217311	1175811	1166476	discovery_extension/logs/rg/rg_longsleep.log	3.0862560000000005e-06	clarithromycin	allergy_infectious	HIGH_NOVELTY_PRIORITY	EUR	PRIMARY_EXTENSION_RG_COMPLETE	True	True	PAIR_NOVELTY_AUDIT_REQUIRED	longsleep__panukbb_prescriptions__clarithromycin__both_sexes__na__na	6.4297e-07	4.977307110438729	6.447498045187624e-07	6.431105696250223e-07	3.0862560000000005e-06	3.086930734200107e-06	3.09479906169006e-06	0.19944638062190242	0.4585536193780976	True	6.2985124862305e-07	6.599644093042102e-07	3.02328599339064e-06	3.1678291646602087e-06	False	dashti_2019_long_sleep	PANUKBB_2025_RELEASE	SELF_REPORT	discovery_extension/results/ldsc/extension_rg_matrix.tsv	RECOMPUTED_FROM_PRINTED_ESTIMATES	BLOCKED_MISSING_INPUTS	False
longsleep	panukbb_prescriptions__gabapentin__both_sexes__na__na	0.3067	0.0784	3.9114	9.1756e-05	0.0941	0.0139	1.02	0.0067	0.0282	0.0057	1217311	1175811	1166476	discovery_extension/logs/rg/rg_longsleep.log	0.0003067052924791086	gabapentin	medication_use	HIGH_NOVELTY_PRIORITY	EUR	PRIMARY_EXTENSION_RG_COMPLETE	True	True	PAIR_NOVELTY_AUDIT_REQUIRED	longsleep__panukbb_prescriptions__gabapentin__both_sexes__na__na	9.1756e-05	3.911989795918367	9.153878050372472e-05	9.176264976406229e-05	0.0003067052924791086	0.0003067275201027152	0.00030597921059740855	0.15303882361205973	0.4603611763879402	True	9.03575918363377e-05	9.273300931498853e-05	0.0003020309476423544	0.00031083690273180515	False	dashti_2019_long_sleep	PANUKBB_2025_RELEASE	SELF_REPORT	discovery_extension/results/ldsc/extension_rg_matrix.tsv	RECOMPUTED_FROM_PRINTED_ESTIMATES	BLOCKED_MISSING_INPUTS	False
longsleep	panukbb_prescriptions__paracetamol__both_sexes__na__na	0.3436	0.0563	6.1021	1.0465e-09	0.0446	0.0042	1.0768	0.008	0.0383	0.0054	1217311	1175811	1166478	discovery_extension/logs/rg/rg_longsleep.log	7.387058823529412e-09	paracetamol	medication_use	HIGH_NOVELTY_PRIORITY	EUR	PRIMARY_EXTENSION_RG_COMPLETE	True	True	PAIR_NOVELTY_AUDIT_REQUIRED	longsleep__panukbb_prescriptions__paracetamol__both_sexes__na__na	1.0465e-09	6.103019538188277	1.0408311306680814e-09	1.0468384234164088e-09	7.387058823529412e-09	7.389447694704062e-09	7.388861520577764e-09	0.23325402767039496	0.4539459723296051	True	1.0004817370628658e-09	1.0826897974690737e-09	7.020924470616603e-09	7.687738206880998e-09	False	dashti_2019_long_sleep	PANUKBB_2025_RELEASE	SELF_REPORT	discovery_extension/results/ldsc/extension_rg_matrix.tsv	RECOMPUTED_FROM_PRINTED_ESTIMATES	BLOCKED_MISSING_INPUTS	False
longsleep	panukbb_prescriptions__mebeverine__both_sexes__na__na	0.256	0.0671	3.8166	0.0001	0.0568	0.0093	1.0256	0.0067	0.012	0.005	1217311	1175811	1166478	discovery_extension/logs/rg/rg_longsleep.log	0.0003225806451612903	mebeverine	medication_use	HIGH_NOVELTY_PRIORITY	EUR	PRIMARY_EXTENSION_RG_COMPLETE	True	True	PAIR_NOVELTY_AUDIT_REQUIRED	longsleep__panukbb_prescriptions__mebeverine__both_sexes__na__na	0.0001	3.815201192250372	0.00013607202248739215	0.00013530325243933186	0.0003225806451612903	0.0004400105770384776	0.00044251064223542165	0.12448641663736237	0.38751358336263764	True	0.00013410680673716217	0.00013806135853684738	0.0004361196967062185	0.0004489800277621053	False	dashti_2019_long_sleep	PANUKBB_2025_RELEASE	SELF_REPORT	discovery_extension/results/ldsc/extension_rg_matrix.tsv	RECOMPUTED_FROM_PRINTED_ESTIMATES	BLOCKED_MISSING_INPUTS	False
longsleep	panukbb_prescriptions__amlodipine__both_sexes__na__na	0.19	0.0536	3.5437	0.0004	0.0916	0.0072	1.0472	0.0082	0.0132	0.0055	1217311	1175811	1166482	discovery_extension/logs/rg/rg_longsleep.log	0.001145584725536993	amlodipine	medication_use	HIGH_NOVELTY_PRIORITY	EUR	PRIMARY_EXTENSION_RG_COMPLETE	True	True	PAIR_NOVELTY_AUDIT_REQUIRED	longsleep__panukbb_prescriptions__amlodipine__both_sexes__na__na	0.0004	3.544776119402985	0.00039294669229626364	0.0003945539255056413	0.001145584725536993	0.0011491861907931302	0.0011445049290182436	0.0849459304286531	0.2950540695713469	True	0.0003866682866896094	0.0003993082835486393	0.00112349138989717	0.001163033835578561	False	dashti_2019_long_sleep	PANUKBB_2025_RELEASE	SELF_REPORT	discovery_extension/results/ldsc/extension_rg_matrix.tsv	RECOMPUTED_FROM_PRINTED_ESTIMATES	BLOCKED_MISSING_INPUTS	False
longsleep	panukbb_prescriptions__orlistat__both_sexes__na__na	0.295	0.0651	4.5333	5.8072e-06	0.2468	0.0296	1.0197	0.0066	0.0233	0.0052	1217311	1175811	1166479	discovery_extension/logs/rg/rg_longsleep.log	2.4112941176470586e-05	orlistat	medication_use	HIGH_NOVELTY_PRIORITY	EUR	PRIMARY_EXTENSION_RG_COMPLETE	True	True	PAIR_NOVELTY_AUDIT_REQUIRED	longsleep__panukbb_prescriptions__orlistat__both_sexes__na__na	5.8072e-06	4.5314900153609825	5.856910587238281e-06	5.806924836548546e-06	2.4112941176470586e-05	2.4111798629267322e-05	2.43193519193285e-05	0.16740634460644246	0.42259365539355753	True	5.740138799414647e-06	5.97576949982398e-06	2.3834486364351475e-05	2.481288373629334e-05	False	dashti_2019_long_sleep	PANUKBB_2025_RELEASE	SELF_REPORT	discovery_extension/results/ldsc/extension_rg_matrix.tsv	RECOMPUTED_FROM_PRINTED_ESTIMATES	BLOCKED_MISSING_INPUTS	False
longsleep	panukbb_prescriptions__tramadol__both_sexes__na__na	0.343	0.0546	6.2862	3.2543e-10	0.083	0.0073	1.0463	0.0084	0.0298	0.0054	1217311	1175811	1166478	discovery_extension/logs/rg/rg_longsleep.log	2.4716202531645567e-09	tramadol	medication_use	HIGH_NOVELTY_PRIORITY	EUR	PRIMARY_EXTENSION_RG_COMPLETE	True	True	PAIR_NOVELTY_AUDIT_REQUIRED	longsleep__panukbb_prescriptions__tramadol__both_sexes__na__na	3.2543e-10	6.282051282051282	3.3413458174247617e-10	3.2533077765968887e-10	2.4716202531645567e-09	2.470866665769789e-09	2.5538948922991806e-09	0.23598596644411307	0.450014033555887	True	3.200819617784431e-10	3.4876158168598403e-10	2.44026248263145e-09	2.6656936179820434e-09	False	dashti_2019_long_sleep	PANUKBB_2025_RELEASE	SELF_REPORT	discovery_extension/results/ldsc/extension_rg_matrix.tsv	RECOMPUTED_FROM_PRINTED_ESTIMATES	BLOCKED_MISSING_INPUTS	False
longsleep	panukbb_prescriptions__citalopram__both_sexes__na__na	0.3802	0.061	6.2342	4.5398e-10	0.0604	0.009	1.0257	0.0074	0.0364	0.0047	1217311	1175811	1166477	discovery_extension/logs/rg/rg_longsleep.log	3.362814814814815e-09	citalopram	medication_use	HIGH_NOVELTY_PRIORITY	EUR	PRIMARY_EXTENSION_RG_COMPLETE	True	True	PAIR_NOVELTY_AUDIT_REQUIRED	longsleep__panukbb_prescriptions__citalopram__both_sexes__na__na	4.5398e-10	6.232786885245901	4.582093449566126e-10	4.540926374376659e-10	3.362814814814815e-09	3.3636491662049325e-09	3.373320330968927e-09	0.2606421969430567	0.4997578030569433	True	4.4116510505142964e-10	4.758661961762246e-10	3.2478412641823042e-09	3.524934786490553e-09	False	dashti_2019_long_sleep	PANUKBB_2025_RELEASE	SELF_REPORT	discovery_extension/results/ldsc/extension_rg_matrix.tsv	RECOMPUTED_FROM_PRINTED_ESTIMATES	BLOCKED_MISSING_INPUTS	False
longsleep	panukbb_prescriptions__bendroflumethiazide__both_sexes__na__na	0.1748	0.0569	3.0746	0.0021	0.1064	0.0087	1.0568	0.0084	0.0178	0.0062	1217311	1175811	1166480	discovery_extension/logs/rg/rg_longsleep.log	0.0053052631578947365	bendroflumethiazide	medication_use	HIGH_NOVELTY_PRIORITY	EUR	PRIMARY_EXTENSION_RG_COMPLETE	True	True	PAIR_NOVELTY_AUDIT_REQUIRED	longsleep__panukbb_prescriptions__bendroflumethiazide__both_sexes__na__na	0.0021	3.0720562390158173	0.0021258966786749257	0.0021078504445632296	0.0053052631578947365	0.005347612121513479	0.005370686346126128	0.06327804927967094	0.28632195072032907	True	0.0021005295089158754	0.00215149920245567	0.0053066008646295805	0.005458348928005928	False	dashti_2019_long_sleep	PANUKBB_2025_RELEASE	SELF_REPORT	discovery_extension/results/ldsc/extension_rg_matrix.tsv	RECOMPUTED_FROM_PRINTED_ESTIMATES	BLOCKED_MISSING_INPUTS	False
longsleep	panukbb_categorical__20003__both_sexes__1140874420__na	0.265	0.08	3.3122	0.0009	0.2612	0.049	0.9988	0.0072	0.0113	0.0052	1217311	1175811	1166479	discovery_extension/logs/rg/rg_longsleep.log	0.002448979591836735	Treatment/medication code	medication_use	PREVIOUSLY_SCREENED	EUR	PRIMARY_EXTENSION_RG_COMPLETE	True	True	PAIR_NOVELTY_AUDIT_REQUIRED	longsleep__panukbb_categorical__20003__both_sexes__1140874420__na	0.0009	3.3125	0.0009246612603772094	0.0009256534509288032	0.002448979591836735	0.002518784900486539	0.0025275478643568368	0.1082028812367957	0.42179711876320436	True	0.0009157856211120636	0.0009336053110140744	0.0025032864358416314	0.002552260911916012	False	dashti_2019_long_sleep	PANUKBB_2025_RELEASE	SELF_REPORT	discovery_extension/results/ldsc/extension_rg_matrix.tsv	RECOMPUTED_FROM_PRINTED_ESTIMATES	BLOCKED_MISSING_INPUTS	False
longsleep	panukbb_categorical__6149__both_sexes__4__na	0.3433	0.0631	5.4438	5.2158e-08	0.0789	0.0089	1.0185	0.0066	0.0133	0.0053	1217311	1175811	1166478	discovery_extension/logs/rg/rg_longsleep.log	2.966331753554503e-07	Mouth/teeth dental problems	oral_dental	HIGH_NOVELTY_PRIORITY	EUR	PRIMARY_EXTENSION_RG_COMPLETE	True	True	PAIR_NOVELTY_AUDIT_REQUIRED	longsleep__panukbb_categorical__6149__both_sexes__4__na	5.2158e-08	5.440570522979398	5.311020997071365e-08	5.2155777472498634e-08	2.966331753554503e-07	2.966205353886178e-07	3.0062383002290745e-07	0.21962627257552259	0.4669737274244774	True	5.1608414402389084e-08	5.465184301323069e-08	2.921231003908816e-07	3.108161687956248e-07	False	dashti_2019_long_sleep	PANUKBB_2025_RELEASE	SELF_REPORT	discovery_extension/results/ldsc/extension_rg_matrix.tsv	RECOMPUTED_FROM_PRINTED_ESTIMATES	BLOCKED_MISSING_INPUTS	False
longsleep	panukbb_categorical__6149__both_sexes__6__na	0.2156	0.0413	5.2145	1.8432e-07	0.0885	0.0042	1.0654	0.0103	0.028	0.0062	1217311	1175811	1166480	discovery_extension/logs/rg/rg_longsleep.log	9.575064935064936e-07	Mouth/teeth dental problems	oral_dental	PREVIOUSLY_SCREENED	EUR	PRIMARY_EXTENSION_RG_COMPLETE	True	True	PAIR_NOVELTY_AUDIT_REQUIRED	longsleep__panukbb_categorical__6149__both_sexes__6__na	1.8432e-07	5.220338983050848	1.785959264477193e-07	1.8431370306026287e-07	9.575064935064936e-07	9.574737821312358e-07	9.318048336402746e-07	0.13465348743849576	0.29654651256150427	True	1.7146585714937867e-07	1.8599394303881176e-07	8.907317254513178e-07	9.704031810720614e-07	False	dashti_2019_long_sleep	PANUKBB_2025_RELEASE	SELF_REPORT	discovery_extension/results/ldsc/extension_rg_matrix.tsv	RECOMPUTED_FROM_PRINTED_ESTIMATES	BLOCKED_MISSING_INPUTS	False
longsleep	panukbb_categorical__20004__both_sexes__1480__na	-0.2351	0.057	-4.1269	3.6767e-05	0.0779	0.008	1.0083	0.0065	-0.0077	0.0046	1217311	1175811	1166479	discovery_extension/logs/rg/rg_longsleep.log	0.00013289277108433737	Operation code	oral_dental	PREVIOUSLY_SCREENED	EUR	PRIMARY_EXTENSION_RG_COMPLETE	True	True	PAIR_NOVELTY_AUDIT_REQUIRED	longsleep__panukbb_categorical__20004__both_sexes__1480__na	3.6767e-05	-4.124561403508772	3.714418915489651e-05	3.67686183917437e-05	0.00013289277108433737	0.00013289862069304953	0.000134256105379144	-0.3468179471187831	-0.12338205288121692	True	3.642484312784846e-05	3.787571233686384e-05	0.0001315943217458444	0.00013690016507300184	False	dashti_2019_long_sleep	PANUKBB_2025_RELEASE	SELF_REPORT	discovery_extension/results/ldsc/extension_rg_matrix.tsv	RECOMPUTED_FROM_PRINTED_ESTIMATES	BLOCKED_MISSING_INPUTS	False
longsleep	panukbb_continuous__398__both_sexes__na__na	-0.3665	0.054	-6.7827	1.1793e-11	0.0137	0.0013	1.0064	0.0068	-0.0172	0.0052	1217311	1175811	1166481	discovery_extension/logs/rg/rg_longsleep.log	1.0720909090909091e-10	Number of correct matches in round	cognitive	UNDEREXPLORED	EUR	PRIMARY_EXTENSION_RG_COMPLETE	True	True	PAIR_NOVELTY_AUDIT_REQUIRED	longsleep__panukbb_continuous__398__both_sexes__na__na	1.1793e-11	-6.787037037037037	1.1445983318094575e-11	1.1795040605611925e-11	1.0720909090909091e-10	1.0722764186919932e-10	1.0405439380085977e-10	-0.4723380551651629	-0.26066194483483707	True	1.08874466124975e-11	1.203144691391045e-11	9.873566353210475e-11	1.0937679012645863e-10	False	dashti_2019_long_sleep	PANUKBB_2025_RELEASE	SELF_REPORT	discovery_extension/results/ldsc/extension_rg_matrix.tsv	RECOMPUTED_FROM_PRINTED_ESTIMATES	BLOCKED_MISSING_INPUTS	False
longsleep	panukbb_continuous__400__both_sexes__na__irnt	0.1146	0.0286	4.0052	6.1953e-05	0.0835	0.0034	1.0887	0.012	0.0214	0.0058	1217311	1175811	1166473	discovery_extension/logs/rg/rg_longsleep.log	0.00021301891117478508	Time to complete round	cognitive	HEAVILY_STUDIED	EUR	PRIMARY_EXTENSION_RG_COMPLETE	True	False	NOT_TIER_A_SCREEN_THRESHOLD	longsleep__panukbb_continuous__400__both_sexes__na__irnt	6.1953e-05	4.006993006993007	6.149668314747198e-05	6.196503073014606e-05	0.00021301891117478508	0.00021306027758216406	0.00021144991340104978	0.058545030042154445	0.17065496995784554	True	5.925407508585506e-05	6.381123887580385e-05	0.0002037389401232839	0.00021940827120620236	False	dashti_2019_long_sleep	PANUKBB_2025_RELEASE	SELF_REPORT	discovery_extension/results/ldsc/extension_rg_matrix.tsv	RECOMPUTED_FROM_PRINTED_ESTIMATES	BLOCKED_MISSING_INPUTS	False
longsleep	panukbb_categorical__4294__both_sexes__0__na	0.2907	0.0757	3.8429	0.0001	0.1283	0.0247	1.0055	0.0062	0.0193	0.0047	1217311	1175811	1166080	discovery_extension/logs/rg/rg_longsleep.log	0.0003225806451612903	Final attempt correct	cognitive	UNDEREXPLORED	EUR	PRIMARY_EXTENSION_RG_COMPLETE	True	True	PAIR_NOVELTY_AUDIT_REQUIRED	longsleep__panukbb_categorical__4294__both_sexes__0__na	0.0001	3.8401585204755615	0.00012295489091284698	0.0001215890197317484	0.0003225806451612903	0.0004002338200512354	0.00040423525779566136	0.1423307263703179	0.4390692736296821	True	0.0001213624461911865	0.00012456487792070263	0.00039899982309431176	0.0004095283657666936	False	dashti_2019_long_sleep	PANUKBB_2025_RELEASE	SELF_REPORT	discovery_extension/results/ldsc/extension_rg_matrix.tsv	RECOMPUTED_FROM_PRINTED_ESTIMATES	BLOCKED_MISSING_INPUTS	False
longsleep	panukbb_categorical__5001__both_sexes__5001__na	-0.363	0.0592	-6.1335	8.5979e-10	0.1159	0.0131	1.002	0.0066	-0.0141	0.0051	1217311	1175811	1166389	discovery_extension/logs/rg/rg_longsleep.log	6.141357142857143e-09	FI7 : synonym	cognitive	PREVIOUSLY_SCREENED	EUR	PRIMARY_EXTENSION_RG_COMPLETE	True	True	PAIR_NOVELTY_AUDIT_REQUIRED	longsleep__panukbb_categorical__5001__both_sexes__5001__na	8.5979e-10	-6.131756756756756	8.691392259790357e-10	8.596641855556233e-10	6.141357142857143e-09	6.140458468254452e-09	6.208137328421683e-09	-0.4790298678847712	-0.24697013211522878	True	8.367985353387673e-10	9.02640084017934e-10	5.977132395276909e-09	6.447429171556672e-09	False	dashti_2019_long_sleep	PANUKBB_2025_RELEASE	SELF_REPORT	discovery_extension/results/ldsc/extension_rg_matrix.tsv	RECOMPUTED_FROM_PRINTED_ESTIMATES	BLOCKED_MISSING_INPUTS	False
longsleep	panukbb_continuous__20515__both_sexes__na__na	0.1256	0.056	2.243	0.0249	0.0421	0.0039	1.0167	0.0069	0.0125	0.0045	1217311	1175811	1166434	discovery_extension/logs/rg/rg_longsleep.log	0.04955223880597015	Recent trouble relaxing	mental_psychosocial	UNDEREXPLORED	EUR	PRIMARY_EXTENSION_RG_COMPLETE	True	False	NOT_TIER_A_SCREEN_THRESHOLD	longsleep__panukbb_continuous__20515__both_sexes__na__na	0.0249	2.2428571428571424	0.02490602818570561	0.024896814504265567	0.04955223880597015	0.04954589951097625	0.04956423519543405	0.015842016865756967	0.235357983134243	True	0.024719696254705117	0.02509323948655321	0.04919342538249775	0.04993679499811584	False	dashti_2019_long_sleep	PANUKBB_2025_RELEASE	SELF_REPORT	discovery_extension/results/ldsc/extension_rg_matrix.tsv	RECOMPUTED_FROM_PRINTED_ESTIMATES	BLOCKED_MISSING_INPUTS	False
longsleep	panukbb_continuous__20520__both_sexes__na__na	0.1599	0.0559	2.8608	0.0042	0.046	0.0046	1.0244	0.0075	0.0174	0.0047	1217311	1175811	1166437	discovery_extension/logs/rg/rg_longsleep.log	0.009960474308300396	Recent worrying too much about different things	mental_psychosocial	UNDEREXPLORED	EUR	PRIMARY_EXTENSION_RG_COMPLETE	True	True	PAIR_NOVELTY_AUDIT_REQUIRED	longsleep__panukbb_continuous__20520__both_sexes__na__na	0.0042	2.8604651162790695	0.004230200887375872	0.00422573538047977	0.009960474308300396	0.01004135139915985	0.010051962504655539	0.05033801326421097	0.269461986735789	True	0.004184320680742473	0.004276453691504566	0.009923290151958433	0.010181254111483752	False	dashti_2019_long_sleep	PANUKBB_2025_RELEASE	SELF_REPORT	discovery_extension/results/ldsc/extension_rg_matrix.tsv	RECOMPUTED_FROM_PRINTED_ESTIMATES	BLOCKED_MISSING_INPUTS	False
longsleep	panukbb_continuous__20485__both_sexes__na__na	0.1861	0.0592	3.1421	0.0017	0.0452	0.0044	1.0445	0.007	0.0172	0.0051	1217311	1175811	1166435	discovery_extension/logs/rg/rg_longsleep.log	0.004415584415584416	Ever contemplated self-harm	mental_psychosocial	UNDEREXPLORED	EUR	PRIMARY_EXTENSION_RG_COMPLETE	True	True	PAIR_NOVELTY_AUDIT_REQUIRED	longsleep__panukbb_continuous__20485__both_sexes__na__na	0.0017	3.1435810810810807	0.0016689417296929586	0.0016774073533479563	0.004415584415584416	0.004375845269603364	0.004353761033981631	0.07007013211522878	0.3021298678847712	True	0.0016490775638736336	0.0016889917389273773	0.004301941470974696	0.004406065405897506	False	dashti_2019_long_sleep	PANUKBB_2025_RELEASE	SELF_REPORT	discovery_extension/results/ldsc/extension_rg_matrix.tsv	RECOMPUTED_FROM_PRINTED_ESTIMATES	BLOCKED_MISSING_INPUTS	False
longsleep	panukbb_continuous__20498__both_sexes__na__na	0.2505	0.0529	4.734	2.2012e-06	0.0531	0.0044	1.0113	0.007	0.0172	0.0051	1217311	1175811	1166022	discovery_extension/logs/rg/rg_longsleep.log	9.675604395604395e-06	Felt very upset when reminded of stressful experience in past month	mental_psychosocial	PREVIOUSLY_SCREENED	EUR	PRIMARY_EXTENSION_RG_COMPLETE	True	True	PAIR_NOVELTY_AUDIT_REQUIRED	longsleep__panukbb_continuous__20498__both_sexes__na__na	2.2012e-06	4.735349716446125	2.1867769496697397e-06	2.201377253735758e-06	9.675604395604395e-06	9.67638353290443e-06	9.647545366190028e-06	0.14681790521783114	0.3541820947821689	True	2.1290144231651996e-06	2.24592950411002e-06	9.358305156770108e-06	9.908512518132442e-06	False	dashti_2019_long_sleep	PANUKBB_2025_RELEASE	SELF_REPORT	discovery_extension/results/ldsc/extension_rg_matrix.tsv	RECOMPUTED_FROM_PRINTED_ESTIMATES	BLOCKED_MISSING_INPUTS	False
longsleep	panukbb_categorical__6145__both_sexes__6__na	0.1799	0.0424	4.2439	2.1968e-05	0.0753	0.0044	1.0208	0.008	0.0372	0.0057	1217311	1175811	1166472	discovery_extension/logs/rg/rg_longsleep.log	8.263824451410658e-05	Illness, injury, bereavement, stress in last 2 years	mental_psychosocial	UNDEREXPLORED	EUR	PRIMARY_EXTENSION_RG_COMPLETE	True	True	PAIR_NOVELTY_AUDIT_REQUIRED	longsleep__panukbb_categorical__6145__both_sexes__6__na	2.1968e-05	4.242924528301887	2.206256489423607e-05	2.1966827216686585e-05	8.263824451410658e-05	8.263383279004358e-05	8.299397452377205e-05	0.09679752705550171	0.2630024729444983	True	2.146171837225694e-05	2.2677928665545427e-05	8.073373682353708e-05	8.530882256631509e-05	False	dashti_2019_long_sleep	PANUKBB_2025_RELEASE	SELF_REPORT	discovery_extension/results/ldsc/extension_rg_matrix.tsv	RECOMPUTED_FROM_PRINTED_ESTIMATES	BLOCKED_MISSING_INPUTS	False
longsleep	panukbb_categorical__2020__both_sexes__2020__na	0.2523	0.0393	6.4217	1.3479e-10	0.0615	0.0032	1.0253	0.0078	0.0392	0.0051	1217311	1175811	1166482	discovery_extension/logs/rg/rg_longsleep.log	1.0503116883116883e-09	Loneliness, isolation	mental_psychosocial	PREVIOUSLY_SCREENED	EUR	PRIMARY_EXTENSION_RG_COMPLETE	True	True	PAIR_NOVELTY_AUDIT_REQUIRED	longsleep__panukbb_categorical__2020__both_sexes__2020__na	1.3479e-10	6.419847328244275	1.364110815437698e-10	1.347608067695024e-10	1.0503116883116883e-09	1.050084208593525e-09	1.0672570256697429e-09	0.1752734154075759	0.32932658459242414	True	1.2819344115446436e-10	1.451199419378739e-10	9.989099310737482e-10	1.1381956230421482e-09	False	dashti_2019_long_sleep	PANUKBB_2025_RELEASE	SELF_REPORT	discovery_extension/results/ldsc/extension_rg_matrix.tsv	RECOMPUTED_FROM_PRINTED_ESTIMATES	BLOCKED_MISSING_INPUTS	False
longsleep	panukbb_categorical__2040__both_sexes__2040__na	0.1622	0.0397	4.0843	4.4209e-05	0.067	0.0034	1.0282	0.0101	0.0052	0.006	1217311	1175811	1166474	discovery_extension/logs/rg/rg_longsleep.log	0.00015603176470588235	Risk taking	mental_psychosocial	HEAVILY_STUDIED	EUR	PRIMARY_EXTENSION_RG_COMPLETE	True	True	PAIR_NOVELTY_AUDIT_REQUIRED	longsleep__panukbb_categorical__2040__both_sexes__2040__na	4.4209e-05	4.085642317380353	4.395504801400067e-05	4.420988478028835e-05	0.00015603176470588235	0.00015603488745984125	0.0001551354635788259	0.08438942981375987	0.24001057018624017	True	4.275663093070015e-05	4.51821452992374e-05	0.00015090575622600053	0.00015946639517377904	False	dashti_2019_long_sleep	PANUKBB_2025_RELEASE	SELF_REPORT	discovery_extension/results/ldsc/extension_rg_matrix.tsv	RECOMPUTED_FROM_PRINTED_ESTIMATES	BLOCKED_MISSING_INPUTS	False
longsleep	panukbb_categorical__1677__both_sexes__1677__na	-0.2677	0.0551	-4.8633	1.1547e-06	0.0274	0.0024	1.0378	0.0076	-0.0105	0.0054	1217311	1175811	1166075	discovery_extension/logs/rg/rg_longsleep.log	5.329384615384615e-06	Breastfed as a baby	early_life	HEAVILY_STUDIED	EUR	PRIMARY_EXTENSION_RG_COMPLETE	True	True	PAIR_NOVELTY_AUDIT_REQUIRED	longsleep__panukbb_categorical__1677__both_sexes__1677__na	1.1547e-06	-4.8584392014519056	1.1831472777699477e-06	1.1544466906699494e-06	5.329384615384615e-06	5.328215495399767e-06	5.460679743553605e-06	-0.37569401554815696	-0.159705984451843	True	1.151764317750531e-06	1.2152929696627095e-06	5.315835312694759e-06	5.6090444753663516e-06	False	dashti_2019_long_sleep	PANUKBB_2025_RELEASE	SELF_REPORT	discovery_extension/results/ldsc/extension_rg_matrix.tsv	RECOMPUTED_FROM_PRINTED_ESTIMATES	BLOCKED_MISSING_INPUTS	False
longsleep	panukbb_categorical__1538__both_sexes__1__na	0.308	0.0394	7.828	4.9563e-15	0.07	0.004	1.0279	0.0075	0.0619	0.0045	1217311	1175811	1166478	discovery_extension/logs/rg/rg_longsleep.log	6.915767441860465e-14	Major dietary changes in the last 5 years	diet	UNDEREXPLORED	EUR	PRIMARY_EXTENSION_RG_COMPLETE	True	True	PAIR_NOVELTY_AUDIT_REQUIRED	longsleep__panukbb_categorical__1538__both_sexes__1__na	4.9563e-15	7.817258883248732	5.398600326683615e-15	4.9569193907952375e-15	6.915767441860465e-14	6.916631708086377e-14	7.532930688395742e-14	0.23077741900912185	0.38522258099087814	True	4.938721441986984e-15	5.899243369088037e-15	6.891239221377187e-14	8.231502375471679e-14	False	dashti_2019_long_sleep	PANUKBB_2025_RELEASE	SELF_REPORT	discovery_extension/results/ldsc/extension_rg_matrix.tsv	RECOMPUTED_FROM_PRINTED_ESTIMATES	BLOCKED_MISSING_INPUTS	False
longsleep	panukbb_categorical__1418__both_sexes__1__na	0.1599	0.0547	2.9231	0.0035	0.0608	0.0064	1.0186	0.0076	0.0132	0.0054	1217311	1175811	1166479	discovery_extension/logs/rg/rg_longsleep.log	0.00841683366733467	Milk type used	diet	UNDEREXPLORED	EUR	PRIMARY_EXTENSION_RG_COMPLETE	True	True	PAIR_NOVELTY_AUDIT_REQUIRED	longsleep__panukbb_categorical__1418__both_sexes__1__na	0.0035	2.923217550274223	0.003464343739104392	0.003465651931256031	0.00841683366733467	0.008350968509050679	0.008347816238805764	0.052689970045659035	0.26711002995434097	True	0.003424613779328592	0.003504419048020683	0.008252081395972511	0.00844438324824261	False	dashti_2019_long_sleep	PANUKBB_2025_RELEASE	SELF_REPORT	discovery_extension/results/ldsc/extension_rg_matrix.tsv	RECOMPUTED_FROM_PRINTED_ESTIMATES	BLOCKED_MISSING_INPUTS	False
longsleep	panukbb_continuous__1548__both_sexes__na__na	0.1397	0.0385	3.6322	0.0003	0.0437	0.0021	1.0312	0.0081	0.0074	0.0055	1217311	1175811	1166477	discovery_extension/logs/rg/rg_longsleep.log	0.0008866995073891625	Variation in diet	diet	PREVIOUSLY_SCREENED	EUR	PRIMARY_EXTENSION_RG_COMPLETE	True	False	NOT_TIER_A_SCREEN_THRESHOLD	longsleep__panukbb_continuous__1548__both_sexes__na__na	0.0003	3.6285714285714286	0.00028499390185411855	0.0002810151848128169	0.0008866995073891625	0.0008602505657535212	0.0008688668737058322	0.06424138659520791	0.2151586134047921	True	0.00027842264589013707	0.00029169264083537774	0.0008494493409922773	0.0008871456267920179	False	dashti_2019_long_sleep	PANUKBB_2025_RELEASE	SELF_REPORT	discovery_extension/results/ldsc/extension_rg_matrix.tsv	RECOMPUTED_FROM_PRINTED_ESTIMATES	BLOCKED_MISSING_INPUTS	False
longsleep	panukbb_categorical__1468__both_sexes__4__na	-0.3152	0.0375	-8.4055	4.2595e-17	0.0728	0.0034	1.0415	0.008	-0.04	0.0055	1217311	1175811	1166454	discovery_extension/logs/rg/rg_longsleep.log	7.001917808219177e-16	Cereal type	diet	PREVIOUSLY_SCREENED	EUR	PRIMARY_EXTENSION_RG_COMPLETE	True	True	PAIR_NOVELTY_AUDIT_REQUIRED	longsleep__panukbb_categorical__1468__both_sexes__4__na	4.2595e-17	-8.405333333333333	4.266480531977735e-17	4.260425551399134e-17	7.001917808219177e-16	7.003439262573919e-16	7.013392655305866e-16	-0.388698649420252	-0.24170135057974795	True	3.833237399472736e-17	4.7466002581486136e-17	6.301212163516826e-16	7.802630561340186e-16	False	dashti_2019_long_sleep	PANUKBB_2025_RELEASE	SELF_REPORT	discovery_extension/results/ldsc/extension_rg_matrix.tsv	RECOMPUTED_FROM_PRINTED_ESTIMATES	BLOCKED_MISSING_INPUTS	False
longsleep	panukbb_continuous__1140__both_sexes__na__na	-0.2047	0.0624	-3.2819	0.001	0.0129	0.0015	1.0117	0.0063	-0.0221	0.0051	1217311	1175811	1166436	discovery_extension/logs/rg/rg_longsleep.log	0.002696629213483146	Difference in mobile phone use compared to two years previously	digital_environment	PREVIOUSLY_SCREENED	EUR	PRIMARY_EXTENSION_RG_COMPLETE	True	True	PAIR_NOVELTY_AUDIT_REQUIRED	longsleep__panukbb_continuous__1140__both_sexes__na__na	0.001	-3.280448717948718	0.001036421044550703	0.0010311016497613294	0.002696629213483146	0.002780498830817068	0.0027948432662041433	-0.32700175263529935	-0.08239824736470062	True	0.001023880307565068	0.001049083370975848	0.002761025548490071	0.0028289888655528487	False	dashti_2019_long_sleep	PANUKBB_2025_RELEASE	SELF_REPORT	discovery_extension/results/ldsc/extension_rg_matrix.tsv	RECOMPUTED_FROM_PRINTED_ESTIMATES	BLOCKED_MISSING_INPUTS	False
longsleep	panukbb_continuous__2267__both_sexes__na__na	-0.1067	0.033	-3.2295	0.0012	0.061	0.0067	1.0536	0.0217	-0.008	0.0052	1217311	1175811	1166483	discovery_extension/logs/rg/rg_longsleep.log	0.0031788079470198675	Use of sun/uv protection	digital_environment	PREVIOUSLY_SCREENED	EUR	PRIMARY_EXTENSION_RG_COMPLETE	True	False	NOT_TIER_A_SCREEN_THRESHOLD	longsleep__panukbb_continuous__2267__both_sexes__na__na	0.0012	-3.2333333333333334	0.0012235470649724107	0.0012400688136937638	0.0031788079470198675	0.00328495049985103	0.0032411842780726108	-0.1713788114898218	-0.04202118851017822	True	0.0011963151665285575	0.0012512654991168714	0.0031690467987511455	0.003314610593687077	False	dashti_2019_long_sleep	PANUKBB_2025_RELEASE	SELF_REPORT	discovery_extension/results/ldsc/extension_rg_matrix.tsv	RECOMPUTED_FROM_PRINTED_ESTIMATES	BLOCKED_MISSING_INPUTS	False
longsleep	panukbb_continuous__874__both_sexes__na__irnt	0.2206	0.04	5.5081	3.6275e-08	0.0472	0.0025	1.0375	0.0085	-0.0059	0.006	1217311	1175811	1166453	discovery_extension/logs/rg/rg_longsleep.log	2.1131067961165046e-07	Duration of walks	physical_activity	UNDEREXPLORED	EUR	PRIMARY_EXTENSION_RG_COMPLETE	True	True	PAIR_NOVELTY_AUDIT_REQUIRED	longsleep__panukbb_continuous__874__both_sexes__na__irnt	3.6275e-08	5.515	3.487799587865015e-08	3.627273472640837e-08	2.1131067961165046e-07	2.1129748384315557e-07	2.031727915261174e-07	0.14220144061839785	0.29899855938160214	True	3.329677532121867e-08	3.65277220055932e-08	1.9396179798768158e-07	2.127828466345235e-07	False	dashti_2019_long_sleep	PANUKBB_2025_RELEASE	SELF_REPORT	discovery_extension/results/ldsc/extension_rg_matrix.tsv	RECOMPUTED_FROM_PRINTED_ESTIMATES	BLOCKED_MISSING_INPUTS	False
longsleep	panukbb_continuous__943__both_sexes__na__na	-0.2533	0.0383	-6.6192	3.6117e-11	0.0351	0.0018	1.0528	0.0078	-0.0324	0.0049	1217311	1175811	1166481	discovery_extension/logs/rg/rg_longsleep.log	3.00975e-10	Frequency of stair climbing in last 4 weeks	physical_activity	PREVIOUSLY_SCREENED	EUR	PRIMARY_EXTENSION_RG_COMPLETE	True	True	PAIR_NOVELTY_AUDIT_REQUIRED	longsleep__panukbb_continuous__943__both_sexes__na__na	3.6117e-11	-6.613577023498695	3.7514266276553784e-11	3.611479638083366e-11	3.00975e-10	3.0095663650694716e-10	3.126188856379482e-10	-0.32836662060788413	-0.17823337939211595	True	3.507221019743967e-11	4.0115440707839696e-11	2.9226841831199724e-10	3.342953392319975e-10	False	dashti_2019_long_sleep	PANUKBB_2025_RELEASE	SELF_REPORT	discovery_extension/results/ldsc/extension_rg_matrix.tsv	RECOMPUTED_FROM_PRINTED_ESTIMATES	BLOCKED_MISSING_INPUTS	False
longsleep	panukbb_categorical__6164__both_sexes__5__na	-0.1392	0.0387	-3.5934	0.0003	0.0316	0.0018	1.0257	0.0077	-0.0378	0.0056	1217311	1175811	1166483	discovery_extension/logs/rg/rg_longsleep.log	0.0008866995073891625	Types of physical activity in last 4 weeks	physical_activity	UNDEREXPLORED	EUR	PRIMARY_EXTENSION_RG_COMPLETE	True	False	NOT_TIER_A_SCREEN_THRESHOLD	longsleep__panukbb_categorical__6164__both_sexes__5__na	0.0003	-3.5968992248062013	0.0003220331738122147	0.00032639094661868147	0.0008866995073891625	0.0009670842862775747	0.0009589077135847583	-0.21505060620170008	-0.0633493937982999	True	0.0003147519550338296	0.00032945241434369313	0.0009372266651131402	0.000981983404434876	False	dashti_2019_long_sleep	PANUKBB_2025_RELEASE	SELF_REPORT	discovery_extension/results/ldsc/extension_rg_matrix.tsv	RECOMPUTED_FROM_PRINTED_ESTIMATES	BLOCKED_MISSING_INPUTS	False
longsleep	panukbb_continuous__924__both_sexes__na__na	-0.3698	0.0275	-13.4701	2.3449e-41	0.0821	0.0026	1.0596	0.01	-0.0882	0.0058	1217311	1175811	1166478	discovery_extension/logs/rg/rg_longsleep.log	2.3448999999999998e-39	Usual walking pace	physical_activity	PREVIOUSLY_SCREENED	EUR	PRIMARY_EXTENSION_RG_COMPLETE	True	True	PAIR_NOVELTY_AUDIT_REQUIRED	longsleep__panukbb_continuous__924__both_sexes__na__na	2.3449e-41	-13.447272727272727	3.194381898873585e-41	2.3454813246086243e-41	2.3448999999999998e-39	2.3454813246086245e-39	3.194381898873585e-39	-0.4236990095748515	-0.3159009904251485	True	2.237233533376104e-41	4.55201201612214e-41	2.237233533376104e-39	4.55201201612214e-39	False	dashti_2019_long_sleep	PANUKBB_2025_RELEASE	SELF_REPORT	discovery_extension/results/ldsc/extension_rg_matrix.tsv	RECOMPUTED_FROM_PRINTED_ESTIMATES	BLOCKED_MISSING_INPUTS	False
longsleep	panukbb_categorical__6138__both_sexes__5__na	0.3351	0.0534	6.2709	3.5889e-10	0.0216	0.0022	1.0119	0.0065	0.001	0.0045	1217311	1175811	1166478	discovery_extension/logs/rg/rg_longsleep.log	2.7086037735849056e-09	Qualifications	socioeconomic_occupational	UNDEREXPLORED	EUR	PRIMARY_EXTENSION_RG_COMPLETE	True	True	PAIR_NOVELTY_AUDIT_REQUIRED	longsleep__panukbb_categorical__6138__both_sexes__5__na	3.5889e-10	6.275280898876404	3.4900362788293806e-10	3.589671156320226e-10	2.7086037735849056e-09	2.7091857783548875e-09	2.6339896443995325e-09	0.23043792322556111	0.4397620767744389	True	3.340312722556057e-10	3.646006513656343e-10	2.5209907340045713e-09	2.7517030291745986e-09	False	dashti_2019_long_sleep	PANUKBB_2025_RELEASE	SELF_REPORT	discovery_extension/results/ldsc/extension_rg_matrix.tsv	RECOMPUTED_FROM_PRINTED_ESTIMATES	BLOCKED_MISSING_INPUTS	False
longsleep	panukbb_categorical__6142__both_sexes__6__na	-0.337	0.0619	-5.4447	5.1884e-08	0.0618	0.0078	1.0131	0.0062	-0.0039	0.0051	1217311	1175811	1166478	discovery_extension/logs/rg/rg_longsleep.log	2.966331753554503e-07	Current employment status	socioeconomic_occupational	UNDEREXPLORED	EUR	PRIMARY_EXTENSION_RG_COMPLETE	True	True	PAIR_NOVELTY_AUDIT_REQUIRED	longsleep__panukbb_categorical__6142__both_sexes__6__na	5.1884e-08	-5.444264943457189	5.201974542689804e-08	5.18927690900788e-08	2.966331753554503e-07	2.966205353886178e-07	2.972556881537031e-07	-0.45832177064302937	-0.21567822935697067	True	5.05188556282279e-08	5.3561285510111504e-08	2.873110272695426e-07	3.061321228496084e-07	False	dashti_2019_long_sleep	PANUKBB_2025_RELEASE	SELF_REPORT	discovery_extension/results/ldsc/extension_rg_matrix.tsv	RECOMPUTED_FROM_PRINTED_ESTIMATES	BLOCKED_MISSING_INPUTS	False
longsleep	panukbb_continuous__816__both_sexes__na__na	0.3713	0.0331	11.223	3.1425e-29	0.0844	0.0042	1.0757	0.0095	0.0405	0.0055	1217311	1175811	1166435	discovery_extension/logs/rg/rg_longsleep.log	1.3467857142857144e-27	Job involves heavy manual or physical work	socioeconomic_occupational	PREVIOUSLY_SCREENED	EUR	PRIMARY_EXTENSION_RG_COMPLETE	True	True	PAIR_NOVELTY_AUDIT_REQUIRED	longsleep__panukbb_continuous__816__both_sexes__na__na	3.1425e-29	11.217522658610273	3.3451011816909806e-29	3.1441985944616e-29	1.3467857142857144e-27	1.3475136833406857e-27	1.4336147921532775e-27	0.30642519211172425	0.4361748078882758	True	2.7138465557876386e-29	4.119198034062634e-29	1.1630770953375593e-27	1.765370586026843e-27	False	dashti_2019_long_sleep	PANUKBB_2025_RELEASE	SELF_REPORT	discovery_extension/results/ldsc/extension_rg_matrix.tsv	RECOMPUTED_FROM_PRINTED_ESTIMATES	BLOCKED_MISSING_INPUTS	False
longsleep	panukbb_icd10__i83__both_sexes__na__na	0.1457	0.0536	2.7156	0.0066	0.2011	0.0196	1.0334	0.0143	-0.0035	0.0056	1217311	1175811	1166477	discovery_extension/logs/rg/rg_longsleep.log	0.014859287054409006	I83 Varicose veins of lower extremities	other_clinical	UNDEREXPLORED	EUR	PRIMARY_EXTENSION_RG_COMPLETE	True	False	NOT_TIER_A_SCREEN_THRESHOLD	longsleep__panukbb_icd10__i83__both_sexes__na__na	0.0066	2.718283582089552	0.006562156889836703	0.00661557938932608	0.014859287054409006	0.014922359524795668	0.01482973308437673	0.040645930428653096	0.2507540695713469	True	0.006493619218950256	0.006631214863626988	0.014674845692542952	0.014985796301981895	False	dashti_2019_long_sleep	PANUKBB_2025_RELEASE	SELF_REPORT	discovery_extension/results/ldsc/extension_rg_matrix.tsv	RECOMPUTED_FROM_PRINTED_ESTIMATES	BLOCKED_MISSING_INPUTS	False
longsleep	panukbb_icd10__z95__both_sexes__na__na	0.1475	0.0468	3.152	0.0016	0.1327	0.0132	1.0087	0.008	0.02	0.0053	1217311	1175811	1166479	discovery_extension/logs/rg/rg_longsleep.log	0.004183006535947713	Z95 Presence of cardiac and vascular implants and grafts	other_clinical	UNDEREXPLORED	EUR	PRIMARY_EXTENSION_RG_COMPLETE	True	False	NOT_TIER_A_SCREEN_THRESHOLD	longsleep__panukbb_icd10__z95__both_sexes__na__na	0.0016	3.1517094017094016	0.0016231772836373685	0.0016215627332500904	0.004183006535947713	0.004239379694771478	0.004243600741535604	0.05577368552352546	0.23922631447647452	True	0.0015986676972401706	0.0016479788602189254	0.00417952339147757	0.004308441464624641	False	dashti_2019_long_sleep	PANUKBB_2025_RELEASE	SELF_REPORT	discovery_extension/results/ldsc/extension_rg_matrix.tsv	RECOMPUTED_FROM_PRINTED_ESTIMATES	BLOCKED_MISSING_INPUTS	False
longsleep	panukbb_continuous__135__both_sexes__na__na	0.2499	0.0298	8.3916	4.7964e-17	0.0658	0.0025	1.0602	0.0116	0.0606	0.0053	1217311	1175811	1166481	discovery_extension/logs/rg/rg_longsleep.log	7.777945945945946e-16	Number of self-reported non-cancer illnesses	other_clinical	PREVIOUSLY_SCREENED	EUR	PRIMARY_EXTENSION_RG_COMPLETE	True	True	PAIR_NOVELTY_AUDIT_REQUIRED	longsleep__panukbb_continuous__135__both_sexes__na__na	4.7964e-17	8.385906040268457	5.033653028423009e-17	4.795701678905053e-17	7.777945945945946e-16	7.776813533359544e-16	8.162680586631907e-16	0.19149307326070641	0.3083069267392936	True	4.401333480925201e-17	5.752820924945416e-17	7.137297536635461e-16	9.328898797208782e-16	False	dashti_2019_long_sleep	PANUKBB_2025_RELEASE	SELF_REPORT	discovery_extension/results/ldsc/extension_rg_matrix.tsv	RECOMPUTED_FROM_PRINTED_ESTIMATES	BLOCKED_MISSING_INPUTS	False
longsleep	panukbb_categorical__20117__both_sexes__2__na	-0.299	0.0441	-6.7797	1.2042e-11	0.0858	0.0067	1.0335	0.0077	-0.0368	0.005	1217311	1175811	1166482	discovery_extension/logs/rg/rg_longsleep.log	1.0783880597014926e-10	Alcohol drinker status	alcohol_tobacco	UNDEREXPLORED	EUR	PRIMARY_EXTENSION_RG_COMPLETE	True	True	PAIR_NOVELTY_AUDIT_REQUIRED	longsleep__panukbb_categorical__20117__both_sexes__2__na	1.2042e-11	-6.780045351473922	1.201381642576932e-11	1.2042568232888702e-11	1.0783880597014926e-10	1.0784389462288389e-10	1.0692695253358726e-10	-0.38543441171821635	-0.21256558828178362	True	1.1301030147621797e-11	1.2768817606848332e-11	1.0045360131219375e-10	1.1387327024126887e-10	False	dashti_2019_long_sleep	PANUKBB_2025_RELEASE	SELF_REPORT	discovery_extension/results/ldsc/extension_rg_matrix.tsv	RECOMPUTED_FROM_PRINTED_ESTIMATES	BLOCKED_MISSING_INPUTS	False
longsleep	panukbb_continuous__1588__both_sexes__na__na	0.2068	0.0538	3.8426	0.0001	0.0504	0.0031	1.0568	0.0102	0.0346	0.0064	1217311	1175811	1166027	discovery_extension/logs/rg/rg_longsleep.log	0.0003225806451612903	Average weekly beer plus cider intake	alcohol_tobacco	UNDEREXPLORED	EUR	PRIMARY_EXTENSION_RG_COMPLETE	True	True	PAIR_NOVELTY_AUDIT_REQUIRED	longsleep__panukbb_continuous__1588__both_sexes__na__na	0.0001	3.8438661710037176	0.00012111106858106131	0.00012173778693225078	0.0003225806451612903	0.0004002338200512354	0.0003992672590584439	0.1013539376317451	0.3122460623682549	True	0.00011890535309088615	0.00012335111641779896	0.00039199566953039387	0.00040665203214659	False	dashti_2019_long_sleep	PANUKBB_2025_RELEASE	SELF_REPORT	discovery_extension/results/ldsc/extension_rg_matrix.tsv	RECOMPUTED_FROM_PRINTED_ESTIMATES	BLOCKED_MISSING_INPUTS	False
longsleep	panukbb_continuous__1259__both_sexes__na__na	0.2871	0.0615	4.6664	3.0659e-06	0.0105	0.0015	1.0163	0.0075	0.0122	0.0044	1217311	1175811	1166470	discovery_extension/logs/rg/rg_longsleep.log	1.3186666666666669e-05	Smoking/smokers in household	alcohol_tobacco	PREVIOUSLY_SCREENED	EUR	PRIMARY_EXTENSION_RG_COMPLETE	True	True	PAIR_NOVELTY_AUDIT_REQUIRED	longsleep__panukbb_continuous__1259__both_sexes__na__na	3.0659e-06	4.66829268292683	3.037130340222865e-06	3.065227169488793e-06	1.3186666666666669e-05	1.318377277199481e-05	1.3062926194506945e-05	0.1665622149507867	0.40763778504921333	True	2.9696943754362492e-06	3.105920836293097e-06	1.2772879034134405e-05	1.3393275116241172e-05	False	dashti_2019_long_sleep	PANUKBB_2025_RELEASE	SELF_REPORT	discovery_extension/results/ldsc/extension_rg_matrix.tsv	RECOMPUTED_FROM_PRINTED_ESTIMATES	BLOCKED_MISSING_INPUTS	False
longsleep	panukbb_phecode__318__both_sexes__na__na	0.3689	0.0502	7.3528	1.9411e-13	0.1504	0.0118	1.0076	0.0072	0.0219	0.0056	1217311	1175811	1166470	discovery_extension/logs/rg/rg_longsleep.log	2.1369908256880735e-12	Tobacco use disorder	alcohol_tobacco	UNDEREXPLORED	EUR	PRIMARY_EXTENSION_RG_COMPLETE	True	True	PAIR_NOVELTY_AUDIT_REQUIRED	longsleep__panukbb_phecode__318__both_sexes__na__na	1.9411e-13	7.348605577689243	2.002852345511164e-13	1.940972556993074e-13	2.1369908256880735e-12	2.136850521460265e-12	2.2049750592783453e-12	0.27050980797608926	0.46729019202391076	True	1.8818907781825466e-13	2.1311799182227566e-13	2.071806361301886e-12	2.3462531209791815e-12	False	dashti_2019_long_sleep	PANUKBB_2025_RELEASE	SELF_REPORT	discovery_extension/results/ldsc/extension_rg_matrix.tsv	RECOMPUTED_FROM_PRINTED_ESTIMATES	BLOCKED_MISSING_INPUTS	False
chronotype	panukbb_biomarkers__30890__both_sexes__na__irnt	0.1222	0.0235	5.1919	2.0811e-07	0.097	0.0227	1.0932	0.0409	0.0527	0.0071	1217311	1172987	1163662	discovery_extension/logs/rg/rg_chronotype.log	1.0581864406779663e-06	Vitamin D	molecular_biomarker	HEAVILY_STUDIED	EUR	PRIMARY_EXTENSION_RG_COMPLETE	True	False	NOT_TIER_A_SCREEN_THRESHOLD	chronotype__panukbb_biomarkers__30890__both_sexes__na__irnt	2.0811e-07	5.2	1.9928852633866988e-07	2.0815880432818597e-07	1.0581864406779663e-06	1.0584345982789117e-06	1.0176435387506548e-06	0.07614084636330873	0.16825915363669128	True	1.8559095879318734e-07	2.1389634016312607e-07	9.517485066317299e-07	1.0876085093040309e-06	False	jones_2019_morning_person_ukb	PANUKBB_2025_RELEASE	SELF_REPORT	discovery_extension/results/ldsc/extension_rg_matrix.tsv	RECOMPUTED_FROM_PRINTED_ESTIMATES	BLOCKED_MISSING_INPUTS	False
chronotype	panukbb_categorical__2316__both_sexes__2316__na	-0.062	0.024	-2.5835	0.0098	0.0836	0.0044	1.0436	0.0108	-0.0457	0.0068	1217311	1172987	1163674	discovery_extension/logs/rg/rg_chronotype.log	0.02149908592321755	Wheeze or whistling in the chest in last year	pulmonary	HEAVILY_STUDIED	EUR	PRIMARY_EXTENSION_RG_COMPLETE	True	False	NOT_TIER_A_SCREEN_THRESHOLD	chronotype__panukbb_categorical__2316__both_sexes__2316__na	0.0098	-2.5833333333333335	0.009785073204469962	0.009780346710822443	0.02149908592321755	0.02145597084641121	0.021466339753864635	-0.1090391356289613	-0.014960864371038704	True	0.009574917224585698	0.009998430581677004	0.021005302869292208	0.021934399813551015	False	jones_2019_morning_person_ukb	PANUKBB_2025_RELEASE	SELF_REPORT	discovery_extension/results/ldsc/extension_rg_matrix.tsv	RECOMPUTED_FROM_PRINTED_ESTIMATES	BLOCKED_MISSING_INPUTS	False
chronotype	panukbb_continuous__5257__both_sexes__na__irnt	-0.0483	0.0199	-2.4286	0.0152	0.2444	0.0167	1.0906	0.0161	-0.0103	0.0059	1217311	1172987	1163549	discovery_extension/logs/rg/rg_chronotype.log	0.03205623901581722	Corneal resistance factor (right)	sensory	HEAVILY_STUDIED	EUR	PRIMARY_EXTENSION_RG_COMPLETE	True	False	NOT_TIER_A_SCREEN_THRESHOLD	chronotype__panukbb_continuous__5257__both_sexes__na__irnt	0.0152	-2.4271356783919598	0.015218563256080073	0.015157244528066669	0.03205623901581722	0.03196606930347979	0.032039080539115944	-0.08730328329234707	-0.009296716707652926	True	0.014860201249183462	0.015582659516017904	0.03128463420880728	0.032805598981090325	False	jones_2019_morning_person_ukb	PANUKBB_2025_RELEASE	SELF_REPORT	discovery_extension/results/ldsc/extension_rg_matrix.tsv	RECOMPUTED_FROM_PRINTED_ESTIMATES	BLOCKED_MISSING_INPUTS	False
chronotype	panukbb_categorical__2207__both_sexes__2207__na	0.1042	0.0381	2.7357	0.0062	0.0435	0.0035	1.0001	0.0073	-0.0001	0.0065	1217311	1172987	1163678	discovery_extension/logs/rg/rg_chronotype.log	0.014064272211720226	Wears glasses or contact lenses	sensory	HEAVILY_STUDIED	EUR	PRIMARY_EXTENSION_RG_COMPLETE	True	False	NOT_TIER_A_SCREEN_THRESHOLD	chronotype__panukbb_categorical__2207__both_sexes__2207__na	0.0062	2.7349081364829395	0.006239768721108672	0.00622477466753834	0.014064272211720226	0.014120471835625726	0.01415448481158867	0.029525372189023943	0.17887462781097607	True	0.00614735827755605	0.006333180769003445	0.013944858096535463	0.01436638359698324	False	jones_2019_morning_person_ukb	PANUKBB_2025_RELEASE	SELF_REPORT	discovery_extension/results/ldsc/extension_rg_matrix.tsv	RECOMPUTED_FROM_PRINTED_ESTIMATES	BLOCKED_MISSING_INPUTS	False
chronotype	panukbb_categorical__3393__both_sexes__3393__na	0.1074	0.0419	2.567	0.0103	0.0914	0.0113	1.0031	0.0072	-0.0037	0.0061	1217311	1172987	1163656	discovery_extension/logs/rg/rg_chronotype.log	0.022431941923774953	Hearing aid user	sensory	HEAVILY_STUDIED	EUR	PRIMARY_EXTENSION_RG_COMPLETE	True	False	NOT_TIER_A_SCREEN_THRESHOLD	chronotype__panukbb_categorical__3393__both_sexes__3393__na	0.0103	2.563245823389021	0.010369859831313607	0.010258261241905799	0.022431941923774953	0.022381660891430833	0.02258408674696248	0.025277509047771735	0.18952249095222826	True	0.010243390693598104	0.010497410131296101	0.022308654868090243	0.022861873244202035	False	jones_2019_morning_person_ukb	PANUKBB_2025_RELEASE	SELF_REPORT	discovery_extension/results/ldsc/extension_rg_matrix.tsv	RECOMPUTED_FROM_PRINTED_ESTIMATES	BLOCKED_MISSING_INPUTS	False
chronotype	panukbb_categorical__2257__both_sexes__2257__na	-0.0993	0.0242	-4.1086	3.9801e-05	0.0523	0.0022	1.0382	0.009	-0.0213	0.0065	1217311	1172987	1163675	discovery_extension/logs/rg/rg_chronotype.log	0.00014257074626865672	Hearing difficulty/problems with background noise	sensory	HEAVILY_STUDIED	EUR	PRIMARY_EXTENSION_RG_COMPLETE	True	False	NOT_TIER_A_SCREEN_THRESHOLD	chronotype__panukbb_categorical__2257__both_sexes__2257__na	3.9801e-05	-4.103305785123967	4.072883659374776e-05	3.980648375407827e-05	0.00014257074626865672	0.00014259038956684753	0.0001454601306919563	-0.1467311284258693	-0.05186887157413069	True	3.8907784611151e-05	4.262256339646674e-05	0.00013937116875636178	0.00015177173909721093	False	jones_2019_morning_person_ukb	PANUKBB_2025_RELEASE	SELF_REPORT	discovery_extension/results/ldsc/extension_rg_matrix.tsv	RECOMPUTED_FROM_PRINTED_ESTIMATES	BLOCKED_MISSING_INPUTS	False
chronotype	panukbb_icd10__m17__both_sexes__na__na	0.1108	0.0304	3.6425	0.0003	0.1322	0.0086	1.0229	0.009	-0.0037	0.0067	1217311	1172987	1163136	discovery_extension/logs/rg/rg_chronotype.log	0.0008866995073891625	M17 Gonarthrosis [arthrosis of knee]	musculoskeletal_pain	HIGH_NOVELTY_PRIORITY	EUR	PRIMARY_EXTENSION_RG_COMPLETE	True	False	NOT_TIER_A_SCREEN_THRESHOLD	chronotype__panukbb_icd10__m17__both_sexes__na__na	0.0003	3.644736842105263	0.0002676655433943224	0.000270002977947724	0.0008866995073891625	0.0008307783936853045	0.000823586287367146	0.051217094869982355	0.17038290513001764	True	0.0002598121176018807	0.00027571418755979125	0.000799469039932241	0.0008483513463378193	False	jones_2019_morning_person_ukb	PANUKBB_2025_RELEASE	SELF_REPORT	discovery_extension/results/ldsc/extension_rg_matrix.tsv	RECOMPUTED_FROM_PRINTED_ESTIMATES	BLOCKED_MISSING_INPUTS	False
chronotype	panukbb_categorical__6151__both_sexes__7__na	-0.1121	0.0437	-2.5648	0.0103	0.0423	0.0071	1.0056	0.0065	-0.0074	0.0057	1217311	1172987	1163675	discovery_extension/logs/rg/rg_chronotype.log	0.022431941923774953	Fractured bone site(s)	musculoskeletal_pain	HIGH_NOVELTY_PRIORITY	EUR	PRIMARY_EXTENSION_RG_COMPLETE	True	False	NOT_TIER_A_SCREEN_THRESHOLD	chronotype__panukbb_categorical__6151__both_sexes__7__na	0.0103	-2.5652173913043477	0.01031111800107661	0.010323529185615266	0.022431941923774953	0.0224831851592347	0.022496984729621694	-0.19775042612440036	-0.02644957387559964	True	0.010190382484071121	0.01043284465977942	0.0222335617834279	0.022762570166791462	False	jones_2019_morning_person_ukb	PANUKBB_2025_RELEASE	SELF_REPORT	discovery_extension/results/ldsc/extension_rg_matrix.tsv	RECOMPUTED_FROM_PRINTED_ESTIMATES	BLOCKED_MISSING_INPUTS	False
chronotype	panukbb_phecode__835__both_sexes__na__na	0.117	0.0361	3.2431	0.0012	0.0957	0.0106	1.0122	0.0076	-0.003	0.0057	1217311	1172987	1163672	discovery_extension/logs/rg/rg_chronotype.log	0.0031788079470198675	Internal derangement of knee	musculoskeletal_pain	PREVIOUSLY_SCREENED	EUR	PRIMARY_EXTENSION_RG_COMPLETE	True	False	NOT_TIER_A_SCREEN_THRESHOLD	chronotype__panukbb_phecode__835__both_sexes__na__na	0.0012	3.2409972299168976	0.0011911234134662251	0.0011823670417597774	0.0031788079470198675	0.0031459876942610487	0.0031692862442560315	0.04624530015810406	0.18775469984189597	True	0.0011667784632391298	0.0012158676295930847	0.003104510323474403	0.0032422195728206336	False	jones_2019_morning_person_ukb	PANUKBB_2025_RELEASE	SELF_REPORT	discovery_extension/results/ldsc/extension_rg_matrix.tsv	RECOMPUTED_FROM_PRINTED_ESTIMATES	BLOCKED_MISSING_INPUTS	False
chronotype	panukbb_categorical__6149__both_sexes__3__na	-0.1502	0.033	-4.5455	5.4796e-06	0.0473	0.0034	1.0208	0.0074	-0.0236	0.006	1217311	1172987	1163675	discovery_extension/logs/rg/rg_chronotype.log	2.2831666666666667e-05	Mouth/teeth dental problems	oral_dental	PREVIOUSLY_SCREENED	EUR	PRIMARY_EXTENSION_RG_COMPLETE	True	True	PAIR_NOVELTY_AUDIT_REQUIRED	chronotype__panukbb_categorical__6149__both_sexes__3__na	5.4796e-06	-4.551515151515152	5.3260961390961164e-06	5.480499722070751e-06	2.2831666666666667e-05	2.283541550862813e-05	2.219206724623382e-05	-0.2148788114898218	-0.08552118851017822	True	5.11684085312918e-06	5.542860047646627e-06	2.1320170221371584e-05	2.309525019852761e-05	False	jones_2019_morning_person_ukb	PANUKBB_2025_RELEASE	SELF_REPORT	discovery_extension/results/ldsc/extension_rg_matrix.tsv	RECOMPUTED_FROM_PRINTED_ESTIMATES	BLOCKED_MISSING_INPUTS	False
chronotype	panukbb_categorical__6149__both_sexes__4__na	-0.0994	0.0393	-2.5275	0.0115	0.0786	0.009	1.0189	0.0068	-0.0213	0.0061	1217311	1172987	1163677	discovery_extension/logs/rg/rg_chronotype.log	0.02477558348294434	Mouth/teeth dental problems	oral_dental	HIGH_NOVELTY_PRIORITY	EUR	PRIMARY_EXTENSION_RG_COMPLETE	True	False	NOT_TIER_A_SCREEN_THRESHOLD	chronotype__panukbb_categorical__6149__both_sexes__4__na	0.0115	-2.5292620865139948	0.011430263826625804	0.011487782399390337	0.02477558348294434	0.02474926190173861	0.02462534397118665	-0.17642658459242413	-0.02237341540757587	True	0.011284664669046837	0.011577151708574193	0.0243116653552176	0.024941799013086234	False	jones_2019_morning_person_ukb	PANUKBB_2025_RELEASE	SELF_REPORT	discovery_extension/results/ldsc/extension_rg_matrix.tsv	RECOMPUTED_FROM_PRINTED_ESTIMATES	BLOCKED_MISSING_INPUTS	False
chronotype	panukbb_categorical__6149__both_sexes__6__na	0.0874	0.0274	3.1907	0.0014	0.0885	0.0043	1.0653	0.0103	-0.0175	0.0075	1217311	1172987	1163680	discovery_extension/logs/rg/rg_chronotype.log	0.0036761487964989056	Mouth/teeth dental problems	oral_dental	PREVIOUSLY_SCREENED	EUR	PRIMARY_EXTENSION_RG_COMPLETE	True	False	NOT_TIER_A_SCREEN_THRESHOLD	chronotype__panukbb_categorical__6149__both_sexes__6__na	0.0014	3.18978102189781	0.0014238063385884829	0.0014192856966495158	0.0036761487964989056	0.0037267895754473064	0.0037386599700354036	0.033696986823602525	0.14110301317639748	True	0.0013865297164096756	0.001461864073138518	0.003640778248778141	0.0038385927522236797	False	jones_2019_morning_person_ukb	PANUKBB_2025_RELEASE	SELF_REPORT	discovery_extension/results/ldsc/extension_rg_matrix.tsv	RECOMPUTED_FROM_PRINTED_ESTIMATES	BLOCKED_MISSING_INPUTS	False
chronotype	panukbb_categorical__20004__both_sexes__1480__na	-0.0854	0.0365	-2.3382	0.0194	0.078	0.008	1.0083	0.0064	-0.0065	0.0057	1217311	1172987	1163677	discovery_extension/logs/rg/rg_chronotype.log	0.039524617996604415	Operation code	oral_dental	PREVIOUSLY_SCREENED	EUR	PRIMARY_EXTENSION_RG_COMPLETE	True	False	NOT_TIER_A_SCREEN_THRESHOLD	chronotype__panukbb_categorical__20004__both_sexes__1480__na	0.0194	-2.3397260273972607	0.019297890494753587	0.019376875518112645	0.039524617996604415	0.03951978055293169	0.039362957314814505	-0.156938685435712	-0.013861314564288033	True	0.019062459658902527	0.01953520389133285	0.03890297889571944	0.03980007583972737	False	jones_2019_morning_person_ukb	PANUKBB_2025_RELEASE	SELF_REPORT	discovery_extension/results/ldsc/extension_rg_matrix.tsv	RECOMPUTED_FROM_PRINTED_ESTIMATES	BLOCKED_MISSING_INPUTS	False
chronotype	panukbb_categorical__4294__both_sexes__0__na	0.1497	0.0533	2.8081	0.005	0.1278	0.0246	1.0055	0.0062	0.0122	0.0059	1217311	1172987	1163282	discovery_extension/logs/rg/rg_chronotype.log	0.011695906432748537	Final attempt correct	cognitive	UNDEREXPLORED	EUR	PRIMARY_EXTENSION_RG_COMPLETE	True	False	NOT_TIER_A_SCREEN_THRESHOLD	chronotype__panukbb_categorical__4294__both_sexes__0__na	0.005	2.8086303939962476	0.004975272979464237	0.004983474924353314	0.011695906432748537	0.011657251285036993	0.011638065449039151	0.045233919624015115	0.25416608037598487	True	0.0049202892988445225	0.005030707082606184	0.01150944865226789	0.01176773586574546	False	jones_2019_morning_person_ukb	PANUKBB_2025_RELEASE	SELF_REPORT	discovery_extension/results/ldsc/extension_rg_matrix.tsv	RECOMPUTED_FROM_PRINTED_ESTIMATES	BLOCKED_MISSING_INPUTS	False
chronotype	panukbb_categorical__5001__both_sexes__5001__na	-0.1395	0.0397	-3.5131	0.0004	0.1159	0.0131	1.0022	0.0067	-0.01	0.0059	1217311	1172987	1163593	discovery_extension/logs/rg/rg_chronotype.log	0.001145584725536993	FI7 : synonym	cognitive	PREVIOUSLY_SCREENED	EUR	PRIMARY_EXTENSION_RG_COMPLETE	True	False	NOT_TIER_A_SCREEN_THRESHOLD	chronotype__panukbb_categorical__5001__both_sexes__5001__na	0.0004	-3.5138539042821164	0.00044165564845224963	0.000442910747111646	0.001145584725536993	0.0012715141065406106	0.0012740066782276432	-0.21731057018624017	-0.06168942981375987	True	0.00043228602117826513	0.000451190278555717	0.001243988550153281	0.0012983892908078184	False	jones_2019_morning_person_ukb	PANUKBB_2025_RELEASE	SELF_REPORT	discovery_extension/results/ldsc/extension_rg_matrix.tsv	RECOMPUTED_FROM_PRINTED_ESTIMATES	BLOCKED_MISSING_INPUTS	False
chronotype	panukbb_categorical__6145__both_sexes__6__na	-0.1607	0.0261	-6.1573	7.3988e-10	0.0754	0.0043	1.0208	0.008	-0.0349	0.0063	1217311	1172987	1163670	discovery_extension/logs/rg/rg_chronotype.log	5.348530120481928e-09	Illness, injury, bereavement, stress in last 2 years	mental_psychosocial	UNDEREXPLORED	EUR	PRIMARY_EXTENSION_RG_COMPLETE	True	True	PAIR_NOVELTY_AUDIT_REQUIRED	chronotype__panukbb_categorical__6145__both_sexes__6__na	7.3988e-10	-6.157088122605364	7.409462491589821e-10	7.399559936702475e-10	5.348530120481928e-09	5.349079472315043e-09	5.356237945727581e-09	-0.21185505999649543	-0.10954494000350459	True	6.793443612191527e-10	8.077178096208379e-10	4.9109230931505016e-09	5.8389239249699125e-09	False	jones_2019_morning_person_ukb	PANUKBB_2025_RELEASE	SELF_REPORT	discovery_extension/results/ldsc/extension_rg_matrix.tsv	RECOMPUTED_FROM_PRINTED_ESTIMATES	BLOCKED_MISSING_INPUTS	False
chronotype	panukbb_categorical__1677__both_sexes__1677__na	-0.1285	0.0351	-3.6551	0.0003	0.0275	0.0024	1.0378	0.0075	0.0078	0.0063	1217311	1172987	1163276	discovery_extension/logs/rg/rg_chronotype.log	0.0008866995073891625	Breastfed as a baby	early_life	HEAVILY_STUDIED	EUR	PRIMARY_EXTENSION_RG_COMPLETE	True	False	NOT_TIER_A_SCREEN_THRESHOLD	chronotype__panukbb_categorical__1677__both_sexes__1677__na	0.0003	-3.660968660968661	0.00025126349454410987	0.00025708175080805504	0.0008866995073891625	0.0008012937687523794	0.0007831589440335892	-0.1972947358573559	-0.05970526414264411	True	0.0002448208746895356	0.0002578458544688235	0.0007630780509803707	0.0008036753905521771	False	jones_2019_morning_person_ukb	PANUKBB_2025_RELEASE	SELF_REPORT	discovery_extension/results/ldsc/extension_rg_matrix.tsv	RECOMPUTED_FROM_PRINTED_ESTIMATES	BLOCKED_MISSING_INPUTS	False
chronotype	panukbb_categorical__1707__both_sexes__2__na	0.1054	0.0436	2.4191	0.0156	0.0318	0.004	1.0011	0.007	-0.0031	0.0059	1217311	1172987	1163677	discovery_extension/logs/rg/rg_chronotype.log	0.032613240418118465	Handedness (chirality/laterality)	early_life	UNDEREXPLORED	EUR	PRIMARY_EXTENSION_RG_COMPLETE	True	False	NOT_TIER_A_SCREEN_THRESHOLD	chronotype__panukbb_categorical__1707__both_sexes__2__na	0.0156	2.4174311926605503	0.015630488847799766	0.015558962245188868	0.032613240418118465	0.03264117953536126	0.03276496189836303	0.019945570274053637	0.19085442972594635	True	0.015462778511152422	0.01579940776309346	0.032389658279803016	0.03312855996152539	False	jones_2019_morning_person_ukb	PANUKBB_2025_RELEASE	SELF_REPORT	discovery_extension/results/ldsc/extension_rg_matrix.tsv	RECOMPUTED_FROM_PRINTED_ESTIMATES	BLOCKED_MISSING_INPUTS	False
chronotype	panukbb_continuous__20022__both_sexes__na__irnt	-0.0541	0.0217	-2.4968	0.0125	0.1024	0.0057	1.132	0.0153	0.0135	0.0065	1217311	1172987	1163653	discovery_extension/logs/rg/rg_chronotype.log	0.026785714285714284	Birth weight	early_life	HEAVILY_STUDIED	EUR	PRIMARY_EXTENSION_RG_COMPLETE	True	False	NOT_TIER_A_SCREEN_THRESHOLD	chronotype__panukbb_continuous__20022__both_sexes__na__irnt	0.0125	-2.493087557603687	0.012663761382068223	0.012531961505591521	0.026785714285714284	0.026854203226267543	0.027136631533003334	-0.09663121846451918	-0.011568781535480827	True	0.012378907971943413	0.012953052113689892	0.02652623136845017	0.027707063344791213	False	jones_2019_morning_person_ukb	PANUKBB_2025_RELEASE	SELF_REPORT	discovery_extension/results/ldsc/extension_rg_matrix.tsv	RECOMPUTED_FROM_PRINTED_ESTIMATES	BLOCKED_MISSING_INPUTS	False
chronotype	panukbb_categorical__1418__both_sexes__1__na	-0.1557	0.0353	-4.4119	1.0246e-05	0.061	0.0063	1.0182	0.0075	-0.0088	0.0057	1217311	1172987	1163677	discovery_extension/logs/rg/rg_chronotype.log	4.0578217821782174e-05	Milk type used	diet	UNDEREXPLORED	EUR	PRIMARY_EXTENSION_RG_COMPLETE	True	True	PAIR_NOVELTY_AUDIT_REQUIRED	chronotype__panukbb_categorical__1418__both_sexes__1__na	1.0246e-05	-4.410764872521247	1.0300612079141042e-05	1.0246743992095024e-05	4.0578217821782174e-05	4.058116432512881e-05	4.07945032837269e-05	-0.2248867286542639	-0.0865132713457361	True	9.941600079546678e-06	1.067091694214951e-05	3.9372673582363086e-05	4.2261057196631716e-05	False	jones_2019_morning_person_ukb	PANUKBB_2025_RELEASE	SELF_REPORT	discovery_extension/results/ldsc/extension_rg_matrix.tsv	RECOMPUTED_FROM_PRINTED_ESTIMATES	BLOCKED_MISSING_INPUTS	False
chronotype	panukbb_continuous__1548__both_sexes__na__na	-0.085	0.0229	-3.7025	0.0002	0.0436	0.0021	1.032	0.0082	-0.0235	0.0063	1217311	1172987	1163674	discovery_extension/logs/rg/rg_chronotype.log	0.000625	Variation in diet	diet	PREVIOUSLY_SCREENED	EUR	PRIMARY_EXTENSION_RG_COMPLETE	True	False	NOT_TIER_A_SCREEN_THRESHOLD	chronotype__panukbb_continuous__1548__both_sexes__na__na	0.0002	-3.711790393013101	0.00020579838164332004	0.00021348536062507553	0.000625	0.0006723948366144111	0.0006481838791915592	-0.12988317524596724	-0.04011682475403277	True	0.00019757222821003258	0.00021430748990723442	0.0006222747345197877	0.000674984220180266	False	jones_2019_morning_person_ukb	PANUKBB_2025_RELEASE	SELF_REPORT	discovery_extension/results/ldsc/extension_rg_matrix.tsv	RECOMPUTED_FROM_PRINTED_ESTIMATES	BLOCKED_MISSING_INPUTS	False
chronotype	panukbb_continuous__1349__both_sexes__na__na	-0.1257	0.0297	-4.2367	2.2686e-05	0.0456	0.0027	1.0521	0.0102	-0.0388	0.008	1217311	1172987	1163676	discovery_extension/logs/rg/rg_chronotype.log	8.50725e-05	Processed meat intake	diet	PREVIOUSLY_SCREENED	EUR	PRIMARY_EXTENSION_RG_COMPLETE	True	False	NOT_TIER_A_SCREEN_THRESHOLD	chronotype__panukbb_continuous__1349__both_sexes__na__na	2.2686e-05	-4.232323232323233	2.3128968118597017e-05	2.268288786168039e-05	8.50725e-05	8.506082948130146e-05	8.646343221905426e-05	-0.1839109303408396	-0.0674890696591604	True	2.22380710928899e-05	2.405059674627376e-05	8.313297604818655e-05	8.990877288326639e-05	False	jones_2019_morning_person_ukb	PANUKBB_2025_RELEASE	SELF_REPORT	discovery_extension/results/ldsc/extension_rg_matrix.tsv	RECOMPUTED_FROM_PRINTED_ESTIMATES	BLOCKED_MISSING_INPUTS	False
chronotype	panukbb_continuous__2237__both_sexes__na__na	-0.0811	0.0231	-3.5179	0.0004	0.0746	0.0029	1.0713	0.0096	-0.0578	0.0075	1217311	1172987	1163678	discovery_extension/logs/rg/rg_chronotype.log	0.001145584725536993	Plays computer games	digital_environment	PREVIOUSLY_SCREENED	EUR	PRIMARY_EXTENSION_RG_COMPLETE	True	False	NOT_TIER_A_SCREEN_THRESHOLD	chronotype__panukbb_continuous__2237__both_sexes__na__na	0.0004	-3.510822510822511	0.00044672255673946435	0.00043497624486154744	0.001145584725536993	0.0012547391678698482	0.0012824571006874576	-0.12637516804287524	-0.035824831957124756	True	0.00043055962893464135	0.00046337687218884425	0.001241998929619158	0.0013275989080335049	False	jones_2019_morning_person_ukb	PANUKBB_2025_RELEASE	SELF_REPORT	discovery_extension/results/ldsc/extension_rg_matrix.tsv	RECOMPUTED_FROM_PRINTED_ESTIMATES	BLOCKED_MISSING_INPUTS	False
chronotype	panukbb_continuous__1757__both_sexes__na__na	0.0865	0.0223	3.8812	0.0001	0.0705	0.0032	1.0789	0.014	0.0136	0.0063	1217311	1172987	1163673	discovery_extension/logs/rg/rg_chronotype.log	0.0003225806451612903	Facial ageing	digital_environment	PREVIOUSLY_SCREENED	EUR	PRIMARY_EXTENSION_RG_COMPLETE	True	False	NOT_TIER_A_SCREEN_THRESHOLD	chronotype__panukbb_continuous__1757__both_sexes__na__na	0.0001	3.878923766816143	0.00010491962583006693	0.00010394231563965709	0.0003225806451612903	0.00034647438546552364	0.0003497320861002231	0.04279280314475679	0.1302071968552432	True	0.00010029064691654303	0.00010972763914326319	0.00033430215638847674	0.00036474561488065326	False	jones_2019_morning_person_ukb	PANUKBB_2025_RELEASE	SELF_REPORT	discovery_extension/results/ldsc/extension_rg_matrix.tsv	RECOMPUTED_FROM_PRINTED_ESTIMATES	BLOCKED_MISSING_INPUTS	False
chronotype	panukbb_continuous__2267__both_sexes__na__na	0.0609	0.0213	2.8598	0.0042	0.0621	0.0065	1.0457	0.0168	0.022	0.0062	1217311	1172987	1163680	discovery_extension/logs/rg/rg_chronotype.log	0.009960474308300396	Use of sun/uv protection	digital_environment	PREVIOUSLY_SCREENED	EUR	PRIMARY_EXTENSION_RG_COMPLETE	True	False	NOT_TIER_A_SCREEN_THRESHOLD	chronotype__panukbb_continuous__2267__both_sexes__na__na	0.0042	2.859154929577465	0.0042477127305268975	0.0042390825745474495	0.009960474308300396	0.010053160255843754	0.010073627028917544	0.019152767129296852	0.10264723287070315	True	0.0041276843574451	0.00437031363113794	0.009808358869176475	0.010329195113302691	False	jones_2019_morning_person_ukb	PANUKBB_2025_RELEASE	SELF_REPORT	discovery_extension/results/ldsc/extension_rg_matrix.tsv	RECOMPUTED_FROM_PRINTED_ESTIMATES	BLOCKED_MISSING_INPUTS	False
chronotype	panukbb_continuous__874__both_sexes__na__irnt	0.1467	0.0235	6.2467	4.1927e-10	0.0472	0.0025	1.0376	0.0087	0.0593	0.0063	1217311	1172987	1163651	discovery_extension/logs/rg/rg_chronotype.log	3.124993788819876e-09	Duration of walks	physical_activity	UNDEREXPLORED	EUR	PRIMARY_EXTENSION_RG_COMPLETE	True	False	NOT_TIER_A_SCREEN_THRESHOLD	chronotype__panukbb_continuous__874__both_sexes__na__irnt	4.1927e-10	6.242553191489361	4.30485310566361e-10	4.1921513335041865e-10	3.124993788819876e-09	3.124584844847841e-09	3.208586165712008e-09	0.10064084636330872	0.19275915363669127	True	3.8995648116884446e-10	4.749168522341812e-10	2.906507934177723e-09	3.524934786490553e-09	False	jones_2019_morning_person_ukb	PANUKBB_2025_RELEASE	SELF_REPORT	discovery_extension/results/ldsc/extension_rg_matrix.tsv	RECOMPUTED_FROM_PRINTED_ESTIMATES	BLOCKED_MISSING_INPUTS	False
chronotype	panukbb_continuous__943__both_sexes__na__na	0.0826	0.0264	3.1256	0.0018	0.0351	0.0018	1.0533	0.0078	0.023	0.0061	1217311	1172987	1163678	discovery_extension/logs/rg/rg_chronotype.log	0.0046351931330472105	Frequency of stair climbing in last 4 weeks	physical_activity	PREVIOUSLY_SCREENED	EUR	PRIMARY_EXTENSION_RG_COMPLETE	True	False	NOT_TIER_A_SCREEN_THRESHOLD	chronotype__panukbb_continuous__943__both_sexes__na__na	0.0018	3.128787878787879	0.0017552897359090847	0.001774427286708185	0.0046351931330472105	0.004598947611338708	0.004549347047712531	0.03085695080814258	0.13434304919185744	True	0.0017090608731068942	0.0018024844741437484	0.004429531420579423	0.00467081347654479	False	jones_2019_morning_person_ukb	PANUKBB_2025_RELEASE	SELF_REPORT	discovery_extension/results/ldsc/extension_rg_matrix.tsv	RECOMPUTED_FROM_PRINTED_ESTIMATES	BLOCKED_MISSING_INPUTS	False
chronotype	panukbb_continuous__904__both_sexes__na__na	0.1875	0.0274	6.8501	7.3821e-12	0.0356	0.002	1.0495	0.0085	0.062	0.007	1217311	1172987	1163666	discovery_extension/logs/rg/rg_chronotype.log	6.777160305343512e-11	Number of days/week of vigorous physical activity 10+ minutes	physical_activity	PREVIOUSLY_SCREENED	EUR	PRIMARY_EXTENSION_RG_COMPLETE	True	True	PAIR_NOVELTY_AUDIT_REQUIRED	chronotype__panukbb_continuous__904__both_sexes__na__na	7.3821e-12	6.843065693430657	7.751608161061722e-12	7.379838257895945e-12	6.777160305343512e-11	6.779085683361028e-11	7.155330610210819e-11	0.13379698682360253	0.24120301317639747	True	7.012310522018337e-12	8.564002631444433e-12	6.47290202032462e-11	7.9052331982564e-11	False	jones_2019_morning_person_ukb	PANUKBB_2025_RELEASE	SELF_REPORT	discovery_extension/results/ldsc/extension_rg_matrix.tsv	RECOMPUTED_FROM_PRINTED_ESTIMATES	BLOCKED_MISSING_INPUTS	False
chronotype	panukbb_continuous__816__both_sexes__na__na	0.0638	0.0246	2.5903	0.0096	0.0845	0.0042	1.0754	0.0095	0.0203	0.0065	1217311	1172987	1163627	discovery_extension/logs/rg/rg_chronotype.log	0.021137614678899082	Job involves heavy manual or physical work	socioeconomic_occupational	PREVIOUSLY_SCREENED	EUR	PRIMARY_EXTENSION_RG_COMPLETE	True	False	NOT_TIER_A_SCREEN_THRESHOLD	chronotype__panukbb_continuous__816__both_sexes__na__na	0.0096	2.5934959349593494	0.009500566229448627	0.009589232406660856	0.021137614678899082	0.021113906216500965	0.020925414471893215	0.015584885980314662	0.11201511401968534	True	0.009300268360817843	0.009703866289230161	0.02051529785474524	0.021366311095552648	False	jones_2019_morning_person_ukb	PANUKBB_2025_RELEASE	SELF_REPORT	discovery_extension/results/ldsc/extension_rg_matrix.tsv	RECOMPUTED_FROM_PRINTED_ESTIMATES	BLOCKED_MISSING_INPUTS	False
chronotype	panukbb_continuous__728__both_sexes__na__na	0.0772	0.0249	3.1056	0.0019	0.0304	0.0018	1.0565	0.0079	0.0158	0.0065	1217311	1172987	1163675	discovery_extension/logs/rg/rg_chronotype.log	0.0048614072494669505	Number of vehicles in household	socioeconomic_occupational	PREVIOUSLY_SCREENED	EUR	PRIMARY_EXTENSION_RG_COMPLETE	True	False	NOT_TIER_A_SCREEN_THRESHOLD	chronotype__panukbb_continuous__728__both_sexes__na__na	0.0019	3.100401606425703	0.0019325841081635762	0.0018989339990280487	0.0048614072494669505	0.004869061535969355	0.0049447781019110685	0.028396896784952663	0.12600310321504735	True	0.0018794299997063623	0.001986894036789145	0.004819051281298365	0.005083737407562844	False	jones_2019_morning_person_ukb	PANUKBB_2025_RELEASE	SELF_REPORT	discovery_extension/results/ldsc/extension_rg_matrix.tsv	RECOMPUTED_FROM_PRINTED_ESTIMATES	BLOCKED_MISSING_INPUTS	False
chronotype	panukbb_categorical__20117__both_sexes__2__na	-0.1006	0.0279	-3.6058	0.0003	0.0854	0.0067	1.0343	0.0076	-0.028	0.0059	1217311	1172987	1163679	discovery_extension/logs/rg/rg_chronotype.log	0.0008866995073891625	Alcohol drinker status	alcohol_tobacco	UNDEREXPLORED	EUR	PRIMARY_EXTENSION_RG_COMPLETE	True	False	NOT_TIER_A_SCREEN_THRESHOLD	chronotype__panukbb_categorical__20117__both_sexes__2__na	0.0003	-3.605734767025089	0.00031127093842324053	0.00031119274779415425	0.0008866995073891625	0.0009359180384786594	0.000936153198265385	-0.1552829951686675	-0.045917004831332486	True	0.00030150488230570687	0.0003212960186387538	0.0009067816009194191	0.0009663038154548985	False	jones_2019_morning_person_ukb	PANUKBB_2025_RELEASE	SELF_REPORT	discovery_extension/results/ldsc/extension_rg_matrix.tsv	RECOMPUTED_FROM_PRINTED_ESTIMATES	BLOCKED_MISSING_INPUTS	False
chronotype	panukbb_continuous__1588__both_sexes__na__na	-0.155	0.0289	-5.3709	7.8346e-08	0.0505	0.0031	1.0563	0.0101	-0.0427	0.0077	1217311	1172987	1163228	discovery_extension/logs/rg/rg_chronotype.log	4.3324976958525345e-07	Average weekly beer plus cider intake	alcohol_tobacco	UNDEREXPLORED	EUR	PRIMARY_EXTENSION_RG_COMPLETE	True	True	PAIR_NOVELTY_AUDIT_REQUIRED	chronotype__panukbb_continuous__1588__both_sexes__na__na	7.8346e-08	-5.3633217993079585	8.170525518269854e-08	7.834464744631593e-08	4.3324976958525345e-07	4.332422900257103e-07	4.518262959411901e-07	-0.21164295915320755	-0.09835704084679245	True	7.685939843086079e-08	8.682809269449366e-08	4.2502893141489836e-07	4.774877141622385e-07	False	jones_2019_morning_person_ukb	PANUKBB_2025_RELEASE	SELF_REPORT	discovery_extension/results/ldsc/extension_rg_matrix.tsv	RECOMPUTED_FROM_PRINTED_ESTIMATES	BLOCKED_MISSING_INPUTS	False
chronotype	panukbb_continuous__1259__both_sexes__na__na	-0.1501	0.0371	-4.0462	5.2049e-05	0.0105	0.0015	1.0167	0.0074	0.0142	0.0053	1217311	1172987	1163669	discovery_extension/logs/rg/rg_chronotype.log	0.00018209562682215745	Smoking/smokers in household	alcohol_tobacco	PREVIOUSLY_SCREENED	EUR	PRIMARY_EXTENSION_RG_COMPLETE	True	True	PAIR_NOVELTY_AUDIT_REQUIRED	chronotype__panukbb_continuous__1259__both_sexes__na__na	5.2049e-05	-4.045822102425876	5.213981863864588e-05	5.205576253339817e-05	0.00018209562682215745	0.0001821192858311306	0.00018241335966873195	-0.222814663826436	-0.07738533617356401	True	5.064472338938786e-05	5.367248220381032e-05	0.00017718270573546774	0.00018777544794335973	False	jones_2019_morning_person_ukb	PANUKBB_2025_RELEASE	SELF_REPORT	discovery_extension/results/ldsc/extension_rg_matrix.tsv	RECOMPUTED_FROM_PRINTED_ESTIMATES	BLOCKED_MISSING_INPUTS	False
chronotype	panukbb_phecode__318__both_sexes__na__na	-0.094	0.0358	-2.6257	0.0086	0.1502	0.0118	1.0078	0.0073	-0.041	0.0063	1217311	1172987	1163665	discovery_extension/logs/rg/rg_chronotype.log	0.01904059040590406	Tobacco use disorder	alcohol_tobacco	UNDEREXPLORED	EUR	PRIMARY_EXTENSION_RG_COMPLETE	True	False	NOT_TIER_A_SCREEN_THRESHOLD	chronotype__panukbb_phecode__318__both_sexes__na__na	0.0086	-2.6256983240223466	0.008647141802373288	0.008647099229701066	0.01904059040590406	0.01914486914324959	0.01914496340008846	-0.16416671064653393	-0.02383328935346607	True	0.008519186179348496	0.00877644839434449	0.01886166681774575	0.019431251057589277	False	jones_2019_morning_person_ukb	PANUKBB_2025_RELEASE	SELF_REPORT	discovery_extension/results/ldsc/extension_rg_matrix.tsv	RECOMPUTED_FROM_PRINTED_ESTIMATES	BLOCKED_MISSING_INPUTS	False
sleepiness	panukbb_biomarkers__30890__both_sexes__na__irnt	-0.1122	0.0235	-4.7692	1.8496e-06	0.0968	0.022	1.0941	0.0403	-0.034	0.0066	1217311	1175818	1166469	discovery_extension/logs/rg/rg_sleepiness.log	8.28179104477612e-06	Vitamin D	molecular_biomarker	HEAVILY_STUDIED	EUR	PRIMARY_EXTENSION_RG_COMPLETE	True	False	NOT_TIER_A_SCREEN_THRESHOLD	sleepiness__panukbb_biomarkers__30890__both_sexes__na__irnt	1.8496e-06	-4.774468085106383	1.8018285339480866e-06	1.849589622164032e-06	8.28179104477612e-06	8.281744576853875e-06	8.106005500157067e-06	-0.15825915363669127	-0.06614084636330872	True	1.6947811195779264e-06	1.914860951746274e-06	7.659830697864505e-06	8.606116637061907e-06	False	wang_2019_daytime_sleepiness	PANUKBB_2025_RELEASE	SELF_REPORT	discovery_extension/results/ldsc/extension_rg_matrix.tsv	RECOMPUTED_FROM_PRINTED_ESTIMATES	BLOCKED_MISSING_INPUTS	False
sleepiness	panukbb_continuous__30510__both_sexes__na__irnt	0.0624	0.0277	2.2539	0.0242	0.0634	0.0028	1.0647	0.0096	0.022	0.0064	1217311	1175818	1166469	discovery_extension/logs/rg/rg_sleepiness.log	0.0484	Creatinine (enzymatic) in urine	renal_urinary	PREVIOUSLY_SCREENED	EUR	PRIMARY_EXTENSION_RG_COMPLETE	True	False	NOT_TIER_A_SCREEN_THRESHOLD	sleepiness__panukbb_continuous__30510__both_sexes__na__irnt	0.0242	2.252707581227437	0.0242775926240048	0.024202459689269783	0.0484	0.048404919378539565	0.04862879245735175	0.008108997628240501	0.1166910023717595	True	0.02390893083398736	0.024649816652182126	0.04789769115323011	0.04929963330436425	False	wang_2019_daytime_sleepiness	PANUKBB_2025_RELEASE	SELF_REPORT	discovery_extension/results/ldsc/extension_rg_matrix.tsv	RECOMPUTED_FROM_PRINTED_ESTIMATES	BLOCKED_MISSING_INPUTS	False
sleepiness	panukbb_continuous__30530__both_sexes__na__irnt	0.068	0.03	2.2634	0.0236	0.0708	0.003	1.0608	0.0106	0.0264	0.0068	1217311	1175818	1166470	discovery_extension/logs/rg/rg_sleepiness.log	0.04743718592964824	Sodium in urine	renal_urinary	HEAVILY_STUDIED	EUR	PRIMARY_EXTENSION_RG_COMPLETE	True	False	NOT_TIER_A_SCREEN_THRESHOLD	sleepiness__panukbb_continuous__30530__both_sexes__na__irnt	0.0236	2.266666666666667	0.02341059616111668	0.02361104275754219	0.04743718592964824	0.04745938242722048	0.047056474695711926	0.009201080463798389	0.12679891953620162	True	0.023079251346518528	0.023744939012569913	0.046390454967876436	0.04772852062828123	False	wang_2019_daytime_sleepiness	PANUKBB_2025_RELEASE	SELF_REPORT	discovery_extension/results/ldsc/extension_rg_matrix.tsv	RECOMPUTED_FROM_PRINTED_ESTIMATES	BLOCKED_MISSING_INPUTS	False
sleepiness	panukbb_categorical__2316__both_sexes__2316__na	0.1403	0.0285	4.9183	8.7284e-07	0.0835	0.0044	1.0439	0.0107	0.0798	0.0061	1217311	1175818	1166477	discovery_extension/logs/rg/rg_sleepiness.log	4.075517509727626e-06	Wheeze or whistling in the chest in last year	pulmonary	HEAVILY_STUDIED	EUR	PRIMARY_EXTENSION_RG_COMPLETE	True	False	NOT_TIER_A_SCREEN_THRESHOLD	sleepiness__panukbb_categorical__2316__both_sexes__2316__na	8.7284e-07	4.922807017543859	8.531157258900836e-07	8.729904955549943e-07	4.075517509727626e-06	4.076220212708145e-06	3.983419731782492e-06	0.08444102644060847	0.19615897355939155	True	8.088654973985275e-07	8.995251786509984e-07	3.791557019055598e-06	4.200117565685595e-06	False	wang_2019_daytime_sleepiness	PANUKBB_2025_RELEASE	SELF_REPORT	discovery_extension/results/ldsc/extension_rg_matrix.tsv	RECOMPUTED_FROM_PRINTED_ESTIMATES	BLOCKED_MISSING_INPUTS	False
sleepiness	panukbb_icd10__k21__both_sexes__na__na	0.1237	0.0413	2.996	0.0027	0.0701	0.0055	1.0128	0.007	0.0416	0.0055	1217311	1175818	1166481	discovery_extension/logs/rg/rg_sleepiness.log	0.00659877800407332	K21 Gastro-oesophageal reflux disease	gastrointestinal	HIGH_NOVELTY_PRIORITY	EUR	PRIMARY_EXTENSION_RG_COMPLETE	True	False	NOT_TIER_A_SCREEN_THRESHOLD	sleepiness__panukbb_icd10__k21__both_sexes__na__na	0.0027	2.9951573849878934	0.0027430326731203536	0.002735464337352366	0.00659877800407332	0.006685452555647331	0.0067039495066077886	0.04275348743849576	0.20464651256150423	True	0.0026997960632601913	0.002786794113892779	0.006598279584342627	0.006810902111346913	False	wang_2019_daytime_sleepiness	PANUKBB_2025_RELEASE	SELF_REPORT	discovery_extension/results/ldsc/extension_rg_matrix.tsv	RECOMPUTED_FROM_PRINTED_ESTIMATES	BLOCKED_MISSING_INPUTS	False
sleepiness	panukbb_icd10__k80__both_sexes__na__na	0.1313	0.0397	3.3124	0.0009	0.1134	0.013	1.0252	0.0105	0.0165	0.0052	1217311	1175818	1165990	discovery_extension/logs/rg/rg_sleepiness.log	0.002448979591836735	K80 Cholelithiasis	gastrointestinal	HIGH_NOVELTY_PRIORITY	EUR	PRIMARY_EXTENSION_RG_COMPLETE	True	False	NOT_TIER_A_SCREEN_THRESHOLD	sleepiness__panukbb_icd10__k80__both_sexes__na__na	0.0009	3.3073047858942064	0.0009419834104614166	0.0009249918810171596	0.002448979591836735	0.002518784900486539	0.0025632201645208615	0.053489429813759856	0.20911057018624013	True	0.0009238799635718185	0.0009603682231826534	0.002513959084549166	0.0026132468658031384	False	wang_2019_daytime_sleepiness	PANUKBB_2025_RELEASE	SELF_REPORT	discovery_extension/results/ldsc/extension_rg_matrix.tsv	RECOMPUTED_FROM_PRINTED_ESTIMATES	BLOCKED_MISSING_INPUTS	False
sleepiness	panukbb_phecode__550_2__both_sexes__na__na	0.119	0.0352	3.3789	0.0007	0.0923	0.0055	1.028	0.0079	0.0369	0.0055	1217311	1175818	1166457	discovery_extension/logs/rg/rg_sleepiness.log	0.0019489559164733179	Diaphragmatic hernia	gastrointestinal	HIGH_NOVELTY_PRIORITY	EUR	PRIMARY_EXTENSION_RG_COMPLETE	True	False	NOT_TIER_A_SCREEN_THRESHOLD	sleepiness__panukbb_phecode__550_2__both_sexes__na__na	0.0007	3.380681818181818	0.0007230621946578227	0.000727764751190749	0.0019489559164733179	0.002030971398671858	0.0020178479850915983	0.050009267744190095	0.1879907322558099	True	0.0007068373975247328	0.0007395849120902493	0.0019725694814643705	0.002063957894205347	False	wang_2019_daytime_sleepiness	PANUKBB_2025_RELEASE	SELF_REPORT	discovery_extension/results/ldsc/extension_rg_matrix.tsv	RECOMPUTED_FROM_PRINTED_ESTIMATES	BLOCKED_MISSING_INPUTS	False
sleepiness	panukbb_phecode__558__both_sexes__na__na	0.1217	0.0443	2.7479	0.006	0.0686	0.0083	1.005	0.0062	0.0444	0.0051	1217311	1175818	1166458	discovery_extension/logs/rg/rg_sleepiness.log	0.013714285714285715	Noninfectious gastroenteritis	gastrointestinal	HIGH_NOVELTY_PRIORITY	EUR	PRIMARY_EXTENSION_RG_COMPLETE	True	False	NOT_TIER_A_SCREEN_THRESHOLD	sleepiness__panukbb_phecode__558__both_sexes__na__na	0.006	2.7471783295711063	0.006011044094107357	0.005997829899201406	0.013714285714285715	0.013734432920811694	0.013739529357959674	0.034873595484875605	0.2085264045151244	True	0.005933888272906254	0.006088925589066893	0.013570565376025226	0.01391754420358147	False	wang_2019_daytime_sleepiness	PANUKBB_2025_RELEASE	SELF_REPORT	discovery_extension/results/ldsc/extension_rg_matrix.tsv	RECOMPUTED_FROM_PRINTED_ESTIMATES	BLOCKED_MISSING_INPUTS	False
sleepiness	panukbb_phecode__785__both_sexes__na__na	0.1088	0.0358	3.0345	0.0024	0.0499	0.0039	1.0094	0.0077	0.036	0.0055	1217311	1175818	1166480	discovery_extension/logs/rg/rg_sleepiness.log	0.0059751037344398334	Abdominal pain	gastrointestinal	HIGH_NOVELTY_PRIORITY	EUR	PRIMARY_EXTENSION_RG_COMPLETE	True	False	NOT_TIER_A_SCREEN_THRESHOLD	sleepiness__panukbb_phecode__785__both_sexes__na__na	0.0024	3.0391061452513966	0.0023728123584295475	0.002409347554801223	0.0059751037344398334	0.006023368887003057	0.005932030896073869	0.03863328935346606	0.1789667106465339	True	0.002328697357726744	0.0024175650129992397	0.005821743394316859	0.0060439125324981	False	wang_2019_daytime_sleepiness	PANUKBB_2025_RELEASE	SELF_REPORT	discovery_extension/results/ldsc/extension_rg_matrix.tsv	RECOMPUTED_FROM_PRINTED_ESTIMATES	BLOCKED_MISSING_INPUTS	False
sleepiness	panukbb_categorical__41200__both_sexes__j183__na	0.1279	0.0422	3.0286	0.0025	0.1184	0.0153	1.0231	0.0109	0.0142	0.0051	1217311	1175818	1165228	discovery_extension/logs/rg/rg_sleepiness.log	0.006185567010309278	Operative procedures - main OPCS4	gastrointestinal	HIGH_NOVELTY_PRIORITY	EUR	PRIMARY_EXTENSION_RG_COMPLETE	True	False	NOT_TIER_A_SCREEN_THRESHOLD	sleepiness__panukbb_categorical__41200__both_sexes__j183__na	0.0025	3.0308056872037916	0.0024390215627020013	0.0024568974913837596	0.006185567010309278	0.006104093146295056	0.006072252853200004	0.045189519852409724	0.21061048014759032	True	0.0024006780243595004	0.0024778320675415406	0.005976791761890873	0.006168876516700931	False	wang_2019_daytime_sleepiness	PANUKBB_2025_RELEASE	SELF_REPORT	discovery_extension/results/ldsc/extension_rg_matrix.tsv	RECOMPUTED_FROM_PRINTED_ESTIMATES	BLOCKED_MISSING_INPUTS	False
sleepiness	panukbb_categorical__20004__both_sexes__1483__na	0.0993	0.0392	2.5318	0.0113	0.2273	0.0223	1.0009	0.0077	0.0058	0.0051	1217311	1175818	1166482	discovery_extension/logs/rg/rg_sleepiness.log	0.024388489208633093	Operation code	gastrointestinal	PREVIOUSLY_SCREENED	EUR	PRIMARY_EXTENSION_RG_COMPLETE	True	False	NOT_TIER_A_SCREEN_THRESHOLD	sleepiness__panukbb_categorical__20004__both_sexes__1483__na	0.0113	2.5331632653061225	0.011303828956915693	0.01134786971468571	0.024388489208633093	0.024491805139609447	0.024396753144422356	0.022469411806029876	0.17613058819397012	True	0.011159136741322467	0.011449809554547202	0.024084467787026907	0.024711819182475975	False	wang_2019_daytime_sleepiness	PANUKBB_2025_RELEASE	SELF_REPORT	discovery_extension/results/ldsc/extension_rg_matrix.tsv	RECOMPUTED_FROM_PRINTED_ESTIMATES	BLOCKED_MISSING_INPUTS	False
sleepiness	panukbb_categorical__2257__both_sexes__2257__na	0.2294	0.0287	8.0039	1.2055e-15	0.0522	0.0022	1.0385	0.009	0.0916	0.0057	1217311	1175818	1166479	discovery_extension/logs/rg/rg_sleepiness.log	1.7428915662650602e-14	Hearing difficulty/problems with background noise	sensory	HEAVILY_STUDIED	EUR	PRIMARY_EXTENSION_RG_COMPLETE	True	True	PAIR_NOVELTY_AUDIT_REQUIRED	sleepiness__panukbb_categorical__2257__both_sexes__2257__na	1.2055e-15	7.993031358885017	1.3166062226214877e-15	1.2053929143900477e-15	1.7428915662650602e-14	1.7427367436964547e-14	1.9035270688503437e-14	0.17314903364370043	0.28565096635629955	True	1.1590280923473998e-15	1.4945842079428688e-15	1.6757032660444334e-14	2.1608446379896897e-14	False	wang_2019_daytime_sleepiness	PANUKBB_2025_RELEASE	SELF_REPORT	discovery_extension/results/ldsc/extension_rg_matrix.tsv	RECOMPUTED_FROM_PRINTED_ESTIMATES	BLOCKED_MISSING_INPUTS	False
sleepiness	panukbb_categorical__3571__both_sexes__3571__na	0.1814	0.0511	3.5469	0.0004	0.0468	0.0059	0.9877	0.0067	0.0204	0.0052	1217311	1175818	1166401	discovery_extension/logs/rg/rg_sleepiness.log	0.001145584725536993	Back pain for 3+ months	musculoskeletal_pain	HEAVILY_STUDIED	EUR	PRIMARY_EXTENSION_RG_COMPLETE	True	True	PAIR_NOVELTY_AUDIT_REQUIRED	sleepiness__panukbb_categorical__3571__both_sexes__3571__na	0.0004	3.549902152641879	0.0003853743590112216	0.00038979251653200827	0.001145584725536993	0.0011380803402394402	0.0011251806102517419	0.08124584039000324	0.28155415960999675	True	0.00037890238056178215	0.00039193657849976937	0.001106284322808123	0.0011443403751818083	False	wang_2019_daytime_sleepiness	PANUKBB_2025_RELEASE	SELF_REPORT	discovery_extension/results/ldsc/extension_rg_matrix.tsv	RECOMPUTED_FROM_PRINTED_ESTIMATES	BLOCKED_MISSING_INPUTS	False
sleepiness	panukbb_categorical__6159__both_sexes__7__na	0.1615	0.032	5.0519	4.375e-07	0.0586	0.0029	1.0319	0.0085	0.0519	0.0058	1217311	1175818	1166481	discovery_extension/logs/rg/rg_sleepiness.log	2.151639344262295e-06	Pain type(s) experienced in last month	musculoskeletal_pain	HIGH_NOVELTY_PRIORITY	EUR	PRIMARY_EXTENSION_RG_COMPLETE	True	True	PAIR_NOVELTY_AUDIT_REQUIRED	sleepiness__panukbb_categorical__6159__both_sexes__7__na	4.375e-07	5.046875	4.49094958301287e-07	4.3743671663195315e-07	2.151639344262295e-06	2.1513281145833763e-06	2.1996487753532425e-06	0.09878115249471828	0.22421884750528173	True	4.273835264486261e-07	4.7179569307033796e-07	2.0933070683198013e-06	2.301442405221161e-06	False	wang_2019_daytime_sleepiness	PANUKBB_2025_RELEASE	SELF_REPORT	discovery_extension/results/ldsc/extension_rg_matrix.tsv	RECOMPUTED_FROM_PRINTED_ESTIMATES	BLOCKED_MISSING_INPUTS	False
sleepiness	panukbb_categorical__6159__both_sexes__8__na	0.2002	0.0478	4.1916	2.7697e-05	0.1764	0.0211	1.0014	0.0065	0.0629	0.0052	1217311	1175818	1166481	discovery_extension/logs/rg/rg_sleepiness.log	0.0001019521472392638	Pain type(s) experienced in last month	musculoskeletal_pain	PREVIOUSLY_SCREENED	EUR	PRIMARY_EXTENSION_RG_COMPLETE	True	True	PAIR_NOVELTY_AUDIT_REQUIRED	sleepiness__panukbb_categorical__6159__both_sexes__8__na	2.7697e-05	4.188284518828452	2.8107100626665658e-05	2.769940475561926e-05	0.0001019521472392638	0.00010196099910043898	0.00010346172009815579	0.1065137215389854	0.29388627846101456	True	2.7441997333293324e-05	2.8786072934746782e-05	0.00010070457736988376	0.00010596100466777956	False	wang_2019_daytime_sleepiness	PANUKBB_2025_RELEASE	SELF_REPORT	discovery_extension/results/ldsc/extension_rg_matrix.tsv	RECOMPUTED_FROM_PRINTED_ESTIMATES	BLOCKED_MISSING_INPUTS	False
sleepiness	panukbb_phecode__740__both_sexes__na__na	0.0908	0.0351	2.5866	0.0097	0.0809	0.0091	1.0187	0.011	0.0349	0.0057	1217311	1175818	1166481	discovery_extension/logs/rg/rg_sleepiness.log	0.02131868131868132	Osteoarthrosis	musculoskeletal_pain	HIGH_NOVELTY_PRIORITY	EUR	PRIMARY_EXTENSION_RG_COMPLETE	True	False	NOT_TIER_A_SCREEN_THRESHOLD	sleepiness__panukbb_phecode__740__both_sexes__na__na	0.0097	2.586894586894587	0.009684521462267675	0.009692804020661626	0.02131868131868132	0.0213028659794761	0.021284662554434453	0.022005264142644115	0.1595947358573559	True	0.009541660633027705	0.009828871294381144	0.020970682709951	0.02160191493270581	False	wang_2019_daytime_sleepiness	PANUKBB_2025_RELEASE	SELF_REPORT	discovery_extension/results/ldsc/extension_rg_matrix.tsv	RECOMPUTED_FROM_PRINTED_ESTIMATES	BLOCKED_MISSING_INPUTS	False
sleepiness	panukbb_categorical__20004__both_sexes__1478__na	0.0924	0.0269	3.4358	0.0006	0.0686	0.0059	1.0804	0.0137	-0.0087	0.0056	1217311	1175818	1166481	discovery_extension/logs/rg/rg_sleepiness.log	0.0016861826697892272	Operation code	allergy_infectious	PREVIOUSLY_SCREENED	EUR	PRIMARY_EXTENSION_RG_COMPLETE	True	False	NOT_TIER_A_SCREEN_THRESHOLD	sleepiness__panukbb_categorical__20004__both_sexes__1478__na	0.0006	3.4349442379182156	0.0005926757701878146	0.000590806943910222	0.0016861826697892272	0.0016642449124231607	0.001669509211796661	0.03967696881587254	0.14512303118412745	True	0.0005748676724958547	0.0006109273413047707	0.0016193455563263514	0.0017209220881824528	False	wang_2019_daytime_sleepiness	PANUKBB_2025_RELEASE	SELF_REPORT	discovery_extension/results/ldsc/extension_rg_matrix.tsv	RECOMPUTED_FROM_PRINTED_ESTIMATES	BLOCKED_MISSING_INPUTS	False
sleepiness	panukbb_prescriptions__paracetamol__both_sexes__na__na	0.0982	0.0429	2.2872	0.0222	0.0446	0.0042	1.0767	0.008	0.0429	0.0054	1217311	1175818	1166481	discovery_extension/logs/rg/rg_sleepiness.log	0.04477310924369748	paracetamol	medication_use	HIGH_NOVELTY_PRIORITY	EUR	PRIMARY_EXTENSION_RG_COMPLETE	True	False	NOT_TIER_A_SCREEN_THRESHOLD	sleepiness__panukbb_prescriptions__paracetamol__both_sexes__na__na	0.0222	2.289044289044289	0.022076779225733312	0.022184152028172234	0.04477310924369748	0.04474114694757425	0.04452459675778147	0.014117545063231679	0.1822824549367683	True	0.02185479092217179	0.022300202592220746	0.04408437727485162	0.04497519850531915	False	wang_2019_daytime_sleepiness	PANUKBB_2025_RELEASE	SELF_REPORT	discovery_extension/results/ldsc/extension_rg_matrix.tsv	RECOMPUTED_FROM_PRINTED_ESTIMATES	BLOCKED_MISSING_INPUTS	False
sleepiness	panukbb_prescriptions__citalopram__both_sexes__na__na	0.1339	0.0503	2.6601	0.0078	0.0604	0.009	1.0257	0.0074	0.0341	0.0053	1217311	1175818	1166482	discovery_extension/logs/rg/rg_sleepiness.log	0.017365491651205937	citalopram	medication_use	HIGH_NOVELTY_PRIORITY	EUR	PRIMARY_EXTENSION_RG_COMPLETE	True	False	NOT_TIER_A_SCREEN_THRESHOLD	sleepiness__panukbb_prescriptions__citalopram__both_sexes__na__na	0.0078	2.662027833001988	0.007767145565005386	0.007811745431222926	0.017365491651205937	0.017391641034262544	0.017292346341384903	0.03531381157763527	0.2324861884223647	True	0.007683469824878	0.007851468280637807	0.017106055268745084	0.017480077804759495	False	wang_2019_daytime_sleepiness	PANUKBB_2025_RELEASE	SELF_REPORT	discovery_extension/results/ldsc/extension_rg_matrix.tsv	RECOMPUTED_FROM_PRINTED_ESTIMATES	BLOCKED_MISSING_INPUTS	False
sleepiness	panukbb_categorical__6149__both_sexes__3__na	0.1265	0.038	3.331	0.0009	0.0473	0.0034	1.0209	0.0074	0.0429	0.0054	1217311	1175818	1166481	discovery_extension/logs/rg/rg_sleepiness.log	0.002448979591836735	Mouth/teeth dental problems	oral_dental	PREVIOUSLY_SCREENED	EUR	PRIMARY_EXTENSION_RG_COMPLETE	True	False	NOT_TIER_A_SCREEN_THRESHOLD	sleepiness__panukbb_categorical__6149__both_sexes__3__na	0.0009	3.3289473684210527	0.0008717487638417896	0.0008653460240216918	0.002448979591836735	0.002376236221569863	0.0023938181158126948	0.052021368587477954	0.20097863141252204	True	0.0008540656022118911	0.0008897230617956077	0.0023452602349067946	0.002443175455731646	False	wang_2019_daytime_sleepiness	PANUKBB_2025_RELEASE	SELF_REPORT	discovery_extension/results/ldsc/extension_rg_matrix.tsv	RECOMPUTED_FROM_PRINTED_ESTIMATES	BLOCKED_MISSING_INPUTS	False
sleepiness	panukbb_categorical__6149__both_sexes__4__na	0.171	0.0516	3.3167	0.0009	0.0789	0.0089	1.0185	0.0066	0.0227	0.0055	1217311	1175818	1166482	discovery_extension/logs/rg/rg_sleepiness.log	0.002448979591836735	Mouth/teeth dental problems	oral_dental	HIGH_NOVELTY_PRIORITY	EUR	PRIMARY_EXTENSION_RG_COMPLETE	True	True	PAIR_NOVELTY_AUDIT_REQUIRED	sleepiness__panukbb_categorical__6149__both_sexes__4__na	0.0009	3.313953488372093	0.0009198680734643352	0.0009108736662474085	0.002448979591836735	0.0024955442910887904	0.002520186502642014	0.06986585839773322	0.2721341416022668	True	0.000906197883622869	0.0009337021169426078	0.0024827339277338875	0.002552260911916012	False	wang_2019_daytime_sleepiness	PANUKBB_2025_RELEASE	SELF_REPORT	discovery_extension/results/ldsc/extension_rg_matrix.tsv	RECOMPUTED_FROM_PRINTED_ESTIMATES	BLOCKED_MISSING_INPUTS	False
sleepiness	panukbb_categorical__6149__both_sexes__6__na	0.0651	0.0274	2.3729	0.0176	0.0885	0.0042	1.0654	0.0103	0.0285	0.0061	1217311	1175818	1166485	discovery_extension/logs/rg/rg_sleepiness.log	0.03635111876075732	Mouth/teeth dental problems	oral_dental	PREVIOUSLY_SCREENED	EUR	PRIMARY_EXTENSION_RG_COMPLETE	True	False	NOT_TIER_A_SCREEN_THRESHOLD	sleepiness__panukbb_categorical__6149__both_sexes__6__na	0.0176	2.3759124087591244	0.01750561778340391	0.01764904149669729	0.03635111876075732	0.03645240928749871	0.036156181308235266	0.011396986823602524	0.11880301317639749	True	0.01721496566347695	0.017799480897414947	0.03555586711905738	0.036763127498963745	False	wang_2019_daytime_sleepiness	PANUKBB_2025_RELEASE	SELF_REPORT	discovery_extension/results/ldsc/extension_rg_matrix.tsv	RECOMPUTED_FROM_PRINTED_ESTIMATES	BLOCKED_MISSING_INPUTS	False
sleepiness	panukbb_continuous__398__both_sexes__na__na	-0.109	0.0451	-2.4176	0.0156	0.0137	0.0013	1.0065	0.0068	-0.0192	0.0052	1217311	1175818	1166482	discovery_extension/logs/rg/rg_sleepiness.log	0.032613240418118465	Number of correct matches in round	cognitive	UNDEREXPLORED	EUR	PRIMARY_EXTENSION_RG_COMPLETE	True	False	NOT_TIER_A_SCREEN_THRESHOLD	sleepiness__panukbb_continuous__398__both_sexes__na__na	0.0156	-2.4168514412416853	0.015655405144257898	0.015623240483096703	0.032613240418118465	0.03266182679393039	0.03276496189836303	-0.19739437570275642	-0.020605624297243566	True	0.015493053210505776	0.015818887381628375	0.032389658279803016	0.03312855996152539	False	wang_2019_daytime_sleepiness	PANUKBB_2025_RELEASE	SELF_REPORT	discovery_extension/results/ldsc/extension_rg_matrix.tsv	RECOMPUTED_FROM_PRINTED_ESTIMATES	BLOCKED_MISSING_INPUTS	False
sleepiness	panukbb_continuous__20515__both_sexes__na__na	0.1744	0.0398	4.3819	1.1764e-05	0.0421	0.0039	1.0167	0.0069	0.0245	0.0052	1217311	1175818	1166440	discovery_extension/logs/rg/rg_sleepiness.log	4.583376623376623e-05	Recent trouble relaxing	mental_psychosocial	UNDEREXPLORED	EUR	PRIMARY_EXTENSION_RG_COMPLETE	True	True	PAIR_NOVELTY_AUDIT_REQUIRED	sleepiness__panukbb_continuous__20515__both_sexes__na__na	1.1764e-05	4.381909547738693	1.176436520801553e-05	1.1764880884098482e-05	4.583376623376623e-05	4.5837198249734346e-05	4.5835189122138425e-05	0.09639343341530585	0.2524065665846942	True	1.1404112066452826e-05	1.2134519940947653e-05	4.443160545371231e-05	4.727735041927657e-05	False	wang_2019_daytime_sleepiness	PANUKBB_2025_RELEASE	SELF_REPORT	discovery_extension/results/ldsc/extension_rg_matrix.tsv	RECOMPUTED_FROM_PRINTED_ESTIMATES	BLOCKED_MISSING_INPUTS	False
sleepiness	panukbb_continuous__20520__both_sexes__na__na	0.2184	0.041	5.3339	9.6101e-08	0.0459	0.0046	1.0244	0.0076	0.0359	0.0057	1217311	1175818	1166443	discovery_extension/logs/rg/rg_sleepiness.log	5.225809954751131e-07	Recent worrying too much about different things	mental_psychosocial	UNDEREXPLORED	EUR	PRIMARY_EXTENSION_RG_COMPLETE	True	True	PAIR_NOVELTY_AUDIT_REQUIRED	sleepiness__panukbb_continuous__20520__both_sexes__na__na	9.6101e-08	5.326829268292683	9.994202361121015e-08	9.612547422708249e-08	5.225809954751131e-07	5.225237765209359e-07	5.426716214183357e-07	0.1380414766338578	0.2987585233661422	True	9.577950538104102e-08	1.0426861791507715e-07	5.200697124762408e-07	5.661644411678397e-07	False	wang_2019_daytime_sleepiness	PANUKBB_2025_RELEASE	SELF_REPORT	discovery_extension/results/ldsc/extension_rg_matrix.tsv	RECOMPUTED_FROM_PRINTED_ESTIMATES	BLOCKED_MISSING_INPUTS	False
sleepiness	panukbb_continuous__20485__both_sexes__na__na	0.1994	0.0427	4.6727	2.972e-06	0.0452	0.0043	1.0445	0.007	0.0263	0.005	1217311	1175818	1166440	discovery_extension/logs/rg/rg_sleepiness.log	1.2828776978417265e-05	Ever contemplated self-harm	mental_psychosocial	UNDEREXPLORED	EUR	PRIMARY_EXTENSION_RG_COMPLETE	True	True	PAIR_NOVELTY_AUDIT_REQUIRED	sleepiness__panukbb_continuous__20485__both_sexes__na__na	2.972e-06	4.669789227166276	3.015089259092067e-06	2.9726581388907122e-06	1.2828776978417265e-05	1.2831617865715305e-05	1.3014773780253526e-05	0.11570953786013968	0.28309046213986033	True	2.9190349031795308e-06	3.1139364645260723e-06	1.2600150661206609e-05	1.3393275116241172e-05	False	wang_2019_daytime_sleepiness	PANUKBB_2025_RELEASE	SELF_REPORT	discovery_extension/results/ldsc/extension_rg_matrix.tsv	RECOMPUTED_FROM_PRINTED_ESTIMATES	BLOCKED_MISSING_INPUTS	False
sleepiness	panukbb_continuous__20498__both_sexes__na__na	0.2418	0.0447	5.4136	6.1758e-08	0.0531	0.0044	1.0113	0.0069	0.0258	0.0057	1217311	1175818	1166028	discovery_extension/logs/rg/rg_sleepiness.log	3.479323943661972e-07	Felt very upset when reminded of stressful experience in past month	mental_psychosocial	PREVIOUSLY_SCREENED	EUR	PRIMARY_EXTENSION_RG_COMPLETE	True	True	PAIR_NOVELTY_AUDIT_REQUIRED	sleepiness__panukbb_continuous__20498__both_sexes__na__na	6.1758e-08	5.409395973154362	6.323767023015579e-08	6.177007136030586e-08	3.479323943661972e-07	3.4800040202989213e-07	3.56268564676934e-07	0.15418960989105956	0.3294103901089404	True	6.075207486647346e-08	6.581578017794802e-08	3.4226521051534336e-07	3.707931277630875e-07	False	wang_2019_daytime_sleepiness	PANUKBB_2025_RELEASE	SELF_REPORT	discovery_extension/results/ldsc/extension_rg_matrix.tsv	RECOMPUTED_FROM_PRINTED_ESTIMATES	BLOCKED_MISSING_INPUTS	False
sleepiness	panukbb_categorical__6145__both_sexes__6__na	0.155	0.0313	4.9465	7.556e-07	0.0753	0.0044	1.0208	0.008	0.0695	0.0051	1217311	1175818	1166474	discovery_extension/logs/rg/rg_sleepiness.log	3.5838735177865612e-06	Illness, injury, bereavement, stress in last 2 years	mental_psychosocial	UNDEREXPLORED	EUR	PRIMARY_EXTENSION_RG_COMPLETE	True	True	PAIR_NOVELTY_AUDIT_REQUIRED	sleepiness__panukbb_categorical__6145__both_sexes__6__na	7.556e-07	4.952076677316294	7.342565935849108e-07	7.555972767141276e-07	3.5838735177865612e-06	3.583860601015625e-06	3.4826399695726993e-06	0.0936531272838963	0.2163468727161037	True	6.991485971034507e-07	7.70939768231094e-07	3.3161198281586593e-06	3.6566313117680353e-06	False	wang_2019_daytime_sleepiness	PANUKBB_2025_RELEASE	SELF_REPORT	discovery_extension/results/ldsc/extension_rg_matrix.tsv	RECOMPUTED_FROM_PRINTED_ESTIMATES	BLOCKED_MISSING_INPUTS	False
sleepiness	panukbb_categorical__2020__both_sexes__2020__na	0.2313	0.0297	7.7761	7.4766e-15	0.0615	0.0032	1.0252	0.0078	0.0979	0.0062	1217311	1175818	1166485	discovery_extension/logs/rg/rg_sleepiness.log	1.0080808988764046e-13	Loneliness, isolation	mental_psychosocial	PREVIOUSLY_SCREENED	EUR	PRIMARY_EXTENSION_RG_COMPLETE	True	True	PAIR_NOVELTY_AUDIT_REQUIRED	sleepiness__panukbb_categorical__2020__both_sexes__2020__na	7.4766e-15	7.787878787878788	6.814350579668387e-15	7.479459043718983e-15	1.0080808988764046e-13	1.0084663879171664e-13	9.198285559174173e-14	0.1730890696591604	0.28951093034083963	True	6.0597376233103686e-15	7.658263892895437e-15	8.263278577241411e-14	1.03257490690725e-13	False	wang_2019_daytime_sleepiness	PANUKBB_2025_RELEASE	SELF_REPORT	discovery_extension/results/ldsc/extension_rg_matrix.tsv	RECOMPUTED_FROM_PRINTED_ESTIMATES	BLOCKED_MISSING_INPUTS	False
sleepiness	panukbb_categorical__1677__both_sexes__1677__na	-0.1525	0.0405	-3.7648	0.0002	0.0274	0.0024	1.0378	0.0076	-0.0081	0.0053	1217311	1175818	1166085	discovery_extension/logs/rg/rg_sleepiness.log	0.000625	Breastfed as a baby	early_life	HEAVILY_STUDIED	EUR	PRIMARY_EXTENSION_RG_COMPLETE	True	True	PAIR_NOVELTY_AUDIT_REQUIRED	sleepiness__panukbb_categorical__1677__both_sexes__1677__na	0.0002	-3.765432098765432	0.0001662613033869427	0.00016668244130205897	0.000625	0.0005348099720921679	0.000533458727444736	-0.2318785413738722	-0.0731214586261278	True	0.0001623845671421972	0.00017021510425948956	0.0005210200015257665	0.0005461447195491643	False	wang_2019_daytime_sleepiness	PANUKBB_2025_RELEASE	SELF_REPORT	discovery_extension/results/ldsc/extension_rg_matrix.tsv	RECOMPUTED_FROM_PRINTED_ESTIMATES	BLOCKED_MISSING_INPUTS	False
sleepiness	panukbb_categorical__1538__both_sexes__1__na	0.1686	0.0312	5.4073	6.398e-08	0.07	0.004	1.0279	0.0075	0.0824	0.0055	1217311	1175818	1166482	discovery_extension/logs/rg/rg_sleepiness.log	3.587663551401869e-07	Major dietary changes in the last 5 years	diet	UNDEREXPLORED	EUR	PRIMARY_EXTENSION_RG_COMPLETE	True	True	PAIR_NOVELTY_AUDIT_REQUIRED	sleepiness__panukbb_categorical__1538__both_sexes__1__na	6.398e-08	5.403846153846154	6.52268952867156e-08	6.398192517338888e-08	3.587663551401869e-07	3.5877715050498434e-07	3.6575829132737724e-07	0.10744912368235032	0.22975087631764968	True	6.158906253873541e-08	6.905986272837631e-08	3.4535922918917054e-07	3.8725156670117556e-07	False	wang_2019_daytime_sleepiness	PANUKBB_2025_RELEASE	SELF_REPORT	discovery_extension/results/ldsc/extension_rg_matrix.tsv	RECOMPUTED_FROM_PRINTED_ESTIMATES	BLOCKED_MISSING_INPUTS	False
sleepiness	panukbb_continuous__1548__both_sexes__na__na	0.1165	0.0284	4.1071	4.0067e-05	0.0437	0.0021	1.0313	0.0081	0.0281	0.006	1217311	1175818	1166480	discovery_extension/logs/rg/rg_sleepiness.log	0.0001430964285714286	Variation in diet	diet	PREVIOUSLY_SCREENED	EUR	PRIMARY_EXTENSION_RG_COMPLETE	True	False	NOT_TIER_A_SCREEN_THRESHOLD	sleepiness__panukbb_continuous__1548__both_sexes__na__na	4.0067e-05	4.102112676056338	4.093948094892851e-05	4.006577968254542e-05	0.0001430964285714286	0.00014309207029480504	0.0001457785671771935	0.06083702283906247	0.17216297716093754	True	3.937596436316905e-05	4.255598131697484e-05	0.00014062844415417517	0.00015177173909721093	False	wang_2019_daytime_sleepiness	PANUKBB_2025_RELEASE	SELF_REPORT	discovery_extension/results/ldsc/extension_rg_matrix.tsv	RECOMPUTED_FROM_PRINTED_ESTIMATES	BLOCKED_MISSING_INPUTS	False
sleepiness	panukbb_categorical__1468__both_sexes__4__na	-0.075	0.0334	-2.2479	0.0246	0.0727	0.0034	1.0416	0.008	-0.0225	0.0062	1217311	1175818	1166451	discovery_extension/logs/rg/rg_sleepiness.log	0.04903654485049834	Cereal type	diet	PREVIOUSLY_SCREENED	EUR	PRIMARY_EXTENSION_RG_COMPLETE	True	False	NOT_TIER_A_SCREEN_THRESHOLD	sleepiness__panukbb_categorical__1468__both_sexes__4__na	0.0246	-2.245508982035928	0.024735476272075722	0.024582567182778216	0.04903654485049834	0.04900179504872734	0.0493065972200845	-0.1404627970836378	-0.009537202916362189	True	0.024425162497960097	0.025048256204611475	0.04868803155739554	0.04993007881317902	False	wang_2019_daytime_sleepiness	PANUKBB_2025_RELEASE	SELF_REPORT	discovery_extension/results/ldsc/extension_rg_matrix.tsv	RECOMPUTED_FROM_PRINTED_ESTIMATES	BLOCKED_MISSING_INPUTS	False
sleepiness	panukbb_continuous__1757__both_sexes__na__na	0.0607	0.0264	2.2948	0.0217	0.069	0.0037	1.0893	0.0232	0.0206	0.0062	1217311	1175818	1166481	discovery_extension/logs/rg/rg_sleepiness.log	0.04391231028667791	Facial ageing	digital_environment	PREVIOUSLY_SCREENED	EUR	PRIMARY_EXTENSION_RG_COMPLETE	True	False	NOT_TIER_A_SCREEN_THRESHOLD	sleepiness__panukbb_continuous__1757__both_sexes__na__na	0.0217	2.2992424242424243	0.021491177207331978	0.0217445886557864	0.04391231028667791	0.044002540281523915	0.04348973465227382	0.008956950808142572	0.11244304919185742	True	0.0211384275292289	0.021847678458702714	0.04277590731041262	0.044211153710696886	False	wang_2019_daytime_sleepiness	PANUKBB_2025_RELEASE	SELF_REPORT	discovery_extension/results/ldsc/extension_rg_matrix.tsv	RECOMPUTED_FROM_PRINTED_ESTIMATES	BLOCKED_MISSING_INPUTS	False
sleepiness	panukbb_categorical__6164__both_sexes__5__na	-0.1237	0.0316	-3.9147	9.05e-05	0.0316	0.0018	1.0258	0.0077	-0.04	0.0057	1217311	1175818	1166486	discovery_extension/logs/rg/rg_sleepiness.log	0.0003033519553072626	Types of physical activity in last 4 weeks	physical_activity	UNDEREXPLORED	EUR	PRIMARY_EXTENSION_RG_COMPLETE	True	False	NOT_TIER_A_SCREEN_THRESHOLD	sleepiness__panukbb_categorical__6164__both_sexes__5__na	9.05e-05	-3.914556962025316	9.057035508302568e-05	9.051668176437713e-05	0.0003033519553072626	0.000303407871835901	0.0003035877824012034	-0.18563486191146572	-0.06176513808853429	True	8.769112985277672e-05	9.35291935818091e-05	0.0002939367481098661	0.0003126324019447658	False	wang_2019_daytime_sleepiness	PANUKBB_2025_RELEASE	SELF_REPORT	discovery_extension/results/ldsc/extension_rg_matrix.tsv	RECOMPUTED_FROM_PRINTED_ESTIMATES	BLOCKED_MISSING_INPUTS	False
sleepiness	panukbb_continuous__924__both_sexes__na__na	-0.1504	0.025	-6.013	1.8211e-09	0.0821	0.0026	1.0596	0.01	-0.1061	0.0069	1217311	1175818	1166480	discovery_extension/logs/rg/rg_sleepiness.log	1.241659090909091e-08	Usual walking pace	physical_activity	PREVIOUSLY_SCREENED	EUR	PRIMARY_EXTENSION_RG_COMPLETE	True	True	PAIR_NOVELTY_AUDIT_REQUIRED	sleepiness__panukbb_continuous__924__both_sexes__na__na	1.8211e-09	-6.016	1.7877957054696098e-09	1.821210369226019e-09	1.241659090909091e-08	1.241734342654104e-08	1.2189516173656432e-08	-0.19939909961350136	-0.10140090038649865	True	1.6389869554591946e-09	1.949064946261993e-09	1.1174911059949055e-08	1.3289079179059042e-08	False	wang_2019_daytime_sleepiness	PANUKBB_2025_RELEASE	SELF_REPORT	discovery_extension/results/ldsc/extension_rg_matrix.tsv	RECOMPUTED_FROM_PRINTED_ESTIMATES	BLOCKED_MISSING_INPUTS	False
sleepiness	panukbb_continuous__816__both_sexes__na__na	0.1144	0.0296	3.8628	0.0001	0.0844	0.0042	1.0757	0.0095	0.0367	0.0059	1217311	1175818	1166434	discovery_extension/logs/rg/rg_sleepiness.log	0.0003225806451612903	Job involves heavy manual or physical work	socioeconomic_occupational	PREVIOUSLY_SCREENED	EUR	PRIMARY_EXTENSION_RG_COMPLETE	True	False	NOT_TIER_A_SCREEN_THRESHOLD	sleepiness__panukbb_continuous__816__both_sexes__na__na	0.0001	3.864864864864865	0.00011115072120476506	0.00011209477762395357	0.0003225806451612903	0.00037158489820095106	0.00036845542940806093	0.0563850660576144	0.1724149339423856	True	0.0001074612766968577	0.00011494637791048537	0.00035622522661941773	0.00038103771683033823	False	wang_2019_daytime_sleepiness	PANUKBB_2025_RELEASE	SELF_REPORT	discovery_extension/results/ldsc/extension_rg_matrix.tsv	RECOMPUTED_FROM_PRINTED_ESTIMATES	BLOCKED_MISSING_INPUTS	False
sleepiness	panukbb_continuous__728__both_sexes__na__na	-0.1163	0.031	-3.7522	0.0002	0.0304	0.0018	1.0561	0.0078	-0.0611	0.0056	1217311	1175818	1166480	discovery_extension/logs/rg/rg_sleepiness.log	0.000625	Number of vehicles in household	socioeconomic_occupational	PREVIOUSLY_SCREENED	EUR	PRIMARY_EXTENSION_RG_COMPLETE	True	False	NOT_TIER_A_SCREEN_THRESHOLD	sleepiness__panukbb_continuous__728__both_sexes__na__na	0.0002	-3.7516129032258063	0.00017570059827521633	0.0001752895326918926	0.000625	0.0005609265046140563	0.0005622419144806922	-0.17705888352074167	-0.05554111647925833	True	0.0001703967960338611	0.00018114152765646692	0.0005452697473083555	0.0005796528885006941	False	wang_2019_daytime_sleepiness	PANUKBB_2025_RELEASE	SELF_REPORT	discovery_extension/results/ldsc/extension_rg_matrix.tsv	RECOMPUTED_FROM_PRINTED_ESTIMATES	BLOCKED_MISSING_INPUTS	False
sleepiness	panukbb_icd10__z95__both_sexes__na__na	0.1235	0.0347	3.5619	0.0004	0.1327	0.0132	1.0087	0.008	0.0262	0.0055	1217311	1175818	1166482	discovery_extension/logs/rg/rg_sleepiness.log	0.001145584725536993	Z95 Presence of cardiac and vascular implants and grafts	other_clinical	UNDEREXPLORED	EUR	PRIMARY_EXTENSION_RG_COMPLETE	True	False	NOT_TIER_A_SCREEN_THRESHOLD	sleepiness__panukbb_icd10__z95__both_sexes__na__na	0.0004	3.5590778097982705	0.0003721592705454093	0.0003681806290374514	0.001145584725536993	0.0010828842030513276	0.001094586089839439	0.05548924973646012	0.19151075026353986	True	0.00036294640748680315	0.0003815629332250069	0.0010674894337847152	0.0011222439212500203	False	wang_2019_daytime_sleepiness	PANUKBB_2025_RELEASE	SELF_REPORT	discovery_extension/results/ldsc/extension_rg_matrix.tsv	RECOMPUTED_FROM_PRINTED_ESTIMATES	BLOCKED_MISSING_INPUTS	False
sleepiness	panukbb_categorical__20002__both_sexes__1226__na	0.0973	0.0286	3.4062	0.0007	0.2563	0.028	1.0275	0.0172	0.0213	0.0062	1217311	1175818	1166481	discovery_extension/logs/rg/rg_sleepiness.log	0.0019489559164733179	Non-cancer illness code, self-reported	other_clinical	PREVIOUSLY_SCREENED	EUR	PRIMARY_EXTENSION_RG_COMPLETE	True	False	NOT_TIER_A_SCREEN_THRESHOLD	sleepiness__panukbb_categorical__20002__both_sexes__1226__na	0.0007	3.402097902097902	0.0006687067800036418	0.0006587390304578734	0.0019489559164733179	0.0018469318610968412	0.0018748788224401173	0.04124503004215445	0.15335496995784553	True	0.0006500878125656125	0.0006877529606503276	0.0018226761099970443	0.0019237845053156016	False	wang_2019_daytime_sleepiness	PANUKBB_2025_RELEASE	SELF_REPORT	discovery_extension/results/ldsc/extension_rg_matrix.tsv	RECOMPUTED_FROM_PRINTED_ESTIMATES	BLOCKED_MISSING_INPUTS	False
sleepiness	panukbb_continuous__135__both_sexes__na__na	0.1862	0.0247	7.5444	4.5423e-14	0.0658	0.0025	1.0602	0.0116	0.084	0.0064	1217311	1175818	1166483	discovery_extension/logs/rg/rg_sleepiness.log	5.450759999999999e-13	Number of self-reported non-cancer illnesses	other_clinical	PREVIOUSLY_SCREENED	EUR	PRIMARY_EXTENSION_RG_COMPLETE	True	True	PAIR_NOVELTY_AUDIT_REQUIRED	sleepiness__panukbb_continuous__135__both_sexes__na__na	4.5423e-14	7.538461538461538	4.7554818974058473e-14	4.543745281769482e-14	5.450759999999999e-13	5.452494338123378e-13	5.59468458518335e-13	0.13778888958186067	0.23461111041813934	True	4.163541047563176e-14	5.427071463274286e-14	5.046716421288698e-13	6.384789956793277e-13	False	wang_2019_daytime_sleepiness	PANUKBB_2025_RELEASE	SELF_REPORT	discovery_extension/results/ldsc/extension_rg_matrix.tsv	RECOMPUTED_FROM_PRINTED_ESTIMATES	BLOCKED_MISSING_INPUTS	False
sleepiness	panukbb_categorical__20117__both_sexes__2__na	-0.0955	0.033	-2.8909	0.0038	0.0858	0.0067	1.0335	0.0077	-0.0424	0.0052	1217311	1175818	1166486	discovery_extension/logs/rg/rg_sleepiness.log	0.009083665338645417	Alcohol drinker status	alcohol_tobacco	UNDEREXPLORED	EUR	PRIMARY_EXTENSION_RG_COMPLETE	True	False	NOT_TIER_A_SCREEN_THRESHOLD	sleepiness__panukbb_categorical__20117__both_sexes__2__na	0.0038	-2.893939393939394	0.0038044158546347547	0.0038414033185980743	0.009083665338645417	0.009182637414975476	0.009112373304514382	-0.16017881148982177	-0.03082118851017822	True	0.0037334335331889812	0.0038764020575777257	0.00894235576811732	0.009284795347491558	False	wang_2019_daytime_sleepiness	PANUKBB_2025_RELEASE	SELF_REPORT	discovery_extension/results/ldsc/extension_rg_matrix.tsv	RECOMPUTED_FROM_PRINTED_ESTIMATES	BLOCKED_MISSING_INPUTS	False
sleepiness	panukbb_continuous__1259__both_sexes__na__na	0.1539	0.0554	2.7766	0.0055	0.0105	0.0015	1.0163	0.0075	0.0158	0.0056	1217311	1175818	1166473	discovery_extension/logs/rg/rg_sleepiness.log	0.01274131274131274	Smoking/smokers in household	alcohol_tobacco	PREVIOUSLY_SCREENED	EUR	PRIMARY_EXTENSION_RG_COMPLETE	True	True	PAIR_NOVELTY_AUDIT_REQUIRED	sleepiness__panukbb_continuous__1259__both_sexes__na__na	0.0055	2.777978339350181	0.005469826440928055	0.00549307344570337	0.01274131274131274	0.012725266669583096	0.012671412604466536	0.04531799525648102	0.262482004743519	True	0.005412647884715759	0.005527445075019289	0.012538952628685155	0.01280489206568175	False	wang_2019_daytime_sleepiness	PANUKBB_2025_RELEASE	SELF_REPORT	discovery_extension/results/ldsc/extension_rg_matrix.tsv	RECOMPUTED_FROM_PRINTED_ESTIMATES	BLOCKED_MISSING_INPUTS	False
sleepiness	panukbb_phecode__318__both_sexes__na__na	0.1384	0.042	3.2961	0.001	0.1504	0.0118	1.0076	0.0072	0.0213	0.0057	1217311	1175818	1166470	discovery_extension/logs/rg/rg_sleepiness.log	0.002696629213483146	Tobacco use disorder	alcohol_tobacco	UNDEREXPLORED	EUR	PRIMARY_EXTENSION_RG_COMPLETE	True	False	NOT_TIER_A_SCREEN_THRESHOLD	sleepiness__panukbb_phecode__318__both_sexes__na__na	0.001	3.295238095238095	0.0009833832180651903	0.0009803711211179664	0.002696629213483146	0.0026616410528089588	0.0026637920128176713	0.056081512649317725	0.22071848735068228	True	0.000965617138397935	0.0010014082201874068	0.0026140868731846785	0.002712618203667919	False	wang_2019_daytime_sleepiness	PANUKBB_2025_RELEASE	SELF_REPORT	discovery_extension/results/ldsc/extension_rg_matrix.tsv	RECOMPUTED_FROM_PRINTED_ESTIMATES	BLOCKED_MISSING_INPUTS	False
napping	panukbb_biomarkers__30890__both_sexes__na__irnt	-0.1188	0.0232	-5.1192	3.0678e-07	0.0968	0.022	1.094	0.0402	-0.062	0.0066	1217311	1173942	1166719	discovery_extension/logs/rg/rg_napping.log	1.5338999999999998e-06	Vitamin D	molecular_biomarker	HEAVILY_STUDIED	EUR	PRIMARY_EXTENSION_RG_COMPLETE	True	False	NOT_TIER_A_SCREEN_THRESHOLD	napping__panukbb_biomarkers__30890__both_sexes__na__irnt	3.0678e-07	-5.120689655172415	3.044202816998711e-07	3.0683443513967165e-07	1.5338999999999998e-06	1.5341721756983582e-06	1.5221014084993556e-06	-0.16427116444132925	-0.07332883555867076	True	2.8378491542778145e-07	3.264026732534333e-07	1.418924577138907e-06	1.6185256524963634e-06	False	dashti_2021_daytime_napping	PANUKBB_2025_RELEASE	SELF_REPORT	discovery_extension/results/ldsc/extension_rg_matrix.tsv	RECOMPUTED_FROM_PRINTED_ESTIMATES	BLOCKED_MISSING_INPUTS	False
napping	panukbb_continuous__30510__both_sexes__na__irnt	0.1097	0.023	4.7756	1.792e-06	0.0634	0.0028	1.0648	0.0096	0.0453	0.0066	1217311	1173942	1166719	discovery_extension/logs/rg/rg_napping.log	8.076404494382022e-06	Creatinine (enzymatic) in urine	renal_urinary	PREVIOUSLY_SCREENED	EUR	PRIMARY_EXTENSION_RG_COMPLETE	True	False	NOT_TIER_A_SCREEN_THRESHOLD	napping__panukbb_continuous__30510__both_sexes__na__irnt	1.792e-06	4.769565217391305	1.8462396515226225e-06	1.7917222630718035e-06	8.076404494382022e-06	8.076730529881127e-06	8.26674470831025e-06	0.06462082835557877	0.15477917164442123	True	1.7344306292719767e-06	1.9644263168235366e-06	7.795193839424615e-06	8.763240075049234e-06	False	dashti_2021_daytime_napping	PANUKBB_2025_RELEASE	SELF_REPORT	discovery_extension/results/ldsc/extension_rg_matrix.tsv	RECOMPUTED_FROM_PRINTED_ESTIMATES	BLOCKED_MISSING_INPUTS	False
napping	panukbb_continuous__30530__both_sexes__na__irnt	0.0835	0.0232	3.6044	0.0003	0.0708	0.003	1.0607	0.0107	0.0271	0.0065	1217311	1173942	1166720	discovery_extension/logs/rg/rg_napping.log	0.0008866995073891625	Sodium in urine	renal_urinary	HEAVILY_STUDIED	EUR	PRIMARY_EXTENSION_RG_COMPLETE	True	False	NOT_TIER_A_SCREEN_THRESHOLD	napping__panukbb_continuous__30530__both_sexes__na__irnt	0.0003	3.599137931034483	0.00031927382228084163	0.00031287488332868514	0.0008866995073891625	0.0009386246499860554	0.0009554328846309475	0.03802883555867075	0.12897116444132925	True	0.0003072951790979119	0.00033163411281202993	0.0009218855372937359	0.0009850518202337523	False	dashti_2021_daytime_napping	PANUKBB_2025_RELEASE	SELF_REPORT	discovery_extension/results/ldsc/extension_rg_matrix.tsv	RECOMPUTED_FROM_PRINTED_ESTIMATES	BLOCKED_MISSING_INPUTS	False
napping	panukbb_phecode__594__both_sexes__na__na	0.14	0.0458	3.0571	0.0022	0.1902	0.0185	1.0048	0.0069	0.0045	0.0057	1217311	1173942	1166730	discovery_extension/logs/rg/rg_napping.log	0.005534591194968554	Urinary calculus	renal_urinary	HIGH_NOVELTY_PRIORITY	EUR	PRIMARY_EXTENSION_RG_COMPLETE	True	False	NOT_TIER_A_SCREEN_THRESHOLD	napping__panukbb_phecode__594__both_sexes__na__na	0.0022	3.0567685589519655	0.002237369547928285	0.0022348970349072078	0.005534591194968554	0.005622382477753982	0.005628602636297573	0.05023364950806554	0.2297663504919345	True	0.0022045017639987547	0.0022706126506905062	0.0055343140518797195	0.005712233083498129	False	dashti_2021_daytime_napping	PANUKBB_2025_RELEASE	SELF_REPORT	discovery_extension/results/ldsc/extension_rg_matrix.tsv	RECOMPUTED_FROM_PRINTED_ESTIMATES	BLOCKED_MISSING_INPUTS	False
napping	panukbb_icd10__j44__both_sexes__na__na	0.1404	0.0349	4.0208	5.8008e-05	0.1768	0.0195	1.006	0.0091	0.0532	0.0066	1217311	1173942	1166730	discovery_extension/logs/rg/rg_napping.log	0.00020060403458213255	J44 Other chronic obstructive pulmonary disease	pulmonary	HIGH_NOVELTY_PRIORITY	EUR	PRIMARY_EXTENSION_RG_COMPLETE	True	False	NOT_TIER_A_SCREEN_THRESHOLD	napping__panukbb_icd10__j44__both_sexes__na__na	5.8008e-05	4.022922636103152	5.748038158775602e-05	5.80008330255416e-05	0.00020060403458213255	0.00020057924965605163	0.00019877941759454532	0.07199725693955211	0.20880274306044788	True	5.574622124648263e-05	5.926037098460489e-05	0.0001927823213134846	0.0002049350005231293	False	dashti_2021_daytime_napping	PANUKBB_2025_RELEASE	SELF_REPORT	discovery_extension/results/ldsc/extension_rg_matrix.tsv	RECOMPUTED_FROM_PRINTED_ESTIMATES	BLOCKED_MISSING_INPUTS	False
napping	panukbb_categorical__2316__both_sexes__2316__na	0.1523	0.0227	6.7071	1.9857e-11	0.0835	0.0044	1.0439	0.0106	0.0927	0.0063	1217311	1173942	1166727	discovery_extension/logs/rg/rg_napping.log	1.714273381294964e-10	Wheeze or whistling in the chest in last year	pulmonary	HEAVILY_STUDIED	EUR	PRIMARY_EXTENSION_RG_COMPLETE	True	True	PAIR_NOVELTY_AUDIT_REQUIRED	napping__panukbb_categorical__2316__both_sexes__2316__na	1.9857e-11	6.709251101321585	1.95625786547983e-11	1.985302201703659e-11	1.714273381294964e-10	1.713929958305317e-10	1.6888557112056086e-10	0.10780881755094077	0.19679118244905922	True	1.7406825766007437e-11	2.1967834286014046e-11	1.5027475481445269e-10	1.8965036793681192e-10	False	dashti_2021_daytime_napping	PANUKBB_2025_RELEASE	SELF_REPORT	discovery_extension/results/ldsc/extension_rg_matrix.tsv	RECOMPUTED_FROM_PRINTED_ESTIMATES	BLOCKED_MISSING_INPUTS	False
napping	panukbb_phecode__496_2__both_sexes__na__na	0.1377	0.034	4.0485	5.1557e-05	0.185	0.0192	1.0056	0.0089	0.0551	0.0065	1217311	1173942	1166721	discovery_extension/logs/rg/rg_napping.log	0.00018090175438596493	Chronic bronchitis	pulmonary	HIGH_NOVELTY_PRIORITY	EUR	PRIMARY_EXTENSION_RG_COMPLETE	True	False	NOT_TIER_A_SCREEN_THRESHOLD	napping__panukbb_phecode__496_2__both_sexes__na__na	5.1557e-05	4.05	5.1217632948083066e-05	5.154693419488427e-05	0.00018090175438596493	0.00018086643577152375	0.00017971099280029147	0.07106122452563815	0.20433877547436183	True	4.9614108119150246e-05	5.286526643937613e-05	0.00017408458989175526	0.00018549216294517942	False	dashti_2021_daytime_napping	PANUKBB_2025_RELEASE	SELF_REPORT	discovery_extension/results/ldsc/extension_rg_matrix.tsv	RECOMPUTED_FROM_PRINTED_ESTIMATES	BLOCKED_MISSING_INPUTS	False
napping	panukbb_icd10__k21__both_sexes__na__na	0.1596	0.0372	4.2855	1.8229e-05	0.0701	0.0055	1.0127	0.007	0.0358	0.0063	1217311	1173942	1166731	discovery_extension/logs/rg/rg_napping.log	6.966496815286624e-05	K21 Gastro-oesophageal reflux disease	gastrointestinal	HIGH_NOVELTY_PRIORITY	EUR	PRIMARY_EXTENSION_RG_COMPLETE	True	True	PAIR_NOVELTY_AUDIT_REQUIRED	napping__panukbb_icd10__k21__both_sexes__na__na	1.8229e-05	4.290322580645161	1.784137729732963e-05	1.823286481238273e-05	6.966496815286624e-05	6.967973813649452e-05	6.818360750571833e-05	0.08668933977510998	0.23251066022489	True	1.727798272627865e-05	1.842066473092103e-05	6.603050723418593e-05	7.039744483154533e-05	False	dashti_2021_daytime_napping	PANUKBB_2025_RELEASE	SELF_REPORT	discovery_extension/results/ldsc/extension_rg_matrix.tsv	RECOMPUTED_FROM_PRINTED_ESTIMATES	BLOCKED_MISSING_INPUTS	False
napping	panukbb_icd10__k80__both_sexes__na__na	0.1302	0.0352	3.6994	0.0002	0.1135	0.013	1.0252	0.0105	0.0295	0.0062	1217311	1173942	1166240	discovery_extension/logs/rg/rg_napping.log	0.000625	K80 Cholelithiasis	gastrointestinal	HIGH_NOVELTY_PRIORITY	EUR	PRIMARY_EXTENSION_RG_COMPLETE	True	False	NOT_TIER_A_SCREEN_THRESHOLD	napping__panukbb_icd10__k80__both_sexes__na__na	0.0002	3.6988636363636362	0.00021656690885408104	0.00021610976947505307	0.000625	0.0006788788569896954	0.0006803148969238148	0.06120926774419011	0.1991907322558099	True	0.00021093446543073998	0.00022232375880240163	0.0006626213573740523	0.0006983992423112092	False	dashti_2021_daytime_napping	PANUKBB_2025_RELEASE	SELF_REPORT	discovery_extension/results/ldsc/extension_rg_matrix.tsv	RECOMPUTED_FROM_PRINTED_ESTIMATES	BLOCKED_MISSING_INPUTS	False
napping	panukbb_phecode__550_2__both_sexes__na__na	0.1482	0.0278	5.3337	9.6242e-08	0.0924	0.0055	1.0279	0.0079	0.0317	0.0062	1217311	1173942	1166707	discovery_extension/logs/rg/rg_napping.log	5.225809954751131e-07	Diaphragmatic hernia	gastrointestinal	HIGH_NOVELTY_PRIORITY	EUR	PRIMARY_EXTENSION_RG_COMPLETE	True	False	NOT_TIER_A_SCREEN_THRESHOLD	napping__panukbb_phecode__550_2__both_sexes__na__na	9.6242e-08	5.330935251798562	9.770825374439523e-08	9.623146217593902e-08	5.225809954751131e-07	5.225237765209359e-07	5.329541113330649e-07	0.0937130012297865	0.2026869987702135	True	9.175316263651313e-08	1.040132921282254e-07	5.004717961991625e-07	5.661644411678397e-07	False	dashti_2021_daytime_napping	PANUKBB_2025_RELEASE	SELF_REPORT	discovery_extension/results/ldsc/extension_rg_matrix.tsv	RECOMPUTED_FROM_PRINTED_ESTIMATES	BLOCKED_MISSING_INPUTS	False
napping	panukbb_phecode__558__both_sexes__na__na	0.1222	0.0419	2.9181	0.0035	0.0685	0.0083	1.0051	0.0062	0.0396	0.0056	1217311	1173942	1166707	discovery_extension/logs/rg/rg_napping.log	0.00841683366733467	Noninfectious gastroenteritis	gastrointestinal	HIGH_NOVELTY_PRIORITY	EUR	PRIMARY_EXTENSION_RG_COMPLETE	True	False	NOT_TIER_A_SCREEN_THRESHOLD	napping__panukbb_phecode__558__both_sexes__na__na	0.0035	2.916467780429594	0.003540192853041637	0.003521713890960781	0.00841683366733467	0.008469051441188251	0.008513489826953836	0.04007750904777174	0.20432249095222826	True	0.003487452865578845	0.003593529179958617	0.008386660197784796	0.008641753538978638	False	dashti_2021_daytime_napping	PANUKBB_2025_RELEASE	SELF_REPORT	discovery_extension/results/ldsc/extension_rg_matrix.tsv	RECOMPUTED_FROM_PRINTED_ESTIMATES	BLOCKED_MISSING_INPUTS	False
napping	panukbb_phecode__785__both_sexes__na__na	0.1324	0.0308	4.3021	1.6915e-05	0.0499	0.0039	1.0094	0.0078	0.0319	0.0057	1217311	1173942	1166730	discovery_extension/logs/rg/rg_napping.log	6.484984025559106e-05	Abdominal pain	gastrointestinal	HIGH_NOVELTY_PRIORITY	EUR	PRIMARY_EXTENSION_RG_COMPLETE	True	False	NOT_TIER_A_SCREEN_THRESHOLD	napping__panukbb_phecode__785__both_sexes__na__na	1.6915e-05	4.298701298701298	1.7180182330845888e-05	1.6918691782178287e-05	6.484984025559106e-05	6.486399405307968e-05	6.586651372848264e-05	0.07203310927616632	0.19276689072383366	True	1.652466540938594e-05	1.785818651378567e-05	6.335334981234226e-05	6.846589078767668e-05	False	dashti_2021_daytime_napping	PANUKBB_2025_RELEASE	SELF_REPORT	discovery_extension/results/ldsc/extension_rg_matrix.tsv	RECOMPUTED_FROM_PRINTED_ESTIMATES	BLOCKED_MISSING_INPUTS	False
napping	panukbb_categorical__41200__both_sexes__j183__na	0.1281	0.0335	3.8207	0.0001	0.1184	0.0153	1.0232	0.0109	0.0219	0.0056	1217311	1173942	1165478	discovery_extension/logs/rg/rg_napping.log	0.0003225806451612903	Operative procedures - main OPCS4	gastrointestinal	HIGH_NOVELTY_PRIORITY	EUR	PRIMARY_EXTENSION_RG_COMPLETE	True	False	NOT_TIER_A_SCREEN_THRESHOLD	napping__panukbb_categorical__41200__both_sexes__j183__na	0.0001	3.823880597014925	0.0001313675520806157	0.00013307344216764426	0.0003225806451612903	0.00043393513750318786	0.00042837245243679034	0.062441206517908174	0.1937587934820918	True	0.00012757621288231793	0.00013525310499724929	0.00041600938983364546	0.0004410427336866825	False	dashti_2021_daytime_napping	PANUKBB_2025_RELEASE	SELF_REPORT	discovery_extension/results/ldsc/extension_rg_matrix.tsv	RECOMPUTED_FROM_PRINTED_ESTIMATES	BLOCKED_MISSING_INPUTS	False
napping	panukbb_categorical__2207__both_sexes__2207__na	0.1192	0.0313	3.8108	0.0001	0.0434	0.0034	1.0	0.0073	0.0116	0.0054	1217311	1173942	1166732	discovery_extension/logs/rg/rg_napping.log	0.0003225806451612903	Wears glasses or contact lenses	sensory	HEAVILY_STUDIED	EUR	PRIMARY_EXTENSION_RG_COMPLETE	True	False	NOT_TIER_A_SCREEN_THRESHOLD	napping__panukbb_categorical__2207__both_sexes__2207__na	0.0001	3.8083067092651754	0.00013992165678504453	0.00013851780116763058	0.0003225806451612903	0.00044924692270582894	0.00045379996795149577	0.057853127283896306	0.1805468727161037	True	0.00013563250362443434	0.00014432403896124648	0.0004398892009441114	0.0004680196911598056	False	dashti_2021_daytime_napping	PANUKBB_2025_RELEASE	SELF_REPORT	discovery_extension/results/ldsc/extension_rg_matrix.tsv	RECOMPUTED_FROM_PRINTED_ESTIMATES	BLOCKED_MISSING_INPUTS	False
napping	panukbb_categorical__2257__both_sexes__2257__na	0.1709	0.0266	6.4264	1.3065e-10	0.0522	0.0023	1.0385	0.009	0.0668	0.0059	1217311	1173942	1166728	discovery_extension/logs/rg/rg_napping.log	1.0247058823529412e-09	Hearing difficulty/problems with background noise	sensory	HEAVILY_STUDIED	EUR	PRIMARY_EXTENSION_RG_COMPLETE	True	True	PAIR_NOVELTY_AUDIT_REQUIRED	napping__panukbb_categorical__2257__both_sexes__2257__na	1.3065e-10	6.424812030075188	1.32032565759557e-10	1.3066130742492677e-10	1.0247058823529412e-09	1.0247945680386413e-09	1.0423623612596605e-09	0.11876495801123456	0.22303504198876545	True	1.2042593451001088e-10	1.4468033825468833e-10	9.507310619211386e-10	1.1381956230421482e-09	False	dashti_2021_daytime_napping	PANUKBB_2025_RELEASE	SELF_REPORT	discovery_extension/results/ldsc/extension_rg_matrix.tsv	RECOMPUTED_FROM_PRINTED_ESTIMATES	BLOCKED_MISSING_INPUTS	False
napping	panukbb_icd10__m17__both_sexes__na__na	0.0966	0.0298	3.2467	0.0012	0.1325	0.0087	1.0223	0.0089	0.0312	0.0064	1217311	1173942	1166191	discovery_extension/logs/rg/rg_napping.log	0.0031788079470198675	M17 Gonarthrosis [arthrosis of knee]	musculoskeletal_pain	HIGH_NOVELTY_PRIORITY	EUR	PRIMARY_EXTENSION_RG_COMPLETE	True	False	NOT_TIER_A_SCREEN_THRESHOLD	napping__panukbb_icd10__m17__both_sexes__na__na	0.0012	3.2416107382550337	0.0011885624670270652	0.001167513847962417	0.0031788079470198675	0.0031133702612331123	0.0031692862442560315	0.038193073260706395	0.15500692673929362	True	0.0011591758226081714	0.001218534189451755	0.0030911355269551237	0.0032422195728206336	False	dashti_2021_daytime_napping	PANUKBB_2025_RELEASE	SELF_REPORT	discovery_extension/results/ldsc/extension_rg_matrix.tsv	RECOMPUTED_FROM_PRINTED_ESTIMATES	BLOCKED_MISSING_INPUTS	False
napping	panukbb_categorical__3571__both_sexes__3571__na	0.1735	0.0451	3.8492	0.0001	0.0468	0.0059	0.9877	0.0067	0.0101	0.0054	1217311	1173942	1166649	discovery_extension/logs/rg/rg_napping.log	0.0003225806451612903	Back pain for 3+ months	musculoskeletal_pain	HEAVILY_STUDIED	EUR	PRIMARY_EXTENSION_RG_COMPLETE	True	True	PAIR_NOVELTY_AUDIT_REQUIRED	napping__panukbb_categorical__3571__both_sexes__3571__na	0.0001	3.8470066518847004	0.00011956972432391977	0.00011850422207130238	0.0003225806451612903	0.00039174949445058637	0.0003952718159468422	0.08510562429724355	0.2618943757027564	True	0.00011697232526214013	0.00012221550338666033	0.00038668537276740543	0.00040401819301375317	False	dashti_2021_daytime_napping	PANUKBB_2025_RELEASE	SELF_REPORT	discovery_extension/results/ldsc/extension_rg_matrix.tsv	RECOMPUTED_FROM_PRINTED_ESTIMATES	BLOCKED_MISSING_INPUTS	False
napping	panukbb_categorical__6159__both_sexes__7__na	0.1567	0.028	5.5965	2.1867e-08	0.0586	0.0029	1.0319	0.0085	0.0506	0.0067	1217311	1173942	1166730	discovery_extension/logs/rg/rg_napping.log	1.3186130653266333e-07	Pain type(s) experienced in last month	musculoskeletal_pain	HIGH_NOVELTY_PRIORITY	EUR	PRIMARY_EXTENSION_RG_COMPLETE	True	True	PAIR_NOVELTY_AUDIT_REQUIRED	napping__panukbb_categorical__6159__both_sexes__7__na	2.1867e-08	5.5964285714285715	2.188124105997729e-08	2.1872232178599577e-08	1.3186130653266333e-07	1.318928573583894e-07	1.3194718227121985e-07	0.1018210084328785	0.2115789915671215	True	2.0440747468977456e-08	2.3414407139932607e-08	1.23260788757653e-07	1.411924048639152e-07	False	dashti_2021_daytime_napping	PANUKBB_2025_RELEASE	SELF_REPORT	discovery_extension/results/ldsc/extension_rg_matrix.tsv	RECOMPUTED_FROM_PRINTED_ESTIMATES	BLOCKED_MISSING_INPUTS	False
napping	panukbb_categorical__6159__both_sexes__8__na	0.2357	0.0419	5.6253	1.8513e-08	0.1764	0.0211	1.0014	0.0065	0.0612	0.0056	1217311	1173942	1166730	discovery_extension/logs/rg/rg_napping.log	1.1219999999999999e-07	Pain type(s) experienced in last month	musculoskeletal_pain	PREVIOUSLY_SCREENED	EUR	PRIMARY_EXTENSION_RG_COMPLETE	True	True	PAIR_NOVELTY_AUDIT_REQUIRED	napping__panukbb_categorical__6159__both_sexes__8__na	1.8513e-08	5.6252983293556085	1.851876449374069e-08	1.8518585260396846e-08	1.1219999999999999e-07	1.1223385006301119e-07	1.1280465681466409e-07	0.15357750904777173	0.31782249095222825	True	1.768818875372094e-08	1.9385042651862085e-08	1.0774531220540673e-07	1.1808147808240864e-07	False	dashti_2021_daytime_napping	PANUKBB_2025_RELEASE	SELF_REPORT	discovery_extension/results/ldsc/extension_rg_matrix.tsv	RECOMPUTED_FROM_PRINTED_ESTIMATES	BLOCKED_MISSING_INPUTS	False
napping	panukbb_icd10__z88__both_sexes__na__na	0.0997	0.0352	2.8312	0.0046	0.0539	0.0052	1.0189	0.0075	0.0372	0.0063	1217311	1173942	1166733	discovery_extension/logs/rg/rg_napping.log	0.010802348336594911	Z88 Personal history of allergy to drugs, medicaments and biologocal substances	allergy_infectious	HIGH_NOVELTY_PRIORITY	EUR	PRIMARY_EXTENSION_RG_COMPLETE	True	False	NOT_TIER_A_SCREEN_THRESHOLD	napping__panukbb_icd10__z88__both_sexes__na__na	0.0046	2.8323863636363633	0.004620198503185805	0.004637371374451226	0.010802348336594911	0.010890108902820881	0.010849781220788585	0.030709267744190097	0.16869073225580988	True	0.004542025184424996	0.004699361280048281	0.01066620395559686	0.011035682066649585	False	dashti_2021_daytime_napping	PANUKBB_2025_RELEASE	SELF_REPORT	discovery_extension/results/ldsc/extension_rg_matrix.tsv	RECOMPUTED_FROM_PRINTED_ESTIMATES	BLOCKED_MISSING_INPUTS	False
napping	panukbb_phecode__960_2__both_sexes__na__na	0.0965	0.0399	2.4196	0.0155	0.0632	0.0075	1.0046	0.0073	0.0335	0.006	1217311	1173942	1166721	discovery_extension/logs/rg/rg_napping.log	0.03257443082311734	Allergy/adverse effect of penicillin	allergy_infectious	HIGH_NOVELTY_PRIORITY	EUR	PRIMARY_EXTENSION_RG_COMPLETE	True	False	NOT_TIER_A_SCREEN_THRESHOLD	napping__panukbb_phecode__960_2__both_sexes__na__na	0.0155	2.418546365914787	0.015582659516017896	0.015537587938363327	0.03257443082311734	0.03264117953536126	0.03274814609320748	0.018297437016851853	0.17470256298314815	True	0.015399892680936762	0.015766867549311368	0.03236404766571649	0.03312855996152539	False	dashti_2021_daytime_napping	PANUKBB_2025_RELEASE	SELF_REPORT	discovery_extension/results/ldsc/extension_rg_matrix.tsv	RECOMPUTED_FROM_PRINTED_ESTIMATES	BLOCKED_MISSING_INPUTS	False
napping	panukbb_phecode__960__both_sexes__na__na	0.0979	0.0386	2.5375	0.0112	0.0607	0.0066	1.0109	0.0071	0.035	0.0061	1217311	1173942	1166718	discovery_extension/logs/rg/rg_napping.log	0.024216216216216214	Poisoning by antibiotics	allergy_infectious	PREVIOUSLY_SCREENED	EUR	PRIMARY_EXTENSION_RG_COMPLETE	True	False	NOT_TIER_A_SCREEN_THRESHOLD	napping__panukbb_phecode__960__both_sexes__na__na	0.0112	2.536269430051813	0.011204049592755656	0.011164736812033655	0.024216216216216214	0.02413997148547817	0.02422497209244466	0.02224539019675391	0.1735546098032461	True	0.011058144323053477	0.01135127792676279	0.023909501239034545	0.02454330362543306	False	dashti_2021_daytime_napping	PANUKBB_2025_RELEASE	SELF_REPORT	discovery_extension/results/ldsc/extension_rg_matrix.tsv	RECOMPUTED_FROM_PRINTED_ESTIMATES	BLOCKED_MISSING_INPUTS	False
napping	panukbb_prescriptions__clarithromycin__both_sexes__na__na	0.1044	0.0436	2.3945	0.0166	0.0375	0.0065	1.036	0.0072	0.0201	0.005	1217311	1173942	1166729	discovery_extension/logs/rg/rg_napping.log	0.0343448275862069	clarithromycin	allergy_infectious	HIGH_NOVELTY_PRIORITY	EUR	PRIMARY_EXTENSION_RG_COMPLETE	True	False	NOT_TIER_A_SCREEN_THRESHOLD	napping__panukbb_prescriptions__clarithromycin__both_sexes__na__na	0.0166	2.3944954128440368	0.016643251630772477	0.016643043448395185	0.0343448275862069	0.034433882996679696	0.03443431371883961	0.01894557027405365	0.18985442972594635	True	0.016467202456895133	0.016820542371748223	0.03407007404874855	0.0348011221484446	False	dashti_2021_daytime_napping	PANUKBB_2025_RELEASE	SELF_REPORT	discovery_extension/results/ldsc/extension_rg_matrix.tsv	RECOMPUTED_FROM_PRINTED_ESTIMATES	BLOCKED_MISSING_INPUTS	False
napping	panukbb_prescriptions__paracetamol__both_sexes__na__na	0.1351	0.0337	4.0116	6.0299e-05	0.0446	0.0042	1.0767	0.008	0.0516	0.0056	1217311	1173942	1166731	discovery_extension/logs/rg/rg_napping.log	0.00020792758620689656	paracetamol	medication_use	HIGH_NOVELTY_PRIORITY	EUR	PRIMARY_EXTENSION_RG_COMPLETE	True	False	NOT_TIER_A_SCREEN_THRESHOLD	napping__panukbb_prescriptions__paracetamol__both_sexes__na__na	6.0299e-05	4.008902077151335	6.100170380058198e-05	6.030862115838671e-05	0.00020792758620689656	0.0002079607626151266	0.00021035070276062754	0.06904921372100017	0.20115078627899982	True	5.9107777286736774e-05	6.294712240655736e-05	0.0002037389401232839	0.00021705904278123228	False	dashti_2021_daytime_napping	PANUKBB_2025_RELEASE	SELF_REPORT	discovery_extension/results/ldsc/extension_rg_matrix.tsv	RECOMPUTED_FROM_PRINTED_ESTIMATES	BLOCKED_MISSING_INPUTS	False
napping	panukbb_prescriptions__mebeverine__both_sexes__na__na	0.1393	0.0507	2.7473	0.006	0.0567	0.0093	1.0256	0.0067	0.0128	0.006	1217311	1173942	1166731	discovery_extension/logs/rg/rg_napping.log	0.013714285714285715	mebeverine	medication_use	HIGH_NOVELTY_PRIORITY	EUR	PRIMARY_EXTENSION_RG_COMPLETE	True	False	NOT_TIER_A_SCREEN_THRESHOLD	napping__panukbb_prescriptions__mebeverine__both_sexes__na__na	0.006	2.747534516765286	0.006004518829906067	0.006008814402855116	0.013714285714285715	0.013734432920811694	0.013739529357959674	0.039929825983819264	0.23867017401618074	True	0.005937122352011036	0.006072469002654662	0.013570565376025226	0.013906417563331287	False	dashti_2021_daytime_napping	PANUKBB_2025_RELEASE	SELF_REPORT	discovery_extension/results/ldsc/extension_rg_matrix.tsv	RECOMPUTED_FROM_PRINTED_ESTIMATES	BLOCKED_MISSING_INPUTS	False
napping	panukbb_prescriptions__amlodipine__both_sexes__na__na	0.1316	0.0315	4.1837	2.8685e-05	0.0916	0.0072	1.0472	0.0082	0.035	0.0065	1217311	1173942	1166734	discovery_extension/logs/rg/rg_napping.log	0.00010526605504587157	amlodipine	medication_use	HIGH_NOVELTY_PRIORITY	EUR	PRIMARY_EXTENSION_RG_COMPLETE	True	False	NOT_TIER_A_SCREEN_THRESHOLD	napping__panukbb_prescriptions__amlodipine__both_sexes__na__na	2.8685e-05	4.177777777777777	2.943710478765067e-05	2.868025393359066e-05	0.00010526605504587157	0.00010524863828840609	0.00010736937916468329	0.06986113448698829	0.19333886551301172	True	2.839014221924305e-05	3.051720530433622e-05	0.00010355067070848529	0.00011130895551733576	False	dashti_2021_daytime_napping	PANUKBB_2025_RELEASE	SELF_REPORT	discovery_extension/results/ldsc/extension_rg_matrix.tsv	RECOMPUTED_FROM_PRINTED_ESTIMATES	BLOCKED_MISSING_INPUTS	False
napping	panukbb_prescriptions__tramadol__both_sexes__na__na	0.1265	0.0358	3.5382	0.0004	0.083	0.0073	1.0463	0.0084	0.0349	0.0062	1217311	1173942	1166731	discovery_extension/logs/rg/rg_napping.log	0.001145584725536993	tramadol	medication_use	HIGH_NOVELTY_PRIORITY	EUR	PRIMARY_EXTENSION_RG_COMPLETE	True	False	NOT_TIER_A_SCREEN_THRESHOLD	napping__panukbb_prescriptions__tramadol__both_sexes__na__na	0.0004	3.533519553072626	0.0004100657564335412	0.0004028647856475585	0.001145584725536993	0.001167724016369735	0.0011857323077596373	0.05633328935346607	0.19666671064653393	True	0.000400339131282143	0.00041998470450107893	0.0011576071265989678	0.0012144136033766138	False	dashti_2021_daytime_napping	PANUKBB_2025_RELEASE	SELF_REPORT	discovery_extension/results/ldsc/extension_rg_matrix.tsv	RECOMPUTED_FROM_PRINTED_ESTIMATES	BLOCKED_MISSING_INPUTS	False
napping	panukbb_prescriptions__citalopram__both_sexes__na__na	0.2013	0.0448	4.4964	6.9119e-06	0.0604	0.009	1.0257	0.0073	0.0346	0.0057	1217311	1173942	1166732	discovery_extension/logs/rg/rg_napping.log	2.8308122866894197e-05	citalopram	medication_use	HIGH_NOVELTY_PRIORITY	EUR	PRIMARY_EXTENSION_RG_COMPLETE	True	True	PAIR_NOVELTY_AUDIT_REQUIRED	napping__panukbb_prescriptions__citalopram__both_sexes__na__na	6.9119e-06	4.493303571428572	7.012670571652546e-06	6.911366159773093e-06	2.8308122866894197e-05	2.8305936490538265e-05	2.8720835105744213e-05	0.11349361349260559	0.2891063865073944	True	6.813227644337743e-06	7.217227003711442e-06	2.790400400411362e-05	2.955860888892058e-05	False	dashti_2021_daytime_napping	PANUKBB_2025_RELEASE	SELF_REPORT	discovery_extension/results/ldsc/extension_rg_matrix.tsv	RECOMPUTED_FROM_PRINTED_ESTIMATES	BLOCKED_MISSING_INPUTS	False
napping	panukbb_prescriptions__bendroflumethiazide__both_sexes__na__na	0.1505	0.0323	4.6602	3.1586e-06	0.1064	0.0087	1.0569	0.0084	0.0272	0.0064	1217311	1173942	1166731	discovery_extension/logs/rg/rg_napping.log	1.3488683274021354e-05	bendroflumethiazide	medication_use	HIGH_NOVELTY_PRIORITY	EUR	PRIMARY_EXTENSION_RG_COMPLETE	True	True	PAIR_NOVELTY_AUDIT_REQUIRED	napping__panukbb_prescriptions__bendroflumethiazide__both_sexes__na__na	3.1586e-06	4.659442724458204	3.170666020840247e-06	3.1590228008402006e-06	1.3488683274021354e-05	1.3490488829210821e-05	1.354021076515408e-05	0.08719316329935624	0.21380683670064377	True	3.0382482912024467e-06	3.3081744547269036e-06	1.3021064105153343e-05	1.4127435393851547e-05	False	dashti_2021_daytime_napping	PANUKBB_2025_RELEASE	SELF_REPORT	discovery_extension/results/ldsc/extension_rg_matrix.tsv	RECOMPUTED_FROM_PRINTED_ESTIMATES	BLOCKED_MISSING_INPUTS	False
napping	panukbb_categorical__20003__both_sexes__1140874420__na	0.1529	0.0507	3.0187	0.0025	0.2612	0.0489	0.9988	0.0072	0.017	0.0061	1217311	1173942	1166730	discovery_extension/logs/rg/rg_napping.log	0.006185567010309278	Treatment/medication code	medication_use	PREVIOUSLY_SCREENED	EUR	PRIMARY_EXTENSION_RG_COMPLETE	True	True	PAIR_NOVELTY_AUDIT_REQUIRED	napping__panukbb_categorical__20003__both_sexes__1140874420__na	0.0025	3.0157790927021697	0.0025631992709681853	0.0025386177777027585	0.006185567010309278	0.006281116151017134	0.006324728426697397	0.053529825983819265	0.25227017401618074	True	0.002529889758723974	0.002596842576712401	0.006244752536213994	0.006405483881565196	False	dashti_2021_daytime_napping	PANUKBB_2025_RELEASE	SELF_REPORT	discovery_extension/results/ldsc/extension_rg_matrix.tsv	RECOMPUTED_FROM_PRINTED_ESTIMATES	BLOCKED_MISSING_INPUTS	False
napping	panukbb_categorical__6149__both_sexes__3__na	0.0931	0.0322	2.891	0.0038	0.0473	0.0034	1.0209	0.0074	0.0315	0.0061	1217311	1173942	1166731	discovery_extension/logs/rg/rg_napping.log	0.009083665338645417	Mouth/teeth dental problems	oral_dental	PREVIOUSLY_SCREENED	EUR	PRIMARY_EXTENSION_RG_COMPLETE	True	False	NOT_TIER_A_SCREEN_THRESHOLD	napping__panukbb_categorical__6149__both_sexes__3__na	0.0038	2.891304347826087	0.0038364638968431232	0.003840181203694836	0.009083665338645417	0.009182637414975476	0.009170830032294318	0.02998915969781027	0.15621084030218974	True	0.0037632228243595855	0.003910764653100234	0.008995751771377495	0.00934844140183323	False	dashti_2021_daytime_napping	PANUKBB_2025_RELEASE	SELF_REPORT	discovery_extension/results/ldsc/extension_rg_matrix.tsv	RECOMPUTED_FROM_PRINTED_ESTIMATES	BLOCKED_MISSING_INPUTS	False
napping	panukbb_categorical__6149__both_sexes__4__na	0.2344	0.0388	6.0449	1.4953e-09	0.0789	0.0089	1.0185	0.0067	0.0256	0.0058	1217311	1173942	1166732	discovery_extension/logs/rg/rg_napping.log	1.0312413793103449e-08	Mouth/teeth dental problems	oral_dental	HIGH_NOVELTY_PRIORITY	EUR	PRIMARY_EXTENSION_RG_COMPLETE	True	True	PAIR_NOVELTY_AUDIT_REQUIRED	napping__panukbb_categorical__6149__both_sexes__4__na	1.4953e-09	6.041237113402062	1.5293703072271254e-09	1.4950270029144764e-09	1.0312413793103449e-08	1.0310531054582596e-08	1.0547381429152589e-08	0.15835339739984589	0.3104466026001541	True	1.4455608456302358e-09	1.617674223449417e-09	9.969385142277487e-09	1.1156373954823566e-08	False	dashti_2021_daytime_napping	PANUKBB_2025_RELEASE	SELF_REPORT	discovery_extension/results/ldsc/extension_rg_matrix.tsv	RECOMPUTED_FROM_PRINTED_ESTIMATES	BLOCKED_MISSING_INPUTS	False
napping	panukbb_categorical__6149__both_sexes__6__na	0.0895	0.0255	3.5155	0.0004	0.0885	0.0042	1.0654	0.0103	0.045	0.0067	1217311	1173942	1166734	discovery_extension/logs/rg/rg_napping.log	0.001145584725536993	Mouth/teeth dental problems	oral_dental	PREVIOUSLY_SCREENED	EUR	PRIMARY_EXTENSION_RG_COMPLETE	True	False	NOT_TIER_A_SCREEN_THRESHOLD	napping__panukbb_categorical__6149__both_sexes__6__na	0.0004	3.5098039215686274	0.000448437248895116	0.0004389267598483157	0.001145584725536993	0.0012630985894915559	0.001284307156740189	0.039520918394228624	0.13947908160577138	True	0.00043372556883169506	0.0004635532853883654	0.0012451451736795074	0.0013275989080335049	False	dashti_2021_daytime_napping	PANUKBB_2025_RELEASE	SELF_REPORT	discovery_extension/results/ldsc/extension_rg_matrix.tsv	RECOMPUTED_FROM_PRINTED_ESTIMATES	BLOCKED_MISSING_INPUTS	False
napping	panukbb_continuous__398__both_sexes__na__na	-0.1523	0.0368	-4.1428	3.4303e-05	0.0137	0.0013	1.0066	0.0068	-0.0137	0.0057	1217311	1173942	1166732	discovery_extension/logs/rg/rg_napping.log	0.00012436132930513595	Number of correct matches in round	cognitive	UNDEREXPLORED	EUR	PRIMARY_EXTENSION_RG_COMPLETE	True	True	PAIR_NOVELTY_AUDIT_REQUIRED	napping__panukbb_continuous__398__both_sexes__na__na	3.4303e-05	-4.138586956521739	3.494514252308777e-05	3.4309112856112394e-05	0.00012436132930513595	0.00012438349071702378	0.00012668933845228194	-0.22442667463107396	-0.080173325368926	True	3.389572461873538e-05	3.602239383764302e-05	0.0001228848022431494	0.00013059478128450643	False	dashti_2021_daytime_napping	PANUKBB_2025_RELEASE	SELF_REPORT	discovery_extension/results/ldsc/extension_rg_matrix.tsv	RECOMPUTED_FROM_PRINTED_ESTIMATES	BLOCKED_MISSING_INPUTS	False
napping	panukbb_categorical__4294__both_sexes__0__na	0.1334	0.0522	2.5542	0.0106	0.1284	0.0247	1.0055	0.0062	0.0156	0.0054	1217311	1173942	1166334	discovery_extension/logs/rg/rg_napping.log	0.023001808318264014	Final attempt correct	cognitive	UNDEREXPLORED	EUR	PRIMARY_EXTENSION_RG_COMPLETE	True	False	NOT_TIER_A_SCREEN_THRESHOLD	napping__panukbb_categorical__4294__both_sexes__0__na	0.0106	2.5555555555555554	0.01060184356848658	0.010643210238905418	0.023001808318264014	0.023095573755310128	0.023005808828542307	0.031089880007009157	0.23571011999299082	True	0.010498445394647771	0.010705945970918377	0.022781436661080155	0.0232648172204789	False	dashti_2021_daytime_napping	PANUKBB_2025_RELEASE	SELF_REPORT	discovery_extension/results/ldsc/extension_rg_matrix.tsv	RECOMPUTED_FROM_PRINTED_ESTIMATES	BLOCKED_MISSING_INPUTS	False
napping	panukbb_categorical__5001__both_sexes__5001__na	-0.1265	0.0379	-3.3381	0.0008	0.1158	0.0132	1.0021	0.0066	-0.0201	0.0053	1217311	1173942	1166645	discovery_extension/logs/rg/rg_napping.log	0.0022018348623853213	FI7 : synonym	cognitive	PREVIOUSLY_SCREENED	EUR	PRIMARY_EXTENSION_RG_COMPLETE	True	False	NOT_TIER_A_SCREEN_THRESHOLD	napping__panukbb_categorical__5001__both_sexes__5001__na	0.0008	-3.337730870712401	0.0008446551835989333	0.000843533853091057	0.0022018348623853213	0.002321652806672634	0.002324739037428257	-0.20078263501406807	-0.05221736498593195	True	0.0008274031406306637	0.00086219357853788	0.0022772563503596246	0.0023730098491868256	False	dashti_2021_daytime_napping	PANUKBB_2025_RELEASE	SELF_REPORT	discovery_extension/results/ldsc/extension_rg_matrix.tsv	RECOMPUTED_FROM_PRINTED_ESTIMATES	BLOCKED_MISSING_INPUTS	False
napping	panukbb_continuous__20409__both_sexes__na__na	0.1404	0.0517	2.714	0.0066	0.0382	0.0069	1.0403	0.0073	0.0049	0.0061	1217311	1173942	1166632	discovery_extension/logs/rg/rg_napping.log	0.014859287054409006	Frequency of feeling guilt or remorse after drinking alcohol in last year	mental_psychosocial	UNDEREXPLORED	EUR	PRIMARY_EXTENSION_RG_COMPLETE	True	False	NOT_TIER_A_SCREEN_THRESHOLD	napping__panukbb_continuous__20409__both_sexes__na__na	0.0066	2.715667311411992	0.006614234643035382	0.006647616620961054	0.014859287054409006	0.014966491454321322	0.014902685600748923	0.0390698619992792	0.2417301380007208	True	0.006542731007678539	0.006686299951317921	0.014738114489841688	0.0150685773944046	False	dashti_2021_daytime_napping	PANUKBB_2025_RELEASE	SELF_REPORT	discovery_extension/results/ldsc/extension_rg_matrix.tsv	RECOMPUTED_FROM_PRINTED_ESTIMATES	BLOCKED_MISSING_INPUTS	False
napping	panukbb_continuous__20515__both_sexes__na__na	0.0968	0.0362	2.6699	0.0076	0.0421	0.0039	1.0167	0.0069	0.0172	0.0056	1217311	1173942	1166692	discovery_extension/logs/rg/rg_napping.log	0.016983240223463685	Recent trouble relaxing	mental_psychosocial	UNDEREXPLORED	EUR	PRIMARY_EXTENSION_RG_COMPLETE	True	False	NOT_TIER_A_SCREEN_THRESHOLD	napping__panukbb_continuous__20515__both_sexes__na__na	0.0076	2.6740331491712706	0.007494504299924781	0.007587384011872636	0.016983240223463685	0.016955048071223767	0.016747495642290014	0.02584930375965004	0.16775069624034994	True	0.0073817081163582874	0.007608526114144904	0.0164954371315269	0.017002292992502575	False	dashti_2021_daytime_napping	PANUKBB_2025_RELEASE	SELF_REPORT	discovery_extension/results/ldsc/extension_rg_matrix.tsv	RECOMPUTED_FROM_PRINTED_ESTIMATES	BLOCKED_MISSING_INPUTS	False
napping	panukbb_continuous__20520__both_sexes__na__na	0.1743	0.036	4.8413	1.2897e-06	0.046	0.0046	1.0244	0.0076	0.0293	0.0061	1217311	1173942	1166695	discovery_extension/logs/rg/rg_napping.log	5.929655172413792e-06	Recent worrying too much about different things	mental_psychosocial	UNDEREXPLORED	EUR	PRIMARY_EXTENSION_RG_COMPLETE	True	True	PAIR_NOVELTY_AUDIT_REQUIRED	napping__panukbb_continuous__20520__both_sexes__na__na	1.2897e-06	4.841666666666668	1.287546181602154e-06	1.2899246025226246e-06	5.929655172413792e-06	5.9306878276902275e-06	5.919752559090362e-06	0.10374129655655807	0.24485870344344196	True	1.2359139445350284e-06	1.341098040795359e-06	5.682362963379441e-06	6.165968003656822e-06	False	dashti_2021_daytime_napping	PANUKBB_2025_RELEASE	SELF_REPORT	discovery_extension/results/ldsc/extension_rg_matrix.tsv	RECOMPUTED_FROM_PRINTED_ESTIMATES	BLOCKED_MISSING_INPUTS	False
napping	panukbb_continuous__20485__both_sexes__na__na	0.17	0.0365	4.6529	3.2732e-06	0.0452	0.0043	1.0446	0.0069	0.0326	0.006	1217311	1173942	1166692	discovery_extension/logs/rg/rg_napping.log	1.3879293286219082e-05	Ever contemplated self-harm	mental_psychosocial	UNDEREXPLORED	EUR	PRIMARY_EXTENSION_RG_COMPLETE	True	True	PAIR_NOVELTY_AUDIT_REQUIRED	napping__panukbb_continuous__20485__both_sexes__na__na	3.2732e-06	4.657534246575343	3.2001920100763358e-06	3.2729899825911177e-06	1.3879293286219082e-05	1.387840275303654e-05	1.3617838340750366e-05	0.09846131456428804	0.241538685435712	True	3.081747100647607e-06	3.3226544020757162e-06	1.3113817449564285e-05	1.4138954902449856e-05	False	dashti_2021_daytime_napping	PANUKBB_2025_RELEASE	SELF_REPORT	discovery_extension/results/ldsc/extension_rg_matrix.tsv	RECOMPUTED_FROM_PRINTED_ESTIMATES	BLOCKED_MISSING_INPUTS	False
napping	panukbb_continuous__20498__both_sexes__na__na	0.2356	0.0395	5.9588	2.541e-09	0.053	0.0044	1.0114	0.007	0.0298	0.0061	1217311	1173942	1166280	discovery_extension/logs/rg/rg_napping.log	1.703463687150838e-08	Felt very upset when reminded of stressful experience in past month	mental_psychosocial	PREVIOUSLY_SCREENED	EUR	PRIMARY_EXTENSION_RG_COMPLETE	True	True	PAIR_NOVELTY_AUDIT_REQUIRED	napping__panukbb_continuous__20498__both_sexes__na__na	2.541e-09	5.964556962025316	2.452986874368542e-09	2.5409684071462586e-09	1.703463687150838e-08	1.703442507584084e-08	1.644460474437011e-08	0.15818142261066787	0.31301857738933214	True	2.3238199614583936e-09	2.588783172199586e-09	1.5578681305866325e-08	1.7354970986812868e-08	False	dashti_2021_daytime_napping	PANUKBB_2025_RELEASE	SELF_REPORT	discovery_extension/results/ldsc/extension_rg_matrix.tsv	RECOMPUTED_FROM_PRINTED_ESTIMATES	BLOCKED_MISSING_INPUTS	False
napping	panukbb_categorical__6145__both_sexes__6__na	0.1661	0.0274	6.0656	1.3144e-09	0.0753	0.0044	1.0208	0.0081	0.0654	0.006	1217311	1173942	1166724	discovery_extension/logs/rg/rg_napping.log	9.170232558139534e-09	Illness, injury, bereavement, stress in last 2 years	mental_psychosocial	UNDEREXPLORED	EUR	PRIMARY_EXTENSION_RG_COMPLETE	True	True	PAIR_NOVELTY_AUDIT_REQUIRED	napping__panukbb_categorical__6145__both_sexes__6__na	1.3144e-09	6.062043795620438	1.3440260301435723e-09	1.3146194307225231e-09	9.170232558139534e-09	9.171763470157138e-09	9.376925791699342e-09	0.11239698682360252	0.21980301317639747	True	1.2402303940570205e-09	1.455846318745064e-09	8.652770191095491e-09	1.0157067340081842e-08	False	dashti_2021_daytime_napping	PANUKBB_2025_RELEASE	SELF_REPORT	discovery_extension/results/ldsc/extension_rg_matrix.tsv	RECOMPUTED_FROM_PRINTED_ESTIMATES	BLOCKED_MISSING_INPUTS	False
napping	panukbb_categorical__2020__both_sexes__2020__na	0.1861	0.0266	6.9978	2.6005e-12	0.0615	0.0032	1.0252	0.0079	0.0719	0.0062	1217311	1173942	1166735	discovery_extension/logs/rg/rg_napping.log	2.5166129032258067e-11	Loneliness, isolation	mental_psychosocial	PREVIOUSLY_SCREENED	EUR	PRIMARY_EXTENSION_RG_COMPLETE	True	True	PAIR_NOVELTY_AUDIT_REQUIRED	napping__panukbb_categorical__2020__both_sexes__2020__na	2.6005e-12	6.996240601503759	2.62921872277565e-12	2.6001289039185257e-12	2.5166129032258067e-11	2.5162537779856703e-11	2.5444052155893387e-11	0.13396495801123454	0.23823504198876544	True	2.3611478805048307e-12	2.925895803644426e-12	2.2849818198433846e-11	2.8315120680429928e-11	False	dashti_2021_daytime_napping	PANUKBB_2025_RELEASE	SELF_REPORT	discovery_extension/results/ldsc/extension_rg_matrix.tsv	RECOMPUTED_FROM_PRINTED_ESTIMATES	BLOCKED_MISSING_INPUTS	False
napping	panukbb_categorical__1677__both_sexes__1677__na	-0.1112	0.0361	-3.0786	0.0021	0.0274	0.0024	1.0378	0.0075	-0.0172	0.0059	1217311	1173942	1166334	discovery_extension/logs/rg/rg_napping.log	0.0053052631578947365	Breastfed as a baby	early_life	HEAVILY_STUDIED	EUR	PRIMARY_EXTENSION_RG_COMPLETE	True	False	NOT_TIER_A_SCREEN_THRESHOLD	napping__panukbb_categorical__1677__both_sexes__1677__na	0.0021	-3.080332409972299	0.002067696831164063	0.0020797571716073713	0.0053052631578947365	0.005287518232900097	0.005256856350417108	-0.18195469984189594	-0.04044530015810405	True	0.0020287450000977397	0.0021072230384066807	0.005157826271434931	0.005368721116959696	False	dashti_2021_daytime_napping	PANUKBB_2025_RELEASE	SELF_REPORT	discovery_extension/results/ldsc/extension_rg_matrix.tsv	RECOMPUTED_FROM_PRINTED_ESTIMATES	BLOCKED_MISSING_INPUTS	False
napping	panukbb_categorical__1538__both_sexes__1__na	0.2529	0.0275	9.1999	3.5823e-20	0.07	0.004	1.0278	0.0075	0.0913	0.0054	1217311	1173942	1166732	discovery_extension/logs/rg/rg_napping.log	8.110867924528301e-19	Major dietary changes in the last 5 years	diet	UNDEREXPLORED	EUR	PRIMARY_EXTENSION_RG_COMPLETE	True	True	PAIR_NOVELTY_AUDIT_REQUIRED	napping__panukbb_categorical__1538__both_sexes__1__na	3.5823e-20	9.196363636363637	3.702680047234914e-20	3.582830332898338e-20	8.110867924528301e-19	8.112068678260388e-19	8.383426522041315e-19	0.19900099042514852	0.3067990095748515	True	3.114633342765742e-20	4.397496173264218e-20	7.052000021356397e-19	9.956595109277475e-19	False	dashti_2021_daytime_napping	PANUKBB_2025_RELEASE	SELF_REPORT	discovery_extension/results/ldsc/extension_rg_matrix.tsv	RECOMPUTED_FROM_PRINTED_ESTIMATES	BLOCKED_MISSING_INPUTS	False
napping	panukbb_continuous__1548__both_sexes__na__na	0.1473	0.0238	6.1948	5.8369e-10	0.0437	0.0021	1.0312	0.0081	0.0376	0.0061	1217311	1173942	1166729	discovery_extension/logs/rg/rg_napping.log	4.27090243902439e-09	Variation in diet	diet	PREVIOUSLY_SCREENED	EUR	PRIMARY_EXTENSION_RG_COMPLETE	True	False	NOT_TIER_A_SCREEN_THRESHOLD	napping__panukbb_continuous__1548__both_sexes__na__na	5.8369e-10	6.1890756302521	6.051804400387324e-10	5.835908562043159e-10	4.27090243902439e-09	4.270176996616945e-09	4.428149561259017e-09	0.1006528571679467	0.19394714283205328	True	5.497215650790245e-10	6.658177386650715e-10	4.022352915212374e-09	4.87183711218345e-09	False	dashti_2021_daytime_napping	PANUKBB_2025_RELEASE	SELF_REPORT	discovery_extension/results/ldsc/extension_rg_matrix.tsv	RECOMPUTED_FROM_PRINTED_ESTIMATES	BLOCKED_MISSING_INPUTS	False
napping	panukbb_continuous__1349__both_sexes__na__na	0.0655	0.0256	2.5579	0.0105	0.0457	0.0027	1.0515	0.0101	0.0727	0.0065	1217311	1173942	1166730	discovery_extension/logs/rg/rg_napping.log	0.022826086956521743	Processed meat intake	diet	PREVIOUSLY_SCREENED	EUR	PRIMARY_EXTENSION_RG_COMPLETE	True	False	NOT_TIER_A_SCREEN_THRESHOLD	napping__panukbb_continuous__1349__both_sexes__na__na	0.0105	2.55859375	0.010509647814911977	0.01053063699113467	0.022826086956521743	0.022892689111162327	0.02284706046719995	0.015324921995774614	0.11567507800422538	True	0.010301007818224371	0.010721203269104026	0.022393495257009503	0.0232648172204789	False	dashti_2021_daytime_napping	PANUKBB_2025_RELEASE	SELF_REPORT	discovery_extension/results/ldsc/extension_rg_matrix.tsv	RECOMPUTED_FROM_PRINTED_ESTIMATES	BLOCKED_MISSING_INPUTS	False
napping	panukbb_categorical__1468__both_sexes__4__na	-0.1314	0.0292	-4.5044	6.6576e-06	0.0727	0.0034	1.0416	0.0081	-0.0463	0.007	1217311	1173942	1166702	discovery_extension/logs/rg/rg_napping.log	2.7454020618556696e-05	Cereal type	diet	PREVIOUSLY_SCREENED	EUR	PRIMARY_EXTENSION_RG_COMPLETE	True	False	NOT_TIER_A_SCREEN_THRESHOLD	napping__panukbb_categorical__1468__both_sexes__4__na	6.6576e-06	-4.5	6.795346249460123e-06	6.6560731331999145e-06	2.7454020618556696e-05	2.74477242606182e-05	2.802204638952628e-05	-0.18863094834856958	-0.07416905165143041	True	6.500082391176302e-06	7.102339041080323e-06	2.6804463468768256e-05	2.918769468937119e-05	False	dashti_2021_daytime_napping	PANUKBB_2025_RELEASE	SELF_REPORT	discovery_extension/results/ldsc/extension_rg_matrix.tsv	RECOMPUTED_FROM_PRINTED_ESTIMATES	BLOCKED_MISSING_INPUTS	False
napping	panukbb_continuous__2237__both_sexes__na__na	0.0734	0.0223	3.288	0.001	0.0746	0.003	1.0716	0.0096	0.0429	0.0065	1217311	1173942	1166732	discovery_extension/logs/rg/rg_napping.log	0.002696629213483146	Plays computer games	digital_environment	PREVIOUSLY_SCREENED	EUR	PRIMARY_EXTENSION_RG_COMPLETE	True	False	NOT_TIER_A_SCREEN_THRESHOLD	napping__panukbb_continuous__2237__both_sexes__na__na	0.001	3.291479820627803	0.0009966176654406403	0.0010090183948245355	0.002696629213483146	0.002727076742769015	0.002693561257947677	0.0296928031447568	0.1171071968552432	True	0.0009629845117465947	0.001031177728995078	0.0026140868731846785	0.0027869668351218325	False	dashti_2021_daytime_napping	PANUKBB_2025_RELEASE	SELF_REPORT	discovery_extension/results/ldsc/extension_rg_matrix.tsv	RECOMPUTED_FROM_PRINTED_ESTIMATES	BLOCKED_MISSING_INPUTS	False
napping	panukbb_continuous__1757__both_sexes__na__na	0.0533	0.0234	2.2748	0.0229	0.069	0.0037	1.0893	0.0232	0.0209	0.0064	1217311	1173942	1166730	discovery_extension/logs/rg/rg_napping.log	0.04610738255033557	Facial ageing	digital_environment	PREVIOUSLY_SCREENED	EUR	PRIMARY_EXTENSION_RG_COMPLETE	True	False	NOT_TIER_A_SCREEN_THRESHOLD	napping__panukbb_continuous__1757__both_sexes__na__na	0.0229	2.2777777777777777	0.02273982097636873	0.022917930244630458	0.04610738255033557	0.04614348371402106	0.04578487444906456	0.007436842761762735	0.09916315723823727	True	0.02232475865779077	0.023159759465988163	0.044949178505619	0.04663038818655335	False	dashti_2021_daytime_napping	PANUKBB_2025_RELEASE	SELF_REPORT	discovery_extension/results/ldsc/extension_rg_matrix.tsv	RECOMPUTED_FROM_PRINTED_ESTIMATES	BLOCKED_MISSING_INPUTS	False
napping	panukbb_categorical__6164__both_sexes__5__na	-0.1374	0.03	-4.5857	4.5241e-06	0.0316	0.0018	1.0257	0.0077	-0.0519	0.0066	1217311	1173942	1166736	discovery_extension/logs/rg/rg_napping.log	1.9048842105263157e-05	Types of physical activity in last 4 weeks	physical_activity	UNDEREXPLORED	EUR	PRIMARY_EXTENSION_RG_COMPLETE	True	False	NOT_TIER_A_SCREEN_THRESHOLD	napping__panukbb_categorical__6164__both_sexes__5__na	4.5241e-06	-4.58	4.649759299868829e-06	4.524679066652929e-06	1.9048842105263157e-05	1.905128028064391e-05	1.9577933894184542e-05	-0.1961989195362016	-0.07860108046379838	True	4.447018027775469e-06	4.860618520817343e-06	1.8724286432738817e-05	2.039420358384899e-05	False	dashti_2021_daytime_napping	PANUKBB_2025_RELEASE	SELF_REPORT	discovery_extension/results/ldsc/extension_rg_matrix.tsv	RECOMPUTED_FROM_PRINTED_ESTIMATES	BLOCKED_MISSING_INPUTS	False
napping	panukbb_continuous__924__both_sexes__na__na	-0.1685	0.0203	-8.2961	1.076e-16	0.0821	0.0026	1.0597	0.01	-0.1386	0.0069	1217311	1173942	1166730	discovery_extension/logs/rg/rg_napping.log	1.6553846153846155e-15	Usual walking pace	physical_activity	PREVIOUSLY_SCREENED	EUR	PRIMARY_EXTENSION_RG_COMPLETE	True	True	PAIR_NOVELTY_AUDIT_REQUIRED	napping__panukbb_continuous__924__both_sexes__na__na	1.076e-16	-8.30049261083744	1.0368058761546388e-16	1.0758498162306057e-16	1.6553846153846155e-15	1.655153563431701e-15	1.595085963314829e-15	-0.2082872688861631	-0.1287127311138369	True	8.54344294530023e-17	1.2563903271524963e-16	1.314375837738497e-15	1.932908195619225e-15	False	dashti_2021_daytime_napping	PANUKBB_2025_RELEASE	SELF_REPORT	discovery_extension/results/ldsc/extension_rg_matrix.tsv	RECOMPUTED_FROM_PRINTED_ESTIMATES	BLOCKED_MISSING_INPUTS	False
napping	panukbb_categorical__6138__both_sexes__5__na	0.1018	0.0366	2.7837	0.0054	0.0216	0.0022	1.0117	0.0065	0.0023	0.0057	1217311	1173942	1166730	discovery_extension/logs/rg/rg_napping.log	0.012533849129593811	Qualifications	socioeconomic_occupational	UNDEREXPLORED	EUR	PRIMARY_EXTENSION_RG_COMPLETE	True	False	NOT_TIER_A_SCREEN_THRESHOLD	napping__panukbb_categorical__6138__both_sexes__5__na	0.0054	2.7814207650273226	0.0054121540359531135	0.005374271731843815	0.012533849129593811	0.012474131679328003	0.012562059657918252	0.03006531816583402	0.17353468183416598	True	0.005326521532036448	0.0054987887969956874	0.012363299494088468	0.012763146143897147	False	dashti_2021_daytime_napping	PANUKBB_2025_RELEASE	SELF_REPORT	discovery_extension/results/ldsc/extension_rg_matrix.tsv	RECOMPUTED_FROM_PRINTED_ESTIMATES	BLOCKED_MISSING_INPUTS	False
napping	panukbb_continuous__816__both_sexes__na__na	0.1251	0.0255	4.9101	9.1042e-07	0.0844	0.0042	1.0757	0.0095	0.0883	0.0064	1217311	1173942	1166683	discovery_extension/logs/rg/rg_napping.log	4.234511627906976e-06	Job involves heavy manual or physical work	socioeconomic_occupational	PREVIOUSLY_SCREENED	EUR	PRIMARY_EXTENSION_RG_COMPLETE	True	False	NOT_TIER_A_SCREEN_THRESHOLD	napping__panukbb_continuous__816__both_sexes__na__na	9.1042e-07	4.905882352941176	9.300826408729558e-07	9.102996004274821e-07	4.234511627906976e-06	4.233951629895265e-06	4.32596577150212e-06	0.07512091839422862	0.17507908160577135	True	8.766305302905484e-07	9.86437821007287e-07	4.077351303676969e-06	4.588082888405986e-06	False	dashti_2021_daytime_napping	PANUKBB_2025_RELEASE	SELF_REPORT	discovery_extension/results/ldsc/extension_rg_matrix.tsv	RECOMPUTED_FROM_PRINTED_ESTIMATES	BLOCKED_MISSING_INPUTS	False
napping	panukbb_continuous__728__both_sexes__na__na	-0.1546	0.0258	-6.0007	1.9649e-09	0.0304	0.0018	1.0562	0.0078	-0.0667	0.0058	1217311	1173942	1166729	discovery_extension/logs/rg/rg_napping.log	1.332135593220339e-08	Number of vehicles in household	socioeconomic_occupational	PREVIOUSLY_SCREENED	EUR	PRIMARY_EXTENSION_RG_COMPLETE	True	True	PAIR_NOVELTY_AUDIT_REQUIRED	napping__panukbb_continuous__728__both_sexes__na__na	1.9649e-09	-5.992248062015503	2.069599101543568e-09	1.9646868928916226e-09	1.332135593220339e-08	1.331991113824829e-08	1.4031180349447919e-08	-0.2051670708011334	-0.10403292919886659	True	1.903611462284741e-09	2.2489303569250983e-09	1.2905840422269431e-08	1.522184333949576e-08	False	dashti_2021_daytime_napping	PANUKBB_2025_RELEASE	SELF_REPORT	discovery_extension/results/ldsc/extension_rg_matrix.tsv	RECOMPUTED_FROM_PRINTED_ESTIMATES	BLOCKED_MISSING_INPUTS	False
napping	panukbb_icd10__z95__both_sexes__na__na	0.0962	0.0317	3.033	0.0024	0.1328	0.0131	1.0086	0.0079	0.0486	0.0057	1217311	1173942	1166732	discovery_extension/logs/rg/rg_napping.log	0.0059751037344398334	Z95 Presence of cardiac and vascular implants and grafts	other_clinical	UNDEREXPLORED	EUR	PRIMARY_EXTENSION_RG_COMPLETE	True	False	NOT_TIER_A_SCREEN_THRESHOLD	napping__panukbb_icd10__z95__both_sexes__na__na	0.0024	3.034700315457413	0.0024077480357142258	0.002421356001242408	0.0059751037344398334	0.0060408049927045526	0.006006855806355657	0.03406914169008028	0.15833085830991972	True	0.0023573569056039856	0.002458959990203358	0.005881139889240713	0.006134619518178855	False	dashti_2021_daytime_napping	PANUKBB_2025_RELEASE	SELF_REPORT	discovery_extension/results/ldsc/extension_rg_matrix.tsv	RECOMPUTED_FROM_PRINTED_ESTIMATES	BLOCKED_MISSING_INPUTS	False
napping	panukbb_categorical__20002__both_sexes__1226__na	0.0775	0.0225	3.4383	0.0006	0.2564	0.0281	1.0275	0.0172	0.0229	0.0065	1217311	1173942	1166731	discovery_extension/logs/rg/rg_napping.log	0.0016861826697892272	Non-cancer illness code, self-reported	other_clinical	PREVIOUSLY_SCREENED	EUR	PRIMARY_EXTENSION_RG_COMPLETE	True	False	NOT_TIER_A_SCREEN_THRESHOLD	napping__panukbb_categorical__20002__both_sexes__1226__na	0.0006	3.4444444444444446	0.000572234219738927	0.0005853787789999035	0.0016861826697892272	0.0016528341995291395	0.0016157201498510879	0.03340081034784879	0.12159918965215122	True	0.000551635329796739	0.0005934514064681402	0.001557558578249616	0.0016756275006159253	False	dashti_2021_daytime_napping	PANUKBB_2025_RELEASE	SELF_REPORT	discovery_extension/results/ldsc/extension_rg_matrix.tsv	RECOMPUTED_FROM_PRINTED_ESTIMATES	BLOCKED_MISSING_INPUTS	False
napping	panukbb_continuous__135__both_sexes__na__na	0.2077	0.0197	10.5206	6.9432e-26	0.0658	0.0025	1.0602	0.0116	0.1012	0.0062	1217311	1173942	1166733	discovery_extension/logs/rg/rg_napping.log	2.5248e-24	Number of self-reported non-cancer illnesses	other_clinical	PREVIOUSLY_SCREENED	EUR	PRIMARY_EXTENSION_RG_COMPLETE	True	True	PAIR_NOVELTY_AUDIT_REQUIRED	napping__panukbb_continuous__135__both_sexes__na__na	6.9432e-26	10.543147208121828	5.463918031667524e-26	6.943002745675392e-26	2.5248e-24	2.524728271154688e-24	1.986879284242736e-24	0.16908870950456092	0.24631129049543907	True	3.9961387001499825e-26	7.452658637291672e-26	1.4531413455090847e-24	2.7100576862878806e-24	False	dashti_2021_daytime_napping	PANUKBB_2025_RELEASE	SELF_REPORT	discovery_extension/results/ldsc/extension_rg_matrix.tsv	RECOMPUTED_FROM_PRINTED_ESTIMATES	BLOCKED_MISSING_INPUTS	False
napping	panukbb_categorical__20117__both_sexes__2__na	-0.1419	0.0305	-4.6557	3.2288e-06	0.0857	0.0067	1.0336	0.0077	-0.0502	0.006	1217311	1173942	1166736	discovery_extension/logs/rg/rg_napping.log	1.3739574468085106e-05	Alcohol drinker status	alcohol_tobacco	UNDEREXPLORED	EUR	PRIMARY_EXTENSION_RG_COMPLETE	True	False	NOT_TIER_A_SCREEN_THRESHOLD	napping__panukbb_categorical__20117__both_sexes__2__na	3.2288e-06	-4.6524590163934425	3.2799994273581006e-06	3.228817981572644e-06	1.3739574468085106e-05	1.3739650985415506e-05	1.3908124780317033e-05	-0.20167890152847165	-0.08212109847152835	True	3.1354629468504125e-06	3.4304092682842985e-06	1.3295249244595388e-05	1.4545905024527062e-05	False	dashti_2021_daytime_napping	PANUKBB_2025_RELEASE	SELF_REPORT	discovery_extension/results/ldsc/extension_rg_matrix.tsv	RECOMPUTED_FROM_PRINTED_ESTIMATES	BLOCKED_MISSING_INPUTS	False
napping	panukbb_continuous__1588__both_sexes__na__na	0.075	0.0272	2.7638	0.0057	0.0504	0.0031	1.0567	0.0103	0.0541	0.0065	1217311	1173942	1166273	discovery_extension/logs/rg/rg_napping.log	0.01310344827586207	Average weekly beer plus cider intake	alcohol_tobacco	UNDEREXPLORED	EUR	PRIMARY_EXTENSION_RG_COMPLETE	True	False	NOT_TIER_A_SCREEN_THRESHOLD	napping__panukbb_continuous__1588__both_sexes__na__na	0.0057	2.7573529411764706	0.005827141767669043	0.0057132546003375	0.01310344827586207	0.013159127678320537	0.01337011495449876	0.02168897962051053	0.12831102037948947	True	0.005704986334102179	0.005951189012333488	0.013089834800999263	0.01365473578355676	False	dashti_2021_daytime_napping	PANUKBB_2025_RELEASE	SELF_REPORT	discovery_extension/results/ldsc/extension_rg_matrix.tsv	RECOMPUTED_FROM_PRINTED_ESTIMATES	BLOCKED_MISSING_INPUTS	False
napping	panukbb_continuous__1259__both_sexes__na__na	0.1221	0.0453	2.6932	0.0071	0.0105	0.0015	1.0163	0.0074	0.0284	0.006	1217311	1173942	1166723	discovery_extension/logs/rg/rg_napping.log	0.015895522388059705	Smoking/smokers in household	alcohol_tobacco	PREVIOUSLY_SCREENED	EUR	PRIMARY_EXTENSION_RG_COMPLETE	True	False	NOT_TIER_A_SCREEN_THRESHOLD	napping__panukbb_continuous__1259__both_sexes__na__na	0.0071	2.6953642384105962	0.007031172388046159	0.007076980244061633	0.015895522388059705	0.015843985621033507	0.015741430719506327	0.03331363150033555	0.21088636849966447	True	0.00694547104328615	0.007117630043814667	0.015549562037207797	0.01593499263540597	False	dashti_2021_daytime_napping	PANUKBB_2025_RELEASE	SELF_REPORT	discovery_extension/results/ldsc/extension_rg_matrix.tsv	RECOMPUTED_FROM_PRINTED_ESTIMATES	BLOCKED_MISSING_INPUTS	False
napping	panukbb_phecode__318__both_sexes__na__na	0.158	0.0306	5.1721	2.3143e-07	0.1504	0.0118	1.0075	0.0072	0.0509	0.006	1217311	1173942	1166720	discovery_extension/logs/rg/rg_napping.log	1.1717974683544304e-06	Tobacco use disorder	alcohol_tobacco	UNDEREXPLORED	EUR	PRIMARY_EXTENSION_RG_COMPLETE	True	True	PAIR_NOVELTY_AUDIT_REQUIRED	napping__panukbb_phecode__318__both_sexes__na__na	2.3143e-07	5.163398692810458	2.425058536083607e-07	2.3147763948173878e-07	1.1717974683544304e-06	1.1720386809201964e-06	1.2278777397891683e-06	0.09802510207307435	0.21797489792692565	True	2.2976623735272475e-07	2.5588166243091216e-07	1.1633733536846823e-06	1.2956033540805679e-06	False	dashti_2021_daytime_napping	PANUKBB_2025_RELEASE	SELF_REPORT	discovery_extension/results/ldsc/extension_rg_matrix.tsv	RECOMPUTED_FROM_PRINTED_ESTIMATES	BLOCKED_MISSING_INPUTS	False
snoring	panukbb_biomarkers__30890__both_sexes__na__irnt	-0.1039	0.0235	-4.4224	9.7615e-06	0.0967	0.0221	1.0941	0.0403	-0.0168	0.0054	1217311	1175370	1166568	discovery_extension/logs/rg/rg_snoring.log	3.8787417218543046e-05	Vitamin D	molecular_biomarker	HEAVILY_STUDIED	EUR	PRIMARY_EXTENSION_RG_COMPLETE	True	False	NOT_TIER_A_SCREEN_THRESHOLD	snoring__panukbb_biomarkers__30890__both_sexes__na__irnt	9.7615e-06	-4.421276595744681	9.811947680258843e-06	9.761053081475752e-06	3.8787417218543046e-05	3.878564138334736e-05	3.8987871577187455e-05	-0.14995915363669127	-0.05784084636330874	True	9.300168499309321e-06	1.0348216007053485e-05	3.695431191778538e-05	4.1118739100874776e-05	False	campos_2020_snoring	PANUKBB_2025_RELEASE	SELF_REPORT	discovery_extension/results/ldsc/extension_rg_matrix.tsv	RECOMPUTED_FROM_PRINTED_ESTIMATES	BLOCKED_MISSING_INPUTS	False
snoring	panukbb_continuous__30510__both_sexes__na__irnt	0.2037	0.0229	8.915	4.8781e-19	0.0634	0.0028	1.0647	0.0096	0.0637	0.0057	1217311	1175370	1166567	discovery_extension/logs/rg/rg_snoring.log	9.596262295081967e-18	Creatinine (enzymatic) in urine	renal_urinary	PREVIOUSLY_SCREENED	EUR	PRIMARY_EXTENSION_RG_COMPLETE	True	True	PAIR_NOVELTY_AUDIT_REQUIRED	snoring__panukbb_continuous__30510__both_sexes__na__irnt	4.8781e-19	8.895196506550217	5.831601659743499e-19	4.878162643652361e-19	9.596262295081967e-18	9.596385528496447e-18	1.1472003265069179e-17	0.15881682475403275	0.24858317524596724	True	4.797430652361439e-19	7.07942013795035e-19	9.437568496448732e-18	1.3926728140230198e-17	False	campos_2020_snoring	PANUKBB_2025_RELEASE	SELF_REPORT	discovery_extension/results/ldsc/extension_rg_matrix.tsv	RECOMPUTED_FROM_PRINTED_ESTIMATES	BLOCKED_MISSING_INPUTS	False
snoring	panukbb_continuous__30520__both_sexes__na__irnt	0.1197	0.0268	4.4722	7.7427e-06	0.0426	0.0022	1.0299	0.0092	0.0385	0.0053	1217311	1175370	1166566	discovery_extension/logs/rg/rg_snoring.log	3.138932432432432e-05	Potassium in urine	renal_urinary	HEAVILY_STUDIED	EUR	PRIMARY_EXTENSION_RG_COMPLETE	True	False	NOT_TIER_A_SCREEN_THRESHOLD	snoring__panukbb_continuous__30520__both_sexes__na__irnt	7.7427e-06	4.4664179104477615	7.95401624083936e-06	7.74189680336896e-06	3.138932432432432e-05	3.1386068121766055e-05	3.213743935692671e-05	0.06717296521432656	0.17222703478567344	True	7.582854349111488e-06	8.341028813210586e-06	3.074130141531684e-05	3.358803548943861e-05	False	campos_2020_snoring	PANUKBB_2025_RELEASE	SELF_REPORT	discovery_extension/results/ldsc/extension_rg_matrix.tsv	RECOMPUTED_FROM_PRINTED_ESTIMATES	BLOCKED_MISSING_INPUTS	False
snoring	panukbb_continuous__30530__both_sexes__na__irnt	0.2329	0.0241	9.6806	3.6467e-22	0.0708	0.003	1.0608	0.0107	0.067	0.0059	1217311	1175370	1166566	discovery_extension/logs/rg/rg_snoring.log	9.724533333333332e-21	Sodium in urine	renal_urinary	HEAVILY_STUDIED	EUR	PRIMARY_EXTENSION_RG_COMPLETE	True	True	PAIR_NOVELTY_AUDIT_REQUIRED	snoring__panukbb_continuous__30530__both_sexes__na__irnt	3.6467e-22	9.663900414937759	4.292042042905956e-22	3.6457007213287324e-22	9.724533333333332e-21	9.721868590209953e-21	1.1445445447749216e-20	0.1856648679725847	0.2801351320274153	True	3.4556846371102815e-22	5.323460764299944e-22	9.215159032294084e-21	1.4195895371466518e-20	False	campos_2020_snoring	PANUKBB_2025_RELEASE	SELF_REPORT	discovery_extension/results/ldsc/extension_rg_matrix.tsv	RECOMPUTED_FROM_PRINTED_ESTIMATES	BLOCKED_MISSING_INPUTS	False
snoring	panukbb_phecode__594__both_sexes__na__na	0.0875	0.0389	2.2519	0.0243	0.1905	0.0185	1.0046	0.0069	0.014	0.0051	1217311	1175370	1166576	discovery_extension/logs/rg/rg_snoring.log	0.048519134775374374	Urinary calculus	renal_urinary	HIGH_NOVELTY_PRIORITY	EUR	PRIMARY_EXTENSION_RG_COMPLETE	True	False	NOT_TIER_A_SCREEN_THRESHOLD	snoring__panukbb_phecode__594__both_sexes__na__na	0.0243	2.2493573264781492	0.02448977128531628	0.02432859214379074	0.048519134775374374	0.04857622391439083	0.048898045827586584	0.0112574010013919	0.1637425989986081	True	0.02422516861334313	0.024756185743500834	0.04836972102497797	0.049429988173379374	False	campos_2020_snoring	PANUKBB_2025_RELEASE	SELF_REPORT	discovery_extension/results/ldsc/extension_rg_matrix.tsv	RECOMPUTED_FROM_PRINTED_ESTIMATES	BLOCKED_MISSING_INPUTS	False
snoring	panukbb_icd10__j44__both_sexes__na__na	0.1444	0.0397	3.6365	0.0003	0.1771	0.0195	1.0057	0.0091	0.0119	0.0059	1217311	1175370	1166575	discovery_extension/logs/rg/rg_snoring.log	0.0008866995073891625	J44 Other chronic obstructive pulmonary disease	pulmonary	HIGH_NOVELTY_PRIORITY	EUR	PRIMARY_EXTENSION_RG_COMPLETE	True	False	NOT_TIER_A_SCREEN_THRESHOLD	snoring__panukbb_icd10__j44__both_sexes__na__na	0.0003	3.63727959697733	0.00027553278856680413	0.0002763676432045933	0.0008866995073891625	0.0008481871402698515	0.0008456249265477364	0.06658942981375986	0.22221057018624013	True	0.0002693454771483538	0.0002818370438093463	0.0008266357354936689	0.0008649730244788122	False	campos_2020_snoring	PANUKBB_2025_RELEASE	SELF_REPORT	discovery_extension/results/ldsc/extension_rg_matrix.tsv	RECOMPUTED_FROM_PRINTED_ESTIMATES	BLOCKED_MISSING_INPUTS	False
snoring	panukbb_continuous__3064__both_sexes__na__irnt	-0.0557	0.0229	-2.4256	0.0153	0.1025	0.0048	1.1038	0.0146	-0.0018	0.0066	1217311	1175370	1166560	discovery_extension/logs/rg/rg_snoring.log	0.032210526315789474	Peak expiratory flow (PEF)	pulmonary	PREVIOUSLY_SCREENED	EUR	PRIMARY_EXTENSION_RG_COMPLETE	True	False	NOT_TIER_A_SCREEN_THRESHOLD	snoring__panukbb_continuous__3064__both_sexes__na__irnt	0.0153	-2.432314410480349	0.015002677844309881	0.015283104611884488	0.032210526315789474	0.032174957077651556	0.03164009387200678	-0.10058317524596724	-0.010816824754032763	True	0.014694380579480332	0.015315278245682028	0.030989906318763444	0.032299356581403225	False	campos_2020_snoring	PANUKBB_2025_RELEASE	SELF_REPORT	discovery_extension/results/ldsc/extension_rg_matrix.tsv	RECOMPUTED_FROM_PRINTED_ESTIMATES	BLOCKED_MISSING_INPUTS	False
snoring	panukbb_categorical__2316__both_sexes__2316__na	0.1669	0.026	6.4307	1.2706e-10	0.0835	0.0044	1.0438	0.0106	0.0757	0.0058	1217311	1175370	1166576	discovery_extension/logs/rg/rg_snoring.log	1.0031052631578946e-09	Wheeze or whistling in the chest in last year	pulmonary	HEAVILY_STUDIED	EUR	PRIMARY_EXTENSION_RG_COMPLETE	True	True	PAIR_NOVELTY_AUDIT_REQUIRED	snoring__panukbb_categorical__2316__both_sexes__2316__na	1.2706e-10	6.4192307692307695	1.36964651627617e-10	1.2701763156562603e-10	1.0031052631578946e-09	1.0027707755181003e-09	1.0672570256697429e-09	0.1159409364019586	0.21785906359804139	True	1.246772465927387e-10	1.503788395307059e-10	9.778607575901076e-10	1.1717831651743318e-09	False	campos_2020_snoring	PANUKBB_2025_RELEASE	SELF_REPORT	discovery_extension/results/ldsc/extension_rg_matrix.tsv	RECOMPUTED_FROM_PRINTED_ESTIMATES	BLOCKED_MISSING_INPUTS	False
snoring	panukbb_phecode__496_2__both_sexes__na__na	0.1444	0.0386	3.7445	0.0002	0.1853	0.0191	1.0053	0.0089	0.0141	0.0058	1217311	1175370	1166566	discovery_extension/logs/rg/rg_snoring.log	0.000625	Chronic bronchitis	pulmonary	HIGH_NOVELTY_PRIORITY	EUR	PRIMARY_EXTENSION_RG_COMPLETE	True	False	NOT_TIER_A_SCREEN_THRESHOLD	snoring__panukbb_phecode__496_2__both_sexes__na__na	0.0002	3.7409326424870466	0.00018333865548501068	0.0001807533770281625	0.000625	0.0005768724798771144	0.000583571317193668	0.06874539019675391	0.2200546098032461	True	0.00017890382077792938	0.0001878648114800528	0.0005709696407806257	0.0005979781797773564	False	campos_2020_snoring	PANUKBB_2025_RELEASE	SELF_REPORT	discovery_extension/results/ldsc/extension_rg_matrix.tsv	RECOMPUTED_FROM_PRINTED_ESTIMATES	BLOCKED_MISSING_INPUTS	False
snoring	panukbb_icd10__k21__both_sexes__na__na	0.1875	0.0358	5.2351	1.6487e-07	0.0701	0.0055	1.0127	0.007	0.0284	0.0053	1217311	1175370	1166576	discovery_extension/logs/rg/rg_snoring.log	8.677368421052631e-07	K21 Gastro-oesophageal reflux disease	gastrointestinal	HIGH_NOVELTY_PRIORITY	EUR	PRIMARY_EXTENSION_RG_COMPLETE	True	True	PAIR_NOVELTY_AUDIT_REQUIRED	snoring__panukbb_icd10__k21__both_sexes__na__na	1.6487e-07	5.237430167597766	1.6282787803492146e-07	1.6489556249656745e-07	8.677368421052631e-07	8.678713815608813e-07	8.569888317627445e-07	0.11733328935346607	0.2576667106465339	True	1.5530722902558996e-07	1.7067764913547195e-07	8.174064685557367e-07	8.983034165024839e-07	False	campos_2020_snoring	PANUKBB_2025_RELEASE	SELF_REPORT	discovery_extension/results/ldsc/extension_rg_matrix.tsv	RECOMPUTED_FROM_PRINTED_ESTIMATES	BLOCKED_MISSING_INPUTS	False
snoring	panukbb_icd10__k80__both_sexes__na__na	0.1752	0.0322	5.4381	5.3837e-08	0.1135	0.013	1.0251	0.0106	0.0246	0.0051	1217311	1175370	1166081	discovery_extension/logs/rg/rg_snoring.log	3.047377358490566e-07	K80 Cholelithiasis	gastrointestinal	HIGH_NOVELTY_PRIORITY	EUR	PRIMARY_EXTENSION_RG_COMPLETE	True	True	PAIR_NOVELTY_AUDIT_REQUIRED	snoring__panukbb_icd10__k80__both_sexes__na__na	5.3837e-08	5.440993788819876	5.29841617382566e-08	5.385174883367062e-08	3.047377358490566e-07	3.048212198132299e-07	3.0062383002290745e-07	0.11208915969781026	0.23831084030218974	True	5.0084303971194254e-08	5.603669995379672e-08	2.8619602269253856e-07	3.1718886766300034e-07	False	campos_2020_snoring	PANUKBB_2025_RELEASE	SELF_REPORT	discovery_extension/results/ldsc/extension_rg_matrix.tsv	RECOMPUTED_FROM_PRINTED_ESTIMATES	BLOCKED_MISSING_INPUTS	False
snoring	panukbb_phecode__550_2__both_sexes__na__na	0.2386	0.0329	7.2486	4.2124e-13	0.0923	0.0055	1.0279	0.0079	0.0206	0.0055	1217311	1175370	1166573	discovery_extension/logs/rg/rg_snoring.log	4.513285714285714e-12	Diaphragmatic hernia	gastrointestinal	HIGH_NOVELTY_PRIORITY	EUR	PRIMARY_EXTENSION_RG_COMPLETE	True	True	PAIR_NOVELTY_AUDIT_REQUIRED	snoring__panukbb_phecode__550_2__both_sexes__na__na	4.2124e-13	7.252279635258359	4.0981467547210674e-13	4.2110147335888143e-13	4.513285714285714e-12	4.511801500273729e-12	4.390871522915429e-12	0.17411718490863223	0.3030828150913678	True	3.734795733968743e-13	4.4948867316207413e-13	4.030258515748299e-12	4.815950069593651e-12	False	campos_2020_snoring	PANUKBB_2025_RELEASE	SELF_REPORT	discovery_extension/results/ldsc/extension_rg_matrix.tsv	RECOMPUTED_FROM_PRINTED_ESTIMATES	BLOCKED_MISSING_INPUTS	False
snoring	panukbb_phecode__550_4__both_sexes__na__na	0.2559	0.0537	4.7652	1.8866e-06	0.2238	0.0375	1.0045	0.0073	0.0086	0.0053	1217311	1175370	1166571	discovery_extension/logs/rg/rg_snoring.log	8.416059479553903e-06	Umbilical hernia	gastrointestinal	PREVIOUSLY_SCREENED	EUR	PRIMARY_EXTENSION_RG_COMPLETE	True	True	PAIR_NOVELTY_AUDIT_REQUIRED	snoring__panukbb_phecode__550_4__both_sexes__na__na	1.8866e-06	4.765363128491621	1.8851383048162933e-06	1.8866641491824422e-06	8.416059479553903e-06	8.416345646910521e-06	8.409538906243686e-06	0.1506499340301991	0.3611500659698009	True	1.835537547663944e-06	1.9359295920654597e-06	8.188271588091943e-06	8.66834145700952e-06	False	campos_2020_snoring	PANUKBB_2025_RELEASE	SELF_REPORT	discovery_extension/results/ldsc/extension_rg_matrix.tsv	RECOMPUTED_FROM_PRINTED_ESTIMATES	BLOCKED_MISSING_INPUTS	False
snoring	panukbb_phecode__558__both_sexes__na__na	0.1532	0.0471	3.2498	0.0012	0.0685	0.0083	1.0051	0.0062	0.0025	0.0051	1217311	1175370	1166553	discovery_extension/logs/rg/rg_snoring.log	0.0031788079470198675	Noninfectious gastroenteritis	gastrointestinal	HIGH_NOVELTY_PRIORITY	EUR	PRIMARY_EXTENSION_RG_COMPLETE	True	True	PAIR_NOVELTY_AUDIT_REQUIRED	snoring__panukbb_phecode__558__both_sexes__na__na	0.0012	3.252653927813163	0.001143326516542664	0.0011548619678324484	0.0031788079470198675	0.003086490782625697	0.0030556610687109058	0.06088569632816346	0.24551430367183655	True	0.0011252774081779223	0.0011616037680393686	0.003007422917179302	0.00310450895689809	False	campos_2020_snoring	PANUKBB_2025_RELEASE	SELF_REPORT	discovery_extension/results/ldsc/extension_rg_matrix.tsv	RECOMPUTED_FROM_PRINTED_ESTIMATES	BLOCKED_MISSING_INPUTS	False
snoring	panukbb_phecode__785__both_sexes__na__na	0.1392	0.0326	4.2632	2.0148e-05	0.05	0.0039	1.0092	0.0078	0.0142	0.0052	1217311	1175370	1166576	discovery_extension/logs/rg/rg_snoring.log	7.650094637223975e-05	Abdominal pain	gastrointestinal	HIGH_NOVELTY_PRIORITY	EUR	PRIMARY_EXTENSION_RG_COMPLETE	True	False	NOT_TIER_A_SCREEN_THRESHOLD	snoring__panukbb_phecode__785__both_sexes__na__na	2.0148e-05	4.269938650306749	1.9552674307672293e-05	2.0151999597641806e-05	7.650094637223975e-05	7.649035670860134e-05	7.43523124587346e-05	0.07530517410399423	0.20309482589600575	True	1.8855140072130217e-05	2.027249095054822e-05	7.182910503668654e-05	7.698414285018312e-05	False	campos_2020_snoring	PANUKBB_2025_RELEASE	SELF_REPORT	discovery_extension/results/ldsc/extension_rg_matrix.tsv	RECOMPUTED_FROM_PRINTED_ESTIMATES	BLOCKED_MISSING_INPUTS	False
snoring	panukbb_categorical__41200__both_sexes__j183__na	0.1862	0.0353	5.2792	1.2978e-07	0.1185	0.0153	1.0231	0.0109	0.0213	0.0054	1217311	1175370	1165319	discovery_extension/logs/rg/rg_snoring.log	6.983677130044842e-07	Operative procedures - main OPCS4	gastrointestinal	HIGH_NOVELTY_PRIORITY	EUR	PRIMARY_EXTENSION_RG_COMPLETE	True	True	PAIR_NOVELTY_AUDIT_REQUIRED	snoring__panukbb_categorical__41200__both_sexes__j183__na	1.2978e-07	5.274787535410765	1.3290997830734915e-07	1.2974912264772265e-07	6.983677130044842e-07	6.982015568487317e-07	7.139686011640876e-07	0.1170132713457361	0.25538672865426393	True	1.266088454089771e-07	1.3949486535883837e-07	6.798419661269338e-07	7.496452067151931e-07	False	campos_2020_snoring	PANUKBB_2025_RELEASE	SELF_REPORT	discovery_extension/results/ldsc/extension_rg_matrix.tsv	RECOMPUTED_FROM_PRINTED_ESTIMATES	BLOCKED_MISSING_INPUTS	False
snoring	panukbb_categorical__2207__both_sexes__2207__na	0.0946	0.0387	2.446	0.0144	0.0434	0.0034	0.9999	0.0073	0.021	0.0058	1217311	1175370	1166574	discovery_extension/logs/rg/rg_snoring.log	0.030530035335689047	Wears glasses or contact lenses	sensory	HEAVILY_STUDIED	EUR	PRIMARY_EXTENSION_RG_COMPLETE	True	False	NOT_TIER_A_SCREEN_THRESHOLD	snoring__panukbb_categorical__2207__both_sexes__2207__na	0.0144	2.4444444444444446	0.014507542249735649	0.014445100050125921	0.030530035335689047	0.030625653816521384	0.030758040105446607	0.018749393798299915	0.1704506062017001	True	0.014329307062863733	0.014687261910696692	0.03038015631702558	0.031098816956946954	False	campos_2020_snoring	PANUKBB_2025_RELEASE	SELF_REPORT	discovery_extension/results/ldsc/extension_rg_matrix.tsv	RECOMPUTED_FROM_PRINTED_ESTIMATES	BLOCKED_MISSING_INPUTS	False
snoring	panukbb_categorical__3393__both_sexes__3393__na	0.2226	0.0443	5.0283	4.9474e-07	0.0904	0.0116	1.0039	0.0072	0.0098	0.0051	1217311	1175370	1166540	discovery_extension/logs/rg/rg_snoring.log	2.393903225806452e-06	Hearing aid user	sensory	HEAVILY_STUDIED	EUR	PRIMARY_EXTENSION_RG_COMPLETE	True	True	PAIR_NOVELTY_AUDIT_REQUIRED	snoring__panukbb_categorical__3393__both_sexes__3393__na	4.9474e-07	5.024830699774267	5.038768389166392e-07	4.948472695587888e-07	2.393903225806452e-06	2.3944222720586556e-06	2.438113736693415e-06	0.1357735954848756	0.3094264045151244	True	4.863058054557356e-07	5.220176314345641e-07	2.3530926070438817e-06	2.525891765005955e-06	False	campos_2020_snoring	PANUKBB_2025_RELEASE	SELF_REPORT	discovery_extension/results/ldsc/extension_rg_matrix.tsv	RECOMPUTED_FROM_PRINTED_ESTIMATES	BLOCKED_MISSING_INPUTS	False
snoring	panukbb_categorical__2257__both_sexes__2257__na	0.0691	0.0255	2.7042	0.0068	0.0522	0.0022	1.0384	0.009	0.0739	0.0061	1217311	1175370	1166575	discovery_extension/logs/rg/rg_snoring.log	0.015280898876404495	Hearing difficulty/problems with background noise	sensory	HEAVILY_STUDIED	EUR	PRIMARY_EXTENSION_RG_COMPLETE	True	False	NOT_TIER_A_SCREEN_THRESHOLD	snoring__panukbb_categorical__2257__both_sexes__2257__na	0.0068	2.7098039215686276	0.006732299449462716	0.006846906466285201	0.015280898876404495	0.015386306665809441	0.015128762807781382	0.019120918394228623	0.11907908160577137	True	0.006585823108622074	0.00688110698009657	0.01479960249128556	0.015463161753026	False	campos_2020_snoring	PANUKBB_2025_RELEASE	SELF_REPORT	discovery_extension/results/ldsc/extension_rg_matrix.tsv	RECOMPUTED_FROM_PRINTED_ESTIMATES	BLOCKED_MISSING_INPUTS	False
snoring	panukbb_icd10__m17__both_sexes__na__na	0.2551	0.0283	9.0021	2.2134e-19	0.1325	0.0087	1.0224	0.0089	0.0096	0.0054	1217311	1175370	1166032	discovery_extension/logs/rg/rg_snoring.log	4.579448275862069e-18	M17 Gonarthrosis [arthrosis of knee]	musculoskeletal_pain	HIGH_NOVELTY_PRIORITY	EUR	PRIMARY_EXTENSION_RG_COMPLETE	True	True	PAIR_NOVELTY_AUDIT_REQUIRED	snoring__panukbb_icd10__m17__both_sexes__na__na	2.2134e-19	9.014134275618375	1.9843149044609086e-19	2.2144072400798923e-19	4.579448275862069e-18	4.58153222085495e-18	4.1775050620229655e-18	0.19963301923751647	0.3105669807624835	True	1.6878071613686904e-19	2.3308605030423477e-19	3.553278234460401e-18	4.907074743247047e-18	False	campos_2020_snoring	PANUKBB_2025_RELEASE	SELF_REPORT	discovery_extension/results/ldsc/extension_rg_matrix.tsv	RECOMPUTED_FROM_PRINTED_ESTIMATES	BLOCKED_MISSING_INPUTS	False
snoring	panukbb_icd10__m51__both_sexes__na__na	0.1435	0.0474	3.0302	0.0024	0.1053	0.0136	1.0109	0.0066	0.0046	0.0051	1217311	1175370	1166576	discovery_extension/logs/rg/rg_snoring.log	0.0059751037344398334	M51 Other intervertebral disk disorders	musculoskeletal_pain	HIGH_NOVELTY_PRIORITY	EUR	PRIMARY_EXTENSION_RG_COMPLETE	True	False	NOT_TIER_A_SCREEN_THRESHOLD	snoring__panukbb_icd10__m51__both_sexes__na__na	0.0024	3.0274261603375527	0.002466459644536149	0.002443918444904337	0.0059751037344398334	0.006084444261172624	0.006115189201329295	0.05059770713280143	0.23640229286719855	True	0.0024319768882922776	0.002501315153054344	0.006042178604452864	0.006201607817490109	False	campos_2020_snoring	PANUKBB_2025_RELEASE	SELF_REPORT	discovery_extension/results/ldsc/extension_rg_matrix.tsv	RECOMPUTED_FROM_PRINTED_ESTIMATES	BLOCKED_MISSING_INPUTS	False
snoring	panukbb_categorical__6159__both_sexes__7__na	0.3034	0.0267	11.3617	6.4891e-30	0.0586	0.0029	1.032	0.0085	0.0331	0.0063	1217311	1175370	1166575	discovery_extension/logs/rg/rg_snoring.log	2.994969230769231e-28	Pain type(s) experienced in last month	musculoskeletal_pain	HIGH_NOVELTY_PRIORITY	EUR	PRIMARY_EXTENSION_RG_COMPLETE	True	True	PAIR_NOVELTY_AUDIT_REQUIRED	snoring__panukbb_categorical__6159__both_sexes__7__na	6.4891e-30	11.363295880149812	6.369534253687097e-30	6.486985193694119e-30	2.994969230769231e-28	2.993993166320363e-28	2.939785040163276e-28	0.2510689616127806	0.3557310383872194	True	4.882557484565717e-30	8.296706451564325e-30	2.253488069799562e-28	3.8292491314912266e-28	False	campos_2020_snoring	PANUKBB_2025_RELEASE	SELF_REPORT	discovery_extension/results/ldsc/extension_rg_matrix.tsv	RECOMPUTED_FROM_PRINTED_ESTIMATES	BLOCKED_MISSING_INPUTS	False
snoring	panukbb_categorical__6159__both_sexes__8__na	0.1487	0.0441	3.3721	0.0007	0.1763	0.0211	1.0014	0.0065	0.0116	0.0049	1217311	1175370	1166576	discovery_extension/logs/rg/rg_snoring.log	0.0019489559164733179	Pain type(s) experienced in last month	musculoskeletal_pain	PREVIOUSLY_SCREENED	EUR	PRIMARY_EXTENSION_RG_COMPLETE	True	False	NOT_TIER_A_SCREEN_THRESHOLD	snoring__panukbb_categorical__6159__both_sexes__8__na	0.0007	3.3718820861678003	0.0007465640374959489	0.0007459735775107642	0.0019489559164733179	0.002076956596317673	0.0020786005684341963	0.06226558828178362	0.23513441171821636	True	0.0007332249047362917	0.0007600972668139801	0.0020414614517019723	0.002114177152126519	False	campos_2020_snoring	PANUKBB_2025_RELEASE	SELF_REPORT	discovery_extension/results/ldsc/extension_rg_matrix.tsv	RECOMPUTED_FROM_PRINTED_ESTIMATES	BLOCKED_MISSING_INPUTS	False
snoring	panukbb_phecode__740__both_sexes__na__na	0.1567	0.0344	4.5619	5.0693e-06	0.0809	0.0091	1.0186	0.011	0.0143	0.0056	1217311	1175370	1166576	discovery_extension/logs/rg/rg_snoring.log	2.119567944250871e-05	Osteoarthrosis	musculoskeletal_pain	HIGH_NOVELTY_PRIORITY	EUR	PRIMARY_EXTENSION_RG_COMPLETE	True	True	PAIR_NOVELTY_AUDIT_REQUIRED	snoring__panukbb_phecode__740__both_sexes__na__na	5.0693e-06	4.555232558139535	5.232765344080587e-06	5.069279101926358e-06	2.119567944250871e-05	2.1195592063803586e-05	2.1879158233089563e-05	0.08927723893182214	0.22412276106817786	True	5.035127343023965e-06	5.4372127552846005e-06	2.1052797253061875e-05	2.2733990614430384e-05	False	campos_2020_snoring	PANUKBB_2025_RELEASE	SELF_REPORT	discovery_extension/results/ldsc/extension_rg_matrix.tsv	RECOMPUTED_FROM_PRINTED_ESTIMATES	BLOCKED_MISSING_INPUTS	False
snoring	panukbb_phecode__835__both_sexes__na__na	0.1148	0.0364	3.1568	0.0016	0.0959	0.0107	1.0119	0.0074	0.0142	0.0056	1217311	1175370	1166572	discovery_extension/logs/rg/rg_snoring.log	0.004183006535947713	Internal derangement of knee	musculoskeletal_pain	PREVIOUSLY_SCREENED	EUR	PRIMARY_EXTENSION_RG_COMPLETE	True	False	NOT_TIER_A_SCREEN_THRESHOLD	snoring__panukbb_phecode__835__both_sexes__na__na	0.0016	3.1538461538461537	0.0016113400642586411	0.0015951071094312006	0.004183006535947713	0.004179319937374325	0.004221851696747532	0.043457310962742024	0.18614268903725797	True	0.0015800765195227674	0.00164308396862518	0.004139938479098954	0.004305023498581258	False	campos_2020_snoring	PANUKBB_2025_RELEASE	SELF_REPORT	discovery_extension/results/ldsc/extension_rg_matrix.tsv	RECOMPUTED_FROM_PRINTED_ESTIMATES	BLOCKED_MISSING_INPUTS	False
snoring	panukbb_icd10__z88__both_sexes__na__na	0.2154	0.0372	5.7968	6.758e-09	0.0539	0.0052	1.019	0.0076	0.017	0.005	1217311	1175370	1166576	discovery_extension/logs/rg/rg_snoring.log	4.313617021276595e-08	Z88 Personal history of allergy to drugs, medicaments and biologocal substances	allergy_infectious	HIGH_NOVELTY_PRIORITY	EUR	PRIMARY_EXTENSION_RG_COMPLETE	True	True	PAIR_NOVELTY_AUDIT_REQUIRED	snoring__panukbb_icd10__z88__both_sexes__na__na	6.758e-09	5.790322580645162	7.025137043525161e-09	6.759221863599618e-09	4.313617021276595e-08	4.3143969342125216e-08	4.4841300277820177e-08	0.14248933977511	0.28831066022489005	True	6.6528153464503736e-09	7.416609926447347e-09	4.2464778807130044e-08	4.734006336030222e-08	False	campos_2020_snoring	PANUKBB_2025_RELEASE	SELF_REPORT	discovery_extension/results/ldsc/extension_rg_matrix.tsv	RECOMPUTED_FROM_PRINTED_ESTIMATES	BLOCKED_MISSING_INPUTS	False
snoring	panukbb_phecode__960_2__both_sexes__na__na	0.2069	0.0444	4.6632	3.1133e-06	0.0632	0.0075	1.0046	0.0073	0.0128	0.0051	1217311	1175370	1166575	discovery_extension/logs/rg/rg_snoring.log	1.3342714285714286e-05	Allergy/adverse effect of penicillin	allergy_infectious	HIGH_NOVELTY_PRIORITY	EUR	PRIMARY_EXTENSION_RG_COMPLETE	True	True	PAIR_NOVELTY_AUDIT_REQUIRED	snoring__panukbb_phecode__960_2__both_sexes__na__na	3.1133e-06	4.65990990990991	3.1634781232899383e-06	3.113299143810012e-06	1.3342714285714286e-05	1.3342710616328622e-05	1.354021076515408e-05	0.1198775990864216	0.2939224009135784	True	3.0668548099116096e-06	3.262790361227923e-06	1.3096888867949935e-05	1.3983387262405384e-05	False	campos_2020_snoring	PANUKBB_2025_RELEASE	SELF_REPORT	discovery_extension/results/ldsc/extension_rg_matrix.tsv	RECOMPUTED_FROM_PRINTED_ESTIMATES	BLOCKED_MISSING_INPUTS	False
snoring	panukbb_phecode__960__both_sexes__na__na	0.1937	0.0408	4.7519	2.0148e-06	0.0607	0.0066	1.0109	0.0071	0.0142	0.005	1217311	1175370	1166575	discovery_extension/logs/rg/rg_snoring.log	8.954666666666667e-06	Poisoning by antibiotics	allergy_infectious	PREVIOUSLY_SCREENED	EUR	PRIMARY_EXTENSION_RG_COMPLETE	True	True	PAIR_NOVELTY_AUDIT_REQUIRED	snoring__panukbb_phecode__960__both_sexes__na__na	2.0148e-06	4.747549019607843	2.058964981770072e-06	2.015140353473762e-06	8.954666666666667e-06	8.956179348772275e-06	9.150955474533654e-06	0.1137334694307658	0.27366653056923423	True	1.9883849571463087e-06	2.1317664104411386e-06	8.837266476205817e-06	9.474517379738393e-06	False	campos_2020_snoring	PANUKBB_2025_RELEASE	SELF_REPORT	discovery_extension/results/ldsc/extension_rg_matrix.tsv	RECOMPUTED_FROM_PRINTED_ESTIMATES	BLOCKED_MISSING_INPUTS	False
snoring	panukbb_prescriptions__amoxicillin_clavulanic_acid__both_sexes__na__na	0.1976	0.0635	3.1134	0.0018	0.0241	0.0046	1.0617	0.0065	0.0141	0.0053	1217311	1175370	1166575	discovery_extension/logs/rg/rg_snoring.log	0.0046351931330472105	amoxicillin/clavulanic acid	allergy_infectious	PREVIOUSLY_SCREENED	EUR	PRIMARY_EXTENSION_RG_COMPLETE	True	True	PAIR_NOVELTY_AUDIT_REQUIRED	snoring__panukbb_prescriptions__amoxicillin_clavulanic_acid__both_sexes__na__na	0.0018	3.1118110236220473	0.0018594348712605295	0.0018494517247150768	0.0046351931330472105	0.004757172003617447	0.0047779911038814465	0.07314228698170656	0.32205771301829345	True	0.0018391297032991963	0.001879913371421639	0.004725815083424059	0.004830612517571663	False	campos_2020_snoring	PANUKBB_2025_RELEASE	SELF_REPORT	discovery_extension/results/ldsc/extension_rg_matrix.tsv	RECOMPUTED_FROM_PRINTED_ESTIMATES	BLOCKED_MISSING_INPUTS	False
snoring	panukbb_prescriptions__clarithromycin__both_sexes__na__na	0.182	0.0569	3.1997	0.0014	0.0375	0.0065	1.036	0.0072	0.0155	0.0053	1217311	1175370	1166575	discovery_extension/logs/rg/rg_snoring.log	0.0036761487964989056	clarithromycin	allergy_infectious	HIGH_NOVELTY_PRIORITY	EUR	PRIMARY_EXTENSION_RG_COMPLETE	True	True	PAIR_NOVELTY_AUDIT_REQUIRED	snoring__panukbb_prescriptions__clarithromycin__both_sexes__na__na	0.0014	3.1985940246045694	0.0013809949158781493	0.0013757070155682772	0.0036761487964989056	0.0036282382828174346	0.0036421843935247893	0.07047804927967093	0.29352195072032905	True	0.0013634121996193064	0.0013987551150992956	0.0035946997166408016	0.0036890244793827574	False	campos_2020_snoring	PANUKBB_2025_RELEASE	SELF_REPORT	discovery_extension/results/ldsc/extension_rg_matrix.tsv	RECOMPUTED_FROM_PRINTED_ESTIMATES	BLOCKED_MISSING_INPUTS	False
snoring	panukbb_prescriptions__paracetamol__both_sexes__na__na	0.2324	0.0384	6.0567	1.3896e-09	0.0445	0.0042	1.0768	0.008	0.0145	0.006	1217311	1175370	1166574	discovery_extension/logs/rg/rg_snoring.log	9.638843930635838e-09	paracetamol	medication_use	HIGH_NOVELTY_PRIORITY	EUR	PRIMARY_EXTENSION_RG_COMPLETE	True	True	PAIR_NOVELTY_AUDIT_REQUIRED	snoring__panukbb_prescriptions__paracetamol__both_sexes__na__na	1.3896e-09	6.052083333333334	1.4298446483690938e-09	1.3894236316326992e-09	9.638843930635838e-09	9.637620566238377e-09	9.917997560941692e-09	0.15713738299366192	0.30766261700633807	True	1.350444338374956e-09	1.5135639756455385e-09	9.367243965606631e-09	1.0498709657656914e-08	False	campos_2020_snoring	PANUKBB_2025_RELEASE	SELF_REPORT	discovery_extension/results/ldsc/extension_rg_matrix.tsv	RECOMPUTED_FROM_PRINTED_ESTIMATES	BLOCKED_MISSING_INPUTS	False
snoring	panukbb_prescriptions__mebeverine__both_sexes__na__na	0.129	0.0494	2.6118	0.009	0.0567	0.0093	1.0257	0.0067	0.0051	0.0048	1217311	1175370	1166575	discovery_extension/logs/rg/rg_snoring.log	0.019889502762430938	mebeverine	medication_use	HIGH_NOVELTY_PRIORITY	EUR	PRIMARY_EXTENSION_RG_COMPLETE	True	False	NOT_TIER_A_SCREEN_THRESHOLD	snoring__panukbb_prescriptions__mebeverine__both_sexes__na__na	0.009	2.611336032388664	0.009018922549485327	0.009006692699364391	0.019889502762430938	0.019904293258263848	0.019931320551348792	0.03217777916372133	0.22582222083627868	True	0.008922877889481377	0.0091156922509217	0.019719067159074868	0.02014517624513083	False	campos_2020_snoring	PANUKBB_2025_RELEASE	SELF_REPORT	discovery_extension/results/ldsc/extension_rg_matrix.tsv	RECOMPUTED_FROM_PRINTED_ESTIMATES	BLOCKED_MISSING_INPUTS	False
snoring	panukbb_prescriptions__amlodipine__both_sexes__na__na	0.1584	0.0321	4.9342	8.0462e-07	0.0916	0.0072	1.0473	0.0082	0.042	0.0058	1217311	1175370	1166576	discovery_extension/logs/rg/rg_snoring.log	3.8013543307086615e-06	amlodipine	medication_use	HIGH_NOVELTY_PRIORITY	EUR	PRIMARY_EXTENSION_RG_COMPLETE	True	True	PAIR_NOVELTY_AUDIT_REQUIRED	snoring__panukbb_prescriptions__amlodipine__both_sexes__na__na	8.0462e-07	4.934579439252337	8.032364858331596e-07	8.047994085814741e-07	3.8013543307086615e-06	3.802201930306177e-06	3.794818043306266e-06	0.09548515609626429	0.22131484390373574	True	7.659946045413195e-07	8.420952158206436e-07	3.618872147439305e-06	3.978402594428238e-06	False	campos_2020_snoring	PANUKBB_2025_RELEASE	SELF_REPORT	discovery_extension/results/ldsc/extension_rg_matrix.tsv	RECOMPUTED_FROM_PRINTED_ESTIMATES	BLOCKED_MISSING_INPUTS	False
snoring	panukbb_prescriptions__orlistat__both_sexes__na__na	0.3165	0.0451	7.0214	2.1968e-12	0.2469	0.0296	1.0197	0.0066	0.0352	0.0059	1217311	1175370	1166575	discovery_extension/logs/rg/rg_snoring.log	2.1786446280991735e-11	orlistat	medication_use	HIGH_NOVELTY_PRIORITY	EUR	PRIMARY_EXTENSION_RG_COMPLETE	True	True	PAIR_NOVELTY_AUDIT_REQUIRED	snoring__panukbb_prescriptions__orlistat__both_sexes__na__na	2.1968e-12	7.017738359201774	2.2548827899912727e-12	2.196560033560097e-12	2.1786446280991735e-11	2.1784066448529888e-11	2.2179174983520717e-11	0.22810562429724357	0.40489437570275644	True	2.1157073337415407e-12	2.402688214830636e-12	2.0838195611717044e-11	2.3632998834399698e-11	False	campos_2020_snoring	PANUKBB_2025_RELEASE	SELF_REPORT	discovery_extension/results/ldsc/extension_rg_matrix.tsv	RECOMPUTED_FROM_PRINTED_ESTIMATES	BLOCKED_MISSING_INPUTS	False
snoring	panukbb_prescriptions__tramadol__both_sexes__na__na	0.2058	0.037	5.5555	2.7677e-08	0.083	0.0073	1.0463	0.0084	0.0169	0.0059	1217311	1175370	1166576	discovery_extension/logs/rg/rg_snoring.log	1.6441782178217822e-07	tramadol	medication_use	HIGH_NOVELTY_PRIORITY	EUR	PRIMARY_EXTENSION_RG_COMPLETE	True	True	PAIR_NOVELTY_AUDIT_REQUIRED	snoring__panukbb_prescriptions__tramadol__both_sexes__na__na	2.7677e-08	5.562162162162163	2.6645251595067832e-08	2.7681821494027647e-08	1.6441782178217822e-07	1.6444646432095633e-07	1.582886233370366e-07	0.13328133257201802	0.278318667427982	True	2.532203444419057e-08	2.803161859991734e-08	1.5042792739123113e-07	1.6652446693020204e-07	False	campos_2020_snoring	PANUKBB_2025_RELEASE	SELF_REPORT	discovery_extension/results/ldsc/extension_rg_matrix.tsv	RECOMPUTED_FROM_PRINTED_ESTIMATES	BLOCKED_MISSING_INPUTS	False
snoring	panukbb_prescriptions__bendroflumethiazide__both_sexes__na__na	0.1872	0.0357	5.2487	1.5316e-07	0.1064	0.0087	1.0569	0.0084	0.0398	0.0054	1217311	1175370	1166575	discovery_extension/logs/rg/rg_snoring.log	8.096563876651983e-07	bendroflumethiazide	medication_use	HIGH_NOVELTY_PRIORITY	EUR	PRIMARY_EXTENSION_RG_COMPLETE	True	True	PAIR_NOVELTY_AUDIT_REQUIRED	snoring__panukbb_prescriptions__bendroflumethiazide__both_sexes__na__na	1.5316e-07	5.243697478991597	1.5739018236648088e-07	1.5317628381634011e-07	8.096563876651983e-07	8.097424695136922e-07	8.320185851972558e-07	0.11722928575192007	0.2571707142480799	True	1.5008561484539935e-07	1.6501609895182727e-07	7.934041313413182e-07	8.723318006263997e-07	False	campos_2020_snoring	PANUKBB_2025_RELEASE	SELF_REPORT	discovery_extension/results/ldsc/extension_rg_matrix.tsv	RECOMPUTED_FROM_PRINTED_ESTIMATES	BLOCKED_MISSING_INPUTS	False
snoring	panukbb_categorical__20003__both_sexes__1140881856__na	0.1305	0.0543	2.4042	0.0162	0.1353	0.0283	0.9957	0.007	0.0086	0.0055	1217311	1175370	1166576	discovery_extension/logs/rg/rg_snoring.log	0.03380869565217391	Treatment/medication code	medication_use	PREVIOUSLY_SCREENED	EUR	PRIMARY_EXTENSION_RG_COMPLETE	True	False	NOT_TIER_A_SCREEN_THRESHOLD	snoring__panukbb_categorical__20003__both_sexes__1140881856__na	0.0162	2.403314917127072	0.016247189139245027	0.016207903260852648	0.03380869565217391	0.03382518941395335	0.03390717733407658	0.024073955639475064	0.23692604436052495	True	0.016108337770222293	0.0163868328109653	0.033559037021296444	0.034198607605492794	False	campos_2020_snoring	PANUKBB_2025_RELEASE	SELF_REPORT	discovery_extension/results/ldsc/extension_rg_matrix.tsv	RECOMPUTED_FROM_PRINTED_ESTIMATES	BLOCKED_MISSING_INPUTS	False
snoring	panukbb_categorical__6149__both_sexes__3__na	0.1725	0.0361	4.784	1.7187e-06	0.0473	0.0034	1.0208	0.0074	0.045	0.0057	1217311	1175370	1166575	discovery_extension/logs/rg/rg_snoring.log	7.78279245283019e-06	Mouth/teeth dental problems	oral_dental	PREVIOUSLY_SCREENED	EUR	PRIMARY_EXTENSION_RG_COMPLETE	True	True	PAIR_NOVELTY_AUDIT_REQUIRED	snoring__panukbb_categorical__6149__both_sexes__3__na	1.7187e-06	4.7783933518005535	1.7670144400389394e-06	1.7184068310723201e-06	7.78279245283019e-06	7.781464895421827e-06	8.00157482281784e-06	0.10174530015810404	0.24325469984189593	True	1.6979291380266319e-06	1.8385943533799246e-06	7.659830697864505e-06	8.325710279456262e-06	False	campos_2020_snoring	PANUKBB_2025_RELEASE	SELF_REPORT	discovery_extension/results/ldsc/extension_rg_matrix.tsv	RECOMPUTED_FROM_PRINTED_ESTIMATES	BLOCKED_MISSING_INPUTS	False
snoring	panukbb_categorical__6149__both_sexes__4__na	0.1709	0.0389	4.3947	1.1091e-05	0.0789	0.0089	1.0186	0.0067	0.0236	0.0052	1217311	1175370	1166575	discovery_extension/logs/rg/rg_snoring.log	4.3494117647058816e-05	Mouth/teeth dental problems	oral_dental	HIGH_NOVELTY_PRIORITY	EUR	PRIMARY_EXTENSION_RG_COMPLETE	True	True	PAIR_NOVELTY_AUDIT_REQUIRED	snoring__panukbb_categorical__6149__both_sexes__4__na	1.1091e-05	4.393316195372751	1.1163457653130793e-05	1.1092583645043697e-05	4.3494117647058816e-05	4.35003280197792e-05	4.377826530639527e-05	0.0946574010013919	0.24714259899860808	True	1.0812254687011907e-05	1.152459165797791e-05	4.2400998772595716e-05	4.519447709010945e-05	False	campos_2020_snoring	PANUKBB_2025_RELEASE	SELF_REPORT	discovery_extension/results/ldsc/extension_rg_matrix.tsv	RECOMPUTED_FROM_PRINTED_ESTIMATES	BLOCKED_MISSING_INPUTS	False
snoring	panukbb_categorical__6149__both_sexes__6__na	0.1291	0.0273	4.7299	2.2464e-06	0.0885	0.0042	1.0654	0.0103	0.0049	0.0065	1217311	1175370	1166577	discovery_extension/logs/rg/rg_snoring.log	9.838248175182483e-06	Mouth/teeth dental problems	oral_dental	PREVIOUSLY_SCREENED	EUR	PRIMARY_EXTENSION_RG_COMPLETE	True	False	NOT_TIER_A_SCREEN_THRESHOLD	snoring__panukbb_categorical__6149__both_sexes__6__na	2.2464e-06	4.728937728937728	2.2569758771874156e-06	2.246304559701341e-06	9.838248175182483e-06	9.837830188473026e-06	9.88456588549233e-06	0.07559298322205651	0.18260701677794347	True	2.142995909465294e-06	2.376315984367335e-06	9.385383545103478e-06	1.0407223289200007e-05	False	campos_2020_snoring	PANUKBB_2025_RELEASE	SELF_REPORT	discovery_extension/results/ldsc/extension_rg_matrix.tsv	RECOMPUTED_FROM_PRINTED_ESTIMATES	BLOCKED_MISSING_INPUTS	False
snoring	panukbb_continuous__400__both_sexes__na__irnt	-0.0649	0.0187	-3.4705	0.0005	0.0835	0.0034	1.0888	0.0121	-0.0368	0.0061	1217311	1175370	1166571	discovery_extension/logs/rg/rg_snoring.log	0.0014150943396226414	Time to complete round	cognitive	HEAVILY_STUDIED	EUR	PRIMARY_EXTENSION_RG_COMPLETE	True	False	NOT_TIER_A_SCREEN_THRESHOLD	snoring__panukbb_continuous__400__both_sexes__na__irnt	0.0005	-3.4705882352941173	0.000519319689971915	0.0005194903430541085	0.0014150943396226414	0.0014772237243244792	0.0014785721690999405	-0.10155132651089901	-0.028248673489100984	True	0.0004966184515047624	0.0005428562897943583	0.0014155395292297266	0.0015400178433882506	False	campos_2020_snoring	PANUKBB_2025_RELEASE	SELF_REPORT	discovery_extension/results/ldsc/extension_rg_matrix.tsv	RECOMPUTED_FROM_PRINTED_ESTIMATES	BLOCKED_MISSING_INPUTS	False
snoring	panukbb_categorical__5001__both_sexes__5001__na	-0.167	0.0462	-3.6136	0.0003	0.1158	0.0132	1.0021	0.0066	-0.0001	0.006	1217311	1175370	1166460	discovery_extension/logs/rg/rg_snoring.log	0.0008866995073891625	FI7 : synonym	cognitive	PREVIOUSLY_SCREENED	EUR	PRIMARY_EXTENSION_RG_COMPLETE	True	True	PAIR_NOVELTY_AUDIT_REQUIRED	snoring__panukbb_categorical__5001__both_sexes__5001__na	0.0003	-3.614718614718615	0.0003006740090379128	0.00030197481216935417	0.0008866995073891625	0.0009127702131063602	0.0009088383144722805	-0.2575503360857505	-0.07644966391424951	True	0.0002949239003938141	0.0003065162071857425	0.0008914576334321837	0.0009264973516949395	False	campos_2020_snoring	PANUKBB_2025_RELEASE	SELF_REPORT	discovery_extension/results/ldsc/extension_rg_matrix.tsv	RECOMPUTED_FROM_PRINTED_ESTIMATES	BLOCKED_MISSING_INPUTS	False
snoring	panukbb_continuous__20498__both_sexes__na__na	0.1302	0.0405	3.2138	0.0013	0.0531	0.0044	1.0113	0.007	0.0096	0.0057	1217311	1175370	1166085	discovery_extension/logs/rg/rg_snoring.log	0.003436123348017621	Felt very upset when reminded of stressful experience in past month	mental_psychosocial	PREVIOUSLY_SCREENED	EUR	PRIMARY_EXTENSION_RG_COMPLETE	True	False	NOT_TIER_A_SCREEN_THRESHOLD	snoring__panukbb_continuous__20498__both_sexes__na__na	0.0013	3.214814814814815	0.0013052869911656334	0.0013099087919970726	0.003436123348017621	0.0034623139876574604	0.0034500977740060793	0.050821458626127816	0.20957854137387222	True	0.001281795423416505	0.0013291159252888031	0.003388005524448912	0.003513081740851462	False	campos_2020_snoring	PANUKBB_2025_RELEASE	SELF_REPORT	discovery_extension/results/ldsc/extension_rg_matrix.tsv	RECOMPUTED_FROM_PRINTED_ESTIMATES	BLOCKED_MISSING_INPUTS	False
snoring	panukbb_categorical__6145__both_sexes__6__na	0.1888	0.0276	6.8497	7.3984e-12	0.0753	0.0044	1.0207	0.0081	0.0339	0.0056	1217311	1175370	1166571	discovery_extension/logs/rg/rg_snoring.log	6.777160305343512e-11	Illness, injury, bereavement, stress in last 2 years	mental_psychosocial	UNDEREXPLORED	EUR	PRIMARY_EXTENSION_RG_COMPLETE	True	True	PAIR_NOVELTY_AUDIT_REQUIRED	snoring__panukbb_categorical__6145__both_sexes__6__na	7.3984e-12	6.840579710144928	7.887334533010464e-12	7.400501871002456e-12	6.777160305343512e-11	6.779085683361028e-11	7.225039266879815e-11	0.1347049940266945	0.2428950059733055	True	7.140764325205641e-12	8.707106155516946e-12	6.541158160493716e-11	7.975975104290332e-11	False	campos_2020_snoring	PANUKBB_2025_RELEASE	SELF_REPORT	discovery_extension/results/ldsc/extension_rg_matrix.tsv	RECOMPUTED_FROM_PRINTED_ESTIMATES	BLOCKED_MISSING_INPUTS	False
snoring	panukbb_categorical__2020__both_sexes__2020__na	0.1129	0.0288	3.9236	8.724e-05	0.0614	0.0032	1.0254	0.0079	0.0085	0.0056	1217311	1175370	1166576	discovery_extension/logs/rg/rg_snoring.log	0.0002932436974789916	Loneliness, isolation	mental_psychosocial	PREVIOUSLY_SCREENED	EUR	PRIMARY_EXTENSION_RG_COMPLETE	True	False	NOT_TIER_A_SCREEN_THRESHOLD	snoring__panukbb_categorical__2020__both_sexes__2020__na	8.724e-05	3.920138888888889	8.849795126417972e-05	8.7235530899487e-05	0.0002932436974789916	0.00029322867529239327	0.0002974721050896797	0.056453037245246446	0.16934696275475355	True	8.540784833420352e-05	9.1682202904357e-05	0.0002870852044847177	0.00030817547194741853	False	campos_2020_snoring	PANUKBB_2025_RELEASE	SELF_REPORT	discovery_extension/results/ldsc/extension_rg_matrix.tsv	RECOMPUTED_FROM_PRINTED_ESTIMATES	BLOCKED_MISSING_INPUTS	False
snoring	panukbb_categorical__1538__both_sexes__1__na	0.2837	0.0287	9.8994	4.1879e-23	0.07	0.004	1.0278	0.0075	0.0254	0.0053	1217311	1175370	1166576	discovery_extension/logs/rg/rg_snoring.log	1.1421545454545454e-21	Major dietary changes in the last 5 years	diet	UNDEREXPLORED	EUR	PRIMARY_EXTENSION_RG_COMPLETE	True	True	PAIR_NOVELTY_AUDIT_REQUIRED	snoring__panukbb_categorical__1538__both_sexes__1__na	4.1879e-23	9.885017421602788	4.8349769621457315e-23	4.187798879546772e-23	1.1421545454545454e-21	1.1421269671491196e-21	1.3186300805851996e-21	0.22744903364370045	0.33995096635629957	True	3.998951695747008e-23	5.839847175331218e-23	1.090623189749184e-21	1.5926855932721505e-21	False	campos_2020_snoring	PANUKBB_2025_RELEASE	SELF_REPORT	discovery_extension/results/ldsc/extension_rg_matrix.tsv	RECOMPUTED_FROM_PRINTED_ESTIMATES	BLOCKED_MISSING_INPUTS	False
snoring	panukbb_categorical__1418__both_sexes__1__na	-0.1285	0.0402	-3.1942	0.0014	0.0609	0.0064	1.0185	0.0076	-0.01	0.0056	1217311	1175370	1166576	discovery_extension/logs/rg/rg_snoring.log	0.0036761487964989056	Milk type used	diet	UNDEREXPLORED	EUR	PRIMARY_EXTENSION_RG_COMPLETE	True	False	NOT_TIER_A_SCREEN_THRESHOLD	snoring__panukbb_categorical__1418__both_sexes__1__na	0.0014	-3.1965174129353233	0.0013909743047855025	0.0014021893792221577	0.0036761487964989056	0.0036899720505846256	0.003660458696803954	-0.20729055217851017	-0.049709447821489824	True	0.0013659858923235047	0.0014163200021032785	0.0035946997166408016	0.0037271579002717855	False	campos_2020_snoring	PANUKBB_2025_RELEASE	SELF_REPORT	discovery_extension/results/ldsc/extension_rg_matrix.tsv	RECOMPUTED_FROM_PRINTED_ESTIMATES	BLOCKED_MISSING_INPUTS	False
snoring	panukbb_continuous__1548__both_sexes__na__na	0.2373	0.0285	8.3382	7.5418e-17	0.0437	0.0021	1.0312	0.0081	0.0444	0.0058	1217311	1175370	1166573	discovery_extension/logs/rg/rg_snoring.log	1.1753454545454547e-15	Variation in diet	diet	PREVIOUSLY_SCREENED	EUR	PRIMARY_EXTENSION_RG_COMPLETE	True	True	PAIR_NOVELTY_AUDIT_REQUIRED	snoring__panukbb_continuous__1548__both_sexes__na__na	7.5418e-17	8.326315789473684	8.33971524333426e-17	7.542991715471148e-17	1.1753454545454547e-15	1.175531176437062e-15	1.2996958820780665e-15	0.18144102644060847	0.2931589735593916	True	7.260921957150047e-17	9.571619819228253e-17	1.1315722530623452e-15	1.4916810107888187e-15	False	campos_2020_snoring	PANUKBB_2025_RELEASE	SELF_REPORT	discovery_extension/results/ldsc/extension_rg_matrix.tsv	RECOMPUTED_FROM_PRINTED_ESTIMATES	BLOCKED_MISSING_INPUTS	False
snoring	panukbb_continuous__1349__both_sexes__na__na	0.1739	0.027	6.4428	1.1727e-10	0.0457	0.0027	1.0514	0.01	0.0614	0.006	1217311	1175370	1166576	discovery_extension/logs/rg/rg_snoring.log	9.319470198675498e-10	Processed meat intake	diet	PREVIOUSLY_SCREENED	EUR	PRIMARY_EXTENSION_RG_COMPLETE	True	True	PAIR_NOVELTY_AUDIT_REQUIRED	snoring__panukbb_continuous__1349__both_sexes__na__na	1.1727e-10	6.440740740740741	1.1889181022810548e-10	1.1728921357404155e-10	9.319470198675498e-10	9.320997105221845e-10	9.448355779716993e-10	0.12098097241741854	0.22681902758258146	True	1.0854419607389746e-10	1.301578954225331e-10	8.626028827064698e-10	1.0343673808413228e-09	False	campos_2020_snoring	PANUKBB_2025_RELEASE	SELF_REPORT	discovery_extension/results/ldsc/extension_rg_matrix.tsv	RECOMPUTED_FROM_PRINTED_ESTIMATES	BLOCKED_MISSING_INPUTS	False
snoring	panukbb_categorical__1468__both_sexes__4__na	-0.2046	0.0273	-7.4924	6.7631e-14	0.0727	0.0034	1.0417	0.0081	-0.0218	0.0058	1217311	1175370	1166556	discovery_extension/logs/rg/rg_snoring.log	7.803576923076923e-13	Cereal type	diet	PREVIOUSLY_SCREENED	EUR	PRIMARY_EXTENSION_RG_COMPLETE	True	True	PAIR_NOVELTY_AUDIT_REQUIRED	snoring__panukbb_categorical__1468__both_sexes__4__na	6.7631e-14	-7.4945054945054945	6.654878042451354e-14	6.762545077694894e-14	7.803576923076923e-13	7.802936628109493e-13	7.678705433597716e-13	-0.25810701677794345	-0.15109298322205653	True	5.908594045986589e-14	7.490381665737435e-14	6.817608514599909e-13	8.642748075850887e-13	False	campos_2020_snoring	PANUKBB_2025_RELEASE	SELF_REPORT	discovery_extension/results/ldsc/extension_rg_matrix.tsv	RECOMPUTED_FROM_PRINTED_ESTIMATES	BLOCKED_MISSING_INPUTS	False
snoring	panukbb_continuous__2237__both_sexes__na__na	0.1782	0.0234	7.6288	2.3703e-14	0.0746	0.003	1.0714	0.0097	0.0501	0.0063	1217311	1175370	1166577	discovery_extension/logs/rg/rg_snoring.log	2.9633750000000005e-13	Plays computer games	digital_environment	PREVIOUSLY_SCREENED	EUR	PRIMARY_EXTENSION_RG_COMPLETE	True	True	PAIR_NOVELTY_AUDIT_REQUIRED	snoring__panukbb_continuous__2237__both_sexes__na__na	2.3703e-14	7.615384615384615	2.629074115448912e-14	2.3694890001519947e-14	2.9633750000000005e-13	2.964159263910797e-13	3.28634264431114e-13	0.13233684276176272	0.22406315723823728	True	2.2787509999328184e-14	3.0303959731336204e-14	2.8484387499160227e-13	3.748943471917881e-13	False	campos_2020_snoring	PANUKBB_2025_RELEASE	SELF_REPORT	discovery_extension/results/ldsc/extension_rg_matrix.tsv	RECOMPUTED_FROM_PRINTED_ESTIMATES	BLOCKED_MISSING_INPUTS	False
snoring	panukbb_continuous__1757__both_sexes__na__na	0.0907	0.0256	3.5375	0.0004	0.069	0.0037	1.0893	0.0232	0.0136	0.0068	1217311	1175370	1166572	discovery_extension/logs/rg/rg_snoring.log	0.001145584725536993	Facial ageing	digital_environment	PREVIOUSLY_SCREENED	EUR	PRIMARY_EXTENSION_RG_COMPLETE	True	False	NOT_TIER_A_SCREEN_THRESHOLD	snoring__panukbb_continuous__1757__both_sexes__na__na	0.0004	3.54296875	0.0003956495834626821	0.00040393418582159417	0.001145584725536993	0.0011680024650262963	0.0011495871674460497	0.040524921995774614	0.14087507800422538	True	0.0003825196358940991	0.000409146022101667	0.001114134861827473	0.0011859304988454116	False	campos_2020_snoring	PANUKBB_2025_RELEASE	SELF_REPORT	discovery_extension/results/ldsc/extension_rg_matrix.tsv	RECOMPUTED_FROM_PRINTED_ESTIMATES	BLOCKED_MISSING_INPUTS	False
snoring	panukbb_continuous__2267__both_sexes__na__na	0.0727	0.0244	2.9741	0.0029	0.0609	0.0067	1.054	0.0217	0.0014	0.0064	1217311	1175370	1166576	discovery_extension/logs/rg/rg_snoring.log	0.007044534412955465	Use of sun/uv protection	digital_environment	PREVIOUSLY_SCREENED	EUR	PRIMARY_EXTENSION_RG_COMPLETE	True	False	NOT_TIER_A_SCREEN_THRESHOLD	snoring__panukbb_continuous__2267__both_sexes__na__na	0.0029	2.9795081967213113	0.002887115054437229	0.002938492943237852	0.007044534412955465	0.0071380395382295994	0.007013234950049949	0.02487687877722268	0.12052312122277732	True	0.0028110401128587058	0.002964742225049631	0.00684228830716115	0.007201802975829063	False	campos_2020_snoring	PANUKBB_2025_RELEASE	SELF_REPORT	discovery_extension/results/ldsc/extension_rg_matrix.tsv	RECOMPUTED_FROM_PRINTED_ESTIMATES	BLOCKED_MISSING_INPUTS	False
snoring	panukbb_continuous__943__both_sexes__na__na	-0.154	0.0319	-4.8296	1.3678e-06	0.0351	0.0018	1.0528	0.0078	-0.0109	0.006	1217311	1175370	1166576	discovery_extension/logs/rg/rg_snoring.log	6.240912547528518e-06	Frequency of stair climbing in last 4 weeks	physical_activity	PREVIOUSLY_SCREENED	EUR	PRIMARY_EXTENSION_RG_COMPLETE	True	True	PAIR_NOVELTY_AUDIT_REQUIRED	snoring__panukbb_continuous__943__both_sexes__na__na	1.3678e-06	-4.827586206896552	1.381978713694255e-06	1.3680759540425567e-06	6.240912547528518e-06	6.242171653426114e-06	6.305606298224737e-06	-0.21652285110682773	-0.09147714889317228	True	1.31989409060393e-06	1.4466591519493475e-06	6.0223304514247755e-06	6.597729982482032e-06	False	campos_2020_snoring	PANUKBB_2025_RELEASE	SELF_REPORT	discovery_extension/results/ldsc/extension_rg_matrix.tsv	RECOMPUTED_FROM_PRINTED_ESTIMATES	BLOCKED_MISSING_INPUTS	False
snoring	panukbb_continuous__904__both_sexes__na__na	-0.1105	0.0264	-4.1795	2.9215e-05	0.0355	0.0021	1.0499	0.0088	-0.0506	0.0062	1217311	1175370	1166571	discovery_extension/logs/rg/rg_snoring.log	0.00010655927051671732	Number of days/week of vigorous physical activity 10+ minutes	physical_activity	PREVIOUSLY_SCREENED	EUR	PRIMARY_EXTENSION_RG_COMPLETE	True	False	NOT_TIER_A_SCREEN_THRESHOLD	snoring__panukbb_continuous__904__both_sexes__na__na	2.9215e-05	-4.1856060606060606	2.8440623035477622e-05	2.921507196862781e-05	0.00010655927051671732	0.00010655953301627164	0.00010409032726502492	-0.16224304919185742	-0.058756950808142576	True	2.723352622168716e-05	2.9693618986260402e-05	0.00010024610879148647	0.0001086351914131478	False	campos_2020_snoring	PANUKBB_2025_RELEASE	SELF_REPORT	discovery_extension/results/ldsc/extension_rg_matrix.tsv	RECOMPUTED_FROM_PRINTED_ESTIMATES	BLOCKED_MISSING_INPUTS	False
snoring	panukbb_categorical__6164__both_sexes__5__na	-0.1355	0.0302	-4.4833	7.3496e-06	0.0316	0.0018	1.0257	0.0077	0.0022	0.0055	1217311	1175370	1166577	discovery_extension/logs/rg/rg_snoring.log	2.9998367346938773e-05	Types of physical activity in last 4 weeks	physical_activity	UNDEREXPLORED	EUR	PRIMARY_EXTENSION_RG_COMPLETE	True	False	NOT_TIER_A_SCREEN_THRESHOLD	snoring__panukbb_categorical__6164__both_sexes__5__na	7.3496e-06	-4.486754966887418	7.231616326070122e-06	7.34974870160816e-06	2.9998367346938773e-05	2.9998974292278206e-05	2.9516801330898453e-05	-0.19469091233310964	-0.07630908766689037	True	6.929125091305435e-06	7.545649404893171e-06	2.8282143229818103e-05	3.079856899956396e-05	False	campos_2020_snoring	PANUKBB_2025_RELEASE	SELF_REPORT	discovery_extension/results/ldsc/extension_rg_matrix.tsv	RECOMPUTED_FROM_PRINTED_ESTIMATES	BLOCKED_MISSING_INPUTS	False
snoring	panukbb_continuous__924__both_sexes__na__na	-0.3312	0.0217	-15.2902	8.8856e-53	0.0821	0.0026	1.0597	0.01	-0.0611	0.0072	1217311	1175370	1166574	discovery_extension/logs/rg/rg_snoring.log	2.1325439999999998e-50	Usual walking pace	physical_activity	PREVIOUSLY_SCREENED	EUR	PRIMARY_EXTENSION_RG_COMPLETE	True	True	PAIR_NOVELTY_AUDIT_REQUIRED	snoring__panukbb_continuous__924__both_sexes__na__na	8.8856e-53	-15.262672811059907	1.3557909265743424e-52	8.887678853667883e-53	2.1325439999999998e-50	2.1330429248802917e-50	3.2538982237784216e-50	-0.3737312184645192	-0.2886687815354808	True	7.618580704341219e-53	2.4030047378028877e-52	1.8284593690418927e-50	5.767211370726931e-50	False	campos_2020_snoring	PANUKBB_2025_RELEASE	SELF_REPORT	discovery_extension/results/ldsc/extension_rg_matrix.tsv	RECOMPUTED_FROM_PRINTED_ESTIMATES	BLOCKED_MISSING_INPUTS	False
snoring	panukbb_categorical__6138__both_sexes__5__na	0.2218	0.0419	5.2916	1.2128e-07	0.0216	0.0022	1.0117	0.0065	0.0265	0.0047	1217311	1175370	1166575	discovery_extension/logs/rg/rg_snoring.log	6.555675675675677e-07	Qualifications	socioeconomic_occupational	UNDEREXPLORED	EUR	PRIMARY_EXTENSION_RG_COMPLETE	True	True	PAIR_NOVELTY_AUDIT_REQUIRED	snoring__panukbb_categorical__6138__both_sexes__5__na	1.2128e-07	5.293556085918854	1.1996042775279078e-07	1.212508607744088e-07	6.555675675675677e-07	6.554100582400476e-07	6.4843474460968e-07	0.13967750904777174	0.30392249095222823	True	1.1512261002296785e-07	1.2498244863873223e-07	6.222843785025289e-07	6.755808034526066e-07	False	campos_2020_snoring	PANUKBB_2025_RELEASE	SELF_REPORT	discovery_extension/results/ldsc/extension_rg_matrix.tsv	RECOMPUTED_FROM_PRINTED_ESTIMATES	BLOCKED_MISSING_INPUTS	False
snoring	panukbb_continuous__816__both_sexes__na__na	0.1847	0.0274	6.7454	1.5262e-11	0.0844	0.0042	1.0757	0.0095	0.0152	0.0063	1217311	1175370	1166537	discovery_extension/logs/rg/rg_snoring.log	1.3466470588235294e-10	Job involves heavy manual or physical work	socioeconomic_occupational	PREVIOUSLY_SCREENED	EUR	PRIMARY_EXTENSION_RG_COMPLETE	True	True	PAIR_NOVELTY_AUDIT_REQUIRED	snoring__panukbb_continuous__816__both_sexes__na__na	1.5262e-11	6.740875912408759	1.5743462177339943e-11	1.526060116238283e-11	1.3466470588235294e-10	1.3465236319749557e-10	1.3789893877961995e-10	0.13099698682360253	0.23840301317639748	True	1.4280824343406232e-11	1.734635116436795e-11	1.2600727361829027e-10	1.5193884231563166e-10	False	campos_2020_snoring	PANUKBB_2025_RELEASE	SELF_REPORT	discovery_extension/results/ldsc/extension_rg_matrix.tsv	RECOMPUTED_FROM_PRINTED_ESTIMATES	BLOCKED_MISSING_INPUTS	False
snoring	panukbb_continuous__699__both_sexes__na__irnt	0.0826	0.0339	2.4404	0.0147	0.0279	0.002	1.0299	0.0079	0.0148	0.0059	1217311	1175370	1166574	discovery_extension/logs/rg/rg_snoring.log	0.031056338028169015	Length of time at current address	socioeconomic_occupational	UNDEREXPLORED	EUR	PRIMARY_EXTENSION_RG_COMPLETE	True	False	NOT_TIER_A_SCREEN_THRESHOLD	snoring__panukbb_continuous__699__both_sexes__na__irnt	0.0147	2.436578171091446	0.014826964343885873	0.014671007160148278	0.031056338028169015	0.03099508554960904	0.03132457255750537	0.016157220924092178	0.14904277907590785	True	0.014620136778324147	0.015035745341711447	0.03088761291195242	0.03176565917262982	False	campos_2020_snoring	PANUKBB_2025_RELEASE	SELF_REPORT	discovery_extension/results/ldsc/extension_rg_matrix.tsv	RECOMPUTED_FROM_PRINTED_ESTIMATES	BLOCKED_MISSING_INPUTS	False
snoring	panukbb_icd10__z95__both_sexes__na__na	0.1225	0.0353	3.4739	0.0005	0.1327	0.0131	1.0086	0.0079	0.0112	0.0052	1217311	1175370	1166576	discovery_extension/logs/rg/rg_snoring.log	0.0014150943396226414	Z95 Presence of cardiac and vascular implants and grafts	other_clinical	UNDEREXPLORED	EUR	PRIMARY_EXTENSION_RG_COMPLETE	True	False	NOT_TIER_A_SCREEN_THRESHOLD	snoring__panukbb_icd10__z95__both_sexes__na__na	0.0005	3.4702549575070822	0.0005199645461334791	0.0005129521668196913	0.0014150943396226414	0.0014620964374908066	0.0014785721690999405	0.05331327134573609	0.1916867286542639	True	0.0005078228735833661	0.0005323408486926715	0.0014440460860190504	0.0015173610889102278	False	campos_2020_snoring	PANUKBB_2025_RELEASE	SELF_REPORT	discovery_extension/results/ldsc/extension_rg_matrix.tsv	RECOMPUTED_FROM_PRINTED_ESTIMATES	BLOCKED_MISSING_INPUTS	False
snoring	panukbb_continuous__135__both_sexes__na__na	0.2312	0.0231	9.9955	1.5955e-23	0.0657	0.0025	1.0605	0.0116	0.069	0.0066	1217311	1175370	1166577	discovery_extension/logs/rg/rg_snoring.log	4.669756097560976e-22	Number of self-reported non-cancer illnesses	other_clinical	PREVIOUSLY_SCREENED	EUR	PRIMARY_EXTENSION_RG_COMPLETE	True	True	PAIR_NOVELTY_AUDIT_REQUIRED	snoring__panukbb_continuous__135__both_sexes__na__na	1.5955e-23	10.008658008658008	1.3963373969941242e-23	1.594803544606253e-23	4.669756097560976e-22	4.667717691530497e-22	4.0868411619340225e-22	0.18592483195712473	0.27647516804287525	True	1.0966098166721228e-23	1.7751357813741605e-23	3.209589707333042e-22	5.195519360119494e-22	False	campos_2020_snoring	PANUKBB_2025_RELEASE	SELF_REPORT	discovery_extension/results/ldsc/extension_rg_matrix.tsv	RECOMPUTED_FROM_PRINTED_ESTIMATES	BLOCKED_MISSING_INPUTS	False
snoring	panukbb_continuous__1588__both_sexes__na__na	0.0978	0.0291	3.3597	0.0008	0.0504	0.0031	1.0567	0.0103	0.0283	0.0058	1217311	1175370	1166135	discovery_extension/logs/rg/rg_snoring.log	0.0022018348623853213	Average weekly beer plus cider intake	alcohol_tobacco	UNDEREXPLORED	EUR	PRIMARY_EXTENSION_RG_COMPLETE	True	False	NOT_TIER_A_SCREEN_THRESHOLD	snoring__panukbb_continuous__1588__both_sexes__na__na	0.0008	3.3608247422680413	0.0007771011797330783	0.0007802715132150091	0.0022018348623853213	0.0021624152791178083	0.002153629135518924	0.04076504804988442	0.15483495195011557	True	0.0007562489131953278	0.0007984118550126299	0.002095839944190285	0.0022126887436839625	False	campos_2020_snoring	PANUKBB_2025_RELEASE	SELF_REPORT	discovery_extension/results/ldsc/extension_rg_matrix.tsv	RECOMPUTED_FROM_PRINTED_ESTIMATES	BLOCKED_MISSING_INPUTS	False
snoring	panukbb_continuous__1259__both_sexes__na__na	0.1547	0.0463	3.3407	0.0008	0.0105	0.0015	1.0164	0.0074	0.0244	0.0048	1217311	1175370	1166570	discovery_extension/logs/rg/rg_snoring.log	0.0022018348623853213	Smoking/smokers in household	alcohol_tobacco	PREVIOUSLY_SCREENED	EUR	PRIMARY_EXTENSION_RG_COMPLETE	True	True	PAIR_NOVELTY_AUDIT_REQUIRED	snoring__panukbb_continuous__1259__both_sexes__na__na	0.0008	3.3412526997840173	0.0008340127736372637	0.0008356746748560056	0.0022018348623853213	0.0023053094478786363	0.0023007248927924516	0.0639536675157955	0.2454463324842045	True	0.000820023798328711	0.0008481919447050498	0.0022621346160792027	0.0023398398474622066	False	campos_2020_snoring	PANUKBB_2025_RELEASE	SELF_REPORT	discovery_extension/results/ldsc/extension_rg_matrix.tsv	RECOMPUTED_FROM_PRINTED_ESTIMATES	BLOCKED_MISSING_INPUTS	False
snoring	panukbb_phecode__318__both_sexes__na__na	0.1531	0.0348	4.4046	1.06e-05	0.1504	0.0118	1.0075	0.0072	0.0125	0.0057	1217311	1175370	1166568	discovery_extension/logs/rg/rg_snoring.log	4.1842105263157894e-05	Tobacco use disorder	alcohol_tobacco	UNDEREXPLORED	EUR	PRIMARY_EXTENSION_RG_COMPLETE	True	True	PAIR_NOVELTY_AUDIT_REQUIRED	snoring__panukbb_phecode__318__both_sexes__na__na	1.06e-05	4.399425287356323	1.085379360043252e-05	1.0597924532016811e-05	4.1842105263157894e-05	4.183391262638215e-05	4.27557463289016e-05	0.08489325333800614	0.2213067466619939	True	1.0471827082121737e-05	1.1247887383261965e-05	4.120063114277405e-05	4.43995554602446e-05	False	campos_2020_snoring	PANUKBB_2025_RELEASE	SELF_REPORT	discovery_extension/results/ldsc/extension_rg_matrix.tsv	RECOMPUTED_FROM_PRINTED_ESTIMATES	BLOCKED_MISSING_INPUTS	False
sleep_apnea	panukbb_biomarkers__30890__both_sexes__na__irnt	-0.0987	0.036	-2.7406	0.0061	0.0968	0.0229	1.0947	0.0427	0.0045	0.0072	1217311	1154434	1140953	discovery_extension/logs/rg/rg_sleep_apnea.log	0.013863636363636364	Vitamin D	molecular_biomarker	HEAVILY_STUDIED	EUR	PRIMARY_EXTENSION_RG_COMPLETE	True	False	NOT_TIER_A_SCREEN_THRESHOLD	sleep_apnea__panukbb_biomarkers__30890__both_sexes__na__irnt	0.0061	-2.7416666666666667	0.0061128340205884625	0.006132711686405842	0.013863636363636364	0.013937981105467822	0.013931347119621105	-0.16925870344344193	-0.02814129655655806	True	0.006016685784881551	0.006210091423101776	0.013726279357144223	0.014140625631351291	False	finngen_r9_sleep_apnoea	PANUKBB_2025_RELEASE	REGISTER_DIAGNOSIS	discovery_extension/results/ldsc/extension_rg_matrix.tsv	RECOMPUTED_FROM_PRINTED_ESTIMATES	BLOCKED_MISSING_INPUTS	False
sleep_apnea	panukbb_continuous__30510__both_sexes__na__irnt	0.1846	0.035	5.2779	1.3068e-07	0.0636	0.0028	1.0645	0.0103	0.0057	0.0068	1217311	1154434	1140946	discovery_extension/logs/rg/rg_sleep_apnea.log	7.000714285714285e-07	Creatinine (enzymatic) in urine	renal_urinary	PREVIOUSLY_SCREENED	EUR	PRIMARY_EXTENSION_RG_COMPLETE	True	True	PAIR_NOVELTY_AUDIT_REQUIRED	sleep_apnea__panukbb_continuous__30510__both_sexes__na__irnt	1.3068e-07	5.274285714285713	1.3327413888396303e-07	1.3067273789800646e-07	7.000714285714285e-07	7.00032524453606e-07	7.139686011640876e-07	0.11600126054109809	0.25319873945890187	True	1.2690383367702765e-07	1.3993377192016938e-07	6.798419661269338e-07	7.496452067151931e-07	False	finngen_r9_sleep_apnoea	PANUKBB_2025_RELEASE	REGISTER_DIAGNOSIS	discovery_extension/results/ldsc/extension_rg_matrix.tsv	RECOMPUTED_FROM_PRINTED_ESTIMATES	BLOCKED_MISSING_INPUTS	False
sleep_apnea	panukbb_continuous__30520__both_sexes__na__irnt	0.0952	0.0382	2.4956	0.0126	0.0425	0.0022	1.0312	0.0096	0.005	0.0061	1217311	1154434	1140951	discovery_extension/logs/rg/rg_sleep_apnea.log	0.026951871657754013	Potassium in urine	renal_urinary	HEAVILY_STUDIED	EUR	PRIMARY_EXTENSION_RG_COMPLETE	True	False	NOT_TIER_A_SCREEN_THRESHOLD	sleep_apnea__panukbb_continuous__30520__both_sexes__na__irnt	0.0126	2.492146596858639	0.012697361860816657	0.012574430683068846	0.026951871657754013	0.026897177931698067	0.027160132322602473	0.02032937579056994	0.1700706242094301	True	0.012534666533468401	0.012861490870962741	0.026812120927205137	0.027560337580634444	False	finngen_r9_sleep_apnoea	PANUKBB_2025_RELEASE	REGISTER_DIAGNOSIS	discovery_extension/results/ldsc/extension_rg_matrix.tsv	RECOMPUTED_FROM_PRINTED_ESTIMATES	BLOCKED_MISSING_INPUTS	False
sleep_apnea	panukbb_continuous__30530__both_sexes__na__irnt	0.1966	0.0326	6.0227	1.7149e-09	0.0713	0.003	1.0581	0.0107	0.0013	0.0063	1217311	1154434	1140946	discovery_extension/logs/rg/rg_sleep_apnea.log	1.1759314285714287e-08	Sodium in urine	renal_urinary	HEAVILY_STUDIED	EUR	PRIMARY_EXTENSION_RG_COMPLETE	True	True	PAIR_NOVELTY_AUDIT_REQUIRED	sleep_apnea__panukbb_continuous__30530__both_sexes__na__irnt	1.7149e-09	6.030674846625767	1.6327640865715658e-09	1.7153120787486001e-09	1.1759314285714287e-08	1.176213996856183e-08	1.1196096593633594e-08	0.13270517410399424	0.26049482589600575	True	1.5271199950111825e-09	1.7451610731990704e-09	1.0471679965790966e-08	1.196681878765077e-08	False	finngen_r9_sleep_apnoea	PANUKBB_2025_RELEASE	REGISTER_DIAGNOSIS	discovery_extension/results/ldsc/extension_rg_matrix.tsv	RECOMPUTED_FROM_PRINTED_ESTIMATES	BLOCKED_MISSING_INPUTS	False
sleep_apnea	panukbb_phecode__594__both_sexes__na__na	0.2767	0.0489	5.6581	1.5304e-08	0.1888	0.019	1.005	0.0073	-0.0124	0.0054	1217311	1154434	1140959	discovery_extension/logs/rg/rg_sleep_apnea.log	9.46639175257732e-08	Urinary calculus	renal_urinary	HIGH_NOVELTY_PRIORITY	EUR	PRIMARY_EXTENSION_RG_COMPLETE	True	True	PAIR_NOVELTY_AUDIT_REQUIRED	sleep_apnea__panukbb_phecode__594__both_sexes__na__na	1.5304e-08	5.658486707566462	1.5271354143309973e-08	1.5305795095432703e-08	9.46639175257732e-08	9.467502120886207e-08	9.446198439160806e-08	0.18085776115599136	0.3725422388440086	True	1.4676585929617061e-08	1.588821960636059e-08	9.078300575020862e-08	9.827764704965314e-08	False	finngen_r9_sleep_apnoea	PANUKBB_2025_RELEASE	REGISTER_DIAGNOSIS	discovery_extension/results/ldsc/extension_rg_matrix.tsv	RECOMPUTED_FROM_PRINTED_ESTIMATES	BLOCKED_MISSING_INPUTS	False
sleep_apnea	panukbb_icd10__j44__both_sexes__na__na	0.3468	0.0478	7.2618	3.8187e-13	0.1761	0.0197	1.0068	0.009	-0.0068	0.0061	1217311	1154434	1140957	discovery_extension/logs/rg/rg_sleep_apnea.log	4.128324324324325e-12	J44 Other chronic obstructive pulmonary disease	pulmonary	HIGH_NOVELTY_PRIORITY	EUR	PRIMARY_EXTENSION_RG_COMPLETE	True	True	PAIR_NOVELTY_AUDIT_REQUIRED	sleep_apnea__panukbb_icd10__j44__both_sexes__na__na	3.8187e-13	7.2552301255230125	4.009795094102205e-13	3.8197270606740673e-13	4.128324324324325e-12	4.1294346601881804e-12	4.334913615245627e-12	0.2531137215389854	0.44048627846101457	True	3.7615746146984124e-13	4.2735115724424894e-13	4.030258515748299e-12	4.620012510748638e-12	False	finngen_r9_sleep_apnoea	PANUKBB_2025_RELEASE	REGISTER_DIAGNOSIS	discovery_extension/results/ldsc/extension_rg_matrix.tsv	RECOMPUTED_FROM_PRINTED_ESTIMATES	BLOCKED_MISSING_INPUTS	False
sleep_apnea	panukbb_categorical__2316__both_sexes__2316__na	0.3662	0.0307	11.9131	1.0118e-32	0.0834	0.0045	1.0453	0.0112	-0.0109	0.0063	1217311	1154434	1140957	discovery_extension/logs/rg/rg_sleep_apnea.log	6.0708e-31	Wheeze or whistling in the chest in last year	pulmonary	HEAVILY_STUDIED	EUR	PRIMARY_EXTENSION_RG_COMPLETE	True	True	PAIR_NOVELTY_AUDIT_REQUIRED	sleep_apnea__panukbb_categorical__2316__both_sexes__2316__na	1.0118e-32	11.928338762214985	8.423776122261282e-33	1.0114561917182434e-32	6.0708e-31	6.068737150309461e-31	5.054265673356769e-31	0.3060291056746204	0.42637089432537967	True	6.537280736209327e-33	1.0840953478763889e-32	3.9223684417255964e-31	6.504572087258334e-31	False	finngen_r9_sleep_apnoea	PANUKBB_2025_RELEASE	REGISTER_DIAGNOSIS	discovery_extension/results/ldsc/extension_rg_matrix.tsv	RECOMPUTED_FROM_PRINTED_ESTIMATES	BLOCKED_MISSING_INPUTS	False
sleep_apnea	panukbb_phecode__496_2__both_sexes__na__na	0.3455	0.0458	7.5467	4.4648e-14	0.1848	0.0194	1.006	0.009	-0.0065	0.006	1217311	1154434	1140949	discovery_extension/logs/rg/rg_sleep_apnea.log	5.411878787878788e-13	Chronic bronchitis	pulmonary	HIGH_NOVELTY_PRIORITY	EUR	PRIMARY_EXTENSION_RG_COMPLETE	True	True	PAIR_NOVELTY_AUDIT_REQUIRED	sleep_apnea__panukbb_phecode__496_2__both_sexes__na__na	4.4648e-14	7.543668122270741	4.569331002806127e-14	4.464253074109474e-14	5.411878787878788e-13	5.411215847405423e-13	5.538583033704396e-13	0.2557336495080655	0.43526635049193446	True	4.253271413185261e-14	4.907689851087848e-14	5.09115256125866e-13	5.948714971015572e-13	False	finngen_r9_sleep_apnoea	PANUKBB_2025_RELEASE	REGISTER_DIAGNOSIS	discovery_extension/results/ldsc/extension_rg_matrix.tsv	RECOMPUTED_FROM_PRINTED_ESTIMATES	BLOCKED_MISSING_INPUTS	False
sleep_apnea	panukbb_icd10__k21__both_sexes__na__na	0.3529	0.0435	8.1152	4.8492e-16	0.0698	0.0054	1.0135	0.0072	0.0009	0.0059	1217311	1154434	1140955	discovery_extension/logs/rg/rg_sleep_apnea.log	7.096390243902438e-15	K21 Gastro-oesophageal reflux disease	gastrointestinal	HIGH_NOVELTY_PRIORITY	EUR	PRIMARY_EXTENSION_RG_COMPLETE	True	True	PAIR_NOVELTY_AUDIT_REQUIRED	sleep_apnea__panukbb_icd10__k21__both_sexes__na__na	4.8492e-16	8.11264367816092	4.95301527746023e-16	4.849854014136107e-16	7.096390243902438e-15	7.097347337760156e-15	7.248315040185704e-15	0.26764156667250766	0.4381584333274923	True	4.543121114065044e-16	5.398237022640563e-16	6.6484699230220154e-15	7.899859057522775e-15	False	finngen_r9_sleep_apnoea	PANUKBB_2025_RELEASE	REGISTER_DIAGNOSIS	discovery_extension/results/ldsc/extension_rg_matrix.tsv	RECOMPUTED_FROM_PRINTED_ESTIMATES	BLOCKED_MISSING_INPUTS	False
sleep_apnea	panukbb_icd10__k80__both_sexes__na__na	0.1431	0.0522	2.7427	0.0061	0.1163	0.0131	1.022	0.0111	0.0118	0.0062	1217311	1154434	1140475	discovery_extension/logs/rg/rg_sleep_apnea.log	0.013863636363636364	K80 Cholelithiasis	gastrointestinal	HIGH_NOVELTY_PRIORITY	EUR	PRIMARY_EXTENSION_RG_COMPLETE	True	False	NOT_TIER_A_SCREEN_THRESHOLD	sleep_apnea__panukbb_icd10__k80__both_sexes__na__na	0.0061	2.7413793103448274	0.006118183276700269	0.006093632886922067	0.013863636363636364	0.013875444903807363	0.013931347119621105	0.04078988000700917	0.24541011999299084	True	0.006051708546658458	0.006185185810048099	0.013753883060587406	0.014110690060946235	False	finngen_r9_sleep_apnoea	PANUKBB_2025_RELEASE	REGISTER_DIAGNOSIS	discovery_extension/results/ldsc/extension_rg_matrix.tsv	RECOMPUTED_FROM_PRINTED_ESTIMATES	BLOCKED_MISSING_INPUTS	False
sleep_apnea	panukbb_phecode__550_2__both_sexes__na__na	0.299	0.0379	7.8896	3.0313e-15	0.0917	0.0056	1.0298	0.0081	0.0028	0.0056	1217311	1154434	1140946	discovery_extension/logs/rg/rg_sleep_apnea.log	4.279482352941176e-14	Diaphragmatic hernia	gastrointestinal	HIGH_NOVELTY_PRIORITY	EUR	PRIMARY_EXTENSION_RG_COMPLETE	True	True	PAIR_NOVELTY_AUDIT_REQUIRED	sleep_apnea__panukbb_phecode__550_2__both_sexes__na__na	3.0313e-15	7.889182058047492	3.041735133936705e-15	3.0315663019163494e-15	4.279482352941176e-14	4.279858308587787e-14	4.2942143067341714e-14	0.22471736498593192	0.37328263501406805	True	2.768418619958723e-15	3.3407540923627624e-15	3.908355698765256e-14	4.716358718629782e-14	False	finngen_r9_sleep_apnoea	PANUKBB_2025_RELEASE	REGISTER_DIAGNOSIS	discovery_extension/results/ldsc/extension_rg_matrix.tsv	RECOMPUTED_FROM_PRINTED_ESTIMATES	BLOCKED_MISSING_INPUTS	False
sleep_apnea	panukbb_phecode__550_4__both_sexes__na__na	0.291	0.063	4.6161	3.9107e-06	0.2203	0.0377	1.0061	0.0073	-0.0	0.0056	1217311	1154434	1140950	discovery_extension/logs/rg/rg_sleep_apnea.log	1.652408450704225e-05	Umbilical hernia	gastrointestinal	PREVIOUSLY_SCREENED	EUR	PRIMARY_EXTENSION_RG_COMPLETE	True	True	PAIR_NOVELTY_AUDIT_REQUIRED	sleep_apnea__panukbb_phecode__550_4__both_sexes__na__na	3.9107e-06	4.619047619047619	3.855053862839881e-06	3.910185865661943e-06	1.652408450704225e-05	1.6521912108430742e-05	1.6288959983830483e-05	0.16752226897397657	0.41447773102602337	True	3.7729922825805325e-06	3.93869048622295e-06	1.594222091231211e-05	1.6642354167139224e-05	False	finngen_r9_sleep_apnoea	PANUKBB_2025_RELEASE	REGISTER_DIAGNOSIS	discovery_extension/results/ldsc/extension_rg_matrix.tsv	RECOMPUTED_FROM_PRINTED_ESTIMATES	BLOCKED_MISSING_INPUTS	False
sleep_apnea	panukbb_phecode__558__both_sexes__na__na	0.427	0.0541	7.8981	2.8325e-15	0.0693	0.0081	1.0042	0.0063	-0.0048	0.0051	1217311	1154434	1140945	discovery_extension/logs/rg/rg_sleep_apnea.log	4.0464285714285716e-14	Noninfectious gastroenteritis	gastrointestinal	HIGH_NOVELTY_PRIORITY	EUR	PRIMARY_EXTENSION_RG_COMPLETE	True	True	PAIR_NOVELTY_AUDIT_REQUIRED	sleep_apnea__panukbb_phecode__558__both_sexes__na__na	2.8325e-15	7.892791127541589	2.955019553664722e-15	2.8318691728060245e-15	4.0464285714285716e-14	4.045527389722892e-14	4.221456505235317e-14	0.32096594843638304	0.5330340515636169	True	2.766356373013297e-15	3.155954981047648e-15	3.908355698765256e-14	4.508507115782355e-14	False	finngen_r9_sleep_apnoea	PANUKBB_2025_RELEASE	REGISTER_DIAGNOSIS	discovery_extension/results/ldsc/extension_rg_matrix.tsv	RECOMPUTED_FROM_PRINTED_ESTIMATES	BLOCKED_MISSING_INPUTS	False
sleep_apnea	panukbb_phecode__785__both_sexes__na__na	0.3433	0.0417	8.2308	1.8596e-16	0.0498	0.0038	1.0101	0.0076	-0.0006	0.0053	1217311	1154434	1140956	discovery_extension/logs/rg/rg_sleep_apnea.log	2.8247088607594935e-15	Abdominal pain	gastrointestinal	HIGH_NOVELTY_PRIORITY	EUR	PRIMARY_EXTENSION_RG_COMPLETE	True	True	PAIR_NOVELTY_AUDIT_REQUIRED	sleep_apnea__panukbb_phecode__785__both_sexes__na__na	1.8596e-16	8.232613908872901	1.8317183073517048e-16	1.8596724026432537e-16	2.8247088607594935e-15	2.824818839458107e-15	2.7823569225595518e-15	0.26156950184467975	0.42503049815532024	True	1.6696899124013615e-16	2.0087818202831759e-16	2.5362378416223212e-15	3.0513141573921658e-15	False	finngen_r9_sleep_apnoea	PANUKBB_2025_RELEASE	REGISTER_DIAGNOSIS	discovery_extension/results/ldsc/extension_rg_matrix.tsv	RECOMPUTED_FROM_PRINTED_ESTIMATES	BLOCKED_MISSING_INPUTS	False
sleep_apnea	panukbb_categorical__3393__both_sexes__3393__na	0.1179	0.0504	2.3378	0.0194	0.0913	0.011	1.0037	0.0072	0.0038	0.0049	1217311	1154434	1140956	discovery_extension/logs/rg/rg_sleep_apnea.log	0.039524617996604415	Hearing aid user	sensory	HEAVILY_STUDIED	EUR	PRIMARY_EXTENSION_RG_COMPLETE	True	False	NOT_TIER_A_SCREEN_THRESHOLD	sleep_apnea__panukbb_categorical__3393__both_sexes__3393__na	0.0194	2.3392857142857144	0.01932065154868812	0.019397625621397307	0.039524617996604415	0.03951978055293169	0.039362957314814505	0.019117815179181277	0.21668218482081875	True	0.019149809665509124	0.01949248125146287	0.039014892357573765	0.03978057398257728	False	finngen_r9_sleep_apnoea	PANUKBB_2025_RELEASE	REGISTER_DIAGNOSIS	discovery_extension/results/ldsc/extension_rg_matrix.tsv	RECOMPUTED_FROM_PRINTED_ESTIMATES	BLOCKED_MISSING_INPUTS	False
sleep_apnea	panukbb_categorical__2257__both_sexes__2257__na	0.2213	0.035	6.3148	2.7053e-10	0.0521	0.0022	1.0398	0.0094	-0.0062	0.0068	1217311	1154434	1140954	discovery_extension/logs/rg/rg_sleep_apnea.log	2.0809999999999997e-09	Hearing difficulty/problems with background noise	sensory	HEAVILY_STUDIED	EUR	PRIMARY_EXTENSION_RG_COMPLETE	True	True	PAIR_NOVELTY_AUDIT_REQUIRED	sleep_apnea__panukbb_categorical__2257__both_sexes__2257__na	2.7053e-10	6.322857142857142	2.567706681118641e-10	2.70511083643401e-10	2.0809999999999997e-09	2.080854489564623e-09	1.9751589854758778e-09	0.15270126054109812	0.2898987394589019	True	2.3992045231164165e-10	2.7472173843966714e-10	1.845541940858782e-09	2.1132441418435935e-09	False	finngen_r9_sleep_apnoea	PANUKBB_2025_RELEASE	REGISTER_DIAGNOSIS	discovery_extension/results/ldsc/extension_rg_matrix.tsv	RECOMPUTED_FROM_PRINTED_ESTIMATES	BLOCKED_MISSING_INPUTS	False
sleep_apnea	panukbb_icd10__m16__both_sexes__na__na	0.1672	0.0496	3.3685	0.0008	0.156	0.015	1.0183	0.0091	-0.0034	0.0066	1217311	1154434	1140957	discovery_extension/logs/rg/rg_sleep_apnea.log	0.0022018348623853213	M16 Coxarthrosis [arthrosis of hip]	musculoskeletal_pain	PREVIOUSLY_SCREENED	EUR	PRIMARY_EXTENSION_RG_COMPLETE	True	True	PAIR_NOVELTY_AUDIT_REQUIRED	sleep_apnea__panukbb_icd10__m16__both_sexes__na__na	0.0008	3.3709677419354835	0.0007490462819067517	0.0007557839703799955	0.0022018348623853213	0.00209939991772221	0.0020806841164076437	0.06998578636681331	0.2644142136331867	True	0.0007371425824993878	0.0007611037747655468	0.0020476182847205216	0.002114177152126519	False	finngen_r9_sleep_apnoea	PANUKBB_2025_RELEASE	REGISTER_DIAGNOSIS	discovery_extension/results/ldsc/extension_rg_matrix.tsv	RECOMPUTED_FROM_PRINTED_ESTIMATES	BLOCKED_MISSING_INPUTS	False
sleep_apnea	panukbb_icd10__m17__both_sexes__na__na	0.299	0.0385	7.7638	8.2436e-15	0.131	0.0088	1.0248	0.0096	-0.0038	0.0063	1217311	1154434	1140427	discovery_extension/logs/rg/rg_sleep_apnea.log	1.0991466666666668e-13	M17 Gonarthrosis [arthrosis of knee]	musculoskeletal_pain	HIGH_NOVELTY_PRIORITY	EUR	PRIMARY_EXTENSION_RG_COMPLETE	True	True	PAIR_NOVELTY_AUDIT_REQUIRED	sleep_apnea__panukbb_icd10__m17__both_sexes__na__na	8.2436e-15	7.766233766233766	8.085426783521996e-15	8.242183656734144e-15	1.0991466666666668e-13	1.0989578208978858e-13	1.0780569044695995e-13	0.2235413865952079	0.3744586134047921	True	7.389389758781211e-15	8.843833234116233e-15	9.85251967837495e-14	1.179177764548831e-13	False	finngen_r9_sleep_apnoea	PANUKBB_2025_RELEASE	REGISTER_DIAGNOSIS	discovery_extension/results/ldsc/extension_rg_matrix.tsv	RECOMPUTED_FROM_PRINTED_ESTIMATES	BLOCKED_MISSING_INPUTS	False
sleep_apnea	panukbb_icd10__m51__both_sexes__na__na	0.3259	0.0633	5.1454	2.6688e-07	0.1017	0.0144	1.014	0.0069	-0.0048	0.0051	1217311	1154434	1140958	discovery_extension/logs/rg/rg_sleep_apnea.log	1.3399832635983265e-06	M51 Other intervertebral disk disorders	musculoskeletal_pain	HIGH_NOVELTY_PRIORITY	EUR	PRIMARY_EXTENSION_RG_COMPLETE	True	True	PAIR_NOVELTY_AUDIT_REQUIRED	sleep_apnea__panukbb_icd10__m51__both_sexes__na__na	2.6688e-07	5.148499210110585	2.625788918801012e-07	2.6695137717425507e-07	1.3399832635983265e-06	1.3403416427159251e-06	1.32392718595009e-06	0.20183427977861462	0.4499657202213854	True	2.5586053809080983e-07	2.694564774016417e-07	1.2900531332309739e-06	1.3586040877393699e-06	False	finngen_r9_sleep_apnoea	PANUKBB_2025_RELEASE	REGISTER_DIAGNOSIS	discovery_extension/results/ldsc/extension_rg_matrix.tsv	RECOMPUTED_FROM_PRINTED_ESTIMATES	BLOCKED_MISSING_INPUTS	False
sleep_apnea	panukbb_categorical__3571__both_sexes__3571__na	0.3419	0.0576	5.9383	2.8797e-09	0.047	0.0059	0.9869	0.0065	-0.0026	0.0058	1217311	1154434	1140935	discovery_extension/logs/rg/rg_sleep_apnea.log	1.9197999999999998e-08	Back pain for 3+ months	musculoskeletal_pain	HEAVILY_STUDIED	EUR	PRIMARY_EXTENSION_RG_COMPLETE	True	True	PAIR_NOVELTY_AUDIT_REQUIRED	sleep_apnea__panukbb_categorical__3571__both_sexes__3571__na	2.8797e-09	5.935763888888888	2.924804674445714e-09	2.879926958963915e-09	1.9197999999999998e-08	1.9199513059759435e-08	1.9390970217319652e-08	0.22900607449049287	0.4547939255095071	True	2.8192687565146937e-09	3.03399058398283e-09	1.8691284573578078e-08	2.011485470043865e-08	False	finngen_r9_sleep_apnoea	PANUKBB_2025_RELEASE	REGISTER_DIAGNOSIS	discovery_extension/results/ldsc/extension_rg_matrix.tsv	RECOMPUTED_FROM_PRINTED_ESTIMATES	BLOCKED_MISSING_INPUTS	False
sleep_apnea	panukbb_categorical__6159__both_sexes__7__na	0.3491	0.0319	10.9522	6.484e-28	0.0587	0.0031	1.0322	0.0088	-0.0053	0.0058	1217311	1154434	1140958	discovery_extension/logs/rg/rg_sleep_apnea.log	2.683034482758621e-26	Pain type(s) experienced in last month	musculoskeletal_pain	HIGH_NOVELTY_PRIORITY	EUR	PRIMARY_EXTENSION_RG_COMPLETE	True	True	PAIR_NOVELTY_AUDIT_REQUIRED	sleep_apnea__panukbb_categorical__6159__both_sexes__7__na	6.484e-28	10.9435736677116	7.133158687619761e-28	6.485304209647261e-28	2.683034482758621e-26	2.683574155716108e-26	2.951651870739211e-26	0.2865771488931723	0.4116228511068277	True	5.799112979461645e-28	8.765365073656114e-28	2.3996329570186117e-26	3.6270476166852886e-26	False	finngen_r9_sleep_apnoea	PANUKBB_2025_RELEASE	REGISTER_DIAGNOSIS	discovery_extension/results/ldsc/extension_rg_matrix.tsv	RECOMPUTED_FROM_PRINTED_ESTIMATES	BLOCKED_MISSING_INPUTS	False
sleep_apnea	panukbb_categorical__6159__both_sexes__8__na	0.3322	0.0561	5.9167	3.2856e-09	0.1769	0.0215	1.0016	0.0069	0.0067	0.0058	1217311	1154434	1140958	discovery_extension/logs/rg/rg_sleep_apnea.log	2.1663296703296702e-08	Pain type(s) experienced in last month	musculoskeletal_pain	PREVIOUSLY_SCREENED	EUR	PRIMARY_EXTENSION_RG_COMPLETE	True	True	PAIR_NOVELTY_AUDIT_REQUIRED	sleep_apnea__panukbb_categorical__6159__both_sexes__8__na	3.2856e-09	5.921568627450981	3.1888517990950027e-09	3.284650071127382e-09	2.1663296703296702e-08	2.1657033436004718e-08	2.102539647754947e-08	0.22224602046730296	0.44215397953269703	True	3.071265041684229e-09	3.3105961697850325e-09	2.0250099175939974e-08	2.182810661396725e-08	False	finngen_r9_sleep_apnoea	PANUKBB_2025_RELEASE	REGISTER_DIAGNOSIS	discovery_extension/results/ldsc/extension_rg_matrix.tsv	RECOMPUTED_FROM_PRINTED_ESTIMATES	BLOCKED_MISSING_INPUTS	False
sleep_apnea	panukbb_phecode__740__both_sexes__na__na	0.2984	0.0449	6.6431	3.0723e-11	0.0811	0.0093	1.019	0.0113	-0.0018	0.0069	1217311	1154434	1140955	discovery_extension/logs/rg/rg_sleep_apnea.log	2.5963098591549295e-10	Osteoarthrosis	musculoskeletal_pain	HIGH_NOVELTY_PRIORITY	EUR	PRIMARY_EXTENSION_RG_COMPLETE	True	True	PAIR_NOVELTY_AUDIT_REQUIRED	sleep_apnea__panukbb_phecode__740__both_sexes__na__na	3.0723e-11	6.64587973273942	3.0141130308721846e-11	3.071532909239234e-11	2.5963098591549295e-10	2.595661613441606e-10	2.5471377725680437e-10	0.21039761709415156	0.38640238290584844	True	2.8445118204842447e-11	3.193188471499762e-11	2.403812806043024e-10	2.698469130844869e-10	False	finngen_r9_sleep_apnoea	PANUKBB_2025_RELEASE	REGISTER_DIAGNOSIS	discovery_extension/results/ldsc/extension_rg_matrix.tsv	RECOMPUTED_FROM_PRINTED_ESTIMATES	BLOCKED_MISSING_INPUTS	False
sleep_apnea	panukbb_phecode__835__both_sexes__na__na	0.1792	0.0479	3.7416	0.0002	0.0946	0.0104	1.0137	0.0077	0.0024	0.0064	1217311	1154434	1140959	discovery_extension/logs/rg/rg_sleep_apnea.log	0.000625	Internal derangement of knee	musculoskeletal_pain	PREVIOUSLY_SCREENED	EUR	PRIMARY_EXTENSION_RG_COMPLETE	True	True	PAIR_NOVELTY_AUDIT_REQUIRED	sleep_apnea__panukbb_phecode__835__both_sexes__na__na	0.0002	3.7411273486430066	0.00018319665893486576	0.00018285239073531612	0.000625	0.0005820235248869479	0.000583571317193668	0.08531772514053142	0.27308227485946857	True	0.000179618254486701	0.00018683433143681339	0.0005717291920001094	0.0005962797811813193	False	finngen_r9_sleep_apnoea	PANUKBB_2025_RELEASE	REGISTER_DIAGNOSIS	discovery_extension/results/ldsc/extension_rg_matrix.tsv	RECOMPUTED_FROM_PRINTED_ESTIMATES	BLOCKED_MISSING_INPUTS	False
sleep_apnea	panukbb_icd10__z88__both_sexes__na__na	0.4955	0.0494	10.0376	1.0422e-23	0.0529	0.0052	1.0219	0.0075	-0.0096	0.0057	1217311	1154434	1140958	discovery_extension/logs/rg/rg_sleep_apnea.log	3.1266e-22	Z88 Personal history of allergy to drugs, medicaments and biologocal substances	allergy_infectious	HIGH_NOVELTY_PRIORITY	EUR	PRIMARY_EXTENSION_RG_COMPLETE	True	True	PAIR_NOVELTY_AUDIT_REQUIRED	sleep_apnea__panukbb_icd10__z88__both_sexes__na__na	1.0422e-23	10.030364372469636	1.1210214214520029e-23	1.0417798496449874e-23	3.1266e-22	3.125339548934962e-22	3.3630642643560088e-22	0.3986777791637213	0.5923222208362786	True	1.0009900025030792e-23	1.2550038316344478e-23	3.0029700075092375e-22	3.7650114949033435e-22	False	finngen_r9_sleep_apnoea	PANUKBB_2025_RELEASE	REGISTER_DIAGNOSIS	discovery_extension/results/ldsc/extension_rg_matrix.tsv	RECOMPUTED_FROM_PRINTED_ESTIMATES	BLOCKED_MISSING_INPUTS	False
sleep_apnea	panukbb_phecode__960_2__both_sexes__na__na	0.4202	0.0569	7.3894	1.4744e-13	0.062	0.0076	1.0066	0.0074	-0.0038	0.0054	1217311	1154434	1140952	discovery_extension/logs/rg/rg_sleep_apnea.log	1.653532710280374e-12	Allergy/adverse effect of penicillin	allergy_infectious	HIGH_NOVELTY_PRIORITY	EUR	PRIMARY_EXTENSION_RG_COMPLETE	True	True	PAIR_NOVELTY_AUDIT_REQUIRED	sleep_apnea__panukbb_phecode__960_2__both_sexes__na__na	1.4744e-13	7.3848857644991215	1.5258433671108393e-13	1.4749284367079063e-13	1.653532710280374e-12	1.6541253495789601e-12	1.6953815190120436e-12	0.30867804927967096	0.5317219507203291	True	1.443535392928292e-13	1.6126013483811953e-13	1.6039282143647688e-12	1.7917792759791058e-12	False	finngen_r9_sleep_apnoea	PANUKBB_2025_RELEASE	REGISTER_DIAGNOSIS	discovery_extension/results/ldsc/extension_rg_matrix.tsv	RECOMPUTED_FROM_PRINTED_ESTIMATES	BLOCKED_MISSING_INPUTS	False
sleep_apnea	panukbb_phecode__960__both_sexes__na__na	0.4343	0.0519	8.36	6.2744e-17	0.0597	0.0067	1.0127	0.0073	-0.0072	0.0055	1217311	1154434	1140948	discovery_extension/logs/rg/rg_sleep_apnea.log	9.906947368421053e-16	Poisoning by antibiotics	allergy_infectious	PREVIOUSLY_SCREENED	EUR	PRIMARY_EXTENSION_RG_COMPLETE	True	True	PAIR_NOVELTY_AUDIT_REQUIRED	sleep_apnea__panukbb_phecode__960__both_sexes__na__na	6.2744e-17	8.368015414258188	5.859672995918211e-17	6.271825658968589e-17	9.906947368421053e-16	9.90288261942409e-16	9.252115256712964e-16	0.3325778692023712	0.5360221307976288	True	5.4271173464340367e-17	6.325262691714603e-17	8.569132652264269e-16	1.0070068423107252e-15	False	finngen_r9_sleep_apnoea	PANUKBB_2025_RELEASE	REGISTER_DIAGNOSIS	discovery_extension/results/ldsc/extension_rg_matrix.tsv	RECOMPUTED_FROM_PRINTED_ESTIMATES	BLOCKED_MISSING_INPUTS	False
sleep_apnea	panukbb_prescriptions__amoxicillin_clavulanic_acid__both_sexes__na__na	0.2824	0.0804	3.5119	0.0004	0.0243	0.0047	1.0614	0.0065	0.0032	0.0053	1217311	1154434	1140959	discovery_extension/logs/rg/rg_sleep_apnea.log	0.001145584725536993	amoxicillin/clavulanic acid	allergy_infectious	PREVIOUSLY_SCREENED	EUR	PRIMARY_EXTENSION_RG_COMPLETE	True	True	PAIR_NOVELTY_AUDIT_REQUIRED	sleep_apnea__panukbb_prescriptions__amoxicillin_clavulanic_acid__both_sexes__na__na	0.0004	3.5124378109452734	0.00044401590394908564	0.00044491537417148816	0.001145584725536993	0.0012742206420185817	0.0012777436084865773	0.12481889564297963	0.4399811043570203	True	0.0004393471417013382	0.0004487250517351081	0.0012582734368534745	0.0012943991876974272	False	finngen_r9_sleep_apnoea	PANUKBB_2025_RELEASE	REGISTER_DIAGNOSIS	discovery_extension/results/ldsc/extension_rg_matrix.tsv	RECOMPUTED_FROM_PRINTED_ESTIMATES	BLOCKED_MISSING_INPUTS	False
sleep_apnea	panukbb_prescriptions__clarithromycin__both_sexes__na__na	0.3524	0.0677	5.2036	1.9541e-07	0.037	0.0066	1.0368	0.0077	0.009	0.0054	1217311	1154434	1140958	discovery_extension/logs/rg/rg_sleep_apnea.log	1.0021025641025641e-06	clarithromycin	allergy_infectious	HIGH_NOVELTY_PRIORITY	EUR	PRIMARY_EXTENSION_RG_COMPLETE	True	True	PAIR_NOVELTY_AUDIT_REQUIRED	sleep_apnea__panukbb_prescriptions__clarithromycin__both_sexes__na__na	1.9541e-07	5.205317577548006	1.9366511469843097e-07	1.9546449380679187e-07	1.0021025641025641e-06	1.0023820195220095e-06	9.93154434350928e-07	0.21971043824663833	0.48508956175336165	True	1.889384515032494e-07	1.9849874609535983e-07	9.647920927825502e-07	1.0179422876685119e-06	False	finngen_r9_sleep_apnoea	PANUKBB_2025_RELEASE	REGISTER_DIAGNOSIS	discovery_extension/results/ldsc/extension_rg_matrix.tsv	RECOMPUTED_FROM_PRINTED_ESTIMATES	BLOCKED_MISSING_INPUTS	False
sleep_apnea	panukbb_categorical__20004__both_sexes__1478__na	0.1449	0.0345	4.1986	2.6862e-05	0.0684	0.0061	1.082	0.0144	-0.0072	0.0061	1217311	1154434	1140958	discovery_extension/logs/rg/rg_sleep_apnea.log	9.94888888888889e-05	Operation code	allergy_infectious	PREVIOUSLY_SCREENED	EUR	PRIMARY_EXTENSION_RG_COMPLETE	True	False	NOT_TIER_A_SCREEN_THRESHOLD	sleep_apnea__panukbb_categorical__20004__both_sexes__1478__na	2.6862e-05	4.199999999999999	2.669149803181276e-05	2.6857024739142765e-05	9.94888888888889e-05	9.947046199682505e-05	9.885740011782503e-05	0.07728124253336813	0.21251875746663187	True	2.5815752789604462e-05	2.7592789392352388e-05	9.561389922075727e-05	0.00010188106852560881	False	finngen_r9_sleep_apnoea	PANUKBB_2025_RELEASE	REGISTER_DIAGNOSIS	discovery_extension/results/ldsc/extension_rg_matrix.tsv	RECOMPUTED_FROM_PRINTED_ESTIMATES	BLOCKED_MISSING_INPUTS	False
sleep_apnea	panukbb_prescriptions__gabapentin__both_sexes__na__na	0.3253	0.0645	5.041	4.6302e-07	0.0923	0.0143	1.0216	0.0071	0.001	0.0058	1217311	1154434	1140959	discovery_extension/logs/rg/rg_sleep_apnea.log	2.2580404858299593e-06	gabapentin	medication_use	HIGH_NOVELTY_PRIORITY	EUR	PRIMARY_EXTENSION_RG_COMPLETE	True	True	PAIR_NOVELTY_AUDIT_REQUIRED	sleep_apnea__panukbb_prescriptions__gabapentin__both_sexes__na__na	4.6302e-07	5.043410852713178	4.573058733097919e-07	4.6310546691593684e-07	2.2580404858299593e-06	2.2581505154411928e-06	2.230760357608741e-06	0.1988823229971665	0.4517176770028335	True	4.4622720708488443e-07	4.686318426926253e-07	2.1767180833408997e-06	2.2953396376781646e-06	False	finngen_r9_sleep_apnoea	PANUKBB_2025_RELEASE	REGISTER_DIAGNOSIS	discovery_extension/results/ldsc/extension_rg_matrix.tsv	RECOMPUTED_FROM_PRINTED_ESTIMATES	BLOCKED_MISSING_INPUTS	False
sleep_apnea	panukbb_prescriptions__paracetamol__both_sexes__na__na	0.372	0.0517	7.1986	6.0812e-13	0.0441	0.0045	1.0783	0.0085	0.0069	0.0056	1217311	1154434	1140956	discovery_extension/logs/rg/rg_sleep_apnea.log	6.401263157894737e-12	paracetamol	medication_use	HIGH_NOVELTY_PRIORITY	EUR	PRIMARY_EXTENSION_RG_COMPLETE	True	True	PAIR_NOVELTY_AUDIT_REQUIRED	sleep_apnea__panukbb_prescriptions__paracetamol__both_sexes__na__na	6.0812e-13	7.195357833655706	6.229716701417366e-13	6.08339230198851e-13	6.401263157894737e-12	6.4035708441984315e-12	6.557596527807754e-12	0.2706698619992792	0.47333013800072077	True	5.877618037869398e-13	6.60175841945405e-13	6.186966355651998e-12	6.969052236889504e-12	False	finngen_r9_sleep_apnoea	PANUKBB_2025_RELEASE	REGISTER_DIAGNOSIS	discovery_extension/results/ldsc/extension_rg_matrix.tsv	RECOMPUTED_FROM_PRINTED_ESTIMATES	BLOCKED_MISSING_INPUTS	False
sleep_apnea	panukbb_prescriptions__amlodipine__both_sexes__na__na	0.2791	0.0414	6.7379	1.6066e-11	0.0921	0.0072	1.0456	0.0084	0.0115	0.0055	1217311	1154434	1140960	discovery_extension/logs/rg/rg_sleep_apnea.log	1.4072408759124088e-10	amlodipine	medication_use	HIGH_NOVELTY_PRIORITY	EUR	PRIMARY_EXTENSION_RG_COMPLETE	True	True	PAIR_NOVELTY_AUDIT_REQUIRED	sleep_apnea__panukbb_prescriptions__amlodipine__both_sexes__na__na	1.6066e-11	6.741545893719807	1.5671021867240505e-11	1.60692094442893e-11	1.4072408759124088e-10	1.4075219951202308e-10	1.3789893877961995e-10	0.1979574910400418	0.36024250895995824	True	1.4692386632624486e-11	1.6710811621083144e-11	1.2869243765802469e-10	1.4744833783308656e-10	False	finngen_r9_sleep_apnoea	PANUKBB_2025_RELEASE	REGISTER_DIAGNOSIS	discovery_extension/results/ldsc/extension_rg_matrix.tsv	RECOMPUTED_FROM_PRINTED_ESTIMATES	BLOCKED_MISSING_INPUTS	False
sleep_apnea	panukbb_prescriptions__orlistat__both_sexes__na__na	0.5881	0.0592	9.933	2.991e-23	0.2468	0.0301	1.0198	0.0071	0.0062	0.0051	1217311	1154434	1140960	discovery_extension/logs/rg/rg_sleep_apnea.log	8.346976744186047e-22	orlistat	medication_use	HIGH_NOVELTY_PRIORITY	EUR	PRIMARY_EXTENSION_RG_COMPLETE	True	True	PAIR_NOVELTY_AUDIT_REQUIRED	sleep_apnea__panukbb_prescriptions__orlistat__both_sexes__na__na	2.991e-23	9.934121621621621	2.9577113518036396e-23	2.991180739794124e-23	8.346976744186047e-22	8.347481134309183e-22	8.38236623635582e-22	0.47207013211522875	0.7041298678847712	True	2.695659450422864e-23	3.2444560562554665e-23	7.522770559319621e-22	9.26987444644419e-22	False	finngen_r9_sleep_apnoea	PANUKBB_2025_RELEASE	REGISTER_DIAGNOSIS	discovery_extension/results/ldsc/extension_rg_matrix.tsv	RECOMPUTED_FROM_PRINTED_ESTIMATES	BLOCKED_MISSING_INPUTS	False
sleep_apnea	panukbb_prescriptions__tramadol__both_sexes__na__na	0.341	0.0516	6.6102	3.8386e-11	0.0826	0.0073	1.0473	0.0084	0.0081	0.0058	1217311	1154434	1140958	discovery_extension/logs/rg/rg_sleep_apnea.log	3.176772413793103e-10	tramadol	medication_use	HIGH_NOVELTY_PRIORITY	EUR	PRIMARY_EXTENSION_RG_COMPLETE	True	True	PAIR_NOVELTY_AUDIT_REQUIRED	sleep_apnea__panukbb_prescriptions__tramadol__both_sexes__na__na	3.8386e-11	6.608527131782946	3.881624066864581e-11	3.838011474569913e-11	3.176772413793103e-10	3.1762853582647555e-10	3.2123785380948256e-10	0.23986585839773322	0.44213414160226683	True	3.692807664322188e-11	4.079483861474653e-11	3.056116687714914e-10	3.3761245750135055e-10	False	finngen_r9_sleep_apnoea	PANUKBB_2025_RELEASE	REGISTER_DIAGNOSIS	discovery_extension/results/ldsc/extension_rg_matrix.tsv	RECOMPUTED_FROM_PRINTED_ESTIMATES	BLOCKED_MISSING_INPUTS	False
sleep_apnea	panukbb_prescriptions__citalopram__both_sexes__na__na	0.2404	0.0632	3.8018	0.0001	0.0609	0.0089	1.0248	0.0077	0.0048	0.0058	1217311	1154434	1140959	discovery_extension/logs/rg/rg_sleep_apnea.log	0.0003225806451612903	citalopram	medication_use	HIGH_NOVELTY_PRIORITY	EUR	PRIMARY_EXTENSION_RG_COMPLETE	True	True	PAIR_NOVELTY_AUDIT_REQUIRED	sleep_apnea__panukbb_prescriptions__citalopram__both_sexes__na__na	0.0001	3.8037974683544302	0.00014249469639444508	0.00014364866575122988	0.0003225806451612903	0.0004646318029689376	0.0004608992875292024	0.11653027617706857	0.36426972382293143	True	0.00014032146383231072	0.0001446960878502399	0.00045386996387809396	0.0004680196911598056	False	finngen_r9_sleep_apnoea	PANUKBB_2025_RELEASE	REGISTER_DIAGNOSIS	discovery_extension/results/ldsc/extension_rg_matrix.tsv	RECOMPUTED_FROM_PRINTED_ESTIMATES	BLOCKED_MISSING_INPUTS	False
sleep_apnea	panukbb_prescriptions__bendroflumethiazide__both_sexes__na__na	0.3131	0.0429	7.2945	2.9973e-13	0.1062	0.0089	1.057	0.0086	0.0033	0.0063	1217311	1154434	1140959	discovery_extension/logs/rg/rg_sleep_apnea.log	3.2697818181818177e-12	bendroflumethiazide	medication_use	HIGH_NOVELTY_PRIORITY	EUR	PRIMARY_EXTENSION_RG_COMPLETE	True	True	PAIR_NOVELTY_AUDIT_REQUIRED	sleep_apnea__panukbb_prescriptions__bendroflumethiazide__both_sexes__na__na	2.9973e-13	7.298368298368298	2.9127842380218916e-13	2.9977022725310996e-13	3.2697818181818177e-12	3.2702206609430176e-12	3.177582805114791e-12	0.2290175450632317	0.3971824549367683	True	2.710442358541222e-13	3.129419352482543e-13	2.956846209317697e-12	3.4139120208900472e-12	False	finngen_r9_sleep_apnoea	PANUKBB_2025_RELEASE	REGISTER_DIAGNOSIS	discovery_extension/results/ldsc/extension_rg_matrix.tsv	RECOMPUTED_FROM_PRINTED_ESTIMATES	BLOCKED_MISSING_INPUTS	False
sleep_apnea	panukbb_categorical__20003__both_sexes__1140874420__na	0.3512	0.0741	4.7364	2.1756e-06	0.2565	0.0518	0.9995	0.0077	-0.0035	0.0057	1217311	1154434	1140958	discovery_extension/logs/rg/rg_sleep_apnea.log	9.598235294117647e-06	Treatment/medication code	medication_use	PREVIOUSLY_SCREENED	EUR	PRIMARY_EXTENSION_RG_COMPLETE	True	True	PAIR_NOVELTY_AUDIT_REQUIRED	sleep_apnea__panukbb_categorical__20003__both_sexes__1140874420__na	2.1756e-06	4.7395411605937925	2.142027211202887e-06	2.1754800871632767e-06	9.598235294117647e-06	9.59770626689681e-06	9.484991341119796e-06	0.205966668745582	0.496433331254418	True	2.1014347091008943e-06	2.1833159278745736e-06	9.305245944358202e-06	9.667819606824679e-06	False	finngen_r9_sleep_apnoea	PANUKBB_2025_RELEASE	REGISTER_DIAGNOSIS	discovery_extension/results/ldsc/extension_rg_matrix.tsv	RECOMPUTED_FROM_PRINTED_ESTIMATES	BLOCKED_MISSING_INPUTS	False
sleep_apnea	panukbb_categorical__20003__both_sexes__1140881856__na	0.2904	0.0696	4.171	3.0321e-05	0.1349	0.0285	0.9957	0.0072	-0.0062	0.0052	1217311	1154434	1140958	discovery_extension/logs/rg/rg_sleep_apnea.log	0.00011025818181818182	Treatment/medication code	medication_use	PREVIOUSLY_SCREENED	EUR	PRIMARY_EXTENSION_RG_COMPLETE	True	True	PAIR_NOVELTY_AUDIT_REQUIRED	sleep_apnea__panukbb_categorical__20003__both_sexes__1140881856__na	3.0321e-05	4.172413793103448	3.01389645416632e-05	3.032658622126111e-05	0.00011025818181818182	0.0001102784953500404	0.00010959623469695709	0.15398650667601224	0.42681349332398777	True	2.9650743855422356e-05	3.063410161069492e-05	0.00010782088674699039	0.00011139673312979971	False	finngen_r9_sleep_apnoea	PANUKBB_2025_RELEASE	REGISTER_DIAGNOSIS	discovery_extension/results/ldsc/extension_rg_matrix.tsv	RECOMPUTED_FROM_PRINTED_ESTIMATES	BLOCKED_MISSING_INPUTS	False
sleep_apnea	panukbb_categorical__6149__both_sexes__3__na	0.2183	0.042	5.1934	2.0645e-07	0.0474	0.0034	1.0209	0.0076	-0.0045	0.0059	1217311	1154434	1140953	discovery_extension/logs/rg/rg_sleep_apnea.log	1.0542127659574467e-06	Mouth/teeth dental problems	oral_dental	PREVIOUSLY_SCREENED	EUR	PRIMARY_EXTENSION_RG_COMPLETE	True	True	PAIR_NOVELTY_AUDIT_REQUIRED	sleep_apnea__panukbb_categorical__6149__both_sexes__3__na	2.0645e-07	5.197619047619047	2.0185726680656038e-07	2.0648787536648155e-07	1.0542127659574467e-06	1.0544061720841612e-06	1.0263928820672562e-06	0.13598151264931774	0.30061848735068225	True	1.939903806316724e-07	2.1001225388086845e-07	9.86391765923758e-07	1.0724029985406048e-06	False	finngen_r9_sleep_apnoea	PANUKBB_2025_RELEASE	REGISTER_DIAGNOSIS	discovery_extension/results/ldsc/extension_rg_matrix.tsv	RECOMPUTED_FROM_PRINTED_ESTIMATES	BLOCKED_MISSING_INPUTS	False
sleep_apnea	panukbb_categorical__6149__both_sexes__4__na	0.2147	0.054	3.9723	7.1188e-05	0.0771	0.0092	1.0213	0.0073	0.0024	0.0055	1217311	1154434	1140956	discovery_extension/logs/rg/rg_sleep_apnea.log	0.0002426863636363636	Mouth/teeth dental problems	oral_dental	HIGH_NOVELTY_PRIORITY	EUR	PRIMARY_EXTENSION_RG_COMPLETE	True	True	PAIR_NOVELTY_AUDIT_REQUIRED	sleep_apnea__panukbb_categorical__6149__both_sexes__4__na	7.1188e-05	3.975925925925926	7.010594637081667e-05	7.118199407194547e-05	0.0002426863636363636	0.00024266588888163226	0.00023899754444596592	0.10886194483483709	0.3205380551651629	True	6.875960610525713e-05	7.147463972269473e-05	0.00023440774808610384	0.00024366354450918657	False	finngen_r9_sleep_apnoea	PANUKBB_2025_RELEASE	REGISTER_DIAGNOSIS	discovery_extension/results/ldsc/extension_rg_matrix.tsv	RECOMPUTED_FROM_PRINTED_ESTIMATES	BLOCKED_MISSING_INPUTS	False
sleep_apnea	panukbb_categorical__6149__both_sexes__6__na	0.1309	0.0359	3.6456	0.0003	0.0878	0.0043	1.0689	0.0105	-0.0056	0.0069	1217311	1154434	1140955	discovery_extension/logs/rg/rg_sleep_apnea.log	0.0008866995073891625	Mouth/teeth dental problems	oral_dental	PREVIOUSLY_SCREENED	EUR	PRIMARY_EXTENSION_RG_COMPLETE	True	False	NOT_TIER_A_SCREEN_THRESHOLD	sleep_apnea__panukbb_categorical__6149__both_sexes__6__na	0.0003	3.6462395543175483	0.0002661059196573539	0.0002667686513225438	0.0008866995073891625	0.0008229367135913948	0.0008230079989402698	0.06053729295501205	0.20126270704498794	True	0.00025947746030890605	0.0002728737590126643	0.000799469039932241	0.0008439394608639103	False	finngen_r9_sleep_apnoea	PANUKBB_2025_RELEASE	REGISTER_DIAGNOSIS	discovery_extension/results/ldsc/extension_rg_matrix.tsv	RECOMPUTED_FROM_PRINTED_ESTIMATES	BLOCKED_MISSING_INPUTS	False
sleep_apnea	panukbb_categorical__5001__both_sexes__5001__na	-0.1359	0.0548	-2.4797	0.0132	0.1132	0.0135	1.0049	0.0069	0.0039	0.0054	1217311	1154434	1140948	discovery_extension/logs/rg/rg_sleep_apnea.log	0.028134991119005328	FI7 : synonym	cognitive	PREVIOUSLY_SCREENED	EUR	PRIMARY_EXTENSION_RG_COMPLETE	True	False	NOT_TIER_A_SCREEN_THRESHOLD	sleep_apnea__panukbb_categorical__5001__both_sexes__5001__na	0.0132	-2.47992700729927	0.013140928048939146	0.013149296370418673	0.028134991119005328	0.02802691943961351	0.028009082875181127	-0.24330602635279497	-0.02849397364720503	True	0.013024268228075113	0.013258295711177518	0.027760429615790647	0.028259244855085294	False	finngen_r9_sleep_apnoea	PANUKBB_2025_RELEASE	REGISTER_DIAGNOSIS	discovery_extension/results/ldsc/extension_rg_matrix.tsv	RECOMPUTED_FROM_PRINTED_ESTIMATES	BLOCKED_MISSING_INPUTS	False
sleep_apnea	panukbb_continuous__20515__both_sexes__na__na	0.2906	0.0498	5.8365	5.3309e-09	0.0421	0.0042	1.0168	0.0072	-0.0009	0.0056	1217311	1154434	1140970	discovery_extension/logs/rg/rg_sleep_apnea.log	3.439290322580645e-08	Recent trouble relaxing	mental_psychosocial	UNDEREXPLORED	EUR	PRIMARY_EXTENSION_RG_COMPLETE	True	True	PAIR_NOVELTY_AUDIT_REQUIRED	sleep_apnea__panukbb_continuous__20515__both_sexes__na__na	5.3309e-09	5.835341365461848	5.368054848082815e-09	5.330876244797022e-09	3.439290322580645e-08	3.43927499664324e-08	3.463261192311494e-08	0.19299379356990534	0.38820620643009474	True	5.151248469676484e-09	5.5932670417064506e-09	3.323386109468699e-08	3.608559381746097e-08	False	finngen_r9_sleep_apnoea	PANUKBB_2025_RELEASE	REGISTER_DIAGNOSIS	discovery_extension/results/ldsc/extension_rg_matrix.tsv	RECOMPUTED_FROM_PRINTED_ESTIMATES	BLOCKED_MISSING_INPUTS	False
sleep_apnea	panukbb_continuous__20520__both_sexes__na__na	0.2531	0.0553	4.5784	4.685e-06	0.0465	0.0047	1.0232	0.0078	0.0011	0.0067	1217311	1154434	1140971	discovery_extension/logs/rg/rg_sleep_apnea.log	1.9657342657342657e-05	Recent worrying too much about different things	mental_psychosocial	UNDEREXPLORED	EUR	PRIMARY_EXTENSION_RG_COMPLETE	True	True	PAIR_NOVELTY_AUDIT_REQUIRED	sleep_apnea__panukbb_continuous__20520__both_sexes__na__na	4.685e-06	4.5768535262206145	4.720217104726049e-06	4.685460654917061e-06	1.9657342657342657e-05	1.9659275475176476e-05	1.980510673311629e-05	0.14471399165493498	0.361486008345065	True	4.607692377709546e-06	4.835160838436903e-06	1.9332975011368725e-05	2.0358571951313277e-05	False	finngen_r9_sleep_apnoea	PANUKBB_2025_RELEASE	REGISTER_DIAGNOSIS	discovery_extension/results/ldsc/extension_rg_matrix.tsv	RECOMPUTED_FROM_PRINTED_ESTIMATES	BLOCKED_MISSING_INPUTS	False
sleep_apnea	panukbb_continuous__20485__both_sexes__na__na	0.2104	0.0482	4.3664	1.2629e-05	0.045	0.0045	1.0452	0.0076	0.0009	0.0058	1217311	1154434	1140972	discovery_extension/logs/rg/rg_sleep_apnea.log	4.888645161290323e-05	Ever contemplated self-harm	mental_psychosocial	UNDEREXPLORED	EUR	PRIMARY_EXTENSION_RG_COMPLETE	True	True	PAIR_NOVELTY_AUDIT_REQUIRED	sleep_apnea__panukbb_continuous__20485__both_sexes__na__na	1.2629e-05	4.365145228215768	1.2703832829004994e-05	1.2631107564468932e-05	4.888645161290323e-05	4.889460992697651e-05	4.917612708001933e-05	0.1159297359451694	0.30487026405483064	True	1.2383949011892679e-05	1.303090383204378e-05	4.793786714281037e-05	5.0442208382104956e-05	False	finngen_r9_sleep_apnoea	PANUKBB_2025_RELEASE	REGISTER_DIAGNOSIS	discovery_extension/results/ldsc/extension_rg_matrix.tsv	RECOMPUTED_FROM_PRINTED_ESTIMATES	BLOCKED_MISSING_INPUTS	False
sleep_apnea	panukbb_continuous__20498__both_sexes__na__na	0.2895	0.0427	6.7815	1.1897e-11	0.0535	0.0042	1.0105	0.0069	-0.003	0.0056	1217311	1154434	1140574	discovery_extension/logs/rg/rg_sleep_apnea.log	1.0734135338345865e-10	Felt very upset when reminded of stressful experience in past month	mental_psychosocial	PREVIOUSLY_SCREENED	EUR	PRIMARY_EXTENSION_RG_COMPLETE	True	True	PAIR_NOVELTY_AUDIT_REQUIRED	sleep_apnea__panukbb_continuous__20498__both_sexes__na__na	1.1897e-11	6.779859484777517	1.2029282160028567e-11	1.1893447790139849e-11	1.0734135338345865e-10	1.0730930336968284e-10	1.0692695253358726e-10	0.20580953786013967	0.3731904621398603	True	1.1292903862843472e-11	1.2810742902142748e-11	1.0045360131219375e-10	1.1387327024126887e-10	False	finngen_r9_sleep_apnoea	PANUKBB_2025_RELEASE	REGISTER_DIAGNOSIS	discovery_extension/results/ldsc/extension_rg_matrix.tsv	RECOMPUTED_FROM_PRINTED_ESTIMATES	BLOCKED_MISSING_INPUTS	False
sleep_apnea	panukbb_categorical__6145__both_sexes__6__na	0.3163	0.0368	8.5929	8.4831e-18	0.0757	0.0045	1.0201	0.0084	0.0037	0.0061	1217311	1154434	1140949	discovery_extension/logs/rg/rg_sleep_apnea.log	1.5661107692307693e-16	Illness, injury, bereavement, stress in last 2 years	mental_psychosocial	UNDEREXPLORED	EUR	PRIMARY_EXTENSION_RG_COMPLETE	True	True	PAIR_NOVELTY_AUDIT_REQUIRED	sleep_apnea__panukbb_categorical__6145__both_sexes__6__na	8.4831e-18	8.595108695652176	8.318601893989151e-18	8.480133674042164e-18	1.5661107692307693e-16	1.5655631398231687e-16	1.535741888121074e-16	0.24417332536892605	0.388426674631074	True	7.424047229958906e-18	9.316506356630891e-18	1.3705933347616444e-16	1.7199704043010876e-16	False	finngen_r9_sleep_apnoea	PANUKBB_2025_RELEASE	REGISTER_DIAGNOSIS	discovery_extension/results/ldsc/extension_rg_matrix.tsv	RECOMPUTED_FROM_PRINTED_ESTIMATES	BLOCKED_MISSING_INPUTS	False
sleep_apnea	panukbb_categorical__2020__both_sexes__2020__na	0.2827	0.0375	7.5305	5.0544e-14	0.0615	0.0033	1.0254	0.0078	0.0001	0.0061	1217311	1154434	1140957	discovery_extension/logs/rg/rg_sleep_apnea.log	5.94635294117647e-13	Loneliness, isolation	mental_psychosocial	PREVIOUSLY_SCREENED	EUR	PRIMARY_EXTENSION_RG_COMPLETE	True	True	PAIR_NOVELTY_AUDIT_REQUIRED	sleep_apnea__panukbb_categorical__2020__both_sexes__2020__na	5.0544e-14	7.538666666666667	4.748008829748532e-14	5.054639118414288e-14	5.94635294117647e-13	5.946634256957986e-13	5.59468458518335e-13	0.20920135057974798	0.35619864942025203	True	4.350352017104757e-14	5.180147819383479e-14	5.118061196593832e-13	6.201032692364144e-13	False	finngen_r9_sleep_apnoea	PANUKBB_2025_RELEASE	REGISTER_DIAGNOSIS	discovery_extension/results/ldsc/extension_rg_matrix.tsv	RECOMPUTED_FROM_PRINTED_ESTIMATES	BLOCKED_MISSING_INPUTS	False
sleep_apnea	panukbb_categorical__2040__both_sexes__2040__na	0.1339	0.0372	3.5943	0.0003	0.067	0.0034	1.0289	0.0103	-0.0009	0.0068	1217311	1154434	1140952	discovery_extension/logs/rg/rg_sleep_apnea.log	0.0008866995073891625	Risk taking	mental_psychosocial	HEAVILY_STUDIED	EUR	PRIMARY_EXTENSION_RG_COMPLETE	True	False	NOT_TIER_A_SCREEN_THRESHOLD	sleep_apnea__panukbb_categorical__2040__both_sexes__2040__na	0.0003	3.599462365591398	0.00031887577649353726	0.0003252648865203528	0.0008866995073891625	0.0009670842862775747	0.0009554328846309475	0.06098933977510998	0.20681066022489	True	0.000311369262236503	0.0003265305930850525	0.0009317783408573656	0.0009795917792551575	False	finngen_r9_sleep_apnoea	PANUKBB_2025_RELEASE	REGISTER_DIAGNOSIS	discovery_extension/results/ldsc/extension_rg_matrix.tsv	RECOMPUTED_FROM_PRINTED_ESTIMATES	BLOCKED_MISSING_INPUTS	False
sleep_apnea	panukbb_categorical__1538__both_sexes__1__na	0.45	0.0379	11.8566	1.99e-32	0.0702	0.0042	1.028	0.0076	-0.0041	0.0057	1217311	1154434	1140959	discovery_extension/logs/rg/rg_sleep_apnea.log	1.1371428571428571e-30	Major dietary changes in the last 5 years	diet	UNDEREXPLORED	EUR	PRIMARY_EXTENSION_RG_COMPLETE	True	True	PAIR_NOVELTY_AUDIT_REQUIRED	sleep_apnea__panukbb_categorical__1538__both_sexes__1__na	1.99e-32	11.87335092348285	1.6281302846689785e-32	1.988884649884028e-32	1.1371428571428571e-30	1.1365055142194446e-30	9.303601626679877e-31	0.37571736498593195	0.524282635014068	True	1.3283809115627283e-32	1.9938780152487268e-32	7.590748066072733e-31	1.1393588658564153e-30	False	finngen_r9_sleep_apnoea	PANUKBB_2025_RELEASE	REGISTER_DIAGNOSIS	discovery_extension/results/ldsc/extension_rg_matrix.tsv	RECOMPUTED_FROM_PRINTED_ESTIMATES	BLOCKED_MISSING_INPUTS	False
sleep_apnea	panukbb_categorical__1418__both_sexes__1__na	-0.248	0.0486	-5.101	3.3785e-07	0.0603	0.0063	1.0197	0.0075	0.0023	0.0057	1217311	1154434	1140960	discovery_extension/logs/rg/rg_sleep_apnea.log	1.6683950617283951e-06	Milk type used	diet	UNDEREXPLORED	EUR	PRIMARY_EXTENSION_RG_COMPLETE	True	True	PAIR_NOVELTY_AUDIT_REQUIRED	sleep_apnea__panukbb_categorical__1418__both_sexes__1__na	3.3785e-07	-5.102880658436214	3.3452197106848495e-07	3.378635628677229e-07	1.6683950617283951e-06	1.6684620388529526e-06	1.651960350955481e-06	-0.3432542496486466	-0.15274575035135338	True	3.2358429279454464e-07	3.457925431794217e-07	1.5979471249113315e-06	1.7076174971823291e-06	False	finngen_r9_sleep_apnoea	PANUKBB_2025_RELEASE	REGISTER_DIAGNOSIS	discovery_extension/results/ldsc/extension_rg_matrix.tsv	RECOMPUTED_FROM_PRINTED_ESTIMATES	BLOCKED_MISSING_INPUTS	False
sleep_apnea	panukbb_continuous__1548__both_sexes__na__na	0.2503	0.0332	7.5429	4.5974e-14	0.0439	0.0022	1.0304	0.0088	0.0004	0.0057	1217311	1154434	1140959	discovery_extension/logs/rg/rg_sleep_apnea.log	5.462257425742574e-13	Variation in diet	diet	PREVIOUSLY_SCREENED	EUR	PRIMARY_EXTENSION_RG_COMPLETE	True	True	PAIR_NOVELTY_AUDIT_REQUIRED	sleep_apnea__panukbb_continuous__1548__both_sexes__na__na	4.5974e-14	7.539156626506025	4.7302057003897724e-14	4.5963361573882823e-14	5.462257425742574e-13	5.460993454322712e-13	5.59468458518335e-13	0.18522919571327023	0.3153708042867298	True	4.2850534057260384e-14	5.2192025160731556e-14	5.09115256125866e-13	6.201032692364144e-13	False	finngen_r9_sleep_apnoea	PANUKBB_2025_RELEASE	REGISTER_DIAGNOSIS	discovery_extension/results/ldsc/extension_rg_matrix.tsv	RECOMPUTED_FROM_PRINTED_ESTIMATES	BLOCKED_MISSING_INPUTS	False
sleep_apnea	panukbb_categorical__1468__both_sexes__4__na	-0.1742	0.0315	-5.5208	3.3743e-08	0.0725	0.0036	1.0432	0.0084	0.0025	0.0056	1217311	1154434	1140952	discovery_extension/logs/rg/rg_sleep_apnea.log	1.9751999999999998e-07	Cereal type	diet	PREVIOUSLY_SCREENED	EUR	PRIMARY_EXTENSION_RG_COMPLETE	True	True	PAIR_NOVELTY_AUDIT_REQUIRED	sleep_apnea__panukbb_categorical__1468__both_sexes__4__na	3.3743e-08	-5.53015873015873	3.199411528853918e-08	3.374597073340549e-08	1.9751999999999998e-07	1.9753738965895895e-07	1.8728262607925374e-07	-0.2359388655130117	-0.11246113448698829	True	3.0153941913851026e-08	3.3936673926969604e-08	1.7651087949571332e-07	1.9865370103591962e-07	False	finngen_r9_sleep_apnoea	PANUKBB_2025_RELEASE	REGISTER_DIAGNOSIS	discovery_extension/results/ldsc/extension_rg_matrix.tsv	RECOMPUTED_FROM_PRINTED_ESTIMATES	BLOCKED_MISSING_INPUTS	False
sleep_apnea	panukbb_continuous__2237__both_sexes__na__na	0.1523	0.0278	5.4865	4.0993e-08	0.0747	0.003	1.0717	0.01	0.0017	0.0065	1217311	1154434	1140962	discovery_extension/logs/rg/rg_sleep_apnea.log	2.3649807692307696e-07	Plays computer games	digital_environment	PREVIOUSLY_SCREENED	EUR	PRIMARY_EXTENSION_RG_COMPLETE	True	True	PAIR_NOVELTY_AUDIT_REQUIRED	sleep_apnea__panukbb_continuous__2237__both_sexes__na__na	4.0993e-08	5.4784172661870505	4.291471613303589e-08	4.099754232286203e-08	2.3649807692307696e-07	2.3652428263189632e-07	2.475849007675147e-07	0.09781300122978649	0.2067869987702135	True	4.017287820834371e-08	4.5826783764325836e-08	2.3176660504813679e-07	2.6438529094803365e-07	False	finngen_r9_sleep_apnoea	PANUKBB_2025_RELEASE	REGISTER_DIAGNOSIS	discovery_extension/results/ldsc/extension_rg_matrix.tsv	RECOMPUTED_FROM_PRINTED_ESTIMATES	BLOCKED_MISSING_INPUTS	False
sleep_apnea	panukbb_continuous__943__both_sexes__na__na	-0.1832	0.0351	-5.2136	1.8523e-07	0.0353	0.0019	1.0519	0.0079	-0.0011	0.0062	1217311	1154434	1140963	discovery_extension/logs/rg/rg_sleep_apnea.log	9.580862068965517e-07	Frequency of stair climbing in last 4 weeks	physical_activity	PREVIOUSLY_SCREENED	EUR	PRIMARY_EXTENSION_RG_COMPLETE	True	True	PAIR_NOVELTY_AUDIT_REQUIRED	sleep_apnea__panukbb_continuous__943__both_sexes__na__na	1.8523e-07	-5.219373219373219	1.7952965944835696e-07	1.852106136240656e-07	9.580862068965517e-07	9.579859325382704e-07	9.326216075239323e-07	-0.2519947358573559	-0.11440526414264411	True	1.7112631150708772e-07	1.8830566725747832e-07	8.907317254513178e-07	9.739948306421291e-07	False	finngen_r9_sleep_apnoea	PANUKBB_2025_RELEASE	REGISTER_DIAGNOSIS	discovery_extension/results/ldsc/extension_rg_matrix.tsv	RECOMPUTED_FROM_PRINTED_ESTIMATES	BLOCKED_MISSING_INPUTS	False
sleep_apnea	panukbb_continuous__904__both_sexes__na__na	-0.1482	0.0364	-4.0692	4.7175e-05	0.0352	0.002	1.0529	0.0087	0.0116	0.0061	1217311	1154434	1140952	discovery_extension/logs/rg/rg_sleep_apnea.log	0.0001660117302052786	Number of days/week of vigorous physical activity 10+ minutes	physical_activity	PREVIOUSLY_SCREENED	EUR	PRIMARY_EXTENSION_RG_COMPLETE	True	False	NOT_TIER_A_SCREEN_THRESHOLD	sleep_apnea__panukbb_continuous__904__both_sexes__na__na	4.7175e-05	-4.071428571428571	4.672569085794148e-05	4.717483955186328e-05	0.0001660117302052786	0.0001660111655784045	0.00016443058366431018	-0.219542689037258	-0.07685731096274202	True	4.534584095225825e-05	4.8141342366449215e-05	0.000159574806870117	0.00016941234850363358	False	finngen_r9_sleep_apnoea	PANUKBB_2025_RELEASE	REGISTER_DIAGNOSIS	discovery_extension/results/ldsc/extension_rg_matrix.tsv	RECOMPUTED_FROM_PRINTED_ESTIMATES	BLOCKED_MISSING_INPUTS	False
sleep_apnea	panukbb_categorical__6164__both_sexes__5__na	-0.2498	0.0347	-7.2007	5.9895e-13	0.0314	0.0018	1.0271	0.0083	0.0092	0.0055	1217311	1154434	1140962	discovery_extension/logs/rg/rg_sleep_apnea.log	6.360530973451327e-12	Types of physical activity in last 4 weeks	physical_activity	UNDEREXPLORED	EUR	PRIMARY_EXTENSION_RG_COMPLETE	True	True	PAIR_NOVELTY_AUDIT_REQUIRED	sleep_apnea__panukbb_categorical__6164__both_sexes__5__na	5.9895e-13	-7.198847262247838	6.072372451309479e-13	5.990421872448096e-13	6.360530973451327e-12	6.361509953042226e-12	6.448537116434845e-12	-0.3178107502635399	-0.1817892497364601	True	5.567388047793757e-13	6.620599625045028e-13	5.912270493232309e-12	6.969052236889504e-12	False	finngen_r9_sleep_apnoea	PANUKBB_2025_RELEASE	REGISTER_DIAGNOSIS	discovery_extension/results/ldsc/extension_rg_matrix.tsv	RECOMPUTED_FROM_PRINTED_ESTIMATES	BLOCKED_MISSING_INPUTS	False
sleep_apnea	panukbb_continuous__924__both_sexes__na__na	-0.4098	0.0272	-15.05	3.4526e-51	0.0821	0.0026	1.0605	0.0101	0.0137	0.0069	1217311	1154434	1140961	discovery_extension/logs/rg/rg_sleep_apnea.log	6.9052e-49	Usual walking pace	physical_activity	PREVIOUSLY_SCREENED	EUR	PRIMARY_EXTENSION_RG_COMPLETE	True	True	PAIR_NOVELTY_AUDIT_REQUIRED	sleep_apnea__panukbb_continuous__924__both_sexes__na__na	3.4526e-51	-15.066176470588236	2.703105825178437e-51	3.452343021315017e-51	6.9052e-49	6.904686042630033e-49	5.406211650356874e-49	-0.4631110203794895	-0.3564889796205105	True	1.7267544526815138e-51	4.2208972516564786e-51	3.4535089053630274e-49	8.441794503312957e-49	False	finngen_r9_sleep_apnoea	PANUKBB_2025_RELEASE	REGISTER_DIAGNOSIS	discovery_extension/results/ldsc/extension_rg_matrix.tsv	RECOMPUTED_FROM_PRINTED_ESTIMATES	BLOCKED_MISSING_INPUTS	False
sleep_apnea	panukbb_categorical__6138__both_sexes__5__na	0.1365	0.053	2.5764	0.01	0.0213	0.0022	1.0134	0.0069	0.0102	0.0056	1217311	1154434	1140957	discovery_extension/logs/rg/rg_sleep_apnea.log	0.021897810218978103	Qualifications	socioeconomic_occupational	UNDEREXPLORED	EUR	PRIMARY_EXTENSION_RG_COMPLETE	True	False	NOT_TIER_A_SCREEN_THRESHOLD	sleep_apnea__panukbb_categorical__6138__both_sexes__5__na	0.01	2.575471698113208	0.010010346529710612	0.009983507877654072	0.021897810218978103	0.021861696082454172	0.021920466853380904	0.032621908819377154	0.24037809118062287	True	0.00991304037467962	0.010108316669487057	0.02170738768178019	0.022135000006176037	False	finngen_r9_sleep_apnoea	PANUKBB_2025_RELEASE	REGISTER_DIAGNOSIS	discovery_extension/results/ldsc/extension_rg_matrix.tsv	RECOMPUTED_FROM_PRINTED_ESTIMATES	BLOCKED_MISSING_INPUTS	False
sleep_apnea	panukbb_continuous__816__both_sexes__na__na	0.1402	0.0313	4.473	7.712e-06	0.0838	0.0041	1.0781	0.0098	-0.0014	0.0066	1217311	1154434	1140921	discovery_extension/logs/rg/rg_sleep_apnea.log	3.137084745762712e-05	Job involves heavy manual or physical work	socioeconomic_occupational	PREVIOUSLY_SCREENED	EUR	PRIMARY_EXTENSION_RG_COMPLETE	True	False	NOT_TIER_A_SCREEN_THRESHOLD	sleep_apnea__panukbb_continuous__816__both_sexes__na__na	7.712e-06	4.47923322683706	7.491164853423263e-06	7.712977746622991e-06	3.137084745762712e-05	3.137482473202572e-05	3.0472534996975983e-05	0.07885312728389629	0.2015468727161037	True	7.189492891440135e-06	7.803898085099363e-06	2.924539481263784e-05	3.174467017667538e-05	False	finngen_r9_sleep_apnoea	PANUKBB_2025_RELEASE	REGISTER_DIAGNOSIS	discovery_extension/results/ldsc/extension_rg_matrix.tsv	RECOMPUTED_FROM_PRINTED_ESTIMATES	BLOCKED_MISSING_INPUTS	False
sleep_apnea	panukbb_continuous__699__both_sexes__na__irnt	-0.188	0.0418	-4.5033	6.6905e-06	0.0281	0.0021	1.0297	0.0079	0.0161	0.0061	1217311	1154434	1140962	discovery_extension/logs/rg/rg_sleep_apnea.log	2.7495205479452057e-05	Length of time at current address	socioeconomic_occupational	UNDEREXPLORED	EUR	PRIMARY_EXTENSION_RG_COMPLETE	True	True	PAIR_NOVELTY_AUDIT_REQUIRED	sleep_apnea__panukbb_continuous__699__both_sexes__na__irnt	6.6905e-06	-4.497607655502392	6.8722365470587855e-06	6.690633167836188e-06	2.7495205479452057e-05	2.749575274453228e-05	2.824206800161145e-05	-0.26992649455377427	-0.10607350544622575	True	6.6626070230160065e-06	7.087642823995746e-06	2.7380576806915096e-05	2.918769468937119e-05	False	finngen_r9_sleep_apnoea	PANUKBB_2025_RELEASE	REGISTER_DIAGNOSIS	discovery_extension/results/ldsc/extension_rg_matrix.tsv	RECOMPUTED_FROM_PRINTED_ESTIMATES	BLOCKED_MISSING_INPUTS	False
sleep_apnea	panukbb_icd10__z95__both_sexes__na__na	0.3028	0.0424	7.1444	9.0362e-13	0.1318	0.0136	1.0101	0.0084	0.0041	0.0054	1217311	1154434	1140954	discovery_extension/logs/rg/rg_sleep_apnea.log	9.429078260869566e-12	Z95 Presence of cardiac and vascular implants and grafts	other_clinical	UNDEREXPLORED	EUR	PRIMARY_EXTENSION_RG_COMPLETE	True	True	PAIR_NOVELTY_AUDIT_REQUIRED	sleep_apnea__panukbb_icd10__z95__both_sexes__na__na	9.0362e-13	7.1415094339622645	9.231153856539471e-13	9.03898324674208e-13	9.429078260869566e-12	9.431982518339561e-12	9.632508372041187e-12	0.21969752705550172	0.3859024729444983	True	8.607169666942099e-13	9.897846890903631e-13	8.981394435070016e-12	1.0328188060073355e-11	False	finngen_r9_sleep_apnoea	PANUKBB_2025_RELEASE	REGISTER_DIAGNOSIS	discovery_extension/results/ldsc/extension_rg_matrix.tsv	RECOMPUTED_FROM_PRINTED_ESTIMATES	BLOCKED_MISSING_INPUTS	False
sleep_apnea	panukbb_categorical__20002__both_sexes__1226__na	0.14	0.0448	3.1249	0.0018	0.2558	0.0287	1.0285	0.0179	0.0023	0.0074	1217311	1154434	1140958	discovery_extension/logs/rg/rg_sleep_apnea.log	0.0046351931330472105	Non-cancer illness code, self-reported	other_clinical	PREVIOUSLY_SCREENED	EUR	PRIMARY_EXTENSION_RG_COMPLETE	True	False	NOT_TIER_A_SCREEN_THRESHOLD	sleep_apnea__panukbb_categorical__20002__both_sexes__1226__na	0.0018	3.1250000000000004	0.0017780505982168632	0.0017786551442783014	0.0046351931330472105	0.004599970200719745	0.004598406719526371	0.052193613492605595	0.22780638650739443	True	0.0017503915571729861	0.0018060478775973187	0.0045268747168266885	0.00467081347654479	False	finngen_r9_sleep_apnoea	PANUKBB_2025_RELEASE	REGISTER_DIAGNOSIS	discovery_extension/results/ldsc/extension_rg_matrix.tsv	RECOMPUTED_FROM_PRINTED_ESTIMATES	BLOCKED_MISSING_INPUTS	False
sleep_apnea	panukbb_continuous__135__both_sexes__na__na	0.4595	0.028	16.3943	2.0995e-60	0.0661	0.0025	1.0588	0.0118	-0.002	0.0064	1217311	1154434	1140961	discovery_extension/logs/rg/rg_sleep_apnea.log	1.2597e-57	Number of self-reported non-cancer illnesses	other_clinical	PREVIOUSLY_SCREENED	EUR	PRIMARY_EXTENSION_RG_COMPLETE	True	True	PAIR_NOVELTY_AUDIT_REQUIRED	sleep_apnea__panukbb_continuous__135__both_sexes__na__na	2.0995e-60	16.410714285714285	1.6030832303995106e-60	2.1004626841328153e-60	1.2597e-57	1.2602776104796892e-57	9.618499382397064e-58	0.4046210084328785	0.5143789915671215	True	9.592825505104272e-61	2.6714867522318017e-60	5.755695303062563e-58	1.602892051339081e-57	False	finngen_r9_sleep_apnoea	PANUKBB_2025_RELEASE	REGISTER_DIAGNOSIS	discovery_extension/results/ldsc/extension_rg_matrix.tsv	RECOMPUTED_FROM_PRINTED_ESTIMATES	BLOCKED_MISSING_INPUTS	False
sleep_apnea	panukbb_categorical__20117__both_sexes__2__na	-0.186	0.0443	-4.1949	2.73e-05	0.0856	0.0068	1.0347	0.0078	0.0057	0.0061	1217311	1154434	1140964	discovery_extension/logs/rg/rg_sleep_apnea.log	0.0001008	Alcohol drinker status	alcohol_tobacco	UNDEREXPLORED	EUR	PRIMARY_EXTENSION_RG_COMPLETE	True	True	PAIR_NOVELTY_AUDIT_REQUIRED	sleep_apnea__panukbb_categorical__20117__both_sexes__2__na	2.73e-05	-4.198645598194131	2.685161816667807e-05	2.7299199955163576e-05	0.0001008	0.00010079704598829628	9.914443630773442e-05	-0.2728264045151244	-0.0991735954848756	True	2.616370654138732e-05	2.7555097612180562e-05	9.66044549220455e-05	0.00010188106852560881	False	finngen_r9_sleep_apnoea	PANUKBB_2025_RELEASE	REGISTER_DIAGNOSIS	discovery_extension/results/ldsc/extension_rg_matrix.tsv	RECOMPUTED_FROM_PRINTED_ESTIMATES	BLOCKED_MISSING_INPUTS	False
sleep_apnea	panukbb_continuous__1259__both_sexes__na__na	0.156	0.0546	2.8587	0.0043	0.0106	0.0016	1.016	0.0074	0.0014	0.0051	1217311	1154434	1140962	discovery_extension/logs/rg/rg_sleep_apnea.log	0.010177514792899408	Smoking/smokers in household	alcohol_tobacco	PREVIOUSLY_SCREENED	EUR	PRIMARY_EXTENSION_RG_COMPLETE	True	True	PAIR_NOVELTY_AUDIT_REQUIRED	sleep_apnea__panukbb_continuous__1259__both_sexes__na__na	0.0043	2.857142857142857	0.004274733960172569	0.004253808641517041	0.010177514792899408	0.010068186133768146	0.010117713515201347	0.048985966444113044	0.26301403355588693	True	0.004227358003475428	0.004322502883759332	0.010005581073314621	0.010250994981247428	False	finngen_r9_sleep_apnoea	PANUKBB_2025_RELEASE	REGISTER_DIAGNOSIS	discovery_extension/results/ldsc/extension_rg_matrix.tsv	RECOMPUTED_FROM_PRINTED_ESTIMATES	BLOCKED_MISSING_INPUTS	False
sleep_apnea	panukbb_phecode__318__both_sexes__na__na	0.2017	0.0474	4.259	2.0534e-05	0.1498	0.012	1.0089	0.0076	0.0033	0.0062	1217311	1154434	1140950	discovery_extension/logs/rg/rg_sleep_apnea.log	7.748679245283019e-05	Tobacco use disorder	alcohol_tobacco	UNDEREXPLORED	EUR	PRIMARY_EXTENSION_RG_COMPLETE	True	True	PAIR_NOVELTY_AUDIT_REQUIRED	sleep_apnea__panukbb_phecode__318__both_sexes__na__na	2.0534e-05	4.255274261603375	2.0879292355831307e-05	2.0534347042195278e-05	7.748679245283019e-05	7.748810204601991e-05	7.878978247483512e-05	0.10879770713280143	0.2946022928671985	True	2.036748970480586e-05	2.1402207165697902e-05	7.685845171624853e-05	8.076304590829397e-05	False	finngen_r9_sleep_apnoea	PANUKBB_2025_RELEASE	REGISTER_DIAGNOSIS	discovery_extension/results/ldsc/extension_rg_matrix.tsv	RECOMPUTED_FROM_PRINTED_ESTIMATES	BLOCKED_MISSING_INPUTS	False
sleep_efficiency	panukbb_biomarkers__30890__both_sexes__na__irnt	0.1591	0.0436	3.6485	0.0003	0.097	0.0227	1.0932	0.0409	0.0338	0.0057	1217311	1173004	1163585	discovery_extension/logs/rg/rg_sleep_efficiency.log	0.0008866995073891625	Vitamin D	molecular_biomarker	HEAVILY_STUDIED	EUR	PRIMARY_EXTENSION_RG_COMPLETE	True	True	PAIR_NOVELTY_AUDIT_REQUIRED	sleep_efficiency__panukbb_biomarkers__30890__both_sexes__na__irnt	0.0003	3.6490825688073394	0.0002631785116573879	0.0002637759030422043	0.0008866995073891625	0.0008158017619861989	0.0008181715388312576	0.07364557027405363	0.24455442972594635	True	0.0002577638105822834	0.0002686869390370842	0.000799469039932241	0.0008352961835349768	False	jones_2019_accelerometer_sleep	PANUKBB_2025_RELEASE	ACCELEROMETER	discovery_extension/results/ldsc/extension_rg_matrix.tsv	RECOMPUTED_FROM_PRINTED_ESTIMATES	BLOCKED_MISSING_INPUTS	False
sleep_efficiency	panukbb_continuous__30510__both_sexes__na__irnt	-0.1507	0.0368	-4.0965	4.1948e-05	0.0635	0.0028	1.0647	0.0097	-0.0187	0.0062	1217311	1173004	1163585	discovery_extension/logs/rg/rg_sleep_efficiency.log	0.00014892781065088757	Creatinine (enzymatic) in urine	renal_urinary	PREVIOUSLY_SCREENED	EUR	PRIMARY_EXTENSION_RG_COMPLETE	True	True	PAIR_NOVELTY_AUDIT_REQUIRED	sleep_efficiency__panukbb_continuous__30510__both_sexes__na__irnt	4.1948e-05	-4.095108695652174	4.219703682687707e-05	4.194434882419518e-05	0.00014892781065088757	0.00014891484789655095	0.00014981196506583575	-0.22282667463107397	-0.07857332536892601	True	4.0952200790917927e-05	4.34741924656512e-05	0.0001453924288434956	0.00015434624544018177	False	jones_2019_accelerometer_sleep	PANUKBB_2025_RELEASE	ACCELEROMETER	discovery_extension/results/ldsc/extension_rg_matrix.tsv	RECOMPUTED_FROM_PRINTED_ESTIMATES	BLOCKED_MISSING_INPUTS	False
sleep_efficiency	panukbb_continuous__30520__both_sexes__na__irnt	-0.1013	0.0413	-2.4504	0.0143	0.0427	0.0022	1.0296	0.0093	-0.0102	0.0055	1217311	1173004	1163591	discovery_extension/logs/rg/rg_sleep_efficiency.log	0.030371681415929205	Potassium in urine	renal_urinary	HEAVILY_STUDIED	EUR	PRIMARY_EXTENSION_RG_COMPLETE	True	False	NOT_TIER_A_SCREEN_THRESHOLD	sleep_efficiency__panukbb_continuous__30520__both_sexes__na__irnt	0.0143	-2.452784503631961	0.01417552321636396	0.014269759361155602	0.030371681415929205	0.030307453510418976	0.030107305946259738	-0.18224651256150426	-0.020353487438495757	True	0.014011450502526649	0.014340885932439342	0.029758832925720315	0.030458518794561438	False	jones_2019_accelerometer_sleep	PANUKBB_2025_RELEASE	ACCELEROMETER	discovery_extension/results/ldsc/extension_rg_matrix.tsv	RECOMPUTED_FROM_PRINTED_ESTIMATES	BLOCKED_MISSING_INPUTS	False
sleep_efficiency	panukbb_continuous__30530__both_sexes__na__irnt	-0.1242	0.0384	-3.2371	0.0012	0.0708	0.003	1.0607	0.0105	-0.0159	0.0063	1217311	1173004	1163587	discovery_extension/logs/rg/rg_sleep_efficiency.log	0.0031788079470198675	Sodium in urine	renal_urinary	HEAVILY_STUDIED	EUR	PRIMARY_EXTENSION_RG_COMPLETE	True	False	NOT_TIER_A_SCREEN_THRESHOLD	sleep_efficiency__panukbb_continuous__30530__both_sexes__na__irnt	0.0012	-3.2343750000000004	0.0012190927202462454	0.0012075108994042722	0.0031788079470198675	0.0032057811488608993	0.003236529345786492	-0.19946261700633808	-0.04893738299366193	True	0.0011957342996091456	0.0012428095776059501	0.0031690467987511455	0.0032994944538211066	False	jones_2019_accelerometer_sleep	PANUKBB_2025_RELEASE	ACCELEROMETER	discovery_extension/results/ldsc/extension_rg_matrix.tsv	RECOMPUTED_FROM_PRINTED_ESTIMATES	BLOCKED_MISSING_INPUTS	False
sleep_efficiency	panukbb_icd10__k21__both_sexes__na__na	-0.1347	0.0482	-2.7933	0.0052	0.07	0.0055	1.0129	0.0072	0.0035	0.0049	1217311	1173004	1163595	discovery_extension/logs/rg/rg_sleep_efficiency.log	0.012093023255813953	K21 Gastro-oesophageal reflux disease	gastrointestinal	HIGH_NOVELTY_PRIORITY	EUR	PRIMARY_EXTENSION_RG_COMPLETE	True	False	NOT_TIER_A_SCREEN_THRESHOLD	sleep_efficiency__panukbb_icd10__k21__both_sexes__na__na	0.0052	-2.7946058091286305	0.005196303305452464	0.005217328066991573	0.012093023255813953	0.012133321086026915	0.012084426291749916	-0.2291702640548306	-0.040229735945169376	True	0.0051333223710359355	0.005259848907686144	0.011937959002409152	0.0122322067620608	False	jones_2019_accelerometer_sleep	PANUKBB_2025_RELEASE	ACCELEROMETER	discovery_extension/results/ldsc/extension_rg_matrix.tsv	RECOMPUTED_FROM_PRINTED_ESTIMATES	BLOCKED_MISSING_INPUTS	False
sleep_efficiency	panukbb_phecode__550_2__both_sexes__na__na	-0.1122	0.0427	-2.6295	0.0086	0.0924	0.0055	1.0279	0.0079	-0.0068	0.0053	1217311	1173004	1163578	discovery_extension/logs/rg/rg_sleep_efficiency.log	0.01904059040590406	Diaphragmatic hernia	gastrointestinal	HIGH_NOVELTY_PRIORITY	EUR	PRIMARY_EXTENSION_RG_COMPLETE	True	False	NOT_TIER_A_SCREEN_THRESHOLD	sleep_efficiency__panukbb_phecode__550_2__both_sexes__na__na	0.0086	-2.6276346604215455	0.008598080325049828	0.008551053189159738	0.01904059040590406	0.018967215946380196	0.019071527523215885	-0.1958904621398603	-0.028509537860139683	True	0.008491198548526372	0.00870590894410084	0.01883445149395868	0.01931070375770981	False	jones_2019_accelerometer_sleep	PANUKBB_2025_RELEASE	ACCELEROMETER	discovery_extension/results/ldsc/extension_rg_matrix.tsv	RECOMPUTED_FROM_PRINTED_ESTIMATES	BLOCKED_MISSING_INPUTS	False
sleep_efficiency	panukbb_categorical__2257__both_sexes__2257__na	-0.1632	0.0379	-4.3068	1.6563e-05	0.0523	0.0022	1.038	0.009	0.0009	0.005	1217311	1173004	1163595	discovery_extension/logs/rg/rg_sleep_efficiency.log	6.370384615384615e-05	Hearing difficulty/problems with background noise	sensory	HEAVILY_STUDIED	EUR	PRIMARY_EXTENSION_RG_COMPLETE	True	True	PAIR_NOVELTY_AUDIT_REQUIRED	sleep_efficiency__panukbb_categorical__2257__both_sexes__2257__na	1.6563e-05	-4.306068601583114	1.6618153945507915e-05	1.656332411133037e-05	6.370384615384615e-05	6.370509273588603e-05	6.391597671349199e-05	-0.23748263501406808	-0.08891736498593196	True	1.6099733024294292e-05	1.715103147404968e-05	6.192205009343958e-05	6.596550566942185e-05	False	jones_2019_accelerometer_sleep	PANUKBB_2025_RELEASE	ACCELEROMETER	discovery_extension/results/ldsc/extension_rg_matrix.tsv	RECOMPUTED_FROM_PRINTED_ESTIMATES	BLOCKED_MISSING_INPUTS	False
sleep_efficiency	panukbb_icd10__m17__both_sexes__na__na	-0.1273	0.0446	-2.8511	0.0044	0.1322	0.0086	1.023	0.009	-0.0092	0.0052	1217311	1173004	1163057	discovery_extension/logs/rg/rg_sleep_efficiency.log	0.010393700787401575	M17 Gonarthrosis [arthrosis of knee]	musculoskeletal_pain	HIGH_NOVELTY_PRIORITY	EUR	PRIMARY_EXTENSION_RG_COMPLETE	True	False	NOT_TIER_A_SCREEN_THRESHOLD	sleep_efficiency__panukbb_icd10__m17__both_sexes__na__na	0.0044	-2.8542600896860986	0.004313719925052297	0.004356826502137245	0.010393700787401575	0.010291716146780894	0.010189889586737708	-0.2147143937104864	-0.039885606289513584	True	0.004255339344517367	0.004372692597964806	0.010051982703584332	0.010329195113302691	False	jones_2019_accelerometer_sleep	PANUKBB_2025_RELEASE	ACCELEROMETER	discovery_extension/results/ldsc/extension_rg_matrix.tsv	RECOMPUTED_FROM_PRINTED_ESTIMATES	BLOCKED_MISSING_INPUTS	False
sleep_efficiency	panukbb_categorical__6159__both_sexes__7__na	-0.1757	0.0435	-4.0398	5.3487e-05	0.0586	0.0029	1.0316	0.0085	-0.0083	0.0055	1217311	1173004	1163598	discovery_extension/logs/rg/rg_sleep_efficiency.log	0.00018652521739130433	Pain type(s) experienced in last month	musculoskeletal_pain	HIGH_NOVELTY_PRIORITY	EUR	PRIMARY_EXTENSION_RG_COMPLETE	True	True	PAIR_NOVELTY_AUDIT_REQUIRED	sleep_efficiency__panukbb_categorical__6159__both_sexes__7__na	5.3487e-05	-4.0390804597701155	5.3661156943829684e-05	5.349680041741437e-05	0.00018652521739130433	0.00018655241254542126	0.0001871900823621966	-0.26095843332749236	-0.09044156667250765	True	5.235011687138294e-05	5.500014794654021e-05	0.00018261668676063816	0.0001912311903169294	False	jones_2019_accelerometer_sleep	PANUKBB_2025_RELEASE	ACCELEROMETER	discovery_extension/results/ldsc/extension_rg_matrix.tsv	RECOMPUTED_FROM_PRINTED_ESTIMATES	BLOCKED_MISSING_INPUTS	False
sleep_efficiency	panukbb_categorical__6159__both_sexes__8__na	-0.1914	0.0663	-2.8869	0.0039	0.1771	0.021	1.001	0.0065	-0.0024	0.005	1217311	1173004	1163596	discovery_extension/logs/rg/rg_sleep_efficiency.log	0.00930417495029821	Pain type(s) experienced in last month	musculoskeletal_pain	PREVIOUSLY_SCREENED	EUR	PRIMARY_EXTENSION_RG_COMPLETE	True	True	PAIR_NOVELTY_AUDIT_REQUIRED	sleep_efficiency__panukbb_categorical__6159__both_sexes__8__na	0.0039	-2.8868778280542986	0.0038908527886330987	0.0038905786242381325	0.00930417495029821	0.009281698507128745	0.009282352577255902	-0.32134561217500557	-0.061454387824994405	True	0.003854731112579667	0.003927226528295376	0.009196177604563819	0.009369128894541653	False	jones_2019_accelerometer_sleep	PANUKBB_2025_RELEASE	ACCELEROMETER	discovery_extension/results/ldsc/extension_rg_matrix.tsv	RECOMPUTED_FROM_PRINTED_ESTIMATES	BLOCKED_MISSING_INPUTS	False
sleep_efficiency	panukbb_prescriptions__orlistat__both_sexes__na__na	-0.1672	0.0613	-2.7265	0.0064	0.2472	0.0295	1.0197	0.0067	-0.0102	0.005	1217311	1173004	1163597	discovery_extension/logs/rg/rg_sleep_efficiency.log	0.01449056603773585	orlistat	medication_use	HIGH_NOVELTY_PRIORITY	EUR	PRIMARY_EXTENSION_RG_COMPLETE	True	True	PAIR_NOVELTY_AUDIT_REQUIRED	sleep_efficiency__panukbb_prescriptions__orlistat__both_sexes__na__na	0.0064	-2.727569331158238	0.006380284807880052	0.006400995261252528	0.01449056603773585	0.014492819459439686	0.01444592786689823	-0.2873457922523053	-0.04705420774769467	True	0.006321680179695219	0.006439281143521758	0.014313238142706157	0.014579504475898319	False	jones_2019_accelerometer_sleep	PANUKBB_2025_RELEASE	ACCELEROMETER	discovery_extension/results/ldsc/extension_rg_matrix.tsv	RECOMPUTED_FROM_PRINTED_ESTIMATES	BLOCKED_MISSING_INPUTS	False
sleep_efficiency	panukbb_categorical__6149__both_sexes__3__na	-0.1471	0.0519	-2.8361	0.0046	0.0473	0.0034	1.021	0.0074	-0.0069	0.0054	1217311	1173004	1163594	discovery_extension/logs/rg/rg_sleep_efficiency.log	0.010802348336594911	Mouth/teeth dental problems	oral_dental	PREVIOUSLY_SCREENED	EUR	PRIMARY_EXTENSION_RG_COMPLETE	True	False	NOT_TIER_A_SCREEN_THRESHOLD	sleep_efficiency__panukbb_categorical__6149__both_sexes__3__na	0.0046	-2.834296724470135	0.004592666612755924	0.004566814437324638	0.010802348336594911	0.0107454457348815	0.010806274382955115	-0.24882213079762883	-0.045377869202371204	True	0.004539800556057847	0.004645986233116303	0.01066620395559686	0.01093173231321483	False	jones_2019_accelerometer_sleep	PANUKBB_2025_RELEASE	ACCELEROMETER	discovery_extension/results/ldsc/extension_rg_matrix.tsv	RECOMPUTED_FROM_PRINTED_ESTIMATES	BLOCKED_MISSING_INPUTS	False
sleep_efficiency	panukbb_categorical__6149__both_sexes__4__na	-0.2109	0.0646	-3.2635	0.0011	0.0786	0.009	1.0189	0.0068	-0.0096	0.0049	1217311	1173004	1163598	discovery_extension/logs/rg/rg_sleep_efficiency.log	0.0029464285714285716	Mouth/teeth dental problems	oral_dental	HIGH_NOVELTY_PRIORITY	EUR	PRIMARY_EXTENSION_RG_COMPLETE	True	True	PAIR_NOVELTY_AUDIT_REQUIRED	sleep_efficiency__panukbb_categorical__6149__both_sexes__4__na	0.0011	-3.264705882352941	0.0010957779507059441	0.0011004518423263292	0.0029464285714285716	0.0029608569748690475	0.002948281481720029	-0.3375136734012875	-0.08428632659871249	True	0.0010830680854979479	0.001108605649525138	0.0029140845349720566	0.0029827954695743624	False	jones_2019_accelerometer_sleep	PANUKBB_2025_RELEASE	ACCELEROMETER	discovery_extension/results/ldsc/extension_rg_matrix.tsv	RECOMPUTED_FROM_PRINTED_ESTIMATES	BLOCKED_MISSING_INPUTS	False
sleep_efficiency	panukbb_continuous__20520__both_sexes__na__na	-0.1765	0.0577	-3.0575	0.0022	0.0462	0.0046	1.0239	0.0075	-0.0068	0.0048	1217311	1173004	1163619	discovery_extension/logs/rg/rg_sleep_efficiency.log	0.005534591194968554	Recent worrying too much about different things	mental_psychosocial	UNDEREXPLORED	EUR	PRIMARY_EXTENSION_RG_COMPLETE	True	True	PAIR_NOVELTY_AUDIT_REQUIRED	sleep_efficiency__panukbb_continuous__20520__both_sexes__na__na	0.0022	-3.0589254766031195	0.002221323998095372	0.002231916414094865	0.005534591194968554	0.005622382477753982	0.005599976465786652	-0.2895899219079611	-0.06341007809203887	True	0.002195362333662847	0.0022475210516767798	0.0055343140518797195	0.005666019458008688	False	jones_2019_accelerometer_sleep	PANUKBB_2025_RELEASE	ACCELEROMETER	discovery_extension/results/ldsc/extension_rg_matrix.tsv	RECOMPUTED_FROM_PRINTED_ESTIMATES	BLOCKED_MISSING_INPUTS	False
sleep_efficiency	panukbb_continuous__20498__both_sexes__na__na	-0.2199	0.0552	-3.9803	6.8841e-05	0.0533	0.0044	1.0109	0.0071	-0.016	0.0051	1217311	1173004	1163206	discovery_extension/logs/rg/rg_sleep_efficiency.log	0.00023535384615384615	Felt very upset when reminded of stressful experience in past month	mental_psychosocial	PREVIOUSLY_SCREENED	EUR	PRIMARY_EXTENSION_RG_COMPLETE	True	True	PAIR_NOVELTY_AUDIT_REQUIRED	sleep_efficiency__panukbb_continuous__20498__both_sexes__na__na	6.8841e-05	-3.9836956521739135	6.78517597115813e-05	6.882835159471326e-05	0.00023535384615384615	0.00023531060374260945	0.0002319718280737822	-0.328090011946611	-0.11170998805338903	True	6.657260855017558e-05	6.915176498734151e-05	0.000227598661710002	0.0002364162905550137	False	jones_2019_accelerometer_sleep	PANUKBB_2025_RELEASE	ACCELEROMETER	discovery_extension/results/ldsc/extension_rg_matrix.tsv	RECOMPUTED_FROM_PRINTED_ESTIMATES	BLOCKED_MISSING_INPUTS	False
sleep_efficiency	panukbb_categorical__6145__both_sexes__6__na	-0.1966	0.0444	-4.4293	9.4548e-06	0.0754	0.0043	1.0207	0.0081	-0.0278	0.0051	1217311	1173004	1163588	discovery_extension/logs/rg/rg_sleep_efficiency.log	3.769355481727575e-05	Illness, injury, bereavement, stress in last 2 years	mental_psychosocial	UNDEREXPLORED	EUR	PRIMARY_EXTENSION_RG_COMPLETE	True	True	PAIR_NOVELTY_AUDIT_REQUIRED	sleep_efficiency__panukbb_categorical__6145__both_sexes__6__na	9.4548e-06	-4.427927927927928	9.514267995762188e-06	9.453943883047183e-06	3.769355481727575e-05	3.769014172643395e-05	3.7930636527955566e-05	-0.2836224009135784	-0.10957759908642159	True	9.248030085025039e-06	9.787194828260829e-06	3.686922293033238e-05	3.9018716923298984e-05	False	jones_2019_accelerometer_sleep	PANUKBB_2025_RELEASE	ACCELEROMETER	discovery_extension/results/ldsc/extension_rg_matrix.tsv	RECOMPUTED_FROM_PRINTED_ESTIMATES	BLOCKED_MISSING_INPUTS	False
sleep_efficiency	panukbb_categorical__2020__both_sexes__2020__na	-0.1223	0.0401	-3.0481	0.0023	0.0615	0.0033	1.0254	0.0077	-0.016	0.0052	1217311	1173004	1163598	discovery_extension/logs/rg/rg_sleep_efficiency.log	0.005762004175365344	Loneliness, isolation	mental_psychosocial	PREVIOUSLY_SCREENED	EUR	PRIMARY_EXTENSION_RG_COMPLETE	True	False	NOT_TIER_A_SCREEN_THRESHOLD	sleep_efficiency__panukbb_categorical__2020__both_sexes__2020__na	0.0023	-3.0498753117206987	0.0022893639080815626	0.002302932777801793	0.005762004175365344	0.005769351426643323	0.005735358433607255	-0.20089455578005616	-0.04370544421994385	True	0.0022511205391072993	0.002328104091679787	0.0056395504111247585	0.005832411085627859	False	jones_2019_accelerometer_sleep	PANUKBB_2025_RELEASE	ACCELEROMETER	discovery_extension/results/ldsc/extension_rg_matrix.tsv	RECOMPUTED_FROM_PRINTED_ESTIMATES	BLOCKED_MISSING_INPUTS	False
sleep_efficiency	panukbb_categorical__2040__both_sexes__2040__na	-0.1106	0.0442	-2.5001	0.0124	0.067	0.0033	1.0285	0.0101	-0.0184	0.0064	1217311	1173004	1163590	discovery_extension/logs/rg/rg_sleep_efficiency.log	0.026618962432915918	Risk taking	mental_psychosocial	HEAVILY_STUDIED	EUR	PRIMARY_EXTENSION_RG_COMPLETE	True	False	NOT_TIER_A_SCREEN_THRESHOLD	sleep_efficiency__panukbb_categorical__2040__both_sexes__2040__na	0.0124	-2.502262443438914	0.012340241022840093	0.012415825429630396	0.026618962432915918	0.02665293473265917	0.026490678403234543	-0.19723040811667042	-0.023969591883329602	True	0.012202664043777508	0.0124788746543057	0.026195343206678014	0.026788281905486298	False	jones_2019_accelerometer_sleep	PANUKBB_2025_RELEASE	ACCELEROMETER	discovery_extension/results/ldsc/extension_rg_matrix.tsv	RECOMPUTED_FROM_PRINTED_ESTIMATES	BLOCKED_MISSING_INPUTS	False
sleep_efficiency	panukbb_categorical__1538__both_sexes__1__na	-0.1378	0.0439	-3.1398	0.0017	0.0699	0.0041	1.0283	0.0076	-0.0031	0.0052	1217311	1173004	1163597	discovery_extension/logs/rg/rg_sleep_efficiency.log	0.004415584415584416	Major dietary changes in the last 5 years	diet	UNDEREXPLORED	EUR	PRIMARY_EXTENSION_RG_COMPLETE	True	False	NOT_TIER_A_SCREEN_THRESHOLD	sleep_efficiency__panukbb_categorical__1538__both_sexes__1__na	0.0017	-3.138952164009112	0.001695531240120627	0.001690632122896344	0.004415584415584416	0.004400777760250787	0.004413530343047186	-0.22384241892130838	-0.051757581078691633	True	0.0016684255705341957	0.0017229783867114404	0.004342973285555391	0.004484976277773814	False	jones_2019_accelerometer_sleep	PANUKBB_2025_RELEASE	ACCELEROMETER	discovery_extension/results/ldsc/extension_rg_matrix.tsv	RECOMPUTED_FROM_PRINTED_ESTIMATES	BLOCKED_MISSING_INPUTS	False
sleep_efficiency	panukbb_continuous__1548__both_sexes__na__na	-0.1547	0.043	-3.5991	0.0003	0.0436	0.0021	1.0322	0.0082	-0.0103	0.0055	1217311	1173004	1163597	discovery_extension/logs/rg/rg_sleep_efficiency.log	0.0008866995073891625	Variation in diet	diet	PREVIOUSLY_SCREENED	EUR	PRIMARY_EXTENSION_RG_COMPLETE	True	True	PAIR_NOVELTY_AUDIT_REQUIRED	sleep_efficiency__panukbb_continuous__1548__both_sexes__na__na	0.0003	-3.5976744186046514	0.0003210751802603563	0.00031932038987485923	0.0008866995073891625	0.0009555722390270101	0.0009584333739115114	-0.23897845133522233	-0.07042154866477769	True	0.000314533114596373	0.00032772879954982495	0.0009372266651131402	0.0009807345622438652	False	jones_2019_accelerometer_sleep	PANUKBB_2025_RELEASE	ACCELEROMETER	discovery_extension/results/ldsc/extension_rg_matrix.tsv	RECOMPUTED_FROM_PRINTED_ESTIMATES	BLOCKED_MISSING_INPUTS	False
sleep_efficiency	panukbb_continuous__1349__both_sexes__na__na	-0.1415	0.039	-3.6295	0.0003	0.0456	0.0027	1.0521	0.0102	-0.0087	0.0054	1217311	1173004	1163598	discovery_extension/logs/rg/rg_sleep_efficiency.log	0.0008866995073891625	Processed meat intake	diet	PREVIOUSLY_SCREENED	EUR	PRIMARY_EXTENSION_RG_COMPLETE	True	False	NOT_TIER_A_SCREEN_THRESHOLD	sleep_efficiency__panukbb_continuous__1349__both_sexes__na__na	0.0003	-3.6282051282051277	0.00028539846867424505	0.0002839707312069038	0.0008866995073891625	0.0008655557822498167	0.0008688668737058322	-0.2179385953970621	-0.06506140460293788	True	0.0002789025336257977	0.0002920187688190392	0.0008494493409922773	0.0008871456267920179	False	jones_2019_accelerometer_sleep	PANUKBB_2025_RELEASE	ACCELEROMETER	discovery_extension/results/ldsc/extension_rg_matrix.tsv	RECOMPUTED_FROM_PRINTED_ESTIMATES	BLOCKED_MISSING_INPUTS	False
sleep_efficiency	panukbb_continuous__2237__both_sexes__na__na	-0.1819	0.0331	-5.4965	3.8751e-08	0.0746	0.0029	1.0713	0.0096	-0.0249	0.0063	1217311	1173004	1163599	discovery_extension/logs/rg/rg_sleep_efficiency.log	2.2464347826086957e-07	Plays computer games	digital_environment	PREVIOUSLY_SCREENED	EUR	PRIMARY_EXTENSION_RG_COMPLETE	True	True	PAIR_NOVELTY_AUDIT_REQUIRED	sleep_efficiency__panukbb_continuous__2237__both_sexes__na__na	3.8751e-08	-5.49546827794562	3.8967498935099625e-08	3.874030948408978e-08	2.2464347826086957e-07	2.2458150425559293e-07	2.2589854455130218e-07	-0.24677480788827577	-0.11702519211172423	True	3.685505828783699e-08	4.119024366083226e-08	2.1365251181354776e-07	2.3878402122221597e-07	False	jones_2019_accelerometer_sleep	PANUKBB_2025_RELEASE	ACCELEROMETER	discovery_extension/results/ldsc/extension_rg_matrix.tsv	RECOMPUTED_FROM_PRINTED_ESTIMATES	BLOCKED_MISSING_INPUTS	False
sleep_efficiency	panukbb_categorical__6164__both_sexes__5__na	0.1037	0.0453	2.2903	0.022	0.0316	0.0018	1.0256	0.0077	0.0079	0.0053	1217311	1173004	1163595	discovery_extension/logs/rg/rg_sleep_efficiency.log	0.04444444444444444	Types of physical activity in last 4 weeks	physical_activity	UNDEREXPLORED	EUR	PRIMARY_EXTENSION_RG_COMPLETE	True	False	NOT_TIER_A_SCREEN_THRESHOLD	sleep_efficiency__panukbb_categorical__6164__both_sexes__5__na	0.022	2.2891832229580573	0.022068708962210554	0.0220039318250846	0.04444444444444444	0.04445238752542343	0.04452459675778147	0.014913631500335547	0.19248636849966444	True	0.02185850373211393	0.02228020104943843	0.04408437727485162	0.04497519850531915	False	jones_2019_accelerometer_sleep	PANUKBB_2025_RELEASE	ACCELEROMETER	discovery_extension/results/ldsc/extension_rg_matrix.tsv	RECOMPUTED_FROM_PRINTED_ESTIMATES	BLOCKED_MISSING_INPUTS	False
sleep_efficiency	panukbb_continuous__924__both_sexes__na__na	0.1068	0.0295	3.6143	0.0003	0.0821	0.0026	1.0599	0.0099	0.0245	0.0058	1217311	1173004	1163595	discovery_extension/logs/rg/rg_sleep_efficiency.log	0.0008866995073891625	Usual walking pace	physical_activity	PREVIOUSLY_SCREENED	EUR	PRIMARY_EXTENSION_RG_COMPLETE	True	False	NOT_TIER_A_SCREEN_THRESHOLD	sleep_efficiency__panukbb_continuous__924__both_sexes__na__na	0.0003	3.6203389830508477	0.00029421730013436744	0.00030116018772190017	0.0008866995073891625	0.0009126066294603035	0.0008915675761647498	0.04898106245606842	0.1646189375439316	True	0.0002854225260764871	0.0003032343643689057	0.0008649167456863245	0.0009188920132391082	False	jones_2019_accelerometer_sleep	PANUKBB_2025_RELEASE	ACCELEROMETER	discovery_extension/results/ldsc/extension_rg_matrix.tsv	RECOMPUTED_FROM_PRINTED_ESTIMATES	BLOCKED_MISSING_INPUTS	False
sleep_efficiency	panukbb_continuous__728__both_sexes__na__na	0.1631	0.0382	4.2723	1.9347e-05	0.0304	0.0018	1.0565	0.0079	0.026	0.0047	1217311	1173004	1163596	discovery_extension/logs/rg/rg_sleep_efficiency.log	7.370285714285713e-05	Number of vehicles in household	socioeconomic_occupational	PREVIOUSLY_SCREENED	EUR	PRIMARY_EXTENSION_RG_COMPLETE	True	True	PAIR_NOVELTY_AUDIT_REQUIRED	sleep_efficiency__panukbb_continuous__728__both_sexes__na__na	1.9347e-05	4.269633507853404	1.957944228080011e-05	1.9346705152392472e-05	7.370285714285713e-05	7.370173391387607e-05	7.43523124587346e-05	0.08822937579056993	0.23797062420943005	True	1.898204854215452e-05	2.01930819449145e-05	7.208372864109312e-05	7.692602645681714e-05	False	jones_2019_accelerometer_sleep	PANUKBB_2025_RELEASE	ACCELEROMETER	discovery_extension/results/ldsc/extension_rg_matrix.tsv	RECOMPUTED_FROM_PRINTED_ESTIMATES	BLOCKED_MISSING_INPUTS	False
sleep_efficiency	panukbb_icd10__i83__both_sexes__na__na	0.1164	0.0485	2.3982	0.0165	0.2011	0.0195	1.0337	0.0143	-0.0044	0.0057	1217311	1173004	1163595	discovery_extension/logs/rg/rg_sleep_efficiency.log	0.03419689119170984	I83 Varicose veins of lower extremities	other_clinical	UNDEREXPLORED	EUR	PRIMARY_EXTENSION_RG_COMPLETE	True	False	NOT_TIER_A_SCREEN_THRESHOLD	sleep_efficiency__panukbb_icd10__i83__both_sexes__na__na	0.0165	2.4	0.01639507184919227	0.016475866505477485	0.03419689119170984	0.034146873586481837	0.03403821145161025	0.021341746749807378	0.21145825325019263	True	0.01623857742113232	0.016552563259215208	0.03371330952484219	0.034365183237125	False	jones_2019_accelerometer_sleep	PANUKBB_2025_RELEASE	ACCELEROMETER	discovery_extension/results/ldsc/extension_rg_matrix.tsv	RECOMPUTED_FROM_PRINTED_ESTIMATES	BLOCKED_MISSING_INPUTS	False
sleep_efficiency	panukbb_continuous__135__both_sexes__na__na	-0.1485	0.0335	-4.4358	9.1738e-06	0.0657	0.0025	1.0609	0.0115	-0.0177	0.0057	1217311	1173004	1163599	discovery_extension/logs/rg/rg_sleep_efficiency.log	3.66952e-05	Number of self-reported non-cancer illnesses	other_clinical	PREVIOUSLY_SCREENED	EUR	PRIMARY_EXTENSION_RG_COMPLETE	True	False	NOT_TIER_A_SCREEN_THRESHOLD	sleep_efficiency__panukbb_continuous__135__both_sexes__na__na	9.1738e-06	-4.432835820895522	9.300168499309348e-06	9.173098449890825e-06	3.66952e-05	3.66923937995633e-05	3.720067399723739e-05	-0.21415879348209182	-0.08284120651790818	True	8.955983634095999e-06	9.655886414311064e-06	3.5823934536383994e-05	3.8623545657244255e-05	False	jones_2019_accelerometer_sleep	PANUKBB_2025_RELEASE	ACCELEROMETER	discovery_extension/results/ldsc/extension_rg_matrix.tsv	RECOMPUTED_FROM_PRINTED_ESTIMATES	BLOCKED_MISSING_INPUTS	False
sleep_efficiency	panukbb_phecode__318__both_sexes__na__na	-0.1295	0.0549	-2.3585	0.0183	0.1502	0.0117	1.0079	0.0073	-0.0109	0.0054	1217311	1173004	1163590	discovery_extension/logs/rg/rg_sleep_efficiency.log	0.03753846153846154	Tobacco use disorder	alcohol_tobacco	UNDEREXPLORED	EUR	PRIMARY_EXTENSION_RG_COMPLETE	True	False	NOT_TIER_A_SCREEN_THRESHOLD	sleep_efficiency__panukbb_phecode__318__both_sexes__na__na	0.0183	-2.3588342440801457	0.018332442214250164	0.01834895978779197	0.03753846153846154	0.037638891872393776	0.03760500967025675	-0.23710202275124898	-0.021897977248751047	True	0.018181738064168826	0.018483961502821077	0.037295872952141186	0.03791581846732529	False	jones_2019_accelerometer_sleep	PANUKBB_2025_RELEASE	ACCELEROMETER	discovery_extension/results/ldsc/extension_rg_matrix.tsv	RECOMPUTED_FROM_PRINTED_ESTIMATES	BLOCKED_MISSING_INPUTS	False
accel_sleep_duration	panukbb_categorical__2257__both_sexes__2257__na	-0.1236	0.0346	-3.5722	0.0004	0.0523	0.0022	1.038	0.009	-0.0049	0.0058	1217311	1172994	1163591	discovery_extension/logs/rg/rg_accel_sleep_duration.log	0.001145584725536993	Hearing difficulty/problems with background noise	sensory	HEAVILY_STUDIED	EUR	PRIMARY_EXTENSION_RG_COMPLETE	True	False	NOT_TIER_A_SCREEN_THRESHOLD	accel_sleep_duration__panukbb_categorical__2257__both_sexes__2257__na	0.0004	-3.5722543352601157	0.00035392143582140966	0.0003539948952919541	0.001145584725536993	0.0010437195929983904	0.0010435030048788492	-0.19141475386508588	-0.05578524613491413	True	0.00034508147275551677	0.0003629464074868022	0.0010174392317115974	0.0010701122579463457	False	jones_2019_accelerometer_sleep	PANUKBB_2025_RELEASE	ACCELEROMETER	discovery_extension/results/ldsc/extension_rg_matrix.tsv	RECOMPUTED_FROM_PRINTED_ESTIMATES	BLOCKED_MISSING_INPUTS	False
accel_sleep_duration	panukbb_categorical__5001__both_sexes__5001__na	-0.1917	0.0531	-3.6073	0.0003	0.1159	0.0131	1.0022	0.0067	0.0015	0.005	1217311	1172994	1163570	discovery_extension/logs/rg/rg_accel_sleep_duration.log	0.0008866995073891625	FI7 : synonym	cognitive	PREVIOUSLY_SCREENED	EUR	PRIMARY_EXTENSION_RG_COMPLETE	True	True	PAIR_NOVELTY_AUDIT_REQUIRED	accel_sleep_duration__panukbb_categorical__5001__both_sexes__5001__na	0.0003	-3.610169491525424	0.0003059969864333416	0.0003093998580347194	0.0008866995073891625	0.0009328638935720183	0.0009226039791960048	-0.29577408757907686	-0.08762591242092313	True	0.00030091084932892825	0.00031115373978429117	0.0009067816009194191	0.0009381519792491191	False	jones_2019_accelerometer_sleep	PANUKBB_2025_RELEASE	ACCELEROMETER	discovery_extension/results/ldsc/extension_rg_matrix.tsv	RECOMPUTED_FROM_PRINTED_ESTIMATES	BLOCKED_MISSING_INPUTS	False
accel_sleep_duration	panukbb_continuous__20515__both_sexes__na__na	-0.1205	0.048	-2.5132	0.012	0.0424	0.004	1.0161	0.0068	-0.0004	0.005	1217311	1172994	1163617	discovery_extension/logs/rg/rg_accel_sleep_duration.log	0.025806451612903226	Recent trouble relaxing	mental_psychosocial	UNDEREXPLORED	EUR	PRIMARY_EXTENSION_RG_COMPLETE	True	False	NOT_TIER_A_SCREEN_THRESHOLD	accel_sleep_duration__panukbb_continuous__20515__both_sexes__na__na	0.012	-2.5104166666666665	0.012058878049166492	0.011964148655560735	0.025806451612903226	0.02572935194744244	0.025933071073476328	-0.2145782712579226	-0.026421728742077405	True	0.011934431841794841	0.012184210525139887	0.025665444821064174	0.026202603279870725	False	jones_2019_accelerometer_sleep	PANUKBB_2025_RELEASE	ACCELEROMETER	discovery_extension/results/ldsc/extension_rg_matrix.tsv	RECOMPUTED_FROM_PRINTED_ESTIMATES	BLOCKED_MISSING_INPUTS	False
accel_sleep_duration	panukbb_continuous__20498__both_sexes__na__na	-0.1259	0.0472	-2.6663	0.0077	0.0532	0.0044	1.0109	0.0071	0.0023	0.0049	1217311	1172994	1163207	discovery_extension/logs/rg/rg_accel_sleep_duration.log	0.01717472118959108	Felt very upset when reminded of stressful experience in past month	mental_psychosocial	PREVIOUSLY_SCREENED	EUR	PRIMARY_EXTENSION_RG_COMPLETE	True	False	NOT_TIER_A_SCREEN_THRESHOLD	accel_sleep_duration__panukbb_continuous__20498__both_sexes__na__na	0.0077	-2.6673728813559325	0.007644680257881158	0.00766912227841351	0.01717472118959108	0.017105848948134224	0.017051331430218197	-0.21841030007029055	-0.03338969992970946	True	0.007556665487446764	0.007733423612291386	0.016855015957130327	0.017249271997675952	False	jones_2019_accelerometer_sleep	PANUKBB_2025_RELEASE	ACCELEROMETER	discovery_extension/results/ldsc/extension_rg_matrix.tsv	RECOMPUTED_FROM_PRINTED_ESTIMATES	BLOCKED_MISSING_INPUTS	False
accel_sleep_duration	panukbb_categorical__6145__both_sexes__6__na	-0.0972	0.0347	-2.7976	0.0051	0.0754	0.0043	1.0207	0.008	-0.0172	0.0051	1217311	1172994	1163588	discovery_extension/logs/rg/rg_accel_sleep_duration.log	0.011883495145631069	Illness, injury, bereavement, stress in last 2 years	mental_psychosocial	UNDEREXPLORED	EUR	PRIMARY_EXTENSION_RG_COMPLETE	True	False	NOT_TIER_A_SCREEN_THRESHOLD	accel_sleep_duration__panukbb_categorical__6145__both_sexes__6__na	0.0051	-2.8011527377521612	0.005092041204139	0.005148382738638968	0.011883495145631069	0.011996231624013129	0.011888033939624124	-0.16521075026353987	-0.029189249736460116	True	0.005006149449882847	0.0051790099079901146	0.011687508443306257	0.012067595902112888	False	jones_2019_accelerometer_sleep	PANUKBB_2025_RELEASE	ACCELEROMETER	discovery_extension/results/ldsc/extension_rg_matrix.tsv	RECOMPUTED_FROM_PRINTED_ESTIMATES	BLOCKED_MISSING_INPUTS	False
accel_sleep_duration	panukbb_categorical__2040__both_sexes__2040__na	-0.1288	0.0418	-3.0855	0.002	0.067	0.0033	1.0286	0.0101	-0.0152	0.0066	1217311	1172994	1163589	discovery_extension/logs/rg/rg_accel_sleep_duration.log	0.005106382978723404	Risk taking	mental_psychosocial	HEAVILY_STUDIED	EUR	PRIMARY_EXTENSION_RG_COMPLETE	True	False	NOT_TIER_A_SCREEN_THRESHOLD	accel_sleep_duration__panukbb_categorical__2040__both_sexes__2040__na	0.002	-3.0813397129186604	0.0020607139243746576	0.0020321022411761433	0.005106382978723404	0.00518834614768377	0.005250226558916325	-0.21072649455377424	-0.04687350544622575	True	0.00202713627958053	0.0020947190472856434	0.005157826271434931	0.005348218844133557	False	jones_2019_accelerometer_sleep	PANUKBB_2025_RELEASE	ACCELEROMETER	discovery_extension/results/ldsc/extension_rg_matrix.tsv	RECOMPUTED_FROM_PRINTED_ESTIMATES	BLOCKED_MISSING_INPUTS	False
accel_sleep_duration	panukbb_categorical__1677__both_sexes__1677__na	-0.1333	0.0514	-2.591	0.0096	0.0275	0.0024	1.0375	0.0075	-0.0061	0.0053	1217311	1172994	1163195	discovery_extension/logs/rg/rg_accel_sleep_duration.log	0.021137614678899082	Breastfed as a baby	early_life	HEAVILY_STUDIED	EUR	PRIMARY_EXTENSION_RG_COMPLETE	True	False	NOT_TIER_A_SCREEN_THRESHOLD	accel_sleep_duration__panukbb_categorical__1677__both_sexes__1677__na	0.0096	-2.593385214007782	0.009503625739318169	0.009569749151484605	0.021137614678899082	0.021109740775333688	0.020925414471893215	-0.23404214880535879	-0.03255785119464122	True	0.009407365278180715	0.009600573989101828	0.020713464832691483	0.021177736740665795	False	jones_2019_accelerometer_sleep	PANUKBB_2025_RELEASE	ACCELEROMETER	discovery_extension/results/ldsc/extension_rg_matrix.tsv	RECOMPUTED_FROM_PRINTED_ESTIMATES	BLOCKED_MISSING_INPUTS	False
accel_sleep_duration	panukbb_continuous__1349__both_sexes__na__na	-0.1022	0.0433	-2.3606	0.0182	0.0456	0.0027	1.0521	0.0102	-0.0086	0.0065	1217311	1172994	1163595	discovery_extension/logs/rg/rg_accel_sleep_duration.log	0.0373972602739726	Processed meat intake	diet	PREVIOUSLY_SCREENED	EUR	PRIMARY_EXTENSION_RG_COMPLETE	True	False	NOT_TIER_A_SCREEN_THRESHOLD	accel_sleep_duration__panukbb_continuous__1349__both_sexes__na__na	0.0182	-2.3602771362586608	0.018261287089333778	0.01824539845660176	0.0373972602739726	0.03749054477383923	0.03752319264931598	-0.18706644053058435	-0.017333559469415658	True	0.018070915943975578	0.018452966550207707	0.03713201906296352	0.03791581846732529	False	jones_2019_accelerometer_sleep	PANUKBB_2025_RELEASE	ACCELEROMETER	discovery_extension/results/ldsc/extension_rg_matrix.tsv	RECOMPUTED_FROM_PRINTED_ESTIMATES	BLOCKED_MISSING_INPUTS	False
accel_sleep_duration	panukbb_continuous__874__both_sexes__na__irnt	0.0795	0.0353	2.2542	0.0242	0.0472	0.0025	1.0377	0.0087	0.0043	0.0053	1217311	1172994	1163580	discovery_extension/logs/rg/rg_accel_sleep_duration.log	0.0484	Duration of walks	physical_activity	UNDEREXPLORED	EUR	PRIMARY_EXTENSION_RG_COMPLETE	True	False	NOT_TIER_A_SCREEN_THRESHOLD	accel_sleep_duration__panukbb_continuous__874__both_sexes__na__irnt	0.0242	2.2521246458923514	0.024314396228675875	0.02418358880091184	0.0484	0.048404919378539565	0.04862879245735175	0.010313271345736091	0.1486867286542639	True	0.024024476609056253	0.02460651049587453	0.048048953218112506	0.04929517962445649	False	jones_2019_accelerometer_sleep	PANUKBB_2025_RELEASE	ACCELEROMETER	discovery_extension/results/ldsc/extension_rg_matrix.tsv	RECOMPUTED_FROM_PRINTED_ESTIMATES	BLOCKED_MISSING_INPUTS	False
accel_sleep_duration	panukbb_continuous__943__both_sexes__na__na	-0.1807	0.0383	-4.7175	2.3875e-06	0.0351	0.0018	1.0535	0.0078	-0.0097	0.0057	1217311	1172994	1163595	discovery_extension/logs/rg/rg_accel_sleep_duration.log	1.0418181818181819e-05	Frequency of stair climbing in last 4 weeks	physical_activity	PREVIOUSLY_SCREENED	EUR	PRIMARY_EXTENSION_RG_COMPLETE	True	True	PAIR_NOVELTY_AUDIT_REQUIRED	accel_sleep_duration__panukbb_continuous__943__both_sexes__na__na	2.3875e-06	-4.718015665796345	2.381561592943442e-06	2.3876040066418754e-06	1.0418181818181819e-05	1.0418635665346365e-05	1.0392268769207748e-05	-0.2557666206078841	-0.10563337939211592	True	2.295609104408566e-06	2.470362983156685e-06	1.0017203364691924e-05	1.0779765744683717e-05	False	jones_2019_accelerometer_sleep	PANUKBB_2025_RELEASE	ACCELEROMETER	discovery_extension/results/ldsc/extension_rg_matrix.tsv	RECOMPUTED_FROM_PRINTED_ESTIMATES	BLOCKED_MISSING_INPUTS	False
accel_sleep_duration	panukbb_continuous__904__both_sexes__na__na	-0.1351	0.0403	-3.3498	0.0008	0.0356	0.002	1.0494	0.0085	-0.0092	0.0062	1217311	1172994	1163591	discovery_extension/logs/rg/rg_accel_sleep_duration.log	0.0022018348623853213	Number of days/week of vigorous physical activity 10+ minutes	physical_activity	PREVIOUSLY_SCREENED	EUR	PRIMARY_EXTENSION_RG_COMPLETE	True	False	NOT_TIER_A_SCREEN_THRESHOLD	accel_sleep_duration__panukbb_continuous__904__both_sexes__na__na	0.0008	-3.352357320099255	0.0008012653032827235	0.0008086992915596076	0.0022018348623853213	0.0022360349075380855	0.0022154801012425535	-0.2140865485769642	-0.05611345142303581	True	0.0007857567599240871	0.0008170180092490564	0.0021725993361956324	0.0022590359702738885	False	jones_2019_accelerometer_sleep	PANUKBB_2025_RELEASE	ACCELEROMETER	discovery_extension/results/ldsc/extension_rg_matrix.tsv	RECOMPUTED_FROM_PRINTED_ESTIMATES	BLOCKED_MISSING_INPUTS	False
accel_sleep_duration	panukbb_continuous__924__both_sexes__na__na	-0.0847	0.0298	-2.842	0.0045	0.0821	0.0026	1.06	0.0099	0.0084	0.0061	1217311	1172994	1163594	discovery_extension/logs/rg/rg_accel_sleep_duration.log	0.010609037328094302	Usual walking pace	physical_activity	PREVIOUSLY_SCREENED	EUR	PRIMARY_EXTENSION_RG_COMPLETE	True	False	NOT_TIER_A_SCREEN_THRESHOLD	accel_sleep_duration__panukbb_continuous__924__both_sexes__na__na	0.0045	-2.8422818791946307	0.004479186937294935	0.004483149158196708	0.010609037328094302	0.010569310392605205	0.010559969203838747	-0.1431069267392936	-0.026293073260706387	True	0.0043892803669335215	0.004570449333096723	0.010348008723615375	0.010775126129108187	False	jones_2019_accelerometer_sleep	PANUKBB_2025_RELEASE	ACCELEROMETER	discovery_extension/results/ldsc/extension_rg_matrix.tsv	RECOMPUTED_FROM_PRINTED_ESTIMATES	BLOCKED_MISSING_INPUTS	False
accel_sleep_duration	panukbb_categorical__6142__both_sexes__6__na	-0.2013	0.0608	-3.3133	0.0009	0.0617	0.0077	1.0134	0.0062	0.0019	0.005	1217311	1172994	1163595	discovery_extension/logs/rg/rg_accel_sleep_duration.log	0.002448979591836735	Current employment status	socioeconomic_occupational	UNDEREXPLORED	EUR	PRIMARY_EXTENSION_RG_COMPLETE	True	True	PAIR_NOVELTY_AUDIT_REQUIRED	accel_sleep_duration__panukbb_categorical__6142__both_sexes__6__na	0.0009	-3.3108552631578947	0.0009301130344794808	0.0009220202344881086	0.002448979591836735	0.002518784900486539	0.0025366719122167656	-0.3204658102600353	-0.08213418973996472	True	0.0009183894212041629	0.0009419555685550793	0.0025046984214658987	0.0025689697324229434	False	jones_2019_accelerometer_sleep	PANUKBB_2025_RELEASE	ACCELEROMETER	discovery_extension/results/ldsc/extension_rg_matrix.tsv	RECOMPUTED_FROM_PRINTED_ESTIMATES	BLOCKED_MISSING_INPUTS	False
accel_sleep_duration	panukbb_continuous__816__both_sexes__na__na	0.1192	0.0327	3.649	0.0003	0.0845	0.0042	1.0753	0.0095	0.0028	0.0057	1217311	1172994	1163567	discovery_extension/logs/rg/rg_accel_sleep_duration.log	0.0008866995073891625	Job involves heavy manual or physical work	socioeconomic_occupational	PREVIOUSLY_SCREENED	EUR	PRIMARY_EXTENSION_RG_COMPLETE	True	False	NOT_TIER_A_SCREEN_THRESHOLD	accel_sleep_duration__panukbb_continuous__816__both_sexes__na__na	0.0003	3.6452599388379205	0.0002671216660032546	0.0002632631040851524	0.0008866995073891625	0.0008158017619861989	0.000823586287367146	0.05510917770554023	0.18329082229445975	True	0.00025982743797797834	0.0002745843623710864	0.000799469039932241	0.0008470468762090069	False	jones_2019_accelerometer_sleep	PANUKBB_2025_RELEASE	ACCELEROMETER	discovery_extension/results/ldsc/extension_rg_matrix.tsv	RECOMPUTED_FROM_PRINTED_ESTIMATES	BLOCKED_MISSING_INPUTS	False
accel_sleep_duration	panukbb_icd10__i83__both_sexes__na__na	0.1326	0.0522	2.5409	0.0111	0.2011	0.0195	1.0337	0.0143	-0.0105	0.0059	1217311	1172994	1163592	discovery_extension/logs/rg/rg_accel_sleep_duration.log	0.02404332129963899	I83 Varicose veins of lower extremities	other_clinical	UNDEREXPLORED	EUR	PRIMARY_EXTENSION_RG_COMPLETE	True	False	NOT_TIER_A_SCREEN_THRESHOLD	accel_sleep_duration__panukbb_icd10__i83__both_sexes__na__na	0.0111	2.540229885057471	0.011077962769833362	0.011056753827742334	0.02404332129963899	0.023949647280308305	0.023995587227075874	0.030289880007009162	0.23491011999299083	True	0.010970905862099579	0.011185739180477019	0.023763695008157934	0.024229037936051304	False	jones_2019_accelerometer_sleep	PANUKBB_2025_RELEASE	ACCELEROMETER	discovery_extension/results/ldsc/extension_rg_matrix.tsv	RECOMPUTED_FROM_PRINTED_ESTIMATES	BLOCKED_MISSING_INPUTS	False
sleep_timing	panukbb_biomarkers__30890__both_sexes__na__irnt	-0.1111	0.0492	-2.2581	0.0239	0.097	0.0227	1.0932	0.0409	-0.0071	0.0062	1217311	1173004	1163585	discovery_extension/logs/rg/rg_sleep_timing.log	0.04795986622073579	Vitamin D	molecular_biomarker	HEAVILY_STUDIED	EUR	PRIMARY_EXTENSION_RG_COMPLETE	True	False	NOT_TIER_A_SCREEN_THRESHOLD	sleep_timing__panukbb_biomarkers__30890__both_sexes__na__irnt	0.0239	-2.258130081300813	0.023937550719543475	0.02393942564822534	0.04795986622073579	0.048038981233897	0.0480352188352043	-0.20753022803937066	-0.014669771960629338	True	0.023731742237687273	0.02414448275879996	0.04762222522612831	0.04845046707451497	False	jones_2019_accelerometer_sleep	PANUKBB_2025_RELEASE	ACCELEROMETER	discovery_extension/results/ldsc/extension_rg_matrix.tsv	RECOMPUTED_FROM_PRINTED_ESTIMATES	BLOCKED_MISSING_INPUTS	False
sleep_timing	panukbb_continuous__3064__both_sexes__na__irnt	0.1146	0.0469	2.4424	0.0146	0.1026	0.0048	1.1033	0.0146	-0.0164	0.0069	1217311	1173004	1163593	discovery_extension/logs/rg/rg_sleep_timing.log	0.0308994708994709	Peak expiratory flow (PEF)	pulmonary	PREVIOUSLY_SCREENED	EUR	PRIMARY_EXTENSION_RG_COMPLETE	True	False	NOT_TIER_A_SCREEN_THRESHOLD	sleep_timing__panukbb_continuous__3064__both_sexes__na__irnt	0.0146	2.443496801705757	0.014545698523857944	0.014589971042382193	0.0308994708994709	0.030878245592343267	0.030784547140440096	0.022677689125071468	0.2065223108749285	True	0.01439821798302044	0.014694191012157437	0.03047241901168347	0.031098816956946954	False	jones_2019_accelerometer_sleep	PANUKBB_2025_RELEASE	ACCELEROMETER	discovery_extension/results/ldsc/extension_rg_matrix.tsv	RECOMPUTED_FROM_PRINTED_ESTIMATES	BLOCKED_MISSING_INPUTS	False
sleep_timing	panukbb_icd10__k21__both_sexes__na__na	-0.1509	0.0638	-2.365	0.018	0.07	0.0055	1.0129	0.0072	0.0104	0.005	1217311	1173004	1163595	discovery_extension/logs/rg/rg_sleep_timing.log	0.03711340206185566	K21 Gastro-oesophageal reflux disease	gastrointestinal	HIGH_NOVELTY_PRIORITY	EUR	PRIMARY_EXTENSION_RG_COMPLETE	True	True	PAIR_NOVELTY_AUDIT_REQUIRED	sleep_timing__panukbb_icd10__k21__both_sexes__na__na	0.018	-2.365203761755486	0.018020153373686832	0.018030070930955825	0.03711340206185566	0.03717540398135222	0.03715495540966357	-0.27594570221365544	-0.02585429778634457	True	0.017892119997797624	0.01814878611119313	0.036890969067623965	0.03742017754885182	False	jones_2019_accelerometer_sleep	PANUKBB_2025_RELEASE	ACCELEROMETER	discovery_extension/results/ldsc/extension_rg_matrix.tsv	RECOMPUTED_FROM_PRINTED_ESTIMATES	BLOCKED_MISSING_INPUTS	False
sleep_timing	panukbb_continuous__5257__both_sexes__na__irnt	0.1181	0.0393	3.0063	0.0026	0.2444	0.0167	1.0907	0.0162	-0.0086	0.0052	1217311	1173004	1163530	discovery_extension/logs/rg/rg_sleep_timing.log	0.006393442622950819	Corneal resistance factor (right)	sensory	HEAVILY_STUDIED	EUR	PRIMARY_EXTENSION_RG_COMPLETE	True	False	NOT_TIER_A_SCREEN_THRESHOLD	sleep_timing__panukbb_continuous__5257__both_sexes__na__irnt	0.0026	3.005089058524173	0.002655030973098148	0.0026444795287893486	0.006393442622950819	0.0065028185134164305	0.006528764687946265	0.041073415407575864	0.19512658459242413	True	0.0026108338086639126	0.0026997960632601913	0.006420083136058801	0.006625266412908445	False	jones_2019_accelerometer_sleep	PANUKBB_2025_RELEASE	ACCELEROMETER	discovery_extension/results/ldsc/extension_rg_matrix.tsv	RECOMPUTED_FROM_PRINTED_ESTIMATES	BLOCKED_MISSING_INPUTS	False
sleep_timing	panukbb_categorical__6151__both_sexes__7__na	0.2313	0.0764	3.0249	0.0025	0.0422	0.0071	1.0056	0.0065	-0.0026	0.0048	1217311	1173004	1163593	discovery_extension/logs/rg/rg_sleep_timing.log	0.006185567010309278	Fractured bone site(s)	musculoskeletal_pain	HIGH_NOVELTY_PRIORITY	EUR	PRIMARY_EXTENSION_RG_COMPLETE	True	True	PAIR_NOVELTY_AUDIT_REQUIRED	sleep_timing__panukbb_categorical__6151__both_sexes__7__na	0.0025	3.0274869109947646	0.002465963932448183	0.0024871534643986603	0.006185567010309278	0.006166496192723951	0.006115189201329295	0.08155875158113987	0.3810412484188601	True	0.002444530071363968	0.0024875412549426276	0.00606081835875364	0.006180226720354354	False	jones_2019_accelerometer_sleep	PANUKBB_2025_RELEASE	ACCELEROMETER	discovery_extension/results/ldsc/extension_rg_matrix.tsv	RECOMPUTED_FROM_PRINTED_ESTIMATES	BLOCKED_MISSING_INPUTS	False
sleep_timing	panukbb_categorical__20004__both_sexes__1480__na	0.1915	0.0709	2.7013	0.0069	0.0778	0.008	1.0086	0.0064	-0.0007	0.005	1217311	1173004	1163597	discovery_extension/logs/rg/rg_sleep_timing.log	0.015476635514018691	Operation code	oral_dental	PREVIOUSLY_SCREENED	EUR	PRIMARY_EXTENSION_RG_COMPLETE	True	True	PAIR_NOVELTY_AUDIT_REQUIRED	sleep_timing__panukbb_categorical__20004__both_sexes__1480__na	0.0069	2.70098730606488	0.006913397707506596	0.00690690067831537	0.015476635514018691	0.015492113670987746	0.015506686446743767	0.05253855349611017	0.33046144650388987	True	0.0068592979863742925	0.006967803366896299	0.015385341277848881	0.015628717832290764	False	jones_2019_accelerometer_sleep	PANUKBB_2025_RELEASE	ACCELEROMETER	discovery_extension/results/ldsc/extension_rg_matrix.tsv	RECOMPUTED_FROM_PRINTED_ESTIMATES	BLOCKED_MISSING_INPUTS	False
sleep_timing	panukbb_categorical__4294__both_sexes__0__na	-0.3372	0.0952	-3.5427	0.0004	0.1275	0.0246	1.0056	0.0062	0.0017	0.0047	1217311	1173004	1163235	discovery_extension/logs/rg/rg_sleep_timing.log	0.001145584725536993	Final attempt correct	cognitive	UNDEREXPLORED	EUR	PRIMARY_EXTENSION_RG_COMPLETE	True	True	PAIR_NOVELTY_AUDIT_REQUIRED	sleep_timing__panukbb_categorical__4294__both_sexes__0__na	0.0004	-3.542016806722689	0.0003970801735268141	0.0003960529750763589	0.001145584725536993	0.0011507592496165391	0.001150957024715403	-0.5237885713282131	-0.15061142867178684	True	0.000393502413194203	0.0004006845042469036	0.0011405867049107334	0.0011642164772307127	False	jones_2019_accelerometer_sleep	PANUKBB_2025_RELEASE	ACCELEROMETER	discovery_extension/results/ldsc/extension_rg_matrix.tsv	RECOMPUTED_FROM_PRINTED_ESTIMATES	BLOCKED_MISSING_INPUTS	False
sleep_timing	panukbb_categorical__5001__both_sexes__5001__na	0.2821	0.0785	3.594	0.0003	0.1158	0.0131	1.0022	0.0067	-0.0012	0.0052	1217311	1173004	1163568	discovery_extension/logs/rg/rg_sleep_timing.log	0.0008866995073891625	FI7 : synonym	cognitive	PREVIOUSLY_SCREENED	EUR	PRIMARY_EXTENSION_RG_COMPLETE	True	True	PAIR_NOVELTY_AUDIT_REQUIRED	sleep_timing__panukbb_categorical__5001__both_sexes__5001__na	0.0003	3.593630573248408	0.0003261021113596595	0.00032563983526453106	0.0008866995073891625	0.0009670842862775747	0.0009686201327514639	0.12824282721360578	0.43595717278639423	True	0.0003224553175906342	0.00032978275998937924	0.0009554231632315088	0.000981983404434876	False	jones_2019_accelerometer_sleep	PANUKBB_2025_RELEASE	ACCELEROMETER	discovery_extension/results/ldsc/extension_rg_matrix.tsv	RECOMPUTED_FROM_PRINTED_ESTIMATES	BLOCKED_MISSING_INPUTS	False
sleep_timing	panukbb_categorical__1677__both_sexes__1677__na	0.2025	0.0717	2.8249	0.0047	0.0275	0.0024	1.0375	0.0075	0.007	0.0054	1217311	1173004	1163200	discovery_extension/logs/rg/rg_sleep_timing.log	0.011015625000000001	Breastfed as a baby	early_life	HEAVILY_STUDIED	EUR	PRIMARY_EXTENSION_RG_COMPLETE	True	True	PAIR_NOVELTY_AUDIT_REQUIRED	sleep_timing__panukbb_categorical__1677__both_sexes__1677__na	0.0047	2.8242677824267783	0.004738877405207103	0.00472953741428175	0.011015625000000001	0.011084853314722852	0.011106743918454148	0.06197058230847813	0.3430294176915219	True	0.004699564645378367	0.004778432177330577	0.011014604637605547	0.011199450415618541	False	jones_2019_accelerometer_sleep	PANUKBB_2025_RELEASE	ACCELEROMETER	discovery_extension/results/ldsc/extension_rg_matrix.tsv	RECOMPUTED_FROM_PRINTED_ESTIMATES	BLOCKED_MISSING_INPUTS	False
sleep_timing	panukbb_continuous__1349__both_sexes__na__na	0.1501	0.0609	2.4629	0.0138	0.0456	0.0027	1.0521	0.0102	0.0022	0.0069	1217311	1173004	1163598	discovery_extension/logs/rg/rg_sleep_timing.log	0.029361702127659574	Processed meat intake	diet	PREVIOUSLY_SCREENED	EUR	PRIMARY_EXTENSION_RG_COMPLETE	True	True	PAIR_NOVELTY_AUDIT_REQUIRED	sleep_timing__panukbb_continuous__1349__both_sexes__na__na	0.0138	2.464696223316913	0.013712945568543867	0.013781834832407401	0.029361702127659574	0.029323052834909363	0.02917647993307206	0.03073819334151072	0.2694618066584893	True	0.013604382786010788	0.0138220927902532	0.028945495289384653	0.029408708064368513	False	jones_2019_accelerometer_sleep	PANUKBB_2025_RELEASE	ACCELEROMETER	discovery_extension/results/ldsc/extension_rg_matrix.tsv	RECOMPUTED_FROM_PRINTED_ESTIMATES	BLOCKED_MISSING_INPUTS	False
sleep_timing	panukbb_categorical__1468__both_sexes__4__na	0.1157	0.0419	2.7629	0.0057	0.0728	0.0034	1.0415	0.0081	0.0022	0.0051	1217311	1173004	1163585	discovery_extension/logs/rg/rg_sleep_timing.log	0.01310344827586207	Cereal type	diet	PREVIOUSLY_SCREENED	EUR	PRIMARY_EXTENSION_RG_COMPLETE	True	False	NOT_TIER_A_SCREEN_THRESHOLD	sleep_timing__panukbb_categorical__1468__both_sexes__4__na	0.0057	2.7613365155131264	0.005756532872857407	0.005729031582038125	0.01310344827586207	0.01317018754491523	0.013245859117912954	0.033577509047771736	0.19782249095222826	True	0.005677806486242129	0.0058360510706291216	0.013052428704004894	0.013467810162990281	False	jones_2019_accelerometer_sleep	PANUKBB_2025_RELEASE	ACCELEROMETER	discovery_extension/results/ldsc/extension_rg_matrix.tsv	RECOMPUTED_FROM_PRINTED_ESTIMATES	BLOCKED_MISSING_INPUTS	False
sleep_timing	panukbb_continuous__1140__both_sexes__na__na	0.1706	0.0733	2.3283	0.0199	0.013	0.0014	1.0113	0.0062	-0.0051	0.0047	1217311	1173004	1163552	discovery_extension/logs/rg/rg_sleep_timing.log	0.04040609137055838	Difference in mobile phone use compared to two years previously	digital_environment	PREVIOUSLY_SCREENED	EUR	PRIMARY_EXTENSION_RG_COMPLETE	True	True	PAIR_NOVELTY_AUDIT_REQUIRED	sleep_timing__panukbb_continuous__1140__both_sexes__na__na	0.0199	2.3274215552523874	0.01994283961838735	0.019896179308821618	0.04040609137055838	0.04039833362197283	0.04049307536728396	0.026934639933214044	0.31426536006678596	True	0.019822391630032386	0.020063760490823306	0.040248510923923626	0.04073859998136712	False	jones_2019_accelerometer_sleep	PANUKBB_2025_RELEASE	ACCELEROMETER	discovery_extension/results/ldsc/extension_rg_matrix.tsv	RECOMPUTED_FROM_PRINTED_ESTIMATES	BLOCKED_MISSING_INPUTS	False
sleep_timing	panukbb_continuous__2237__both_sexes__na__na	0.094	0.0389	2.4177	0.0156	0.0746	0.0029	1.0713	0.0096	0.0108	0.0063	1217311	1173004	1163599	discovery_extension/logs/rg/rg_sleep_timing.log	0.032613240418118465	Plays computer games	digital_environment	PREVIOUSLY_SCREENED	EUR	PRIMARY_EXTENSION_RG_COMPLETE	True	False	NOT_TIER_A_SCREEN_THRESHOLD	sleep_timing__panukbb_continuous__2237__both_sexes__na__na	0.0156	2.4164524421593834	0.01567257344138365	0.015618948009880429	0.032613240418118465	0.03266182679393039	0.03276496189836303	0.017757401001391906	0.1702425989986081	True	0.015484289845929521	0.015862377077385408	0.032389658279803016	0.03316176392484754	False	jones_2019_accelerometer_sleep	PANUKBB_2025_RELEASE	ACCELEROMETER	discovery_extension/results/ldsc/extension_rg_matrix.tsv	RECOMPUTED_FROM_PRINTED_ESTIMATES	BLOCKED_MISSING_INPUTS	False
sleep_timing	panukbb_continuous__1757__both_sexes__na__na	-0.1	0.0426	-2.3476	0.0189	0.0705	0.0032	1.0791	0.014	-0.005	0.0062	1217311	1173004	1163600	discovery_extension/logs/rg/rg_sleep_timing.log	0.03870307167235495	Facial ageing	digital_environment	PREVIOUSLY_SCREENED	EUR	PRIMARY_EXTENSION_RG_COMPLETE	True	False	NOT_TIER_A_SCREEN_THRESHOLD	sleep_timing__panukbb_continuous__1757__both_sexes__na__na	0.0189	-2.347417840375587	0.01890404180097223	0.018894800405047832	0.03870307167235495	0.03869242403764061	0.03871134839789535	-0.18349446574140632	-0.016505534258593704	True	0.018705361847601677	0.01910409245191409	0.03830449525106145	0.03912100843395377	False	jones_2019_accelerometer_sleep	PANUKBB_2025_RELEASE	ACCELEROMETER	discovery_extension/results/ldsc/extension_rg_matrix.tsv	RECOMPUTED_FROM_PRINTED_ESTIMATES	BLOCKED_MISSING_INPUTS	False
sleep_timing	panukbb_continuous__874__both_sexes__na__irnt	-0.1571	0.0521	-3.0163	0.0026	0.0472	0.0025	1.0377	0.0087	-0.0303	0.0052	1217311	1173004	1163581	discovery_extension/logs/rg/rg_sleep_timing.log	0.006393442622950819	Duration of walks	physical_activity	UNDEREXPLORED	EUR	PRIMARY_EXTENSION_RG_COMPLETE	True	True	PAIR_NOVELTY_AUDIT_REQUIRED	sleep_timing__panukbb_continuous__874__both_sexes__na__irnt	0.0026	-3.015355086372361	0.0025667856198346934	0.0025587995832687133	0.006393442622950819	0.006318023662391885	0.006324728426697397	-0.2592141235945368	-0.054985876405463166	True	0.0025343287376135126	0.002599558875268542	0.006244752536213994	0.006405483881565196	False	jones_2019_accelerometer_sleep	PANUKBB_2025_RELEASE	ACCELEROMETER	discovery_extension/results/ldsc/extension_rg_matrix.tsv	RECOMPUTED_FROM_PRINTED_ESTIMATES	BLOCKED_MISSING_INPUTS	False
sleep_timing	panukbb_continuous__816__both_sexes__na__na	-0.1663	0.0446	-3.7307	0.0002	0.0845	0.0042	1.0753	0.0095	-0.0273	0.0053	1217311	1173004	1163564	discovery_extension/logs/rg/rg_sleep_timing.log	0.000625	Job involves heavy manual or physical work	socioeconomic_occupational	PREVIOUSLY_SCREENED	EUR	PRIMARY_EXTENSION_RG_COMPLETE	True	True	PAIR_NOVELTY_AUDIT_REQUIRED	sleep_timing__panukbb_continuous__816__both_sexes__na__na	0.0002	-3.7286995515695067	0.00019247046323377846	0.00019094849065758477	0.000625	0.0006029952336555308	0.000607801462843511	-0.25371439371048643	-0.07888560628951359	True	0.00018845745142282021	0.000196554420806212	0.0005951287939668007	0.0006206981709669853	False	jones_2019_accelerometer_sleep	PANUKBB_2025_RELEASE	ACCELEROMETER	discovery_extension/results/ldsc/extension_rg_matrix.tsv	RECOMPUTED_FROM_PRINTED_ESTIMATES	BLOCKED_MISSING_INPUTS	False
sleep_timing	panukbb_categorical__20117__both_sexes__2__na	0.1785	0.0572	3.1225	0.0018	0.0854	0.0067	1.0343	0.0076	0.0118	0.0051	1217311	1173004	1163600	discovery_extension/logs/rg/rg_sleep_timing.log	0.0046351931330472105	Alcohol drinker status	alcohol_tobacco	UNDEREXPLORED	EUR	PRIMARY_EXTENSION_RG_COMPLETE	True	True	PAIR_NOVELTY_AUDIT_REQUIRED	sleep_timing__panukbb_categorical__20117__both_sexes__2__na	0.0018	3.1206293706293704	0.001804650090602931	0.0017932210550573716	0.0046351931330472105	0.004627667238857733	0.004657161524136596	0.0663900600843089	0.29060993991569106	True	0.0017826833912317369	0.0018268262923858373	0.004600473267694805	0.004714390431963451	False	jones_2019_accelerometer_sleep	PANUKBB_2025_RELEASE	ACCELEROMETER	discovery_extension/results/ldsc/extension_rg_matrix.tsv	RECOMPUTED_FROM_PRINTED_ESTIMATES	BLOCKED_MISSING_INPUTS	False
sleep_timing	panukbb_continuous__1588__both_sexes__na__na	0.1787	0.0574	3.1131	0.0019	0.0505	0.0031	1.0565	0.0102	0.0063	0.0064	1217311	1173004	1163165	discovery_extension/logs/rg/rg_sleep_timing.log	0.0048614072494669505	Average weekly beer plus cider intake	alcohol_tobacco	UNDEREXPLORED	EUR	PRIMARY_EXTENSION_RG_COMPLETE	True	True	PAIR_NOVELTY_AUDIT_REQUIRED	sleep_timing__panukbb_continuous__1588__both_sexes__na__na	0.0019	3.1132404181184667	0.001850452109237841	0.0018513327714077897	0.0048614072494669505	0.004757172003617447	0.004765112727651093	0.0661980672874009	0.2912019327125991	True	0.0018280912257182984	0.0018730244570350275	0.004707531053351841	0.004823238945154577	False	jones_2019_accelerometer_sleep	PANUKBB_2025_RELEASE	ACCELEROMETER	discovery_extension/results/ldsc/extension_rg_matrix.tsv	RECOMPUTED_FROM_PRINTED_ESTIMATES	BLOCKED_MISSING_INPUTS	False
