snp	SNP.PP	conditional_pip	rank	cumulative_pip	candidate_locus_id	pair_id	trait_id
rs2582895	0.024706884381062	0.0247068844283606	1	0.0247068844283606	placo_insomnia__adhd_chr11_28076261_29076261	insomnia__adhd	adhd
rs2585817	0.0229686444695338	0.0229686445135049	2	0.0476755289418655	placo_insomnia__adhd_chr11_28076261_29076261	insomnia__adhd	adhd
rs10835360	0.0195689011378619	0.0195689011753245	3	0.06724443011719	placo_insomnia__adhd_chr11_28076261_29076261	insomnia__adhd	adhd
rs11030382	0.0195689011378619	0.0195689011753245	4	0.0868133312925145	placo_insomnia__adhd_chr11_28076261_29076261	insomnia__adhd	adhd
rs4923546	0.0195689011378619	0.0195689011753245	5	0.106382232467839	placo_insomnia__adhd_chr11_28076261_29076261	insomnia__adhd	adhd
rs7952220	0.0195689011378619	0.0195689011753245	6	0.125951133643164	placo_insomnia__adhd_chr11_28076261_29076261	insomnia__adhd	adhd
rs4471400	0.0189296736702421	0.018929673706481	7	0.144880807349644	placo_insomnia__adhd_chr11_28076261_29076261	insomnia__adhd	adhd
rs10835362	0.0186653939066302	0.0186653939423631	8	0.163546201292008	placo_insomnia__adhd_chr11_28076261_29076261	insomnia__adhd	adhd
rs11030386	0.0186653939066302	0.0186653939423631	9	0.182211595234371	placo_insomnia__adhd_chr11_28076261_29076261	insomnia__adhd	adhd
rs7128734	0.0180655212071875	0.018065521241772	10	0.200277116476143	placo_insomnia__adhd_chr11_28076261_29076261	insomnia__adhd	adhd
rs10835364	0.0172167063849102	0.0172167064178697	11	0.217493822894012	placo_insomnia__adhd_chr11_28076261_29076261	insomnia__adhd	adhd
rs11030385	0.0172167063849102	0.0172167064178697	12	0.234710529311882	placo_insomnia__adhd_chr11_28076261_29076261	insomnia__adhd	adhd
rs11030387	0.0172167063849102	0.0172167064178697	13	0.251927235729752	placo_insomnia__adhd_chr11_28076261_29076261	insomnia__adhd	adhd
rs11821132	0.0172167063849102	0.0172167064178697	14	0.269143942147622	placo_insomnia__adhd_chr11_28076261_29076261	insomnia__adhd	adhd
rs59617050	0.0172167063849102	0.0172167064178697	15	0.286360648565491	placo_insomnia__adhd_chr11_28076261_29076261	insomnia__adhd	adhd
rs4244537	0.0168008093358068	0.0168008093679701	16	0.303161457933461	placo_insomnia__adhd_chr11_28076261_29076261	insomnia__adhd	adhd
rs10835363	0.0159990176887817	0.0159990177194101	17	0.319160475652871	placo_insomnia__adhd_chr11_28076261_29076261	insomnia__adhd	adhd
rs10835365	0.0159990176887817	0.0159990177194101	18	0.335159493372282	placo_insomnia__adhd_chr11_28076261_29076261	insomnia__adhd	adhd
rs2582896	0.0155132044479372	0.0155132044776356	19	0.350672697849917	placo_insomnia__adhd_chr11_28076261_29076261	insomnia__adhd	adhd
rs2582897	0.0155132044479372	0.0155132044776356	20	0.366185902327553	placo_insomnia__adhd_chr11_28076261_29076261	insomnia__adhd	adhd
rs2585811	0.0155132044479372	0.0155132044776356	21	0.381699106805188	placo_insomnia__adhd_chr11_28076261_29076261	insomnia__adhd	adhd
rs10742196	0.0143257891704384	0.0143257891978636	22	0.396024896003052	placo_insomnia__adhd_chr11_28076261_29076261	insomnia__adhd	adhd
rs10767727	0.0143257891704384	0.0143257891978636	23	0.410350685200916	placo_insomnia__adhd_chr11_28076261_29076261	insomnia__adhd	adhd
rs2585814	0.0143257891704384	0.0143257891978636	24	0.424676474398779	placo_insomnia__adhd_chr11_28076261_29076261	insomnia__adhd	adhd
rs4520584	0.0143257891704384	0.0143257891978636	25	0.439002263596643	placo_insomnia__adhd_chr11_28076261_29076261	insomnia__adhd	adhd
rs7127383	0.0132603947968339	0.0132603948222195	26	0.452262658418862	placo_insomnia__adhd_chr11_28076261_29076261	insomnia__adhd	adhd
rs10767730	0.0113703468251997	0.011370346846967	27	0.463633005265829	placo_insomnia__adhd_chr11_28076261_29076261	insomnia__adhd	adhd
rs7110556	0.0113703468251997	0.011370346846967	28	0.475003352112796	placo_insomnia__adhd_chr11_28076261_29076261	insomnia__adhd	adhd
rs10767732	0.0107828963835626	0.0107828964042053	29	0.485786248517001	placo_insomnia__adhd_chr11_28076261_29076261	insomnia__adhd	adhd
rs4442537	0.0107828963835626	0.0107828964042053	30	0.496569144921207	placo_insomnia__adhd_chr11_28076261_29076261	insomnia__adhd	adhd
rs10767729	0.010504361006801	0.0105043610269105	31	0.507073505948117	placo_insomnia__adhd_chr11_28076261_29076261	insomnia__adhd	adhd
rs10767731	0.010504361006801	0.0105043610269105	32	0.517577866975028	placo_insomnia__adhd_chr11_28076261_29076261	insomnia__adhd	adhd
rs12226542	0.010504361006801	0.0105043610269105	33	0.528082228001938	placo_insomnia__adhd_chr11_28076261_29076261	insomnia__adhd	adhd
rs4923549	0.010504361006801	0.0105043610269105	34	0.538586589028849	placo_insomnia__adhd_chr11_28076261_29076261	insomnia__adhd	adhd
rs4923550	0.010504361006801	0.0105043610269105	35	0.54909095005576	placo_insomnia__adhd_chr11_28076261_29076261	insomnia__adhd	adhd
rs10742197	0.0102356600075366	0.0102356600271317	36	0.559326610082891	placo_insomnia__adhd_chr11_28076261_29076261	insomnia__adhd	adhd
rs10767736	0.0102356600075366	0.0102356600271317	37	0.569562270110023	placo_insomnia__adhd_chr11_28076261_29076261	insomnia__adhd	adhd
rs10835372	0.0102356600075366	0.0102356600271317	38	0.579797930137155	placo_insomnia__adhd_chr11_28076261_29076261	insomnia__adhd	adhd
rs10835382	0.0102356600075366	0.0102356600271317	39	0.590033590164286	placo_insomnia__adhd_chr11_28076261_29076261	insomnia__adhd	adhd
rs10835383	0.0102356600075366	0.0102356600271317	40	0.600269250191418	placo_insomnia__adhd_chr11_28076261_29076261	insomnia__adhd	adhd
rs11030388	0.0102356600075366	0.0102356600271317	41	0.61050491021855	placo_insomnia__adhd_chr11_28076261_29076261	insomnia__adhd	adhd
rs12226518	0.00970535360441106	0.00970535362299092	42	0.620210263841541	placo_insomnia__adhd_chr11_28076261_29076261	insomnia__adhd	adhd
rs10767737	0.00953330742573352	0.00953330744398401	43	0.629743571285525	placo_insomnia__adhd_chr11_28076261_29076261	insomnia__adhd	adhd
rs10835374	0.00953330742573352	0.00953330744398401	44	0.639276878729509	placo_insomnia__adhd_chr11_28076261_29076261	insomnia__adhd	adhd
rs10835375	0.00953330742573352	0.00953330744398401	45	0.648810186173493	placo_insomnia__adhd_chr11_28076261_29076261	insomnia__adhd	adhd
rs10835381	0.00953330742573352	0.00953330744398401	46	0.658343493617477	placo_insomnia__adhd_chr11_28076261_29076261	insomnia__adhd	adhd
rs4274191	0.00953330742573352	0.00953330744398401	47	0.667876801061461	placo_insomnia__adhd_chr11_28076261_29076261	insomnia__adhd	adhd
rs4290215	0.00953330742573352	0.00953330744398401	48	0.677410108505445	placo_insomnia__adhd_chr11_28076261_29076261	insomnia__adhd	adhd
rs4575255	0.00953330742573352	0.00953330744398401	49	0.686943415949429	placo_insomnia__adhd_chr11_28076261_29076261	insomnia__adhd	adhd
rs4576808	0.00953330742573352	0.00953330744398401	50	0.696476723393413	placo_insomnia__adhd_chr11_28076261_29076261	insomnia__adhd	adhd
rs73434729	0.00953330742573352	0.00953330744398401	51	0.706010030837397	placo_insomnia__adhd_chr11_28076261_29076261	insomnia__adhd	adhd
rs10835373	0.0088171221392044	0.00881712215608384	52	0.714827152993481	placo_insomnia__adhd_chr11_28076261_29076261	insomnia__adhd	adhd
rs11030391	0.0088171221392044	0.00881712215608384	53	0.723644275149565	placo_insomnia__adhd_chr11_28076261_29076261	insomnia__adhd	adhd
rs11030392	0.0088171221392044	0.00881712215608384	54	0.732461397305649	placo_insomnia__adhd_chr11_28076261_29076261	insomnia__adhd	adhd
rs11030393	0.0088171221392044	0.00881712215608384	55	0.741278519461733	placo_insomnia__adhd_chr11_28076261_29076261	insomnia__adhd	adhd
rs12576604	0.0088171221392044	0.00881712215608384	56	0.750095641617817	placo_insomnia__adhd_chr11_28076261_29076261	insomnia__adhd	adhd
rs10767733	0.00834729027151246	0.00834729028749245	57	0.758442931905309	placo_insomnia__adhd_chr11_28076261_29076261	insomnia__adhd	adhd
rs4267058	0.00815558093661172	0.00815558095222471	58	0.766598512857534	placo_insomnia__adhd_chr11_28076261_29076261	insomnia__adhd	adhd
rs4568992	0.00815558093661172	0.00815558095222471	59	0.774754093809759	placo_insomnia__adhd_chr11_28076261_29076261	insomnia__adhd	adhd
rs6484376	0.00815558093661172	0.00815558095222471	60	0.782909674761983	placo_insomnia__adhd_chr11_28076261_29076261	insomnia__adhd	adhd
rs7121736	0.00815558093661172	0.00815558095222471	61	0.791065255714208	placo_insomnia__adhd_chr11_28076261_29076261	insomnia__adhd	adhd
rs10835368	0.00756106233417804	0.00756106234865288	62	0.798626318062861	placo_insomnia__adhd_chr11_28076261_29076261	insomnia__adhd	adhd
rs7124653	0.00754445283329562	0.00754445284773867	63	0.806170770910599	placo_insomnia__adhd_chr11_28076261_29076261	insomnia__adhd	adhd
rs12577364	0.00702934206501532	0.00702934207847224	64	0.813200112989072	placo_insomnia__adhd_chr11_28076261_29076261	insomnia__adhd	adhd
rs4290216	0.00702934206501532	0.00702934207847224	65	0.820229455067544	placo_insomnia__adhd_chr11_28076261_29076261	insomnia__adhd	adhd
rs4344470	0.00702934206501532	0.00702934207847224	66	0.827258797146016	placo_insomnia__adhd_chr11_28076261_29076261	insomnia__adhd	adhd
rs4244538	0.00650388855373111	0.00650388856618211	67	0.833762685712198	placo_insomnia__adhd_chr11_28076261_29076261	insomnia__adhd	adhd
rs6484377	0.00650388855373111	0.00650388856618211	68	0.84026657427838	placo_insomnia__adhd_chr11_28076261_29076261	insomnia__adhd	adhd
rs6484379	0.00650388855373111	0.00650388856618211	69	0.846770462844563	placo_insomnia__adhd_chr11_28076261_29076261	insomnia__adhd	adhd
rs7124523	0.00650388855373111	0.00650388856618211	70	0.853274351410745	placo_insomnia__adhd_chr11_28076261_29076261	insomnia__adhd	adhd
rs7928893	0.00650388855373111	0.00650388856618211	71	0.859778239976927	placo_insomnia__adhd_chr11_28076261_29076261	insomnia__adhd	adhd
rs7938026	0.00650388855373111	0.00650388856618211	72	0.866282128543109	placo_insomnia__adhd_chr11_28076261_29076261	insomnia__adhd	adhd
rs7931440	0.00614129061398242	0.00614129062573926	73	0.872423419168848	placo_insomnia__adhd_chr11_28076261_29076261	insomnia__adhd	adhd
rs12282355	0.00601833482524445	0.0060183348367659	74	0.878441754005614	placo_insomnia__adhd_chr11_28076261_29076261	insomnia__adhd	adhd
rs7935241	0.00601833482524445	0.0060183348367659	75	0.88446008884238	placo_insomnia__adhd_chr11_28076261_29076261	insomnia__adhd	adhd
rs11030398	0.00556960577552736	0.00556960578618977	76	0.89002969462857	placo_insomnia__adhd_chr11_28076261_29076261	insomnia__adhd	adhd
rs2356015	0.00556960577552736	0.00556960578618977	77	0.89559930041476	placo_insomnia__adhd_chr11_28076261_29076261	insomnia__adhd	adhd
rs2356016	0.00556960577552736	0.00556960578618977	78	0.90116890620095	placo_insomnia__adhd_chr11_28076261_29076261	insomnia__adhd	adhd
rs7942414	0.00556960577552736	0.00556960578618977	79	0.906738511987139	placo_insomnia__adhd_chr11_28076261_29076261	insomnia__adhd	adhd
rs7942482	0.00556960577552736	0.00556960578618977	80	0.912308117773329	placo_insomnia__adhd_chr11_28076261_29076261	insomnia__adhd	adhd
rs10835384	0.0051912359160746	0.00519123592601267	81	0.917499353699342	placo_insomnia__adhd_chr11_28076261_29076261	insomnia__adhd	adhd
rs11030399	0.0051912359160746	0.00519123592601267	82	0.922690589625354	placo_insomnia__adhd_chr11_28076261_29076261	insomnia__adhd	adhd
rs11030402	0.0051912359160746	0.00519123592601267	83	0.927881825551367	placo_insomnia__adhd_chr11_28076261_29076261	insomnia__adhd	adhd
rs2883826	0.0051912359160746	0.00519123592601267	84	0.93307306147738	placo_insomnia__adhd_chr11_28076261_29076261	insomnia__adhd	adhd
rs4337023	0.0051912359160746	0.00519123592601267	85	0.938264297403392	placo_insomnia__adhd_chr11_28076261_29076261	insomnia__adhd	adhd
rs4372430	0.0051912359160746	0.00519123592601267	86	0.943455533329405	placo_insomnia__adhd_chr11_28076261_29076261	insomnia__adhd	adhd
rs4923552	0.0051912359160746	0.00519123592601267	87	0.948646769255418	placo_insomnia__adhd_chr11_28076261_29076261	insomnia__adhd	adhd
rs6484385	0.0051912359160746	0.00519123592601267	88	0.95383800518143	placo_insomnia__adhd_chr11_28076261_29076261	insomnia__adhd	adhd
rs12589260	0.110475423186207	0.110510587124813	1	0.110510587124813	placo_insomnia__adhd_chr14_98137479_99137479	insomnia__adhd	adhd
rs1954554	0.0878485506398257	0.0878765125244898	2	0.198387099649303	placo_insomnia__adhd_chr14_98137479_99137479	insomnia__adhd	adhd
rs78745380	0.0878485506398257	0.0878765125244898	3	0.286263612173793	placo_insomnia__adhd_chr14_98137479_99137479	insomnia__adhd	adhd
rs74469887	0.0840923255342111	0.0841190918256364	4	0.370382703999429	placo_insomnia__adhd_chr14_98137479_99137479	insomnia__adhd	adhd
rs12590386	0.0770686658087233	0.0770931964939635	5	0.447475900493393	placo_insomnia__adhd_chr14_98137479_99137479	insomnia__adhd	adhd
rs1959996	0.0703084723001731	0.0703308512395983	6	0.517806751732991	placo_insomnia__adhd_chr14_98137479_99137479	insomnia__adhd	adhd
rs77383841	0.0614415899038936	0.0614611465458411	7	0.579267898278832	placo_insomnia__adhd_chr14_98137479_99137479	insomnia__adhd	adhd
rs1892231	0.0431462974783842	0.0431600307931058	8	0.622427929071938	placo_insomnia__adhd_chr14_98137479_99137479	insomnia__adhd	adhd
rs77653640	0.0406133353569902	0.0406262624387781	9	0.663054191510716	placo_insomnia__adhd_chr14_98137479_99137479	insomnia__adhd	adhd
rs79826946	0.0266810345080247	0.0266895269874589	10	0.689743718498175	placo_insomnia__adhd_chr14_98137479_99137479	insomnia__adhd	adhd
rs79470265	0.0255319825598307	0.0255401093000716	11	0.715283827798246	placo_insomnia__adhd_chr14_98137479_99137479	insomnia__adhd	adhd
rs12435486	0.0240762408815187	0.0240839042643039	12	0.73936773206255	placo_insomnia__adhd_chr14_98137479_99137479	insomnia__adhd	adhd
rs8011129	0.0234142999895214	0.023421752678849	13	0.762789484741399	placo_insomnia__adhd_chr14_98137479_99137479	insomnia__adhd	adhd
rs17701958	0.0212216159725663	0.021228370738284	14	0.784017855479683	placo_insomnia__adhd_chr14_98137479_99137479	insomnia__adhd	adhd
rs2008260	0.0202397210300822	0.0202461632620935	15	0.804264018741777	placo_insomnia__adhd_chr14_98137479_99137479	insomnia__adhd	adhd
rs17775184	0.0192036110646419	0.0192097235064957	16	0.823473742248272	placo_insomnia__adhd_chr14_98137479_99137479	insomnia__adhd	adhd
rs7144406	0.00542262467712562	0.00542435067948643	17	0.828898092927759	placo_insomnia__adhd_chr14_98137479_99137479	insomnia__adhd	adhd
rs1461587	0.00529839718006689	0.00530008364125235	18	0.834198176569011	placo_insomnia__adhd_chr14_98137479_99137479	insomnia__adhd	adhd
rs7141639	0.00391153231699911	0.00391277734397691	19	0.838110953912988	placo_insomnia__adhd_chr14_98137479_99137479	insomnia__adhd	adhd
rs76905624	0.00338791573036077	0.00338899409202085	20	0.841499948005009	placo_insomnia__adhd_chr14_98137479_99137479	insomnia__adhd	adhd
rs7159336	0.00328359209755164	0.00328463725336635	21	0.844784585258375	placo_insomnia__adhd_chr14_98137479_99137479	insomnia__adhd	adhd
rs7159716	0.00326235485074027	0.00326339324681402	22	0.848047978505189	placo_insomnia__adhd_chr14_98137479_99137479	insomnia__adhd	adhd
rs75614429	0.0032174353339478	0.00321845943229736	23	0.851266437937487	placo_insomnia__adhd_chr14_98137479_99137479	insomnia__adhd	adhd
rs7141014	0.00281830841737305	0.00281920547502898	24	0.854085643412516	placo_insomnia__adhd_chr14_98137479_99137479	insomnia__adhd	adhd
rs76247422	0.00266448864485192	0.00266533674221532	25	0.856750980154731	placo_insomnia__adhd_chr14_98137479_99137479	insomnia__adhd	adhd
rs10144091	0.00260711414850225	0.00260794398376527	26	0.859358924138496	placo_insomnia__adhd_chr14_98137479_99137479	insomnia__adhd	adhd
rs7145913	0.00260711414850225	0.00260794398376527	27	0.861966868122262	placo_insomnia__adhd_chr14_98137479_99137479	insomnia__adhd	adhd
rs7146746	0.00260711414850225	0.00260794398376527	28	0.864574812106027	placo_insomnia__adhd_chr14_98137479_99137479	insomnia__adhd	adhd
rs76381532	0.00259547653050343	0.00259630266155358	29	0.86717111476758	placo_insomnia__adhd_chr14_98137479_99137479	insomnia__adhd	adhd
rs17096600	0.0024828855872357	0.00248367588098464	30	0.869654790648565	placo_insomnia__adhd_chr14_98137479_99137479	insomnia__adhd	adhd
rs17096602	0.0024828855872357	0.00248367588098464	31	0.87213846652955	placo_insomnia__adhd_chr14_98137479_99137479	insomnia__adhd	adhd
rs17701424	0.0024828855872357	0.00248367588098464	32	0.874622142410534	placo_insomnia__adhd_chr14_98137479_99137479	insomnia__adhd	adhd
rs7145698	0.0024828855872357	0.00248367588098464	33	0.877105818291519	placo_insomnia__adhd_chr14_98137479_99137479	insomnia__adhd	adhd
rs17701568	0.00247285210490737	0.00247363920503418	34	0.879579457496553	placo_insomnia__adhd_chr14_98137479_99137479	insomnia__adhd	adhd
rs7159904	0.00247285210490737	0.00247363920503418	35	0.882053096701587	placo_insomnia__adhd_chr14_98137479_99137479	insomnia__adhd	adhd
rs7159827	0.00237633535633265	0.00237709173551788	36	0.884430188437105	placo_insomnia__adhd_chr14_98137479_99137479	insomnia__adhd	adhd
rs8013699	0.00236763396591526	0.00236838757547853	37	0.886798576012584	placo_insomnia__adhd_chr14_98137479_99137479	insomnia__adhd	adhd
rs17701821	0.00225616054096222	0.00225687866892644	38	0.88905545468151	placo_insomnia__adhd_chr14_98137479_99137479	insomnia__adhd	adhd
rs7160630	0.00225616054096222	0.00225687866892644	39	0.891312333350437	placo_insomnia__adhd_chr14_98137479_99137479	insomnia__adhd	adhd
rs1461582	0.00216670129085585	0.00216739094425542	40	0.893479724294692	placo_insomnia__adhd_chr14_98137479_99137479	insomnia__adhd	adhd
rs12100628	0.0021604954637789	0.00216118314188554	41	0.895640907436578	placo_insomnia__adhd_chr14_98137479_99137479	insomnia__adhd	adhd
rs12323602	0.0021604954637789	0.00216118314188554	42	0.897802090578463	placo_insomnia__adhd_chr14_98137479_99137479	insomnia__adhd	adhd
rs28691243	0.0021604954637789	0.00216118314188554	43	0.899963273720349	placo_insomnia__adhd_chr14_98137479_99137479	insomnia__adhd	adhd
rs7155953	0.0021604954637789	0.00216118314188554	44	0.902124456862234	placo_insomnia__adhd_chr14_98137479_99137479	insomnia__adhd	adhd
rs7160439	0.0021604954637789	0.00216118314188554	45	0.90428564000412	placo_insomnia__adhd_chr14_98137479_99137479	insomnia__adhd	adhd
rs72478863	0.0021604954637789	0.00216118314188554	46	0.906446823146005	placo_insomnia__adhd_chr14_98137479_99137479	insomnia__adhd	adhd
rs10139183	0.00206903774335509	0.00206969631079102	47	0.908516519456796	placo_insomnia__adhd_chr14_98137479_99137479	insomnia__adhd	adhd
rs28488824	0.00206903774335509	0.00206969631079102	48	0.910586215767587	placo_insomnia__adhd_chr14_98137479_99137479	insomnia__adhd	adhd
rs7154993	0.00206903774335509	0.00206969631079102	49	0.912655912078378	placo_insomnia__adhd_chr14_98137479_99137479	insomnia__adhd	adhd
rs7160893	0.00206903774335509	0.00206969631079102	50	0.914725608389169	placo_insomnia__adhd_chr14_98137479_99137479	insomnia__adhd	adhd
rs8007838	0.00206903774335509	0.00206969631079102	51	0.91679530469996	placo_insomnia__adhd_chr14_98137479_99137479	insomnia__adhd	adhd
rs8009025	0.00206903774335509	0.00206969631079102	52	0.918865001010751	placo_insomnia__adhd_chr14_98137479_99137479	insomnia__adhd	adhd
rs76659130	0.00206433130859406	0.00206498837798836	53	0.92092998938874	placo_insomnia__adhd_chr14_98137479_99137479	insomnia__adhd	adhd
rs78154752	0.00206433130859406	0.00206498837798836	54	0.922994977766728	placo_insomnia__adhd_chr14_98137479_99137479	insomnia__adhd	adhd
rs10151485	0.00206417668328734	0.00206483370346496	55	0.925059811470193	placo_insomnia__adhd_chr14_98137479_99137479	insomnia__adhd	adhd
rs8006659	0.00206417668328734	0.00206483370346496	56	0.927124645173658	placo_insomnia__adhd_chr14_98137479_99137479	insomnia__adhd	adhd
rs10133228	0.00197212034528648	0.00197274806425551	57	0.929097393237914	placo_insomnia__adhd_chr14_98137479_99137479	insomnia__adhd	adhd
rs10143433	0.00197212034528648	0.00197274806425551	58	0.931070141302169	placo_insomnia__adhd_chr14_98137479_99137479	insomnia__adhd	adhd
rs12147808	0.00197212034528648	0.00197274806425551	59	0.933042889366425	placo_insomnia__adhd_chr14_98137479_99137479	insomnia__adhd	adhd
rs7160371	0.00197212034528648	0.00197274806425551	60	0.93501563743068	placo_insomnia__adhd_chr14_98137479_99137479	insomnia__adhd	adhd
rs7161307	0.00197212034528648	0.00197274806425551	61	0.936988385494936	placo_insomnia__adhd_chr14_98137479_99137479	insomnia__adhd	adhd
rs79310499	0.00196844125788044	0.00196906780580889	62	0.938957453300744	placo_insomnia__adhd_chr14_98137479_99137479	insomnia__adhd	adhd
rs10151901	0.00188892776409825	0.00188952900316132	63	0.940846982303906	placo_insomnia__adhd_chr14_98137479_99137479	insomnia__adhd	adhd
rs12050469	0.00188609742262427	0.0018866977607996	64	0.942733680064705	placo_insomnia__adhd_chr14_98137479_99137479	insomnia__adhd	adhd
rs79108591	0.00188609742262427	0.0018866977607996	65	0.944620377825505	placo_insomnia__adhd_chr14_98137479_99137479	insomnia__adhd	adhd
rs28415454	0.00180075505236804	0.00180132822636711	66	0.946421706051872	placo_insomnia__adhd_chr14_98137479_99137479	insomnia__adhd	adhd
rs10147461	0.00164481463053103	0.00164533816924234	67	0.948067044221115	placo_insomnia__adhd_chr14_98137479_99137479	insomnia__adhd	adhd
rs1461583	0.0013801191631307	0.0013805584502058	68	0.94944760267132	placo_insomnia__adhd_chr14_98137479_99137479	insomnia__adhd	adhd
rs1461584	0.0013801191631307	0.0013805584502058	69	0.950828161121526	placo_insomnia__adhd_chr14_98137479_99137479	insomnia__adhd	adhd
rs1456193	0.0613571327126959	0.0614911059826752	1	0.0614911059826752	placo_insomnia__adhd_chr3_117142005_118142005	insomnia__adhd	insomnia
rs9815484	0.0594371558557517	0.0595669368571807	2	0.121058042839856	placo_insomnia__adhd_chr3_117142005_118142005	insomnia__adhd	insomnia
rs62264767	0.0469933118662382	0.0470959217402582	3	0.168153964580114	placo_insomnia__adhd_chr3_117142005_118142005	insomnia__adhd	insomnia
rs62264770	0.044126504412787	0.0442228546141013	4	0.212376819194215	placo_insomnia__adhd_chr3_117142005_118142005	insomnia__adhd	insomnia
rs57945129	0.043413926650459	0.0435087209385695	5	0.255885540132785	placo_insomnia__adhd_chr3_117142005_118142005	insomnia__adhd	insomnia
rs62264764	0.0401157455254523	0.0402033382366513	6	0.296088878369436	placo_insomnia__adhd_chr3_117142005_118142005	insomnia__adhd	insomnia
rs62264771	0.0319009094665974	0.0319705650871845	7	0.328059443456621	placo_insomnia__adhd_chr3_117142005_118142005	insomnia__adhd	insomnia
rs62264772	0.0271928304321267	0.0272522059643903	8	0.355311649421011	placo_insomnia__adhd_chr3_117142005_118142005	insomnia__adhd	insomnia
rs62264778	0.0252625311412451	0.0253176918659287	9	0.38062934128694	placo_insomnia__adhd_chr3_117142005_118142005	insomnia__adhd	insomnia
rs6795060	0.02503721415628	0.0250918829014346	10	0.405721224188374	placo_insomnia__adhd_chr3_117142005_118142005	insomnia__adhd	insomnia
rs73168386	0.02503721415628	0.0250918829014346	11	0.430813107089809	placo_insomnia__adhd_chr3_117142005_118142005	insomnia__adhd	insomnia
rs56255439	0.0234732737412461	0.0235245276232513	12	0.45433763471306	placo_insomnia__adhd_chr3_117142005_118142005	insomnia__adhd	insomnia
rs62264768	0.0214192214494736	0.0214659903092806	13	0.475803625022341	placo_insomnia__adhd_chr3_117142005_118142005	insomnia__adhd	insomnia
rs716936	0.0206112384854086	0.0206562431147994	14	0.49645986813714	placo_insomnia__adhd_chr3_117142005_118142005	insomnia__adhd	insomnia
rs61384494	0.0197409042819228	0.0197840085369958	15	0.516243876674136	placo_insomnia__adhd_chr3_117142005_118142005	insomnia__adhd	insomnia
rs13080344	0.0190219717049913	0.0190635061711258	16	0.535307382845262	placo_insomnia__adhd_chr3_117142005_118142005	insomnia__adhd	insomnia
rs6778926	0.0167627141250487	0.0167993155033363	17	0.552106698348598	placo_insomnia__adhd_chr3_117142005_118142005	insomnia__adhd	insomnia
rs62264775	0.0145657097225403	0.0145975139427642	18	0.566704212291362	placo_insomnia__adhd_chr3_117142005_118142005	insomnia__adhd	insomnia
rs62264773	0.0139592518149998	0.0139897318346721	19	0.580693944126034	placo_insomnia__adhd_chr3_117142005_118142005	insomnia__adhd	insomnia
rs62264780	0.0125979403234227	0.0126254479201032	20	0.593319392046137	placo_insomnia__adhd_chr3_117142005_118142005	insomnia__adhd	insomnia
rs2045307	0.0125461304933844	0.0125735249633258	21	0.605892917009463	placo_insomnia__adhd_chr3_117142005_118142005	insomnia__adhd	insomnia
rs1456196	0.011632147105646	0.0116575458932967	22	0.61755046290276	placo_insomnia__adhd_chr3_117142005_118142005	insomnia__adhd	insomnia
rs58533135	0.0115889042688179	0.011614208635755	23	0.629164671538515	placo_insomnia__adhd_chr3_117142005_118142005	insomnia__adhd	insomnia
rs1456183	0.0104895389561762	0.0105124428594781	24	0.639677114397993	placo_insomnia__adhd_chr3_117142005_118142005	insomnia__adhd	insomnia
rs55704727	0.00970712052614664	0.00972831601918019	25	0.649405430417173	placo_insomnia__adhd_chr3_117142005_118142005	insomnia__adhd	insomnia
rs56174517	0.00970712052614664	0.00972831601918019	26	0.659133746436353	placo_insomnia__adhd_chr3_117142005_118142005	insomnia__adhd	insomnia
rs59470461	0.00970712052614664	0.00972831601918019	27	0.668862062455534	placo_insomnia__adhd_chr3_117142005_118142005	insomnia__adhd	insomnia
rs56310214	0.00897412479563805	0.00899371979284405	28	0.677855782248378	placo_insomnia__adhd_chr3_117142005_118142005	insomnia__adhd	insomnia
rs62263116	0.00877255994881472	0.00879171482927394	29	0.686647497077652	placo_insomnia__adhd_chr3_117142005_118142005	insomnia__adhd	insomnia
rs62263112	0.00842278936742312	0.00844118052398489	30	0.695088677601637	placo_insomnia__adhd_chr3_117142005_118142005	insomnia__adhd	insomnia
rs6769144	0.00777442665282577	0.00779140210970982	31	0.702880079711346	placo_insomnia__adhd_chr3_117142005_118142005	insomnia__adhd	insomnia
rs1093464	0.00749962052509755	0.00751599594293292	32	0.710396075654279	placo_insomnia__adhd_chr3_117142005_118142005	insomnia__adhd	insomnia
rs62263119	0.00725048642347386	0.0072663178571173	33	0.717662393511397	placo_insomnia__adhd_chr3_117142005_118142005	insomnia__adhd	insomnia
rs62263082	0.00717819386298753	0.00719386744585968	34	0.724856260957256	placo_insomnia__adhd_chr3_117142005_118142005	insomnia__adhd	insomnia
rs56204450	0.00715427591094529	0.00716989726898057	35	0.732026158226237	placo_insomnia__adhd_chr3_117142005_118142005	insomnia__adhd	insomnia
rs73183041	0.00715427591094529	0.00716989726898057	36	0.739196055495217	placo_insomnia__adhd_chr3_117142005_118142005	insomnia__adhd	insomnia
rs56256549	0.0068309556342694	0.00684587102263494	37	0.746041926517852	placo_insomnia__adhd_chr3_117142005_118142005	insomnia__adhd	insomnia
rs62263115	0.00676313139492134	0.00677789868909266	38	0.752819825206945	placo_insomnia__adhd_chr3_117142005_118142005	insomnia__adhd	insomnia
rs62263121	0.00676313139492134	0.00677789868909266	39	0.759597723896038	placo_insomnia__adhd_chr3_117142005_118142005	insomnia__adhd	insomnia
rs6794831	0.0067406911617004	0.00675540945763319	40	0.766353133353671	placo_insomnia__adhd_chr3_117142005_118142005	insomnia__adhd	insomnia
rs866001	0.00657305010605206	0.0065874023578199	41	0.772940535711491	placo_insomnia__adhd_chr3_117142005_118142005	insomnia__adhd	insomnia
rs6438436	0.00646517926818796	0.00647929598403284	42	0.779419831695524	placo_insomnia__adhd_chr3_117142005_118142005	insomnia__adhd	insomnia
rs56051552	0.00637265733787363	0.00638657203212784	43	0.785806403727651	placo_insomnia__adhd_chr3_117142005_118142005	insomnia__adhd	insomnia
rs62263123	0.00628890173167403	0.0063026335456021	44	0.792109037273254	placo_insomnia__adhd_chr3_117142005_118142005	insomnia__adhd	insomnia
rs6807173	0.00628890173167403	0.0063026335456021	45	0.798411670818856	placo_insomnia__adhd_chr3_117142005_118142005	insomnia__adhd	insomnia
rs861673	0.00617439328496119	0.00618787506975055	46	0.804599545888606	placo_insomnia__adhd_chr3_117142005_118142005	insomnia__adhd	insomnia
rs817512	0.00615519348411462	0.006168633346148	47	0.810768179234754	placo_insomnia__adhd_chr3_117142005_118142005	insomnia__adhd	insomnia
rs864199	0.0060979945755829	0.0061113095438268	48	0.816879488778581	placo_insomnia__adhd_chr3_117142005_118142005	insomnia__adhd	insomnia
rs73168388	0.00588782389413709	0.00590067995479841	49	0.822780168733379	placo_insomnia__adhd_chr3_117142005_118142005	insomnia__adhd	insomnia
rs62263120	0.00586849885727114	0.0058813127217237	50	0.828661481455103	placo_insomnia__adhd_chr3_117142005_118142005	insomnia__adhd	insomnia
rs62264766	0.00586849885727114	0.0058813127217237	51	0.834542794176827	placo_insomnia__adhd_chr3_117142005_118142005	insomnia__adhd	insomnia
rs1093463	0.00578277094720661	0.00579539762480848	52	0.840338191801635	placo_insomnia__adhd_chr3_117142005_118142005	insomnia__adhd	insomnia
rs62263076	0.00551317334639244	0.00552521135776167	53	0.845863403159397	placo_insomnia__adhd_chr3_117142005_118142005	insomnia__adhd	insomnia
rs62263122	0.00547723092354007	0.00548919045464617	54	0.851352593614043	placo_insomnia__adhd_chr3_117142005_118142005	insomnia__adhd	insomnia
rs817500	0.00538362625065863	0.00539538139600619	55	0.856747975010049	placo_insomnia__adhd_chr3_117142005_118142005	insomnia__adhd	insomnia
rs843852	0.00536707053702233	0.00537878953297707	56	0.862126764543026	placo_insomnia__adhd_chr3_117142005_118142005	insomnia__adhd	insomnia
rs62264783	0.00535523948834549	0.00536693265121109	57	0.867493697194237	placo_insomnia__adhd_chr3_117142005_118142005	insomnia__adhd	insomnia
rs843854	0.00531774534030942	0.00532935663472069	58	0.872823053828958	placo_insomnia__adhd_chr3_117142005_118142005	insomnia__adhd	insomnia
rs4146338	0.00524376787579934	0.00525521764045217	59	0.87807827146941	placo_insomnia__adhd_chr3_117142005_118142005	insomnia__adhd	insomnia
rs62264762	0.00509641943945363	0.00510754746886606	60	0.883185818938276	placo_insomnia__adhd_chr3_117142005_118142005	insomnia__adhd	insomnia
rs73168378	0.00509641943945363	0.00510754746886606	61	0.888293366407142	placo_insomnia__adhd_chr3_117142005_118142005	insomnia__adhd	insomnia
rs861001	0.00504403791529746	0.00505505156967692	62	0.893348417976819	placo_insomnia__adhd_chr3_117142005_118142005	insomnia__adhd	insomnia
rs846184	0.00502860700345363	0.00503958696444444	63	0.898388004941264	placo_insomnia__adhd_chr3_117142005_118142005	insomnia__adhd	insomnia
rs1456182	0.0050006830335505	0.00501160202256636	64	0.90339960696383	placo_insomnia__adhd_chr3_117142005_118142005	insomnia__adhd	insomnia
rs62264779	0.00498194573954979	0.00499282381569314	65	0.908392430779523	placo_insomnia__adhd_chr3_117142005_118142005	insomnia__adhd	insomnia
rs55979908	0.00488335113829362	0.00489401393317222	66	0.913286444712695	placo_insomnia__adhd_chr3_117142005_118142005	insomnia__adhd	insomnia
rs817509	0.00472667373282948	0.00473699442266806	67	0.918023439135363	placo_insomnia__adhd_chr3_117142005_118142005	insomnia__adhd	insomnia
rs73168397	0.00461083997575574	0.00462090774264106	68	0.922644346878004	placo_insomnia__adhd_chr3_117142005_118142005	insomnia__adhd	insomnia
rs111375528	0.00456320121898523	0.00457316496666789	69	0.927217511844672	placo_insomnia__adhd_chr3_117142005_118142005	insomnia__adhd	insomnia
rs62263118	0.00423122388624913	0.00424046276158428	70	0.931457974606257	placo_insomnia__adhd_chr3_117142005_118142005	insomnia__adhd	insomnia
rs55779525	0.00412853860854889	0.00413755327062923	71	0.935595527876886	placo_insomnia__adhd_chr3_117142005_118142005	insomnia__adhd	insomnia
rs2925312	0.00412773993283985	0.00413675285101216	72	0.939732280727898	placo_insomnia__adhd_chr3_117142005_118142005	insomnia__adhd	insomnia
rs62264782	0.00382134713151572	0.00382969104115263	73	0.943561971769051	placo_insomnia__adhd_chr3_117142005_118142005	insomnia__adhd	insomnia
rs62264763	0.00361190095070496	0.00361978753470609	74	0.947181759303757	placo_insomnia__adhd_chr3_117142005_118142005	insomnia__adhd	insomnia
rs7631320	0.00358287586288146	0.00359069907061719	75	0.950772458374374	placo_insomnia__adhd_chr3_117142005_118142005	insomnia__adhd	insomnia
rs73163723	0.0467961238596763	0.0473175355484167	1	0.0473175355484167	placo_insomnia__adhd_chr3_117142005_118142005	insomnia__adhd	adhd
rs62264764	0.0308208770640516	0.0311642893861194	2	0.0784818249345361	placo_insomnia__adhd_chr3_117142005_118142005	insomnia__adhd	adhd
rs57945129	0.0295969345342164	0.0299267094459868	3	0.108408534380523	placo_insomnia__adhd_chr3_117142005_118142005	insomnia__adhd	adhd
rs62264767	0.0295969345342164	0.0299267094459868	4	0.13833524382651	placo_insomnia__adhd_chr3_117142005_118142005	insomnia__adhd	adhd
rs73180988	0.0271734136101369	0.0274761851713411	5	0.165811428997851	placo_insomnia__adhd_chr3_117142005_118142005	insomnia__adhd	adhd
rs62264778	0.0263148635468769	0.0266080689730804	6	0.192419497970931	placo_insomnia__adhd_chr3_117142005_118142005	insomnia__adhd	adhd
rs1160553	0.0259114455538698	0.0262001560168231	7	0.218619653987754	placo_insomnia__adhd_chr3_117142005_118142005	insomnia__adhd	adhd
rs73180978	0.0259114455538698	0.0262001560168231	8	0.244819810004577	placo_insomnia__adhd_chr3_117142005_118142005	insomnia__adhd	adhd
rs73180983	0.0248278576504941	0.0251044945622214	9	0.269924304566799	placo_insomnia__adhd_chr3_117142005_118142005	insomnia__adhd	adhd
rs56255439	0.0243681918580604	0.0246397070824059	10	0.294564011649205	placo_insomnia__adhd_chr3_117142005_118142005	insomnia__adhd	adhd
rs62264770	0.0243681918580604	0.0246397070824059	11	0.31920371873161	placo_insomnia__adhd_chr3_117142005_118142005	insomnia__adhd	adhd
rs6809043	0.0236790484767037	0.0239428851288808	12	0.343146603860491	placo_insomnia__adhd_chr3_117142005_118142005	insomnia__adhd	adhd
rs73180997	0.0236790484767037	0.0239428851288808	13	0.367089488989372	placo_insomnia__adhd_chr3_117142005_118142005	insomnia__adhd	adhd
rs62264771	0.0216843392974842	0.0219259505045625	14	0.389015439493934	placo_insomnia__adhd_chr3_117142005_118142005	insomnia__adhd	adhd
rs62264772	0.0216843392974842	0.0219259505045625	15	0.410941389998497	placo_insomnia__adhd_chr3_117142005_118142005	insomnia__adhd	adhd
rs2129227	0.0207477624700685	0.0209789381524721	16	0.431920328150969	placo_insomnia__adhd_chr3_117142005_118142005	insomnia__adhd	adhd
rs2171214	0.0207477624700685	0.0209789381524721	17	0.452899266303441	placo_insomnia__adhd_chr3_117142005_118142005	insomnia__adhd	adhd
rs73187943	0.0198880137644716	0.0201096099563639	18	0.473008876259805	placo_insomnia__adhd_chr3_117142005_118142005	insomnia__adhd	adhd
rs73187941	0.0189761483175703	0.0191875843238883	19	0.492196460583693	placo_insomnia__adhd_chr3_117142005_118142005	insomnia__adhd	adhd
rs9835719	0.0181927306288973	0.0183954376400262	20	0.51059189822372	placo_insomnia__adhd_chr3_117142005_118142005	insomnia__adhd	adhd
rs62264773	0.0180382871227454	0.0182392732937124	21	0.528831171517432	placo_insomnia__adhd_chr3_117142005_118142005	insomnia__adhd	adhd
rs73168386	0.0176827344304558	0.0178797589628418	22	0.546710930480274	placo_insomnia__adhd_chr3_117142005_118142005	insomnia__adhd	adhd
rs62264768	0.0170507972473298	0.0172407806103485	23	0.563951711090622	placo_insomnia__adhd_chr3_117142005_118142005	insomnia__adhd	adhd
rs1456196	0.0163826854824738	0.0165652246117643	24	0.580516935702387	placo_insomnia__adhd_chr3_117142005_118142005	insomnia__adhd	adhd
rs61384494	0.0163826854824738	0.0165652246117643	25	0.597082160314151	placo_insomnia__adhd_chr3_117142005_118142005	insomnia__adhd	adhd
rs73187947	0.0158899600426336	0.0160670091273973	26	0.613149169441548	placo_insomnia__adhd_chr3_117142005_118142005	insomnia__adhd	adhd
rs62264780	0.0157417255431091	0.0159171229696936	27	0.629066292411242	placo_insomnia__adhd_chr3_117142005_118142005	insomnia__adhd	adhd
rs6795060	0.0157417255431091	0.0159171229696936	28	0.644983415380936	placo_insomnia__adhd_chr3_117142005_118142005	insomnia__adhd	adhd
rs113786703	0.0152295780084215	0.0153992689856482	29	0.660382684366584	placo_insomnia__adhd_chr3_117142005_118142005	insomnia__adhd	adhd
rs58533135	0.014589388374618	0.0147519462320361	30	0.67513463059862	placo_insomnia__adhd_chr3_117142005_118142005	insomnia__adhd	adhd
rs62264775	0.0125400817882996	0.0126798058654857	31	0.687814436464105	placo_insomnia__adhd_chr3_117142005_118142005	insomnia__adhd	adhd
rs55979908	0.00653407347310559	0.00660687741503423	32	0.69442131387914	placo_insomnia__adhd_chr3_117142005_118142005	insomnia__adhd	adhd
rs62266065	0.00653407347310559	0.00660687741503423	33	0.701028191294174	placo_insomnia__adhd_chr3_117142005_118142005	insomnia__adhd	adhd
rs55704727	0.00629962696219243	0.00636981865462064	34	0.707398009948794	placo_insomnia__adhd_chr3_117142005_118142005	insomnia__adhd	adhd
rs56174517	0.00629962696219243	0.00636981865462064	35	0.713767828603415	placo_insomnia__adhd_chr3_117142005_118142005	insomnia__adhd	adhd
rs56204450	0.00629962696219243	0.00636981865462064	36	0.720137647258036	placo_insomnia__adhd_chr3_117142005_118142005	insomnia__adhd	adhd
rs59470461	0.00629962696219243	0.00636981865462064	37	0.726507465912656	placo_insomnia__adhd_chr3_117142005_118142005	insomnia__adhd	adhd
rs62263076	0.00629962696219243	0.00636981865462064	38	0.732877284567277	placo_insomnia__adhd_chr3_117142005_118142005	insomnia__adhd	adhd
rs62263082	0.00609409921052844	0.00616200087200453	39	0.739039285439281	placo_insomnia__adhd_chr3_117142005_118142005	insomnia__adhd	adhd
rs73183041	0.00609409921052844	0.00616200087200453	40	0.745201286311286	placo_insomnia__adhd_chr3_117142005_118142005	insomnia__adhd	adhd
rs62266064	0.00566616192273117	0.00572929542211386	41	0.7509305817334	placo_insomnia__adhd_chr3_117142005_118142005	insomnia__adhd	adhd
rs56051552	0.00548211779170203	0.00554320063489255	42	0.756473782368292	placo_insomnia__adhd_chr3_117142005_118142005	insomnia__adhd	adhd
rs56256549	0.00548211779170203	0.00554320063489255	43	0.762016983003185	placo_insomnia__adhd_chr3_117142005_118142005	insomnia__adhd	adhd
rs62263112	0.00493394555678239	0.00498892055626373	44	0.767005903559449	placo_insomnia__adhd_chr3_117142005_118142005	insomnia__adhd	adhd
rs6799997	0.00381286396970018	0.00385534765589906	45	0.770861251215348	placo_insomnia__adhd_chr3_117142005_118142005	insomnia__adhd	adhd
rs7644473	0.00381286396970018	0.00385534765589906	46	0.774716598871247	placo_insomnia__adhd_chr3_117142005_118142005	insomnia__adhd	adhd
rs56148567	0.0036795583917931	0.00372055676081693	47	0.778437155632064	placo_insomnia__adhd_chr3_117142005_118142005	insomnia__adhd	adhd
rs56376353	0.00366362549949311	0.00370444634107245	48	0.782141601973136	placo_insomnia__adhd_chr3_117142005_118142005	insomnia__adhd	adhd
rs56077465	0.00356318871088954	0.00360289046586003	49	0.785744492438996	placo_insomnia__adhd_chr3_117142005_118142005	insomnia__adhd	adhd
rs111375528	0.00349233729417565	0.00353124960861578	50	0.789275742047612	placo_insomnia__adhd_chr3_117142005_118142005	insomnia__adhd	adhd
rs9842435	0.00344383527174852	0.0034822071670399	51	0.792757949214652	placo_insomnia__adhd_chr3_117142005_118142005	insomnia__adhd	adhd
rs62263116	0.00341058633375341	0.00344858776278649	52	0.796206536977438	placo_insomnia__adhd_chr3_117142005_118142005	insomnia__adhd	adhd
rs62264956	0.00332050410324522	0.00335750181820841	53	0.799564038795647	placo_insomnia__adhd_chr3_117142005_118142005	insomnia__adhd	adhd
rs55718530	0.00321596333848532	0.00325179623952377	54	0.802815835035171	placo_insomnia__adhd_chr3_117142005_118142005	insomnia__adhd	adhd
rs62263115	0.00318530644576959	0.00322079776163208	55	0.806036632796803	placo_insomnia__adhd_chr3_117142005_118142005	insomnia__adhd	adhd
rs62264763	0.00318530644576959	0.00322079776163208	56	0.809257430558435	placo_insomnia__adhd_chr3_117142005_118142005	insomnia__adhd	adhd
rs62266061	0.00310493103109507	0.00313952678815392	57	0.812396957346589	placo_insomnia__adhd_chr3_117142005_118142005	insomnia__adhd	adhd
rs7630428	0.00300746803904514	0.00304097784412586	58	0.815437935190715	placo_insomnia__adhd_chr3_117142005_118142005	insomnia__adhd	adhd
rs1456182	0.00297553131384506	0.00300868527360258	59	0.818446620464317	placo_insomnia__adhd_chr3_117142005_118142005	insomnia__adhd	adhd
rs55958116	0.00293452769814277	0.00296722478748573	60	0.821413845251803	placo_insomnia__adhd_chr3_117142005_118142005	insomnia__adhd	adhd
rs62264779	0.00293452769814277	0.00296722478748573	61	0.824381070039288	placo_insomnia__adhd_chr3_117142005_118142005	insomnia__adhd	adhd
rs62264783	0.00287146231357055	0.00290345671589675	62	0.827284526755185	placo_insomnia__adhd_chr3_117142005_118142005	insomnia__adhd	adhd
rs56310214	0.00278015504507851	0.00281113208371875	63	0.830095658838904	placo_insomnia__adhd_chr3_117142005_118142005	insomnia__adhd	adhd
rs62264782	0.0027435123499325	0.0027740811083995	64	0.832869739947303	placo_insomnia__adhd_chr3_117142005_118142005	insomnia__adhd	adhd
rs62264819	0.0027435123499325	0.0027740811083995	65	0.835643821055703	placo_insomnia__adhd_chr3_117142005_118142005	insomnia__adhd	adhd
rs55687416	0.0026973593372687	0.00272741384971939	66	0.838371234905422	placo_insomnia__adhd_chr3_117142005_118142005	insomnia__adhd	adhd
rs62264762	0.00265716669941171	0.00268677337752375	67	0.841058008282946	placo_insomnia__adhd_chr3_117142005_118142005	insomnia__adhd	adhd
rs7631320	0.00258980356206887	0.00261865966675082	68	0.843676667949697	placo_insomnia__adhd_chr3_117142005_118142005	insomnia__adhd	adhd
rs62263118	0.00256546082019455	0.00259404569322091	69	0.846270713642918	placo_insomnia__adhd_chr3_117142005_118142005	insomnia__adhd	adhd
rs62263121	0.00256546082019455	0.00259404569322091	70	0.848864759336139	placo_insomnia__adhd_chr3_117142005_118142005	insomnia__adhd	adhd
rs62263122	0.00256546082019455	0.00259404569322091	71	0.85145880502936	placo_insomnia__adhd_chr3_117142005_118142005	insomnia__adhd	adhd
rs62264766	0.00256546082019455	0.00259404569322091	72	0.85405285072258	placo_insomnia__adhd_chr3_117142005_118142005	insomnia__adhd	adhd
rs6769144	0.00256546082019455	0.00259404569322091	73	0.856646896415801	placo_insomnia__adhd_chr3_117142005_118142005	insomnia__adhd	adhd
rs6794831	0.00256546082019455	0.00259404569322091	74	0.859240942109022	placo_insomnia__adhd_chr3_117142005_118142005	insomnia__adhd	adhd
rs817492	0.0024795420539469	0.0025071696030475	75	0.86174811171207	placo_insomnia__adhd_chr3_117142005_118142005	insomnia__adhd	adhd
rs62263119	0.00247706050578463	0.00250466040498368	76	0.864252772117053	placo_insomnia__adhd_chr3_117142005_118142005	insomnia__adhd	adhd
rs62263120	0.00247706050578463	0.00250466040498368	77	0.866757432522037	placo_insomnia__adhd_chr3_117142005_118142005	insomnia__adhd	adhd
rs62263123	0.00247706050578463	0.00250466040498368	78	0.86926209292702	placo_insomnia__adhd_chr3_117142005_118142005	insomnia__adhd	adhd
rs6807173	0.00247706050578463	0.00250466040498368	79	0.871766753332004	placo_insomnia__adhd_chr3_117142005_118142005	insomnia__adhd	adhd
rs73168378	0.00247706050578463	0.00250466040498368	80	0.874271413736988	placo_insomnia__adhd_chr3_117142005_118142005	insomnia__adhd	adhd
rs73168397	0.00247706050578463	0.00250466040498368	81	0.876776074141971	placo_insomnia__adhd_chr3_117142005_118142005	insomnia__adhd	adhd
rs2860308	0.00240072663294435	0.00242747600500006	82	0.879203550146971	placo_insomnia__adhd_chr3_117142005_118142005	insomnia__adhd	adhd
rs817504	0.00240072663294435	0.00242747600500006	83	0.881631026151972	placo_insomnia__adhd_chr3_117142005_118142005	insomnia__adhd	adhd
rs817506	0.00240072663294435	0.00242747600500006	84	0.884058502156972	placo_insomnia__adhd_chr3_117142005_118142005	insomnia__adhd	adhd
rs55779525	0.00239946085020415	0.00242619611865764	85	0.886484698275629	placo_insomnia__adhd_chr3_117142005_118142005	insomnia__adhd	adhd
rs73168388	0.00239946085020415	0.00242619611865764	86	0.888910894394287	placo_insomnia__adhd_chr3_117142005_118142005	insomnia__adhd	adhd
rs817507	0.00231623672590086	0.00234204469466332	87	0.89125293908895	placo_insomnia__adhd_chr3_117142005_118142005	insomnia__adhd	adhd
rs1456193	0.00226300894260899	0.00228822383685832	88	0.893541162925809	placo_insomnia__adhd_chr3_117142005_118142005	insomnia__adhd	adhd
rs9815484	0.00226300894260899	0.00228822383685832	89	0.895829386762667	placo_insomnia__adhd_chr3_117142005_118142005	insomnia__adhd	adhd
rs1499970	0.00216421218675428	0.00218832626796477	90	0.898017713030632	placo_insomnia__adhd_chr3_117142005_118142005	insomnia__adhd	adhd
rs73187934	0.00201613660367271	0.00203860079738253	91	0.900056313828014	placo_insomnia__adhd_chr3_117142005_118142005	insomnia__adhd	adhd
rs4146338	0.00199175793148935	0.00201395049320096	92	0.902070264321215	placo_insomnia__adhd_chr3_117142005_118142005	insomnia__adhd	adhd
rs817508	0.00195903902788083	0.00198086702908235	93	0.904051131350298	placo_insomnia__adhd_chr3_117142005_118142005	insomnia__adhd	adhd
rs16827974	0.00194541554101059	0.00196709174662074	94	0.906018223096918	placo_insomnia__adhd_chr3_117142005_118142005	insomnia__adhd	adhd
rs817500	0.00190973554931128	0.00193101420138083	95	0.907949237298299	placo_insomnia__adhd_chr3_117142005_118142005	insomnia__adhd	adhd
rs1720773	0.00189260388070915	0.00191369164833102	96	0.90986292894663	placo_insomnia__adhd_chr3_117142005_118142005	insomnia__adhd	adhd
rs13080344	0.00177510907626444	0.00179488769348343	97	0.911657816640114	placo_insomnia__adhd_chr3_117142005_118142005	insomnia__adhd	adhd
rs56385956	0.00175802243667116	0.00177761067116461	98	0.913435427311278	placo_insomnia__adhd_chr3_117142005_118142005	insomnia__adhd	adhd
rs716936	0.00170536813222739	0.00172436968202273	99	0.915159796993301	placo_insomnia__adhd_chr3_117142005_118142005	insomnia__adhd	adhd
rs6778926	0.0016162167333306	0.00163422494056638	100	0.916794021933867	placo_insomnia__adhd_chr3_117142005_118142005	insomnia__adhd	adhd
rs1499971	0.00156065493367037	0.00157804406031996	101	0.918372065994187	placo_insomnia__adhd_chr3_117142005_118142005	insomnia__adhd	adhd
rs1499972	0.00156065493367037	0.00157804406031996	102	0.919950110054507	placo_insomnia__adhd_chr3_117142005_118142005	insomnia__adhd	adhd
rs10212155	0.00152610497074089	0.00154310913485446	103	0.921493219189362	placo_insomnia__adhd_chr3_117142005_118142005	insomnia__adhd	adhd
rs1353911	0.00152610497074089	0.00154310913485446	104	0.923036328324216	placo_insomnia__adhd_chr3_117142005_118142005	insomnia__adhd	adhd
rs861673	0.00138278016096315	0.00139818737163399	105	0.92443451569585	placo_insomnia__adhd_chr3_117142005_118142005	insomnia__adhd	adhd
rs2925312	0.00137665041789783	0.00139198932975629	106	0.925826505025606	placo_insomnia__adhd_chr3_117142005_118142005	insomnia__adhd	adhd
rs4688050	0.00134224364931241	0.00135719919413462	107	0.927183704219741	placo_insomnia__adhd_chr3_117142005_118142005	insomnia__adhd	adhd
rs73180985	0.00130266916354664	0.00131718376160334	108	0.928500887981344	placo_insomnia__adhd_chr3_117142005_118142005	insomnia__adhd	adhd
rs817512	0.00129631494726118	0.00131075874538039	109	0.929811646726725	placo_insomnia__adhd_chr3_117142005_118142005	insomnia__adhd	adhd
rs861001	0.00129119627887852	0.00130558304377991	110	0.931117229770505	placo_insomnia__adhd_chr3_117142005_118142005	insomnia__adhd	adhd
rs2062511	0.00129089674906236	0.00130528017654316	111	0.932422509947048	placo_insomnia__adhd_chr3_117142005_118142005	insomnia__adhd	adhd
rs866001	0.00125736777074464	0.00127137761170235	112	0.93369388755875	placo_insomnia__adhd_chr3_117142005_118142005	insomnia__adhd	adhd
rs843852	0.00121132357385397	0.00122482038124229	113	0.934918707939992	placo_insomnia__adhd_chr3_117142005_118142005	insomnia__adhd	adhd
rs1093463	0.00117914723112815	0.0011922855233273	114	0.93611099346332	placo_insomnia__adhd_chr3_117142005_118142005	insomnia__adhd	adhd
rs13087409	0.00114774298488654	0.0011605313647486	115	0.937271524828068	placo_insomnia__adhd_chr3_117142005_118142005	insomnia__adhd	adhd
rs1093464	0.00113665148140886	0.00114931627754043	116	0.938420841105609	placo_insomnia__adhd_chr3_117142005_118142005	insomnia__adhd	adhd
rs2045307	0.0011363722077746	0.00114903389218397	117	0.939569874997793	placo_insomnia__adhd_chr3_117142005_118142005	insomnia__adhd	adhd
rs864199	0.00110604888045399	0.00111837269633917	118	0.940688247694132	placo_insomnia__adhd_chr3_117142005_118142005	insomnia__adhd	adhd
rs1353910	0.00108225688259655	0.00109431560332517	119	0.941782563297457	placo_insomnia__adhd_chr3_117142005_118142005	insomnia__adhd	adhd
rs1499978	0.00108225688259655	0.00109431560332517	120	0.942876878900782	placo_insomnia__adhd_chr3_117142005_118142005	insomnia__adhd	adhd
rs843854	0.00106951388173085	0.0010814306174177	121	0.9439583095182	placo_insomnia__adhd_chr3_117142005_118142005	insomnia__adhd	adhd
rs1456183	0.00104889090924594	0.00106057785968513	122	0.945018887377885	placo_insomnia__adhd_chr3_117142005_118142005	insomnia__adhd	adhd
rs846184	0.00103772222805247	0.00104928473483176	123	0.946068172112717	placo_insomnia__adhd_chr3_117142005_118142005	insomnia__adhd	adhd
rs1159496	0.00100631954739484	0.00101753215928109	124	0.947085704271998	placo_insomnia__adhd_chr3_117142005_118142005	insomnia__adhd	adhd
rs1499976	0.00100631954739484	0.00101753215928109	125	0.948103236431279	placo_insomnia__adhd_chr3_117142005_118142005	insomnia__adhd	adhd
rs1604060	0.000945046479846822	0.000955576375067901	126	0.949058812806347	placo_insomnia__adhd_chr3_117142005_118142005	insomnia__adhd	adhd
rs817509	0.000940423971175296	0.000950902361488408	127	0.950009715167836	placo_insomnia__adhd_chr3_117142005_118142005	insomnia__adhd	adhd
rs2431108	0.130429567709775	0.130502750806775	1	0.130502750806775	placo_insomnia__adhd_chr5_103447968_104447968	insomnia__adhd	insomnia
rs30266	0.116908028889545	0.116973625147882	2	0.247476375954657	placo_insomnia__adhd_chr5_103447968_104447968	insomnia__adhd	insomnia
rs77960	0.116161581723974	0.116226759156149	3	0.363703135110805	placo_insomnia__adhd_chr5_103447968_104447968	insomnia__adhd	insomnia
rs161645	0.113953179137083	0.114017117450371	4	0.477720252561176	placo_insomnia__adhd_chr5_103447968_104447968	insomnia__adhd	insomnia
rs12658032	0.0863468715473779	0.0863953201590466	5	0.564115572720223	placo_insomnia__adhd_chr5_103447968_104447968	insomnia__adhd	insomnia
rs6421926	0.0418844595044179	0.0419079605748924	6	0.606023533295115	placo_insomnia__adhd_chr5_103447968_104447968	insomnia__adhd	insomnia
rs60271	0.0413823666840927	0.041405586033879	7	0.647429119328994	placo_insomnia__adhd_chr5_103447968_104447968	insomnia__adhd	insomnia
rs323509	0.0403978128438025	0.0404204797674752	8	0.687849599096469	placo_insomnia__adhd_chr5_103447968_104447968	insomnia__adhd	insomnia
rs40465	0.0396762127943807	0.0396984748334298	9	0.727548073929899	placo_insomnia__adhd_chr5_103447968_104447968	insomnia__adhd	insomnia
rs416223	0.0224049780095553	0.0224175492823713	10	0.74996562321227	placo_insomnia__adhd_chr5_103447968_104447968	insomnia__adhd	insomnia
rs325481	0.0221337573978208	0.0221461764906926	11	0.772111799702963	placo_insomnia__adhd_chr5_103447968_104447968	insomnia__adhd	insomnia
rs325500	0.0221337573978208	0.0221461764906926	12	0.794257976193655	placo_insomnia__adhd_chr5_103447968_104447968	insomnia__adhd	insomnia
rs12658019	0.0113418674938044	0.0113482313344851	13	0.80560620752814	placo_insomnia__adhd_chr5_103447968_104447968	insomnia__adhd	insomnia
rs21126	0.00892826362214809	0.0089332732069698	14	0.81453948073511	placo_insomnia__adhd_chr5_103447968_104447968	insomnia__adhd	insomnia
rs325502	0.0088769552430852	0.00888193603914261	15	0.823421416774253	placo_insomnia__adhd_chr5_103447968_104447968	insomnia__adhd	insomnia
rs12055234	0.00572358972781332	0.00572680119304773	16	0.8291482179673	placo_insomnia__adhd_chr5_103447968_104447968	insomnia__adhd	insomnia
rs6869862	0.00426957310700901	0.0042719687339234	17	0.833420186701224	placo_insomnia__adhd_chr5_103447968_104447968	insomnia__adhd	insomnia
rs2112163	0.00395224952739783	0.00395446710632268	18	0.837374653807547	placo_insomnia__adhd_chr5_103447968_104447968	insomnia__adhd	insomnia
rs2447828	0.00395224952739783	0.00395446710632268	19	0.841329120913869	placo_insomnia__adhd_chr5_103447968_104447968	insomnia__adhd	insomnia
rs2161097	0.00390909198632554	0.00391128534986296	20	0.845240406263732	placo_insomnia__adhd_chr5_103447968_104447968	insomnia__adhd	insomnia
rs2431109	0.00390909198632554	0.00391128534986296	21	0.849151691613595	placo_insomnia__adhd_chr5_103447968_104447968	insomnia__adhd	insomnia
rs2447827	0.00388770946137343	0.00388989082732913	22	0.853041582440924	placo_insomnia__adhd_chr5_103447968_104447968	insomnia__adhd	insomnia
rs254020	0.00388770946137343	0.00388989082732913	23	0.856931473268253	placo_insomnia__adhd_chr5_103447968_104447968	insomnia__adhd	insomnia
rs254024	0.00388770946137343	0.00388989082732913	24	0.860821364095583	placo_insomnia__adhd_chr5_103447968_104447968	insomnia__adhd	insomnia
rs10078807	0.00376210767901972	0.00376421857071424	25	0.864585582666297	placo_insomnia__adhd_chr5_103447968_104447968	insomnia__adhd	insomnia
rs2447832	0.00364099274554375	0.00364303568051587	26	0.868228618346813	placo_insomnia__adhd_chr5_103447968_104447968	insomnia__adhd	insomnia
rs2447838	0.00362123078478622	0.00362326263146359	27	0.871851880978276	placo_insomnia__adhd_chr5_103447968_104447968	insomnia__adhd	insomnia
rs2431112	0.00358206303297232	0.00358407290290446	28	0.875435953881181	placo_insomnia__adhd_chr5_103447968_104447968	insomnia__adhd	insomnia
rs185260	0.00352419018130195	0.00352616757919119	29	0.878962121460372	placo_insomnia__adhd_chr5_103447968_104447968	insomnia__adhd	insomnia
rs62362443	0.00344863471998655	0.00345056972424717	30	0.882412691184619	placo_insomnia__adhd_chr5_103447968_104447968	insomnia__adhd	insomnia
rs325485	0.00195787421235113	0.00195897276155981	31	0.884371663946179	placo_insomnia__adhd_chr5_103447968_104447968	insomnia__adhd	insomnia
rs4235642	0.001938106992014	0.00193919444997682	32	0.886310858396156	placo_insomnia__adhd_chr5_103447968_104447968	insomnia__adhd	insomnia
rs10064425	0.00170189596310527	0.00170285088475025	33	0.888013709280906	placo_insomnia__adhd_chr5_103447968_104447968	insomnia__adhd	insomnia
rs11242522	0.00170189596310527	0.00170285088475025	34	0.889716560165656	placo_insomnia__adhd_chr5_103447968_104447968	insomnia__adhd	insomnia
rs12515429	0.00170189596310527	0.00170285088475025	35	0.891419411050407	placo_insomnia__adhd_chr5_103447968_104447968	insomnia__adhd	insomnia
rs12657531	0.00170189596310527	0.00170285088475025	36	0.893122261935157	placo_insomnia__adhd_chr5_103447968_104447968	insomnia__adhd	insomnia
rs1421666	0.00170189596310527	0.00170285088475025	37	0.894825112819907	placo_insomnia__adhd_chr5_103447968_104447968	insomnia__adhd	insomnia
rs1421667	0.00170189596310527	0.00170285088475025	38	0.896527963704657	placo_insomnia__adhd_chr5_103447968_104447968	insomnia__adhd	insomnia
rs1421668	0.00170189596310527	0.00170285088475025	39	0.898230814589408	placo_insomnia__adhd_chr5_103447968_104447968	insomnia__adhd	insomnia
rs17156671	0.00170189596310527	0.00170285088475025	40	0.899933665474158	placo_insomnia__adhd_chr5_103447968_104447968	insomnia__adhd	insomnia
rs2032790	0.00170189596310527	0.00170285088475025	41	0.901636516358908	placo_insomnia__adhd_chr5_103447968_104447968	insomnia__adhd	insomnia
rs2403284	0.00170189596310527	0.00170285088475025	42	0.903339367243659	placo_insomnia__adhd_chr5_103447968_104447968	insomnia__adhd	insomnia
rs4521446	0.00170189596310527	0.00170285088475025	43	0.905042218128409	placo_insomnia__adhd_chr5_103447968_104447968	insomnia__adhd	insomnia
rs6596578	0.00170189596310527	0.00170285088475025	44	0.906745069013159	placo_insomnia__adhd_chr5_103447968_104447968	insomnia__adhd	insomnia
rs6865511	0.00170189596310527	0.00170285088475025	45	0.90844791989791	placo_insomnia__adhd_chr5_103447968_104447968	insomnia__adhd	insomnia
rs6891820	0.00170189596310527	0.00170285088475025	46	0.91015077078266	placo_insomnia__adhd_chr5_103447968_104447968	insomnia__adhd	insomnia
rs7706353	0.00170189596310527	0.00170285088475025	47	0.91185362166741	placo_insomnia__adhd_chr5_103447968_104447968	insomnia__adhd	insomnia
rs1833514	0.0016930740339387	0.00169402400566236	48	0.913547645673073	placo_insomnia__adhd_chr5_103447968_104447968	insomnia__adhd	insomnia
rs4320234	0.0016930740339387	0.00169402400566236	49	0.915241669678735	placo_insomnia__adhd_chr5_103447968_104447968	insomnia__adhd	insomnia
rs4295362	0.00167558291199165	0.00167652306957197	50	0.916918192748307	placo_insomnia__adhd_chr5_103447968_104447968	insomnia__adhd	insomnia
rs768905	0.00167558291199165	0.00167652306957197	51	0.918594715817879	placo_insomnia__adhd_chr5_103447968_104447968	insomnia__adhd	insomnia
rs959857	0.00167558291199165	0.00167652306957197	52	0.920271238887451	placo_insomnia__adhd_chr5_103447968_104447968	insomnia__adhd	insomnia
rs1363101	0.00166691307457438	0.00166784836757097	53	0.921939087255022	placo_insomnia__adhd_chr5_103447968_104447968	insomnia__adhd	insomnia
rs2018142	0.00166691307457438	0.00166784836757097	54	0.923606935622593	placo_insomnia__adhd_chr5_103447968_104447968	insomnia__adhd	insomnia
rs12658007	0.00164120263501215	0.0016421235020651	55	0.925249059124658	placo_insomnia__adhd_chr5_103447968_104447968	insomnia__adhd	insomnia
rs7703746	0.00164120263501215	0.0016421235020651	56	0.926891182626723	placo_insomnia__adhd_chr5_103447968_104447968	insomnia__adhd	insomnia
rs12658451	0.00162430842809372	0.00162521981592807	57	0.928516402442651	placo_insomnia__adhd_chr5_103447968_104447968	insomnia__adhd	insomnia
rs10059133	0.00160760819836531	0.00160851021582029	58	0.930124912658471	placo_insomnia__adhd_chr5_103447968_104447968	insomnia__adhd	insomnia
rs12187903	0.00160760819836531	0.00160851021582029	59	0.931733422874292	placo_insomnia__adhd_chr5_103447968_104447968	insomnia__adhd	insomnia
rs12659431	0.00160760819836531	0.00160851021582029	60	0.933341933090112	placo_insomnia__adhd_chr5_103447968_104447968	insomnia__adhd	insomnia
rs4438849	0.00160760819836531	0.00160851021582029	61	0.934950443305932	placo_insomnia__adhd_chr5_103447968_104447968	insomnia__adhd	insomnia
rs6867409	0.00160760819836531	0.00160851021582029	62	0.936558953521753	placo_insomnia__adhd_chr5_103447968_104447968	insomnia__adhd	insomnia
rs10455065	0.00159933006095586	0.00160022743360718	63	0.93815918095536	placo_insomnia__adhd_chr5_103447968_104447968	insomnia__adhd	insomnia
rs10455066	0.00159933006095586	0.00160022743360718	64	0.939759408388967	placo_insomnia__adhd_chr5_103447968_104447968	insomnia__adhd	insomnia
rs6874138	0.00159933006095586	0.00160022743360718	65	0.941359635822574	placo_insomnia__adhd_chr5_103447968_104447968	insomnia__adhd	insomnia
rs1592754	0.00156669033950518	0.00156756939824238	66	0.942927205220817	placo_insomnia__adhd_chr5_103447968_104447968	insomnia__adhd	insomnia
rs10052804	0.00153479296795564	0.00153565412930595	67	0.944462859350123	placo_insomnia__adhd_chr5_103447968_104447968	insomnia__adhd	insomnia
rs10053368	0.00153479296795564	0.00153565412930595	68	0.945998513479428	placo_insomnia__adhd_chr5_103447968_104447968	insomnia__adhd	insomnia
rs10054977	0.00153479296795564	0.00153565412930595	69	0.947534167608734	placo_insomnia__adhd_chr5_103447968_104447968	insomnia__adhd	insomnia
rs10057459	0.00153479296795564	0.00153565412930595	70	0.94906982173804	placo_insomnia__adhd_chr5_103447968_104447968	insomnia__adhd	insomnia
rs10057469	0.00153479296795564	0.00153565412930595	71	0.950605475867346	placo_insomnia__adhd_chr5_103447968_104447968	insomnia__adhd	insomnia
rs77960	0.282792529699752	0.282792559875994	1	0.282792559875994	placo_insomnia__adhd_chr5_103447968_104447968	insomnia__adhd	adhd
rs30266	0.261440454809093	0.261440482706897	2	0.544233042582891	placo_insomnia__adhd_chr5_103447968_104447968	insomnia__adhd	adhd
rs2431108	0.243631347221478	0.243631373218906	3	0.787864415801796	placo_insomnia__adhd_chr5_103447968_104447968	insomnia__adhd	adhd
rs416223	0.066508939627939	0.0665089467249788	4	0.854373362526775	placo_insomnia__adhd_chr5_103447968_104447968	insomnia__adhd	adhd
rs325500	0.0531960122585837	0.0531960179350268	5	0.907569380461802	placo_insomnia__adhd_chr5_103447968_104447968	insomnia__adhd	adhd
rs325485	0.0256636585245828	0.0256636612631019	6	0.933233041724904	placo_insomnia__adhd_chr5_103447968_104447968	insomnia__adhd	adhd
rs21126	0.0139428897800408	0.0139428912678595	7	0.947175932992763	placo_insomnia__adhd_chr5_103447968_104447968	insomnia__adhd	adhd
rs40465	0.00933816174751436	0.00933816274397146	8	0.956514095736735	placo_insomnia__adhd_chr5_103447968_104447968	insomnia__adhd	adhd
rs4916723	0.883517426216836	0.883517437937562	1	0.883517437937562	placo_insomnia__adhd_chr5_87185500_88185500	insomnia__adhd	adhd
rs324886	0.0470299301813329	0.0470299308052311	2	0.930547368742793	placo_insomnia__adhd_chr5_87185500_88185500	insomnia__adhd	adhd
rs62369151	0.0426583771157812	0.0426583776816864	3	0.97320574642448	placo_insomnia__adhd_chr5_87185500_88185500	insomnia__adhd	adhd
rs1476535	0.0693012877562373	0.073231232435982	1	0.073231232435982	placo_insomnia__adhd_chr7_113571035_114571035	insomnia__adhd	insomnia
rs1456031	0.0623762871679653	0.0659135281895206	2	0.139144760625503	placo_insomnia__adhd_chr7_113571035_114571035	insomnia__adhd	insomnia
rs12671330	0.0461704554708626	0.048788694492298	3	0.187933455117801	placo_insomnia__adhd_chr7_113571035_114571035	insomnia__adhd	insomnia
rs10953765	0.0421565606197701	0.0445471792718613	4	0.232480634389662	placo_insomnia__adhd_chr7_113571035_114571035	insomnia__adhd	insomnia
rs2894699	0.0397164272716195	0.0419686705863986	5	0.27444930497606	placo_insomnia__adhd_chr7_113571035_114571035	insomnia__adhd	insomnia
rs12705982	0.0370764730314801	0.0391790095448892	6	0.31362831452095	placo_insomnia__adhd_chr7_113571035_114571035	insomnia__adhd	insomnia
rs12536335	0.0319528267547009	0.0337648109987619	7	0.347393125519712	placo_insomnia__adhd_chr7_113571035_114571035	insomnia__adhd	insomnia
rs10262103	0.0191086930822331	0.0201923108496192	8	0.367585436369331	placo_insomnia__adhd_chr7_113571035_114571035	insomnia__adhd	insomnia
rs12705973	0.0184596542829629	0.019506466290186	9	0.387091902659517	placo_insomnia__adhd_chr7_113571035_114571035	insomnia__adhd	insomnia
rs1005958	0.0180604470727085	0.0190846207956681	10	0.406176523455185	placo_insomnia__adhd_chr7_113571035_114571035	insomnia__adhd	insomnia
rs1005959	0.0180604470727085	0.0190846207956681	11	0.425261144250853	placo_insomnia__adhd_chr7_113571035_114571035	insomnia__adhd	insomnia
rs12154391	0.0180604470727085	0.0190846207956681	12	0.444345765046521	placo_insomnia__adhd_chr7_113571035_114571035	insomnia__adhd	insomnia
rs12705971	0.0180604470727085	0.0190846207956681	13	0.463430385842189	placo_insomnia__adhd_chr7_113571035_114571035	insomnia__adhd	insomnia
rs12705974	0.0180604470727085	0.0190846207956681	14	0.482515006637857	placo_insomnia__adhd_chr7_113571035_114571035	insomnia__adhd	insomnia
rs12705975	0.0180604470727085	0.0190846207956681	15	0.501599627433525	placo_insomnia__adhd_chr7_113571035_114571035	insomnia__adhd	insomnia
rs12705977	0.0180604470727085	0.0190846207956681	16	0.520684248229193	placo_insomnia__adhd_chr7_113571035_114571035	insomnia__adhd	insomnia
rs12705978	0.0180604470727085	0.0190846207956681	17	0.539768869024861	placo_insomnia__adhd_chr7_113571035_114571035	insomnia__adhd	insomnia
rs13226763	0.0180604470727085	0.0190846207956681	18	0.55885348982053	placo_insomnia__adhd_chr7_113571035_114571035	insomnia__adhd	insomnia
rs1456020	0.0180604470727085	0.0190846207956681	19	0.577938110616198	placo_insomnia__adhd_chr7_113571035_114571035	insomnia__adhd	insomnia
rs1456021	0.0180604470727085	0.0190846207956681	20	0.597022731411866	placo_insomnia__adhd_chr7_113571035_114571035	insomnia__adhd	insomnia
rs4730637	0.0180604470727085	0.0190846207956681	21	0.616107352207534	placo_insomnia__adhd_chr7_113571035_114571035	insomnia__adhd	insomnia
rs60234044	0.0180604470727085	0.0190846207956681	22	0.635191973003202	placo_insomnia__adhd_chr7_113571035_114571035	insomnia__adhd	insomnia
rs12705981	0.0179817901153816	0.0190015033513722	23	0.654193476354574	placo_insomnia__adhd_chr7_113571035_114571035	insomnia__adhd	insomnia
rs12705980	0.0179035229198454	0.0189187977715195	24	0.673112274126094	placo_insomnia__adhd_chr7_113571035_114571035	insomnia__adhd	insomnia
rs1378771	0.0179035229198454	0.0189187977715195	25	0.692031071897613	placo_insomnia__adhd_chr7_113571035_114571035	insomnia__adhd	insomnia
rs2396765	0.0179035229198454	0.0189187977715195	26	0.710949869669133	placo_insomnia__adhd_chr7_113571035_114571035	insomnia__adhd	insomnia
rs12705969	0.0178256433408857	0.0188365017892446	27	0.729786371458377	placo_insomnia__adhd_chr7_113571035_114571035	insomnia__adhd	insomnia
rs936145	0.0176710385163581	0.0186731296181454	28	0.748459501076522	placo_insomnia__adhd_chr7_113571035_114571035	insomnia__adhd	insomnia
rs2396766	0.0174419855116814	0.0184310874517048	29	0.766890588528227	placo_insomnia__adhd_chr7_113571035_114571035	insomnia__adhd	insomnia
rs4236599	0.0174419855116814	0.0184310874517048	30	0.785321675979932	placo_insomnia__adhd_chr7_113571035_114571035	insomnia__adhd	insomnia
rs881732	0.0172911620454377	0.0182717110725509	31	0.803593387052483	placo_insomnia__adhd_chr7_113571035_114571035	insomnia__adhd	insomnia
rs10250103	0.0172163077035732	0.0181926118828331	32	0.821785998935316	placo_insomnia__adhd_chr7_113571035_114571035	insomnia__adhd	insomnia
rs12154339	0.0166305845279865	0.0175736734560984	33	0.839359672391415	placo_insomnia__adhd_chr7_113571035_114571035	insomnia__adhd	insomnia
rs1015511	0.00858128953563169	0.00906791820080925	34	0.848427590592224	placo_insomnia__adhd_chr7_113571035_114571035	insomnia__adhd	insomnia
rs10266297	0.00854722743612688	0.0090319245042005	35	0.857459515096424	placo_insomnia__adhd_chr7_113571035_114571035	insomnia__adhd	insomnia
rs1229760	0.00674910483698083	0.00713183378049523	36	0.86459134887692	placo_insomnia__adhd_chr7_113571035_114571035	insomnia__adhd	insomnia
rs1229762	0.00669875518011073	0.00707862889001331	37	0.871669977766933	placo_insomnia__adhd_chr7_113571035_114571035	insomnia__adhd	insomnia
rs1229761	0.00620857353171052	0.00656064996938903	38	0.878230627736322	placo_insomnia__adhd_chr7_113571035_114571035	insomnia__adhd	insomnia
rs2189010	0.00606321947293434	0.00640705315743377	39	0.884637680893756	placo_insomnia__adhd_chr7_113571035_114571035	insomnia__adhd	insomnia
rs727644	0.00603993608666509	0.00638244941445892	40	0.891020130308214	placo_insomnia__adhd_chr7_113571035_114571035	insomnia__adhd	insomnia
rs6466488	0.00574645454266331	0.00607232508834161	41	0.897092455396556	placo_insomnia__adhd_chr7_113571035_114571035	insomnia__adhd	insomnia
rs10249234	0.00550018985432708	0.00581209519628304	42	0.902904550592839	placo_insomnia__adhd_chr7_113571035_114571035	insomnia__adhd	insomnia
rs2189012	0.00518248884707918	0.00547637796706283	43	0.908380928559902	placo_insomnia__adhd_chr7_113571035_114571035	insomnia__adhd	insomnia
rs9969232	0.00513264173974097	0.00542370412474427	44	0.913804632684646	placo_insomnia__adhd_chr7_113571035_114571035	insomnia__adhd	insomnia
rs7783012	0.00512594828542328	0.00541663109731854	45	0.919221263781965	placo_insomnia__adhd_chr7_113571035_114571035	insomnia__adhd	insomnia
rs1989903	0.00460172434246539	0.00486267940813364	46	0.924083943190098	placo_insomnia__adhd_chr7_113571035_114571035	insomnia__adhd	insomnia
rs7458242	0.00449581906304558	0.00475076844104355	47	0.928834711631142	placo_insomnia__adhd_chr7_113571035_114571035	insomnia__adhd	insomnia
rs6969376	0.00410213768068611	0.00433476213364718	48	0.933169473764789	placo_insomnia__adhd_chr7_113571035_114571035	insomnia__adhd	insomnia
rs10262462	0.00379959472750184	0.00401506254300701	49	0.937184536307796	placo_insomnia__adhd_chr7_113571035_114571035	insomnia__adhd	insomnia
rs6980093	0.00375829299296046	0.00397141866538027	50	0.941155954973176	placo_insomnia__adhd_chr7_113571035_114571035	insomnia__adhd	insomnia
rs66571810	0.00344602525464981	0.00364144281548089	51	0.944797397788657	placo_insomnia__adhd_chr7_113571035_114571035	insomnia__adhd	insomnia
rs2189015	0.00344460689615272	0.00363994402456169	52	0.948437341813219	placo_insomnia__adhd_chr7_113571035_114571035	insomnia__adhd	insomnia
rs2396753	0.00344460689615272	0.00363994402456169	53	0.95207728583778	placo_insomnia__adhd_chr7_113571035_114571035	insomnia__adhd	insomnia
rs9969232	0.320749484361337	0.320750916911323	1	0.320750916911323	placo_insomnia__adhd_chr7_113571035_114571035	insomnia__adhd	adhd
rs12537376	0.165651749822619	0.16565248966609	2	0.486403406577413	placo_insomnia__adhd_chr7_113571035_114571035	insomnia__adhd	adhd
rs66571810	0.143867900875431	0.14386854342661	3	0.630271950004023	placo_insomnia__adhd_chr7_113571035_114571035	insomnia__adhd	adhd
rs4727799	0.0301130166623203	0.0301131511548251	4	0.660385101158848	placo_insomnia__adhd_chr7_113571035_114571035	insomnia__adhd	adhd
rs1229760	0.0223648670778743	0.0223649669651432	5	0.682750068123991	placo_insomnia__adhd_chr7_113571035_114571035	insomnia__adhd	adhd
rs2189012	0.0185107469390606	0.0185108296128342	6	0.701260897736826	placo_insomnia__adhd_chr7_113571035_114571035	insomnia__adhd	adhd
rs1229761	0.0181893353585936	0.0181894165968602	7	0.719450314333686	placo_insomnia__adhd_chr7_113571035_114571035	insomnia__adhd	adhd
rs6466488	0.0167195354803091	0.01671961015407	8	0.736169924487756	placo_insomnia__adhd_chr7_113571035_114571035	insomnia__adhd	adhd
rs1476535	0.016256338796163	0.016256411401168	9	0.752426335888924	placo_insomnia__adhd_chr7_113571035_114571035	insomnia__adhd	adhd
rs1229762	0.0160271372230735	0.0160272088044051	10	0.768453544693329	placo_insomnia__adhd_chr7_113571035_114571035	insomnia__adhd	adhd
rs7794413	0.0107276949903296	0.0107277429029844	11	0.779181287596313	placo_insomnia__adhd_chr7_113571035_114571035	insomnia__adhd	adhd
rs1989903	0.0105478720430932	0.0105479191526123	12	0.789729206748926	placo_insomnia__adhd_chr7_113571035_114571035	insomnia__adhd	adhd
rs10246733	0.00997526584611417	0.00997531039822615	13	0.799704517147152	placo_insomnia__adhd_chr7_113571035_114571035	insomnia__adhd	adhd
rs10268637	0.00997526584611417	0.00997531039822615	14	0.809679827545378	placo_insomnia__adhd_chr7_113571035_114571035	insomnia__adhd	adhd
rs28534444	0.00929164500833445	0.00929168650721931	15	0.818971514052597	placo_insomnia__adhd_chr7_113571035_114571035	insomnia__adhd	adhd
rs727644	0.00910714937033723	0.00910719004521696	16	0.828078704097814	placo_insomnia__adhd_chr7_113571035_114571035	insomnia__adhd	adhd
rs7458242	0.00910714937033723	0.00910719004521696	17	0.837185894143031	placo_insomnia__adhd_chr7_113571035_114571035	insomnia__adhd	adhd
rs2014265	0.00871753947261965	0.00871757840740102	18	0.845903472550432	placo_insomnia__adhd_chr7_113571035_114571035	insomnia__adhd	adhd
rs10249234	0.00855573534201223	0.00855577355413459	19	0.854459246104567	placo_insomnia__adhd_chr7_113571035_114571035	insomnia__adhd	adhd
rs10261780	0.0081221898905923	0.00812222616638876	20	0.862581472270956	placo_insomnia__adhd_chr7_113571035_114571035	insomnia__adhd	adhd
rs2189010	0.0080784935775291	0.00807852965816655	21	0.870660001929122	placo_insomnia__adhd_chr7_113571035_114571035	insomnia__adhd	adhd
rs9332390	0.00766164681815135	0.00766168103704358	22	0.878321682966166	placo_insomnia__adhd_chr7_113571035_114571035	insomnia__adhd	adhd
rs10266297	0.00750140802483859	0.00750144152806301	23	0.885823124494229	placo_insomnia__adhd_chr7_113571035_114571035	insomnia__adhd	adhd
rs1015511	0.00704951688578423	0.00704954837074618	24	0.892872672864975	placo_insomnia__adhd_chr7_113571035_114571035	insomnia__adhd	adhd
rs10262462	0.00697912023018884	0.00697915140074116	25	0.899851824265716	placo_insomnia__adhd_chr7_113571035_114571035	insomnia__adhd	adhd
rs1859100	0.00656355310859786	0.00656358242312016	26	0.906415406688836	placo_insomnia__adhd_chr7_113571035_114571035	insomnia__adhd	adhd
rs10262192	0.00627855008374399	0.00627857812536922	27	0.912693984814206	placo_insomnia__adhd_chr7_113571035_114571035	insomnia__adhd	adhd
rs10269986	0.00619902727627906	0.0061990549627349	28	0.91889303977694	placo_insomnia__adhd_chr7_113571035_114571035	insomnia__adhd	adhd
rs7783012	0.00619902727627906	0.0061990549627349	29	0.925092094739675	placo_insomnia__adhd_chr7_113571035_114571035	insomnia__adhd	adhd
rs10262103	0.00618505808046371	0.00618508570452952	30	0.931277180444205	placo_insomnia__adhd_chr7_113571035_114571035	insomnia__adhd	adhd
rs6980093	0.00618505808046371	0.00618508570452952	31	0.937462266148734	placo_insomnia__adhd_chr7_113571035_114571035	insomnia__adhd	adhd
rs1229758	0.00577460504386147	0.00577463083473808	32	0.943236896983472	placo_insomnia__adhd_chr7_113571035_114571035	insomnia__adhd	adhd
rs6969376	0.00577460504386147	0.00577463083473808	33	0.94901152781821	placo_insomnia__adhd_chr7_113571035_114571035	insomnia__adhd	adhd
rs2396753	0.00576766248883562	0.00576768824870498	34	0.954779216066915	placo_insomnia__adhd_chr7_113571035_114571035	insomnia__adhd	adhd
rs9536383	0.133475437614505	0.133475982006051	1	0.133475982006051	placo_insomnia__mdd_chr13_53365563_54365563	insomnia__mdd	insomnia
rs7140116	0.0549287433092409	0.0549289673410483	2	0.1884049493471	placo_insomnia__mdd_chr13_53365563_54365563	insomnia__mdd	insomnia
rs9536359	0.0488779934997848	0.0488781928530662	3	0.237283142200166	placo_insomnia__mdd_chr13_53365563_54365563	insomnia__mdd	insomnia
rs9536386	0.0483628400711584	0.0483630373233404	4	0.285646179523506	placo_insomnia__mdd_chr13_53365563_54365563	insomnia__mdd	insomnia
rs4243025	0.0428247109866733	0.042824885651099	5	0.328471065174605	placo_insomnia__mdd_chr13_53365563_54365563	insomnia__mdd	insomnia
rs2759716	0.0240688471025103	0.0240689452694625	6	0.352540010444068	placo_insomnia__mdd_chr13_53365563_54365563	insomnia__mdd	insomnia
rs2181389	0.0216512721264643	0.0216513604331201	7	0.374191370877188	placo_insomnia__mdd_chr13_53365563_54365563	insomnia__mdd	insomnia
rs6561712	0.0201487460079774	0.0201488281864456	8	0.394340199063633	placo_insomnia__mdd_chr13_53365563_54365563	insomnia__mdd	insomnia
rs2587363	0.0193571340650036	0.0193572130148115	9	0.413697412078445	placo_insomnia__mdd_chr13_53365563_54365563	insomnia__mdd	insomnia
rs9536363	0.0158699054858213	0.0158699702126546	10	0.4295673822911	placo_insomnia__mdd_chr13_53365563_54365563	insomnia__mdd	insomnia
rs4886202	0.0157452690378975	0.0157453332563898	11	0.445312715547489	placo_insomnia__mdd_chr13_53365563_54365563	insomnia__mdd	insomnia
rs2587359	0.0145552025982204	0.01455526196292	12	0.459867977510409	placo_insomnia__mdd_chr13_53365563_54365563	insomnia__mdd	insomnia
rs2813576	0.0143290026667118	0.0143290611088346	13	0.474197038619244	placo_insomnia__mdd_chr13_53365563_54365563	insomnia__mdd	insomnia
rs2587366	0.0141065777885022	0.0141066353234453	14	0.488303673942689	placo_insomnia__mdd_chr13_53365563_54365563	insomnia__mdd	insomnia
rs1322942	0.0136727859694399	0.0136728417351241	15	0.501976515677814	placo_insomnia__mdd_chr13_53365563_54365563	insomnia__mdd	insomnia
rs1322943	0.0136727859694399	0.0136728417351241	16	0.515649357412938	placo_insomnia__mdd_chr13_53365563_54365563	insomnia__mdd	insomnia
rs1343602	0.0136727859694399	0.0136728417351241	17	0.529322199148062	placo_insomnia__mdd_chr13_53365563_54365563	insomnia__mdd	insomnia
rs1407685	0.0136727859694399	0.0136728417351241	18	0.542995040883186	placo_insomnia__mdd_chr13_53365563_54365563	insomnia__mdd	insomnia
rs9568807	0.0136727859694399	0.0136728417351241	19	0.55666788261831	placo_insomnia__mdd_chr13_53365563_54365563	insomnia__mdd	insomnia
rs1322941	0.0135665940696034	0.0135666494021744	20	0.570234532020485	placo_insomnia__mdd_chr13_53365563_54365563	insomnia__mdd	insomnia
rs1322944	0.0135665940696034	0.0135666494021744	21	0.583801181422659	placo_insomnia__mdd_chr13_53365563_54365563	insomnia__mdd	insomnia
rs1419218	0.0135665940696034	0.0135666494021744	22	0.597367830824834	placo_insomnia__mdd_chr13_53365563_54365563	insomnia__mdd	insomnia
rs1923767	0.0135665940696034	0.0135666494021744	23	0.610934480227008	placo_insomnia__mdd_chr13_53365563_54365563	insomnia__mdd	insomnia
rs2093598	0.0135665940696034	0.0135666494021744	24	0.624501129629182	placo_insomnia__mdd_chr13_53365563_54365563	insomnia__mdd	insomnia
rs1923768	0.0134612885514151	0.0134613434544881	25	0.637962473083671	placo_insomnia__mdd_chr13_53365563_54365563	insomnia__mdd	insomnia
rs9536354	0.0134612885514151	0.0134613434544881	26	0.651423816538159	placo_insomnia__mdd_chr13_53365563_54365563	insomnia__mdd	insomnia
rs1951722	0.0131506117788087	0.0131506654147586	27	0.664574481952917	placo_insomnia__mdd_chr13_53365563_54365563	insomnia__mdd	insomnia
rs7994915	0.00813631338323103	0.00813634656791509	28	0.672710828520832	placo_insomnia__mdd_chr13_53365563_54365563	insomnia__mdd	insomnia
rs1853369	0.00807362664019766	0.00807365956920821	29	0.680784488090041	placo_insomnia__mdd_chr13_53365563_54365563	insomnia__mdd	insomnia
rs2759715	0.00807362664019766	0.00807365956920821	30	0.688858147659249	placo_insomnia__mdd_chr13_53365563_54365563	insomnia__mdd	insomnia
rs2806944	0.00807362664019766	0.00807365956920821	31	0.696931807228457	placo_insomnia__mdd_chr13_53365563_54365563	insomnia__mdd	insomnia
rs1322961	0.00788866802160686	0.0078887001962471	32	0.704820507424704	placo_insomnia__mdd_chr13_53365563_54365563	insomnia__mdd	insomnia
rs2759712	0.00788866802160686	0.0078887001962471	33	0.712709207620951	placo_insomnia__mdd_chr13_53365563_54365563	insomnia__mdd	insomnia
rs1322952	0.0077082664622364	0.0077082979010927	34	0.720417505522044	placo_insomnia__mdd_chr13_53365563_54365563	insomnia__mdd	insomnia
rs2093599	0.0077082664622364	0.0077082979010927	35	0.728125803423137	placo_insomnia__mdd_chr13_53365563_54365563	insomnia__mdd	insomnia
rs1322951	0.00764912449444565	0.00764915569208612	36	0.735774959115223	placo_insomnia__mdd_chr13_53365563_54365563	insomnia__mdd	insomnia
rs2806939	0.00764912449444565	0.00764915569208612	37	0.743424114807309	placo_insomnia__mdd_chr13_53365563_54365563	insomnia__mdd	insomnia
rs1322962	0.0075904711815808	0.00759050213999847	38	0.751014616947308	placo_insomnia__mdd_chr13_53365563_54365563	insomnia__mdd	insomnia
rs1322949	0.00753230221237398	0.0075323329335443	39	0.758546949880852	placo_insomnia__mdd_chr13_53365563_54365563	insomnia__mdd	insomnia
rs1923771	0.00753230221237398	0.0075323329335443	40	0.766079282814396	placo_insomnia__mdd_chr13_53365563_54365563	insomnia__mdd	insomnia
rs1555552	0.00736065885694878	0.00736068887805627	41	0.773439971692452	placo_insomnia__mdd_chr13_53365563_54365563	insomnia__mdd	insomnia
rs1443906	0.00694982898220604	0.00694985732770703	42	0.780389829020159	placo_insomnia__mdd_chr13_53365563_54365563	insomnia__mdd	insomnia
rs4525388	0.00692321681785493	0.00692324505481582	43	0.787313074074975	placo_insomnia__mdd_chr13_53365563_54365563	insomnia__mdd	insomnia
rs4584720	0.00692321681785493	0.00692324505481582	44	0.794236319129791	placo_insomnia__mdd_chr13_53365563_54365563	insomnia__mdd	insomnia
rs6561709	0.00676647204201639	0.00676649963967965	45	0.801002818769471	placo_insomnia__mdd_chr13_53365563_54365563	insomnia__mdd	insomnia
rs2759694	0.00617848264076196	0.0061785078402577	46	0.807181326609728	placo_insomnia__mdd_chr13_53365563_54365563	insomnia__mdd	insomnia
rs1343607	0.0057846597179612	0.00578468331121481	47	0.812966009920943	placo_insomnia__mdd_chr13_53365563_54365563	insomnia__mdd	insomnia
rs2806949	0.0057846597179612	0.00578468331121481	48	0.818750693232158	placo_insomnia__mdd_chr13_53365563_54365563	insomnia__mdd	insomnia
rs2806950	0.0057846597179612	0.00578468331121481	49	0.824535376543373	placo_insomnia__mdd_chr13_53365563_54365563	insomnia__mdd	insomnia
rs1343605	0.00574260214346334	0.00574262556518136	50	0.830278002108554	placo_insomnia__mdd_chr13_53365563_54365563	insomnia__mdd	insomnia
rs7337692	0.00568684478033594	0.00568686797464255	51	0.835964870083197	placo_insomnia__mdd_chr13_53365563_54365563	insomnia__mdd	insomnia
rs2759700	0.00565947332937146	0.00565949641204116	52	0.841624366495238	placo_insomnia__mdd_chr13_53365563_54365563	insomnia__mdd	insomnia
rs1322938	0.00527377975926337	0.00527380126884724	53	0.846898167764085	placo_insomnia__mdd_chr13_53365563_54365563	insomnia__mdd	insomnia
rs1322959	0.00482607524546644	0.00482609492904729	54	0.851724262693133	placo_insomnia__mdd_chr13_53365563_54365563	insomnia__mdd	insomnia
rs9536379	0.0047231051280775	0.00472312439168549	55	0.856447387084818	placo_insomnia__mdd_chr13_53365563_54365563	insomnia__mdd	insomnia
rs2813577	0.00416064020257819	0.00416065717212252	56	0.860608044256941	placo_insomnia__mdd_chr13_53365563_54365563	insomnia__mdd	insomnia
rs2813573	0.00393522593502035	0.00393524198519236	57	0.864543286242133	placo_insomnia__mdd_chr13_53365563_54365563	insomnia__mdd	insomnia
rs1885767	0.00332082732814223	0.00332084087243441	58	0.867864127114567	placo_insomnia__mdd_chr13_53365563_54365563	insomnia__mdd	insomnia
rs13353100	0.00331480221565517	0.00331481573537338	59	0.871178942849941	placo_insomnia__mdd_chr13_53365563_54365563	insomnia__mdd	insomnia
rs9596771	0.00324615870261745	0.00324617194236694	60	0.874425114792308	placo_insomnia__mdd_chr13_53365563_54365563	insomnia__mdd	insomnia
rs12860317	0.00300731834628819	0.00300733061190586	61	0.877432445404214	placo_insomnia__mdd_chr13_53365563_54365563	insomnia__mdd	insomnia
rs1909650	0.00285705828463581	0.00285706993740434	62	0.880289515341618	placo_insomnia__mdd_chr13_53365563_54365563	insomnia__mdd	insomnia
rs873573	0.00249782890841657	0.00249783909603586	63	0.882787354437654	placo_insomnia__mdd_chr13_53365563_54365563	insomnia__mdd	insomnia
rs2038647	0.00246255458852331	0.00246256463227312	64	0.885249919069927	placo_insomnia__mdd_chr13_53365563_54365563	insomnia__mdd	insomnia
rs9527059	0.00241429561532248	0.00241430546224374	65	0.887664224532171	placo_insomnia__mdd_chr13_53365563_54365563	insomnia__mdd	insomnia
rs9527069	0.00240079607796792	0.00240080586983011	66	0.890065030402001	placo_insomnia__mdd_chr13_53365563_54365563	insomnia__mdd	insomnia
rs73201847	0.00233837930968674	0.00233838884697654	67	0.892403419248977	placo_insomnia__mdd_chr13_53365563_54365563	insomnia__mdd	insomnia
rs9527070	0.00233837930968674	0.00233838884697654	68	0.894741808095954	placo_insomnia__mdd_chr13_53365563_54365563	insomnia__mdd	insomnia
rs4555040	0.00228842429077187	0.00228843362431564	69	0.89703024172027	placo_insomnia__mdd_chr13_53365563_54365563	insomnia__mdd	insomnia
rs7997881	0.00228842429077187	0.00228843362431564	70	0.899318675344585	placo_insomnia__mdd_chr13_53365563_54365563	insomnia__mdd	insomnia
rs755787	0.00223333777885643	0.00223334688772492	71	0.90155202223231	placo_insomnia__mdd_chr13_53365563_54365563	insomnia__mdd	insomnia
rs9568846	0.00223333777885643	0.00223334688772492	72	0.903785369120035	placo_insomnia__mdd_chr13_53365563_54365563	insomnia__mdd	insomnia
rs7328879	0.00221875383834523	0.00221876288773181	73	0.906004132007767	placo_insomnia__mdd_chr13_53365563_54365563	insomnia__mdd	insomnia
rs9568844	0.00220427300295145	0.00220428199327664	74	0.908208414001043	placo_insomnia__mdd_chr13_53365563_54365563	insomnia__mdd	insomnia
rs1373272	0.00218989449107744	0.00218990342275858	75	0.910398317423802	placo_insomnia__mdd_chr13_53365563_54365563	insomnia__mdd	insomnia
rs4884400	0.00216023816967828	0.00216024698040345	76	0.912558564404205	placo_insomnia__mdd_chr13_53365563_54365563	insomnia__mdd	insomnia
rs7337696	0.00194772425446701	0.00194773219843512	77	0.914506296602641	placo_insomnia__mdd_chr13_53365563_54365563	insomnia__mdd	insomnia
rs1470343	0.00187255236635327	0.00187256000372609	78	0.916378856606367	placo_insomnia__mdd_chr13_53365563_54365563	insomnia__mdd	insomnia
rs2806933	0.00185196544171098	0.00185197299511817	79	0.918230829601485	placo_insomnia__mdd_chr13_53365563_54365563	insomnia__mdd	insomnia
rs8001960	0.00183310495177353	0.00183311242825652	80	0.920063942029741	placo_insomnia__mdd_chr13_53365563_54365563	insomnia__mdd	insomnia
rs9316609	0.00180730748589302	0.00180731485715874	81	0.9218712568869	placo_insomnia__mdd_chr13_53365563_54365563	insomnia__mdd	insomnia
rs2806963	0.00173224758756004	0.00173225465268723	82	0.923603511539587	placo_insomnia__mdd_chr13_53365563_54365563	insomnia__mdd	insomnia
rs4304930	0.00167227697654339	0.00167228379707506	83	0.925275795336662	placo_insomnia__mdd_chr13_53365563_54365563	insomnia__mdd	insomnia
rs2197304	0.0014218427986166	0.00142184859773001	84	0.926697643934392	placo_insomnia__mdd_chr13_53365563_54365563	insomnia__mdd	insomnia
rs1899717	0.00137841216287746	0.00137841778485513	85	0.928076061719248	placo_insomnia__mdd_chr13_53365563_54365563	insomnia__mdd	insomnia
rs7332332	0.0013688018876557	0.001368807470437	86	0.929444869189685	placo_insomnia__mdd_chr13_53365563_54365563	insomnia__mdd	insomnia
rs2806971	0.0013468401523101	0.00134684564551849	87	0.930791714835203	placo_insomnia__mdd_chr13_53365563_54365563	insomnia__mdd	insomnia
rs1936385	0.0013378683714841	0.00133787382810028	88	0.932129588663303	placo_insomnia__mdd_chr13_53365563_54365563	insomnia__mdd	insomnia
rs2806974	0.0013378683714841	0.00133787382810028	89	0.933467462491404	placo_insomnia__mdd_chr13_53365563_54365563	insomnia__mdd	insomnia
rs2246208	0.00130262456174607	0.00130262987461721	90	0.934770092366021	placo_insomnia__mdd_chr13_53365563_54365563	insomnia__mdd	insomnia
rs1322957	0.00115839654064303	0.00115840126526724	91	0.935928493631288	placo_insomnia__mdd_chr13_53365563_54365563	insomnia__mdd	insomnia
rs9527064	0.00115364730617014	0.00115365201142417	92	0.937082145642712	placo_insomnia__mdd_chr13_53365563_54365563	insomnia__mdd	insomnia
rs2759713	0.00115052558213566	0.00115053027465747	93	0.93823267591737	placo_insomnia__mdd_chr13_53365563_54365563	insomnia__mdd	insomnia
rs2759714	0.00115052558213566	0.00115053027465747	94	0.939383206192027	placo_insomnia__mdd_chr13_53365563_54365563	insomnia__mdd	insomnia
rs1322960	0.00113495734891006	0.00113496197793543	95	0.940518168169962	placo_insomnia__mdd_chr13_53365563_54365563	insomnia__mdd	insomnia
rs2806947	0.00111961764730319	0.00111962221376421	96	0.941637790383727	placo_insomnia__mdd_chr13_53365563_54365563	insomnia__mdd	insomnia
rs1951725	0.00111203236775764	0.00111203690328141	97	0.942749827287008	placo_insomnia__mdd_chr13_53365563_54365563	insomnia__mdd	insomnia
rs9536407	0.00109241650986114	0.00109242096537988	98	0.943842248252388	placo_insomnia__mdd_chr13_53365563_54365563	insomnia__mdd	insomnia
rs1555550	0.00107493401053128	0.00107493839474608	99	0.944917186647134	placo_insomnia__mdd_chr13_53365563_54365563	insomnia__mdd	insomnia
rs1961773	0.00103696338463847	0.00103696761398667	100	0.945954154261121	placo_insomnia__mdd_chr13_53365563_54365563	insomnia__mdd	insomnia
rs2898034	0.00103696338463847	0.00103696761398667	101	0.946991121875107	placo_insomnia__mdd_chr13_53365563_54365563	insomnia__mdd	insomnia
rs7326433	0.00103696338463847	0.00103696761398667	102	0.948028089489094	placo_insomnia__mdd_chr13_53365563_54365563	insomnia__mdd	insomnia
rs7327939	0.00103696338463847	0.00103696761398667	103	0.94906505710308	placo_insomnia__mdd_chr13_53365563_54365563	insomnia__mdd	insomnia
rs7982506	0.00103696338463847	0.00103696761398667	104	0.950102024717067	placo_insomnia__mdd_chr13_53365563_54365563	insomnia__mdd	insomnia
rs12969553	0.251927141594654	0.258569773020243	1	0.258569773020243	placo_insomnia__mdd_chr18_52604019_53604019	insomnia__mdd	insomnia
rs4468713	0.220761653821578	0.226582536359116	2	0.48515230937936	placo_insomnia__mdd_chr18_52604019_53604019	insomnia__mdd	insomnia
rs17522826	0.163312081392676	0.167618175437052	3	0.652770484816412	placo_insomnia__mdd_chr18_52604019_53604019	insomnia__mdd	insomnia
rs4341827	0.0926319107126064	0.0950743614831629	4	0.747844846299575	placo_insomnia__mdd_chr18_52604019_53604019	insomnia__mdd	insomnia
rs7236656	0.0907425593608037	0.0931351930906713	5	0.840980039390246	placo_insomnia__mdd_chr18_52604019_53604019	insomnia__mdd	insomnia
rs11152363	0.0674957996868643	0.0692754797850755	6	0.910255519175322	placo_insomnia__mdd_chr18_52604019_53604019	insomnia__mdd	insomnia
rs10503002	0.0088379013242946	0.00907093267098242	7	0.919326451846304	placo_insomnia__mdd_chr18_52604019_53604019	insomnia__mdd	insomnia
rs1942262	0.00695676563223983	0.00714019656277263	8	0.926466648409077	placo_insomnia__mdd_chr18_52604019_53604019	insomnia__mdd	insomnia
rs4524013	0.00292843604610279	0.00300565091538817	9	0.929472299324465	placo_insomnia__mdd_chr18_52604019_53604019	insomnia__mdd	insomnia
rs2958166	0.00290864408920097	0.00298533709857854	10	0.932457636423043	placo_insomnia__mdd_chr18_52604019_53604019	insomnia__mdd	insomnia
rs2919450	0.00285983740330244	0.00293524351352544	11	0.935392879936569	placo_insomnia__mdd_chr18_52604019_53604019	insomnia__mdd	insomnia
rs2958161	0.00284058048405723	0.00291547884185575	12	0.938308358778425	placo_insomnia__mdd_chr18_52604019_53604019	insomnia__mdd	insomnia
rs8098843	0.00284058048405723	0.00291547884185575	13	0.94122383762028	placo_insomnia__mdd_chr18_52604019_53604019	insomnia__mdd	insomnia
rs2958165	0.00283100830815816	0.00290565427379268	14	0.944129491894073	placo_insomnia__mdd_chr18_52604019_53604019	insomnia__mdd	insomnia
rs2958175	0.00283100830815816	0.00290565427379268	15	0.947035146167866	placo_insomnia__mdd_chr18_52604019_53604019	insomnia__mdd	insomnia
rs7238888	0.00281197570404226	0.00288611983183028	16	0.949921265999696	placo_insomnia__mdd_chr18_52604019_53604019	insomnia__mdd	insomnia
rs12607679	0.00272814090223126	0.00280007453501052	17	0.952721340534706	placo_insomnia__mdd_chr18_52604019_53604019	insomnia__mdd	insomnia
rs2431108	0.130428867610768	0.130502981597719	1	0.130502981597719	placo_insomnia__mdd_chr5_103481726_104481726	insomnia__mdd	insomnia
rs30266	0.116907401369295	0.116973832012896	2	0.247476813610615	placo_insomnia__mdd_chr5_103481726_104481726	insomnia__mdd	insomnia
rs77960	0.116160958210384	0.116226964700348	3	0.363703778310964	placo_insomnia__mdd_chr5_103481726_104481726	insomnia__mdd	insomnia
rs161645	0.113952567477404	0.114017319086873	4	0.477721097397837	placo_insomnia__mdd_chr5_103481726_104481726	insomnia__mdd	insomnia
rs12658032	0.0863464080684284	0.0863954729470714	5	0.564116570344908	placo_insomnia__mdd_chr5_103481726_104481726	insomnia__mdd	insomnia
rs6421926	0.0418842346837041	0.0419080346881025	6	0.606024605033011	placo_insomnia__mdd_chr5_103481726_104481726	insomnia__mdd	insomnia
rs60271	0.0413821445584327	0.041405659258652	7	0.647430264291663	placo_insomnia__mdd_chr5_103481726_104481726	insomnia__mdd	insomnia
rs323509	0.0403975960028734	0.0404205512501117	8	0.687850815541774	placo_insomnia__mdd_chr5_103481726_104481726	insomnia__mdd	insomnia
rs40465	0.039675999826741	0.0396985450392181	9	0.727549360580993	placo_insomnia__mdd_chr5_103481726_104481726	insomnia__mdd	insomnia
rs416223	0.0224048577476919	0.0224175889272626	10	0.749966949508255	placo_insomnia__mdd_chr5_103481726_104481726	insomnia__mdd	insomnia
rs325481	0.0221336385917721	0.0221462156556677	11	0.772113165163923	placo_insomnia__mdd_chr5_103481726_104481726	insomnia__mdd	insomnia
rs325500	0.0221336385917721	0.0221462156556677	12	0.79425938081959	placo_insomnia__mdd_chr5_103481726_104481726	insomnia__mdd	insomnia
rs12658019	0.0113418066147391	0.0113482514035565	13	0.805607632223147	placo_insomnia__mdd_chr5_103481726_104481726	insomnia__mdd	insomnia
rs21126	0.00892821569844026	0.00893328900524644	14	0.814540921228393	placo_insomnia__mdd_chr5_103481726_104481726	insomnia__mdd	insomnia
rs325502	0.00887690759478229	0.00888195174663072	15	0.823422872975024	placo_insomnia__mdd_chr5_103481726_104481726	insomnia__mdd	insomnia
rs12055234	0.00572355900564231	0.00572681132075651	16	0.829149684295781	placo_insomnia__mdd_chr5_103481726_104481726	insomnia__mdd	insomnia
rs6869862	0.00426955018947624	0.00427197628879632	17	0.833421660584577	placo_insomnia__mdd_chr5_103481726_104481726	insomnia__mdd	insomnia
rs2112163	0.0039522283131439	0.00395447409970169	18	0.837376134684279	placo_insomnia__mdd_chr5_103481726_104481726	insomnia__mdd	insomnia
rs2447828	0.0039522283131439	0.00395447409970169	19	0.84133060878398	placo_insomnia__mdd_chr5_103481726_104481726	insomnia__mdd	insomnia
rs2161097	0.00390907100372576	0.00391129226687608	20	0.845241901050856	placo_insomnia__mdd_chr5_103481726_104481726	insomnia__mdd	insomnia
rs2431109	0.00390907100372576	0.00391129226687608	21	0.849153193317732	placo_insomnia__mdd_chr5_103481726_104481726	insomnia__mdd	insomnia
rs2447827	0.00388768859354736	0.00388989770650656	22	0.853043091024239	placo_insomnia__mdd_chr5_103481726_104481726	insomnia__mdd	insomnia
rs254020	0.00388768859354736	0.00388989770650656	23	0.856932988730746	placo_insomnia__mdd_chr5_103481726_104481726	insomnia__mdd	insomnia
rs254024	0.00388768859354736	0.00388989770650656	24	0.860822886437252	placo_insomnia__mdd_chr5_103481726_104481726	insomnia__mdd	insomnia
rs10078807	0.00376208748537884	0.00376422522764333	25	0.864587111664896	placo_insomnia__mdd_chr5_103481726_104481726	insomnia__mdd	insomnia
rs2447832	0.00364097320200427	0.00364304212313597	26	0.868230153788031	placo_insomnia__mdd_chr5_103481726_104481726	insomnia__mdd	insomnia
rs2447838	0.00362121134732184	0.00362326903911553	27	0.871853422827147	placo_insomnia__mdd_chr5_103481726_104481726	insomnia__mdd	insomnia
rs2431112	0.00358204380574635	0.00358407924125032	28	0.875437502068397	placo_insomnia__mdd_chr5_103481726_104481726	insomnia__mdd	insomnia
rs185260	0.00352417126471663	0.00352617381513289	29	0.87896367588353	placo_insomnia__mdd_chr5_103481726_104481726	insomnia__mdd	insomnia
rs62362443	0.00344861620895577	0.0034505758264959	30	0.882414251710026	placo_insomnia__mdd_chr5_103481726_104481726	insomnia__mdd	insomnia
rs325485	0.00195786370318656	0.00195897622595555	31	0.884373227935982	placo_insomnia__mdd_chr5_103481726_104481726	insomnia__mdd	insomnia
rs4235642	0.00193809658895276	0.00193919787939509	32	0.886312425815377	placo_insomnia__mdd_chr5_103481726_104481726	insomnia__mdd	insomnia
rs10064425	0.00170188682793987	0.00170285389620067	33	0.888015279711577	placo_insomnia__mdd_chr5_103481726_104481726	insomnia__mdd	insomnia
rs11242522	0.00170188682793987	0.00170285389620067	34	0.889718133607778	placo_insomnia__mdd_chr5_103481726_104481726	insomnia__mdd	insomnia
rs12515429	0.00170188682793987	0.00170285389620067	35	0.891420987503979	placo_insomnia__mdd_chr5_103481726_104481726	insomnia__mdd	insomnia
rs12657531	0.00170188682793987	0.00170285389620067	36	0.89312384140018	placo_insomnia__mdd_chr5_103481726_104481726	insomnia__mdd	insomnia
rs1421666	0.00170188682793987	0.00170285389620067	37	0.89482669529638	placo_insomnia__mdd_chr5_103481726_104481726	insomnia__mdd	insomnia
rs1421667	0.00170188682793987	0.00170285389620067	38	0.896529549192581	placo_insomnia__mdd_chr5_103481726_104481726	insomnia__mdd	insomnia
rs1421668	0.00170188682793987	0.00170285389620067	39	0.898232403088782	placo_insomnia__mdd_chr5_103481726_104481726	insomnia__mdd	insomnia
rs17156671	0.00170188682793987	0.00170285389620067	40	0.899935256984983	placo_insomnia__mdd_chr5_103481726_104481726	insomnia__mdd	insomnia
rs2032790	0.00170188682793987	0.00170285389620067	41	0.901638110881183	placo_insomnia__mdd_chr5_103481726_104481726	insomnia__mdd	insomnia
rs2403284	0.00170188682793987	0.00170285389620067	42	0.903340964777384	placo_insomnia__mdd_chr5_103481726_104481726	insomnia__mdd	insomnia
rs4521446	0.00170188682793987	0.00170285389620067	43	0.905043818673585	placo_insomnia__mdd_chr5_103481726_104481726	insomnia__mdd	insomnia
rs6596578	0.00170188682793987	0.00170285389620067	44	0.906746672569785	placo_insomnia__mdd_chr5_103481726_104481726	insomnia__mdd	insomnia
rs6865511	0.00170188682793987	0.00170285389620067	45	0.908449526465986	placo_insomnia__mdd_chr5_103481726_104481726	insomnia__mdd	insomnia
rs6891820	0.00170188682793987	0.00170285389620067	46	0.910152380362187	placo_insomnia__mdd_chr5_103481726_104481726	insomnia__mdd	insomnia
rs7706353	0.00170188682793987	0.00170285389620067	47	0.911855234258388	placo_insomnia__mdd_chr5_103481726_104481726	insomnia__mdd	insomnia
rs1833514	0.00169306494612624	0.00169402700150266	48	0.91354926125989	placo_insomnia__mdd_chr5_103481726_104481726	insomnia__mdd	insomnia
rs4320234	0.00169306494612624	0.00169402700150266	49	0.915243288261393	placo_insomnia__mdd_chr5_103481726_104481726	insomnia__mdd	insomnia
rs4295362	0.00167557391806525	0.00167652603446229	50	0.916919814295855	placo_insomnia__mdd_chr5_103481726_104481726	insomnia__mdd	insomnia
rs768905	0.00167557391806525	0.00167652603446229	51	0.918596340330318	placo_insomnia__mdd_chr5_103481726_104481726	insomnia__mdd	insomnia
rs959857	0.00167557391806525	0.00167652603446229	52	0.92027286636478	placo_insomnia__mdd_chr5_103481726_104481726	insomnia__mdd	insomnia
rs1363101	0.00166690412718455	0.00166785131712029	53	0.9219407176819	placo_insomnia__mdd_chr5_103481726_104481726	insomnia__mdd	insomnia
rs2018142	0.00166690412718455	0.00166785131712029	54	0.923608568999021	placo_insomnia__mdd_chr5_103481726_104481726	insomnia__mdd	insomnia
rs12658007	0.00164119382562671	0.00164212640612062	55	0.925250695405141	placo_insomnia__mdd_chr5_103481726_104481726	insomnia__mdd	insomnia
rs7703746	0.00164119382562671	0.00164212640612062	56	0.926892821811262	placo_insomnia__mdd_chr5_103481726_104481726	insomnia__mdd	insomnia
rs12658451	0.0016242997093903	0.00162522269008984	57	0.928518044501352	placo_insomnia__mdd_chr5_103481726_104481726	insomnia__mdd	insomnia
rs10059133	0.00160759956930273	0.00160851306043153	58	0.930126557561783	placo_insomnia__mdd_chr5_103481726_104481726	insomnia__mdd	insomnia
rs12187903	0.00160759956930273	0.00160851306043153	59	0.931735070622215	placo_insomnia__mdd_chr5_103481726_104481726	insomnia__mdd	insomnia
rs12659431	0.00160759956930273	0.00160851306043153	60	0.933343583682646	placo_insomnia__mdd_chr5_103481726_104481726	insomnia__mdd	insomnia
rs4438849	0.00160759956930273	0.00160851306043153	61	0.934952096743078	placo_insomnia__mdd_chr5_103481726_104481726	insomnia__mdd	insomnia
rs6867409	0.00160759956930273	0.00160851306043153	62	0.936560609803509	placo_insomnia__mdd_chr5_103481726_104481726	insomnia__mdd	insomnia
rs10455065	0.00159932147632734	0.00160023026357052	63	0.93816084006708	placo_insomnia__mdd_chr5_103481726_104481726	insomnia__mdd	insomnia
rs10455066	0.00159932147632734	0.00160023026357052	64	0.93976107033065	placo_insomnia__mdd_chr5_103481726_104481726	insomnia__mdd	insomnia
rs6874138	0.00159932147632734	0.00160023026357052	65	0.941361300594221	placo_insomnia__mdd_chr5_103481726_104481726	insomnia__mdd	insomnia
rs1592754	0.00156668193007494	0.00156757217045078	66	0.942928872764672	placo_insomnia__mdd_chr5_103481726_104481726	insomnia__mdd	insomnia
rs10052804	0.00153478472973902	0.00153565684507297	67	0.944464529609744	placo_insomnia__mdd_chr5_103481726_104481726	insomnia__mdd	insomnia
rs10053368	0.00153478472973902	0.00153565684507297	68	0.946000186454817	placo_insomnia__mdd_chr5_103481726_104481726	insomnia__mdd	insomnia
rs10054977	0.00153478472973902	0.00153565684507297	69	0.94753584329989	placo_insomnia__mdd_chr5_103481726_104481726	insomnia__mdd	insomnia
rs10057459	0.00153478472973902	0.00153565684507297	70	0.949071500144963	placo_insomnia__mdd_chr5_103481726_104481726	insomnia__mdd	insomnia
rs10057469	0.00153478472973902	0.00153565684507297	71	0.950607156990036	placo_insomnia__mdd_chr5_103481726_104481726	insomnia__mdd	insomnia
rs370771	0.100430581526492	0.100430986784987	1	0.100430986784987	placo_insomnia__mdd_chr6_104869510_105869510	insomnia__mdd	insomnia
rs314262	0.0907317882474313	0.0907321543692584	2	0.191163141154245	placo_insomnia__mdd_chr6_104869510_105869510	insomnia__mdd	insomnia
rs413130	0.0876385080258973	0.0876388616656888	3	0.278802002819934	placo_insomnia__mdd_chr6_104869510_105869510	insomnia__mdd	insomnia
rs314281	0.0805710536309538	0.080571378752082	4	0.359373381572016	placo_insomnia__mdd_chr6_104869510_105869510	insomnia__mdd	insomnia
rs1475120	0.0791916843872763	0.0791920039423599	5	0.438565385514376	placo_insomnia__mdd_chr6_104869510_105869510	insomnia__mdd	insomnia
rs12207399	0.069148593577525	0.0691488726066272	6	0.507714258121003	placo_insomnia__mdd_chr6_104869510_105869510	insomnia__mdd	insomnia
rs11754600	0.0685582927879218	0.0685585694350363	7	0.57627282755604	placo_insomnia__mdd_chr6_104869510_105869510	insomnia__mdd	insomnia
rs12213967	0.0685582927879218	0.0685585694350363	8	0.644831396991076	placo_insomnia__mdd_chr6_104869510_105869510	insomnia__mdd	insomnia
rs11156429	0.0668194976820021	0.0668197673127131	9	0.711651164303789	placo_insomnia__mdd_chr6_104869510_105869510	insomnia__mdd	insomnia
rs314280	0.0604046993467679	0.0604049430924199	10	0.772056107396209	placo_insomnia__mdd_chr6_104869510_105869510	insomnia__mdd	insomnia
rs12200251	0.0593843664323826	0.059384606060777	11	0.831440713456986	placo_insomnia__mdd_chr6_104869510_105869510	insomnia__mdd	insomnia
rs4946651	0.0593843664323826	0.059384606060777	12	0.890825319517763	placo_insomnia__mdd_chr6_104869510_105869510	insomnia__mdd	insomnia
rs2400074	0.0583824514566445	0.0583826870421014	13	0.949208006559865	placo_insomnia__mdd_chr6_104869510_105869510	insomnia__mdd	insomnia
rs314260	0.00626339171402873	0.00626341698813014	14	0.955471423547995	placo_insomnia__mdd_chr6_104869510_105869510	insomnia__mdd	insomnia
rs1476535	0.0692956470471291	0.0732249338686572	1	0.0732249338686572	placo_insomnia__mdd_chr7_113559156_114559156	insomnia__mdd	insomnia
rs1456031	0.0623712101123642	0.065907859012844	2	0.139132792881501	placo_insomnia__mdd_chr7_113559156_114559156	insomnia__mdd	insomnia
rs12671330	0.0461666974727483	0.048784498210647	3	0.187917291092148	placo_insomnia__mdd_chr7_113559156_114559156	insomnia__mdd	insomnia
rs10953765	0.0421531293286187	0.0445433477999819	4	0.23246063889213	placo_insomnia__mdd_chr7_113559156_114559156	insomnia__mdd	insomnia
rs2894699	0.0397131945926851	0.0419650608902563	5	0.274425699782386	placo_insomnia__mdd_chr7_113559156_114559156	insomnia__mdd	insomnia
rs12705982	0.0370734552289846	0.0391756397855511	6	0.313601339567938	placo_insomnia__mdd_chr7_113559156_114559156	insomnia__mdd	insomnia
rs12536335	0.0319502259862774	0.0337619069108719	7	0.34736324647881	placo_insomnia__mdd_chr7_113559156_114559156	insomnia__mdd	insomnia
rs10262103	0.0191071377492429	0.0201905741230191	8	0.367553820601829	placo_insomnia__mdd_chr7_113559156_114559156	insomnia__mdd	insomnia
rs12705973	0.0184581517778375	0.0195047885525991	9	0.387058609154428	placo_insomnia__mdd_chr7_113559156_114559156	insomnia__mdd	insomnia
rs1005958	0.0180589770606553	0.0190829793407185	10	0.406141588495146	placo_insomnia__mdd_chr7_113559156_114559156	insomnia__mdd	insomnia
rs1005959	0.0180589770606553	0.0190829793407185	11	0.425224567835865	placo_insomnia__mdd_chr7_113559156_114559156	insomnia__mdd	insomnia
rs12154391	0.0180589770606553	0.0190829793407185	12	0.444307547176583	placo_insomnia__mdd_chr7_113559156_114559156	insomnia__mdd	insomnia
rs12705971	0.0180589770606553	0.0190829793407185	13	0.463390526517302	placo_insomnia__mdd_chr7_113559156_114559156	insomnia__mdd	insomnia
rs12705974	0.0180589770606553	0.0190829793407185	14	0.48247350585802	placo_insomnia__mdd_chr7_113559156_114559156	insomnia__mdd	insomnia
rs12705975	0.0180589770606553	0.0190829793407185	15	0.501556485198738	placo_insomnia__mdd_chr7_113559156_114559156	insomnia__mdd	insomnia
rs12705977	0.0180589770606553	0.0190829793407185	16	0.520639464539457	placo_insomnia__mdd_chr7_113559156_114559156	insomnia__mdd	insomnia
rs12705978	0.0180589770606553	0.0190829793407185	17	0.539722443880175	placo_insomnia__mdd_chr7_113559156_114559156	insomnia__mdd	insomnia
rs13226763	0.0180589770606553	0.0190829793407185	18	0.558805423220894	placo_insomnia__mdd_chr7_113559156_114559156	insomnia__mdd	insomnia
rs1456020	0.0180589770606553	0.0190829793407185	19	0.577888402561612	placo_insomnia__mdd_chr7_113559156_114559156	insomnia__mdd	insomnia
rs1456021	0.0180589770606553	0.0190829793407185	20	0.596971381902331	placo_insomnia__mdd_chr7_113559156_114559156	insomnia__mdd	insomnia
rs4730637	0.0180589770606553	0.0190829793407185	21	0.616054361243049	placo_insomnia__mdd_chr7_113559156_114559156	insomnia__mdd	insomnia
rs60234044	0.0180589770606553	0.0190829793407185	22	0.635137340583768	placo_insomnia__mdd_chr7_113559156_114559156	insomnia__mdd	insomnia
rs12705981	0.0179803265055329	0.0189998690452961	23	0.654137209629064	placo_insomnia__mdd_chr7_113559156_114559156	insomnia__mdd	insomnia
rs12705980	0.017902065680477	0.0189171705788927	24	0.673054380207956	placo_insomnia__mdd_chr7_113559156_114559156	insomnia__mdd	insomnia
rs1378771	0.017902065680477	0.0189171705788927	25	0.691971550786849	placo_insomnia__mdd_chr7_113559156_114559156	insomnia__mdd	insomnia
rs2396765	0.017902065680477	0.0189171705788927	26	0.710888721365742	placo_insomnia__mdd_chr7_113559156_114559156	insomnia__mdd	insomnia
rs12705969	0.0178241924404478	0.018834881674838	27	0.72972360304058	placo_insomnia__mdd_chr7_113559156_114559156	insomnia__mdd	insomnia
rs936145	0.0176696001998255	0.0186715235552655	28	0.748395126595845	placo_insomnia__mdd_chr7_113559156_114559156	insomnia__mdd	insomnia
rs2396766	0.0174405658386894	0.0184295022067032	29	0.766824628802548	placo_insomnia__mdd_chr7_113559156_114559156	insomnia__mdd	insomnia
rs4236599	0.0174405658386894	0.0184295022067032	30	0.785254131009251	placo_insomnia__mdd_chr7_113559156_114559156	insomnia__mdd	insomnia
rs881732	0.0172897546485711	0.0182701395354007	31	0.803524270544652	placo_insomnia__mdd_chr7_113559156_114559156	insomnia__mdd	insomnia
rs10250103	0.017214906399401	0.0181910471489491	32	0.821715317693601	placo_insomnia__mdd_chr7_113559156_114559156	insomnia__mdd	insomnia
rs12154339	0.0166292308981672	0.0175721619566776	33	0.839287479650279	placo_insomnia__mdd_chr7_113559156_114559156	insomnia__mdd	insomnia
rs1015511	0.00858059107013976	0.00906713827547707	34	0.848354617925756	placo_insomnia__mdd_chr7_113559156_114559156	insomnia__mdd	insomnia
rs10266297	0.00854653174308553	0.00903114767466111	35	0.857385765600417	placo_insomnia__mdd_chr7_113559156_114559156	insomnia__mdd	insomnia
rs1229760	0.00674855550033272	0.00713122037643631	36	0.864516985976853	placo_insomnia__mdd_chr7_113559156_114559156	insomnia__mdd	insomnia
rs1229762	0.00669820994162265	0.00707802006206998	37	0.871595006038923	placo_insomnia__mdd_chr7_113559156_114559156	insomnia__mdd	insomnia
rs1229761	0.00620806819106819	0.0065600856924521	38	0.878155091731375	placo_insomnia__mdd_chr7_113559156_114559156	insomnia__mdd	insomnia
rs2189010	0.00606272596324046	0.00640650209125171	39	0.884561593822627	placo_insomnia__mdd_chr7_113559156_114559156	insomnia__mdd	insomnia
rs727644	0.00603944447209918	0.00638190046442767	40	0.890943494287055	placo_insomnia__mdd_chr7_113559156_114559156	insomnia__mdd	insomnia
rs6466488	0.00574598681573459	0.00607180281188777	41	0.897015297098943	placo_insomnia__mdd_chr7_113559156_114559156	insomnia__mdd	insomnia
rs10249234	0.00549974217186673	0.00581159530202107	42	0.902826892400964	placo_insomnia__mdd_chr7_113559156_114559156	insomnia__mdd	insomnia
rs2189012	0.00518206702357503	0.00547590694760605	43	0.90830279934857	placo_insomnia__mdd_chr7_113559156_114559156	insomnia__mdd	insomnia
rs9969232	0.00513222397349235	0.005423237635728	44	0.913726036984298	placo_insomnia__mdd_chr7_113559156_114559156	insomnia__mdd	insomnia
rs7783012	0.00512553106398169	0.00541616521664843	45	0.919142202200946	placo_insomnia__mdd_chr7_113559156_114559156	insomnia__mdd	insomnia
rs1989903	0.00460134978970811	0.00486226117246271	46	0.924004463373409	placo_insomnia__mdd_chr7_113559156_114559156	insomnia__mdd	insomnia
rs7458242	0.00449545313034276	0.00475035983075699	47	0.928754823204166	placo_insomnia__mdd_chr7_113559156_114559156	insomnia__mdd	insomnia
rs6969376	0.00410180379128625	0.00433438930377354	48	0.933089212507939	placo_insomnia__mdd_chr7_113559156_114559156	insomnia__mdd	insomnia
rs10262462	0.00379928546328352	0.00401471721027261	49	0.937103929718212	placo_insomnia__mdd_chr7_113559156_114559156	insomnia__mdd	insomnia
rs6980093	0.00375798709045557	0.0039710770864254	50	0.941075006804637	placo_insomnia__mdd_chr7_113559156_114559156	insomnia__mdd	insomnia
rs66571810	0.00344574476886563	0.00364112961751918	51	0.944716136422156	placo_insomnia__mdd_chr7_113559156_114559156	insomnia__mdd	insomnia
rs2189015	0.00344432652581441	0.00363963095550994	52	0.948355767377666	placo_insomnia__mdd_chr7_113559156_114559156	insomnia__mdd	insomnia
rs2396753	0.00344432652581441	0.00363963095550994	53	0.951995398333176	placo_insomnia__mdd_chr7_113559156_114559156	insomnia__mdd	insomnia
rs174592	0.249132988988577	0.249133001229237	1	0.249133001229237	placo_longsleep__bipolar_chr11_61081764_62081764	longsleep__bipolar	bipolar
rs174567	0.093210300965351	0.0932103055450562	2	0.342343306774293	placo_longsleep__bipolar_chr11_61081764_62081764	longsleep__bipolar	bipolar
rs174581	0.0692731913152772	0.0692731947188795	3	0.411616501493173	placo_longsleep__bipolar_chr11_61081764_62081764	longsleep__bipolar	bipolar
rs174601	0.0692731913152772	0.0692731947188795	4	0.480889696212052	placo_longsleep__bipolar_chr11_61081764_62081764	longsleep__bipolar	bipolar
rs174594	0.0596824077573537	0.0596824106897316	5	0.540572106901784	placo_longsleep__bipolar_chr11_61081764_62081764	longsleep__bipolar	bipolar
rs99780	0.0595217663436786	0.0595217692681638	6	0.600093876169948	placo_longsleep__bipolar_chr11_61081764_62081764	longsleep__bipolar	bipolar
rs174528	0.0554034093767512	0.055403412098889	7	0.655497288268837	placo_longsleep__bipolar_chr11_61081764_62081764	longsleep__bipolar	bipolar
rs174564	0.0554034093767512	0.055403412098889	8	0.710900700367726	placo_longsleep__bipolar_chr11_61081764_62081764	longsleep__bipolar	bipolar
rs174577	0.051167133760518	0.0511671362745147	9	0.76206783664224	placo_longsleep__bipolar_chr11_61081764_62081764	longsleep__bipolar	bipolar
rs174566	0.0476374683417532	0.0476374706823267	10	0.809705307324567	placo_longsleep__bipolar_chr11_61081764_62081764	longsleep__bipolar	bipolar
rs174576	0.0409793758020814	0.0409793778155226	11	0.85068468514009	placo_longsleep__bipolar_chr11_61081764_62081764	longsleep__bipolar	bipolar
rs174584	0.0306073877288494	0.0306073892326833	12	0.881292074372773	placo_longsleep__bipolar_chr11_61081764_62081764	longsleep__bipolar	bipolar
rs174529	0.0245714175934901	0.0245714188007585	13	0.905863493173532	placo_longsleep__bipolar_chr11_61081764_62081764	longsleep__bipolar	bipolar
rs174574	0.0197751854620025	0.0197751864336174	14	0.925638679607149	placo_longsleep__bipolar_chr11_61081764_62081764	longsleep__bipolar	bipolar
rs174583	0.0170332153053887	0.0170332161422823	15	0.942671895749431	placo_longsleep__bipolar_chr11_61081764_62081764	longsleep__bipolar	bipolar
rs174533	0.0159373861709861	0.0159373869540383	16	0.95860928270347	placo_longsleep__bipolar_chr11_61081764_62081764	longsleep__bipolar	bipolar
rs748455	0.0616918407468726	0.0616921448388752	1	0.0616921448388752	placo_longsleep__bipolar_chr15_84700520_85700520	longsleep__bipolar	bipolar
rs71395455	0.0450989898792218	0.0450992121815876	2	0.106791357020463	placo_longsleep__bipolar_chr15_84700520_85700520	longsleep__bipolar	bipolar
rs12913702	0.0422712391276135	0.0422714474914037	3	0.149062804511866	placo_longsleep__bipolar_chr15_84700520_85700520	longsleep__bipolar	bipolar
rs35630683	0.0357725325720584	0.035772708902363	4	0.184835513414229	placo_longsleep__bipolar_chr15_84700520_85700520	longsleep__bipolar	bipolar
rs61074241	0.0286557213269424	0.0286558625769939	5	0.213491375991223	placo_longsleep__bipolar_chr15_84700520_85700520	longsleep__bipolar	bipolar
rs11638554	0.0255607951797273	0.0255609211742397	6	0.239052297165463	placo_longsleep__bipolar_chr15_84700520_85700520	longsleep__bipolar	bipolar
rs2019611	0.0235624164695653	0.0235625326136506	7	0.262614829779114	placo_longsleep__bipolar_chr15_84700520_85700520	longsleep__bipolar	bipolar
rs7237	0.0213251430187423	0.0213252481348382	8	0.283940077913952	placo_longsleep__bipolar_chr15_84700520_85700520	longsleep__bipolar	bipolar
rs56864281	0.0182677797233581	0.01826786976907	9	0.302207947683022	placo_longsleep__bipolar_chr15_84700520_85700520	longsleep__bipolar	bipolar
rs11633534	0.0171674365495613	0.0171675211714513	10	0.319375468854473	placo_longsleep__bipolar_chr15_84700520_85700520	longsleep__bipolar	bipolar
rs62021166	0.0162260040709657	0.0162260840523378	11	0.335601552906811	placo_longsleep__bipolar_chr15_84700520_85700520	longsleep__bipolar	bipolar
rs2002375	0.012742474348172	0.0127425371584966	12	0.348344090065308	placo_longsleep__bipolar_chr15_84700520_85700520	longsleep__bipolar	bipolar
rs35726233	0.0114336370769895	0.0114336934357811	13	0.359777783501089	placo_longsleep__bipolar_chr15_84700520_85700520	longsleep__bipolar	bipolar
rs1051168	0.0113295117979156	0.0113295676434518	14	0.37110735114454	placo_longsleep__bipolar_chr15_84700520_85700520	longsleep__bipolar	bipolar
rs12914433	0.0106544539132993	0.0106545064313339	15	0.381761857575874	placo_longsleep__bipolar_chr15_84700520_85700520	longsleep__bipolar	bipolar
rs62019463	0.0100993218723999	0.0100993716540724	16	0.391861229229947	placo_longsleep__bipolar_chr15_84700520_85700520	longsleep__bipolar	bipolar
rs12904605	0.0100205166079186	0.0100205660011434	17	0.40188179523109	placo_longsleep__bipolar_chr15_84700520_85700520	longsleep__bipolar	bipolar
rs11633413	0.009546591293364	0.00954663835051173	18	0.411428433581602	placo_longsleep__bipolar_chr15_84700520_85700520	longsleep__bipolar	bipolar
rs11633450	0.009546591293364	0.00954663835051173	19	0.420975071932114	placo_longsleep__bipolar_chr15_84700520_85700520	longsleep__bipolar	bipolar
rs17599989	0.009546591293364	0.00954663835051173	20	0.430521710282625	placo_longsleep__bipolar_chr15_84700520_85700520	longsleep__bipolar	bipolar
rs11633377	0.00897424702479161	0.00897429126073459	21	0.43949600154336	placo_longsleep__bipolar_chr15_84700520_85700520	longsleep__bipolar	bipolar
rs35758837	0.00897424702479161	0.00897429126073459	22	0.448470292804095	placo_longsleep__bipolar_chr15_84700520_85700520	longsleep__bipolar	bipolar
rs35960805	0.00897424702479161	0.00897429126073459	23	0.457444584064829	placo_longsleep__bipolar_chr15_84700520_85700520	longsleep__bipolar	bipolar
rs11630760	0.00891534136498402	0.00891538531056867	24	0.466359969375398	placo_longsleep__bipolar_chr15_84700520_85700520	longsleep__bipolar	bipolar
rs12912934	0.00891534136498402	0.00891538531056867	25	0.475275354685966	placo_longsleep__bipolar_chr15_84700520_85700520	longsleep__bipolar	bipolar
rs12910012	0.00843698915852756	0.008437030746214	26	0.48371238543218	placo_longsleep__bipolar_chr15_84700520_85700520	longsleep__bipolar	bipolar
rs17600551	0.00843698915852756	0.008437030746214	27	0.492149416178394	placo_longsleep__bipolar_chr15_84700520_85700520	longsleep__bipolar	bipolar
rs34162609	0.00843698915852756	0.008437030746214	28	0.500586446924609	placo_longsleep__bipolar_chr15_84700520_85700520	longsleep__bipolar	bipolar
rs36033486	0.00843698915852756	0.008437030746214	29	0.509023477670823	placo_longsleep__bipolar_chr15_84700520_85700520	longsleep__bipolar	bipolar
rs62019469	0.00843698915852756	0.008437030746214	30	0.517460508417037	placo_longsleep__bipolar_chr15_84700520_85700520	longsleep__bipolar	bipolar
rs11633075	0.00838706829424674	0.00838710963586278	31	0.525847618052899	placo_longsleep__bipolar_chr15_84700520_85700520	longsleep__bipolar	bipolar
rs12905223	0.00838706829424674	0.00838710963586278	32	0.534234727688762	placo_longsleep__bipolar_chr15_84700520_85700520	longsleep__bipolar	bipolar
rs11633267	0.00797716940571856	0.00797720872685714	33	0.542211936415619	placo_longsleep__bipolar_chr15_84700520_85700520	longsleep__bipolar	bipolar
rs17601029	0.00797716940571856	0.00797720872685714	34	0.550189145142476	placo_longsleep__bipolar_chr15_84700520_85700520	longsleep__bipolar	bipolar
rs12908161	0.00793465070279465	0.00793468981434965	35	0.558123834956826	placo_longsleep__bipolar_chr15_84700520_85700520	longsleep__bipolar	bipolar
rs12915832	0.00793465070279465	0.00793468981434965	36	0.566058524771176	placo_longsleep__bipolar_chr15_84700520_85700520	longsleep__bipolar	bipolar
rs36126054	0.00793465070279465	0.00793468981434965	37	0.573993214585525	placo_longsleep__bipolar_chr15_84700520_85700520	longsleep__bipolar	bipolar
rs11637142	0.00750091541210697	0.00750095238568989	38	0.581494166971215	placo_longsleep__bipolar_chr15_84700520_85700520	longsleep__bipolar	bipolar
rs12899981	0.00750091541210697	0.00750095238568989	39	0.588995119356905	placo_longsleep__bipolar_chr15_84700520_85700520	longsleep__bipolar	bipolar
rs62021226	0.00750091541210697	0.00750095238568989	40	0.596496071742595	placo_longsleep__bipolar_chr15_84700520_85700520	longsleep__bipolar	bipolar
rs12902143	0.00746576672841785	0.00746580352874554	41	0.603961875271341	placo_longsleep__bipolar_chr15_84700520_85700520	longsleep__bipolar	bipolar
rs2879976	0.00746576672841785	0.00746580352874554	42	0.611427678800086	placo_longsleep__bipolar_chr15_84700520_85700520	longsleep__bipolar	bipolar
rs60957376	0.00705374148762518	0.00705377625699418	43	0.61848145505708	placo_longsleep__bipolar_chr15_84700520_85700520	longsleep__bipolar	bipolar
rs10795	0.00702522128597844	0.00702525591476538	44	0.625506710971846	placo_longsleep__bipolar_chr15_84700520_85700520	longsleep__bipolar	bipolar
rs11638630	0.00702522128597844	0.00702525591476538	45	0.632531966886611	placo_longsleep__bipolar_chr15_84700520_85700520	longsleep__bipolar	bipolar
rs34395289	0.00702522128597844	0.00702525591476538	46	0.639557222801377	placo_longsleep__bipolar_chr15_84700520_85700520	longsleep__bipolar	bipolar
rs35478610	0.00702522128597844	0.00702525591476538	47	0.646582478716142	placo_longsleep__bipolar_chr15_84700520_85700520	longsleep__bipolar	bipolar
rs67804993	0.00702522128597844	0.00702525591476538	48	0.653607734630907	placo_longsleep__bipolar_chr15_84700520_85700520	longsleep__bipolar	bipolar
rs11634322	0.00664784301198363	0.00664787578059403	49	0.660255610411501	placo_longsleep__bipolar_chr15_84700520_85700520	longsleep__bipolar	bipolar
rs34117475	0.00664784301198363	0.00664787578059403	50	0.666903486192095	placo_longsleep__bipolar_chr15_84700520_85700520	longsleep__bipolar	bipolar
rs62019457	0.00664784301198363	0.00664787578059403	51	0.67355136197269	placo_longsleep__bipolar_chr15_84700520_85700520	longsleep__bipolar	bipolar
rs58416181	0.00627433193092719	0.00627436285842325	52	0.679825724831113	placo_longsleep__bipolar_chr15_84700520_85700520	longsleep__bipolar	bipolar
rs11630507	0.0062566349509498	0.00625666579121374	53	0.686082390622326	placo_longsleep__bipolar_chr15_84700520_85700520	longsleep__bipolar	bipolar
rs17598114	0.0062566349509498	0.00625666579121374	54	0.69233905641354	placo_longsleep__bipolar_chr15_84700520_85700520	longsleep__bipolar	bipolar
rs2036949	0.0062566349509498	0.00625666579121374	55	0.698595722204754	placo_longsleep__bipolar_chr15_84700520_85700520	longsleep__bipolar	bipolar
rs35557864	0.0062566349509498	0.00625666579121374	56	0.704852387995968	placo_longsleep__bipolar_chr15_84700520_85700520	longsleep__bipolar	bipolar
rs4603535	0.0062566349509498	0.00625666579121374	57	0.711109053787181	placo_longsleep__bipolar_chr15_84700520_85700520	longsleep__bipolar	bipolar
rs12916867	0.00590185680668044	0.00590188589816861	58	0.71701093968535	placo_longsleep__bipolar_chr15_84700520_85700520	longsleep__bipolar	bipolar
rs17532346	0.00588897761067732	0.00588900663868124	59	0.722899946324031	placo_longsleep__bipolar_chr15_84700520_85700520	longsleep__bipolar	bipolar
rs11635597	0.00557396012458858	0.00557398759980534	60	0.728473933923837	placo_longsleep__bipolar_chr15_84700520_85700520	longsleep__bipolar	bipolar
rs220333	0.00557396012458858	0.00557398759980534	61	0.734047921523642	placo_longsleep__bipolar_chr15_84700520_85700520	longsleep__bipolar	bipolar
rs34921234	0.00557396012458858	0.00557398759980534	62	0.739621909123447	placo_longsleep__bipolar_chr15_84700520_85700520	longsleep__bipolar	bipolar
rs11630487	0.00524731917683716	0.00524734504197228	63	0.74486925416542	placo_longsleep__bipolar_chr15_84700520_85700520	longsleep__bipolar	bipolar
rs35316992	0.0049419140606048	0.00494193842033414	64	0.749811192585754	placo_longsleep__bipolar_chr15_84700520_85700520	longsleep__bipolar	bipolar
rs11633762	0.00494026411007497	0.00494028846167136	65	0.754751481047425	placo_longsleep__bipolar_chr15_84700520_85700520	longsleep__bipolar	bipolar
rs34342559	0.00494026411007497	0.00494028846167136	66	0.759691769509097	placo_longsleep__bipolar_chr15_84700520_85700520	longsleep__bipolar	bipolar
rs62019472	0.00494026411007497	0.00494028846167136	67	0.764632057970768	placo_longsleep__bipolar_chr15_84700520_85700520	longsleep__bipolar	bipolar
rs11636189	0.00467710827990939	0.00467713133435558	68	0.769309189305123	placo_longsleep__bipolar_chr15_84700520_85700520	longsleep__bipolar	bipolar
rs3748376	0.00467710827990939	0.00467713133435558	69	0.773986320639479	placo_longsleep__bipolar_chr15_84700520_85700520	longsleep__bipolar	bipolar
rs35516100	0.00440417650768656	0.0044041982167949	70	0.778390518856274	placo_longsleep__bipolar_chr15_84700520_85700520	longsleep__bipolar	bipolar
rs62021197	0.00440417650768656	0.0044041982167949	71	0.782794717073069	placo_longsleep__bipolar_chr15_84700520_85700520	longsleep__bipolar	bipolar
rs62021198	0.00440417650768656	0.0044041982167949	72	0.787198915289864	placo_longsleep__bipolar_chr15_84700520_85700520	longsleep__bipolar	bipolar
rs62021208	0.00440417650768656	0.0044041982167949	73	0.791603113506659	placo_longsleep__bipolar_chr15_84700520_85700520	longsleep__bipolar	bipolar
rs12906348	0.0041475449835298	0.00414756542764761	74	0.795750678934306	placo_longsleep__bipolar_chr15_84700520_85700520	longsleep__bipolar	bipolar
rs34028043	0.00414132593014948	0.00414134634361227	75	0.799892025277919	placo_longsleep__bipolar_chr15_84700520_85700520	longsleep__bipolar	bipolar
rs4643294	0.00414132593014948	0.00414134634361227	76	0.804033371621531	placo_longsleep__bipolar_chr15_84700520_85700520	longsleep__bipolar	bipolar
rs11635505	0.00392755033976139	0.00392756969947953	77	0.80796094132101	placo_longsleep__bipolar_chr15_84700520_85700520	longsleep__bipolar	bipolar
rs11638290	0.003919426600866	0.00391944592054052	78	0.811880387241551	placo_longsleep__bipolar_chr15_84700520_85700520	longsleep__bipolar	bipolar
rs12902672	0.00369932786609246	0.00369934610085423	79	0.815579733342405	placo_longsleep__bipolar_chr15_84700520_85700520	longsleep__bipolar	bipolar
rs35524990	0.00368936912772594	0.003689387313399	80	0.819269120655804	placo_longsleep__bipolar_chr15_84700520_85700520	longsleep__bipolar	bipolar
rs11638394	0.00348468094919391	0.00348469812591607	81	0.82275381878172	placo_longsleep__bipolar_chr15_84700520_85700520	longsleep__bipolar	bipolar
rs35297609	0.00348468094919391	0.00348469812591607	82	0.826238516907636	placo_longsleep__bipolar_chr15_84700520_85700520	longsleep__bipolar	bipolar
rs35658069	0.00348468094919391	0.00348469812591607	83	0.829723215033553	placo_longsleep__bipolar_chr15_84700520_85700520	longsleep__bipolar	bipolar
rs62026530	0.00348468094919391	0.00348469812591607	84	0.833207913159469	placo_longsleep__bipolar_chr15_84700520_85700520	longsleep__bipolar	bipolar
rs62026536	0.00348468094919391	0.00348469812591607	85	0.836692611285385	placo_longsleep__bipolar_chr15_84700520_85700520	longsleep__bipolar	bipolar
rs34900908	0.00347313486747176	0.00347315198728087	86	0.840165763272666	placo_longsleep__bipolar_chr15_84700520_85700520	longsleep__bipolar	bipolar
rs62021219	0.00347313486747176	0.00347315198728087	87	0.843638915259946	placo_longsleep__bipolar_chr15_84700520_85700520	longsleep__bipolar	bipolar
rs150965	0.0033006324830806	0.00330064875258933	88	0.846939564012536	placo_longsleep__bipolar_chr15_84700520_85700520	longsleep__bipolar	bipolar
rs12905057	0.00328783841378665	0.00328785462023073	89	0.850227418632766	placo_longsleep__bipolar_chr15_84700520_85700520	longsleep__bipolar	bipolar
rs12911736	0.00328783841378665	0.00328785462023073	90	0.853515273252997	placo_longsleep__bipolar_chr15_84700520_85700520	longsleep__bipolar	bipolar
rs11638297	0.00310965429264154	0.00310966962077877	91	0.856624942873776	placo_longsleep__bipolar_chr15_84700520_85700520	longsleep__bipolar	bipolar
rs12915390	0.00310965429264154	0.00310966962077877	92	0.859734612494555	placo_longsleep__bipolar_chr15_84700520_85700520	longsleep__bipolar	bipolar
rs1911155	0.00310965429264154	0.00310966962077877	93	0.862844282115333	placo_longsleep__bipolar_chr15_84700520_85700520	longsleep__bipolar	bipolar
rs79318564	0.00310965429264154	0.00310966962077877	94	0.865953951736112	placo_longsleep__bipolar_chr15_84700520_85700520	longsleep__bipolar	bipolar
rs12908699	0.003095681959878	0.00309569721914268	95	0.869049648955255	placo_longsleep__bipolar_chr15_84700520_85700520	longsleep__bipolar	bipolar
rs34784022	0.003095681959878	0.00309569721914268	96	0.872145346174398	placo_longsleep__bipolar_chr15_84700520_85700520	longsleep__bipolar	bipolar
rs11638445	0.0029443275803176	0.00294434209352485	97	0.875089688267922	placo_longsleep__bipolar_chr15_84700520_85700520	longsleep__bipolar	bipolar
rs66486766	0.0029443275803176	0.00294434209352485	98	0.878034030361447	placo_longsleep__bipolar_chr15_84700520_85700520	longsleep__bipolar	bipolar
rs12902070	0.00292999055508664	0.00293000499762368	99	0.880964035359071	placo_longsleep__bipolar_chr15_84700520_85700520	longsleep__bipolar	bipolar
rs12910334	0.00292999055508664	0.00293000499762368	100	0.883894040356695	placo_longsleep__bipolar_chr15_84700520_85700520	longsleep__bipolar	bipolar
rs12911210	0.00292999055508664	0.00293000499762368	101	0.886824045354318	placo_longsleep__bipolar_chr15_84700520_85700520	longsleep__bipolar	bipolar
rs12916348	0.00292999055508664	0.00293000499762368	102	0.889754050351942	placo_longsleep__bipolar_chr15_84700520_85700520	longsleep__bipolar	bipolar
rs35808647	0.00292999055508664	0.00293000499762368	103	0.892684055349566	placo_longsleep__bipolar_chr15_84700520_85700520	longsleep__bipolar	bipolar
rs12916712	0.00277590089800994	0.00277591458100679	104	0.895459969930572	placo_longsleep__bipolar_chr15_84700520_85700520	longsleep__bipolar	bipolar
rs66801143	0.00277590089800994	0.00277591458100679	105	0.898235884511579	placo_longsleep__bipolar_chr15_84700520_85700520	longsleep__bipolar	bipolar
rs11636499	0.00276017626625913	0.00276018987174598	106	0.900996074383325	placo_longsleep__bipolar_chr15_84700520_85700520	longsleep__bipolar	bipolar
rs71395431	0.00263180147850988	0.00263181445121052	107	0.903627888834536	placo_longsleep__bipolar_chr15_84700520_85700520	longsleep__bipolar	bipolar
rs17300048	0.00261597072803844	0.002615983622706	108	0.906243872457242	placo_longsleep__bipolar_chr15_84700520_85700520	longsleep__bipolar	bipolar
rs2271431	0.00261597072803844	0.002615983622706	109	0.908859856079948	placo_longsleep__bipolar_chr15_84700520_85700520	longsleep__bipolar	bipolar
rs12905475	0.00248188789477733	0.00248190012852253	110	0.91134175620847	placo_longsleep__bipolar_chr15_84700520_85700520	longsleep__bipolar	bipolar
rs1818950	0.00233637434812699	0.00233638586460544	111	0.913678142073076	placo_longsleep__bipolar_chr15_84700520_85700520	longsleep__bipolar	bipolar
rs35159785	0.0022195372457838	0.0022195481863477	112	0.915897690259423	placo_longsleep__bipolar_chr15_84700520_85700520	longsleep__bipolar	bipolar
rs11637533	0.00220234543733516	0.00220235629315703	113	0.91810004655258	placo_longsleep__bipolar_chr15_84700520_85700520	longsleep__bipolar	bipolar
rs2135551	0.00220234543733516	0.00220235629315703	114	0.920302402845737	placo_longsleep__bipolar_chr15_84700520_85700520	longsleep__bipolar	bipolar
rs35181082	0.00220234543733516	0.00220235629315703	115	0.922504759138894	placo_longsleep__bipolar_chr15_84700520_85700520	longsleep__bipolar	bipolar
rs62029597	0.00220234543733516	0.00220235629315703	116	0.924707115432051	placo_longsleep__bipolar_chr15_84700520_85700520	longsleep__bipolar	bipolar
rs950169	0.00220234543733516	0.00220235629315703	117	0.926909471725208	placo_longsleep__bipolar_chr15_84700520_85700520	longsleep__bipolar	bipolar
rs8037078	0.00218455328758825	0.00218456405570889	118	0.929094035780917	placo_longsleep__bipolar_chr15_84700520_85700520	longsleep__bipolar	bipolar
rs12915589	0.00207619284614914	0.00207620308013848	119	0.931170238861056	placo_longsleep__bipolar_chr15_84700520_85700520	longsleep__bipolar	bipolar
rs4081123	0.00207619284614914	0.00207620308013848	120	0.933246441941194	placo_longsleep__bipolar_chr15_84700520_85700520	longsleep__bipolar	bipolar
rs72750843	0.00198555894100686	0.0019855687282427	121	0.935232010669437	placo_longsleep__bipolar_chr15_84700520_85700520	longsleep__bipolar	bipolar
rs12915234	0.00196794470260806	0.00196795440301963	122	0.937199965072457	placo_longsleep__bipolar_chr15_84700520_85700520	longsleep__bipolar	bipolar
rs12903820	0.00185553902535788	0.00185554817169832	123	0.939055513244155	placo_longsleep__bipolar_chr15_84700520_85700520	longsleep__bipolar	bipolar
rs34751999	0.00185553902535788	0.00185554817169832	124	0.940911061415853	placo_longsleep__bipolar_chr15_84700520_85700520	longsleep__bipolar	bipolar
rs35648189	0.00185553902535788	0.00185554817169832	125	0.942766609587551	placo_longsleep__bipolar_chr15_84700520_85700520	longsleep__bipolar	bipolar
rs35986397	0.00185553902535788	0.00185554817169832	126	0.94462215775925	placo_longsleep__bipolar_chr15_84700520_85700520	longsleep__bipolar	bipolar
rs62029599	0.00185553902535788	0.00185554817169832	127	0.946477705930948	placo_longsleep__bipolar_chr15_84700520_85700520	longsleep__bipolar	bipolar
rs4494498	0.00185292613948952	0.0018529352729505	128	0.948330641203899	placo_longsleep__bipolar_chr15_84700520_85700520	longsleep__bipolar	bipolar
rs62029593	0.00174971200840017	0.00174972063309709	129	0.950080361836996	placo_longsleep__bipolar_chr15_84700520_85700520	longsleep__bipolar	bipolar
rs4790841	0.411200162320123	0.416324413486306	1	0.416324413486306	placo_longsleep__bipolar_chr17_1335482_2335482	longsleep__bipolar	bipolar
rs12602230	0.148004325540959	0.149848710361905	2	0.566173123848211	placo_longsleep__bipolar_chr17_1335482_2335482	longsleep__bipolar	bipolar
rs77483079	0.142634097171552	0.144411559842396	3	0.710584683690607	placo_longsleep__bipolar_chr17_1335482_2335482	longsleep__bipolar	bipolar
rs4516268	0.0302395467414356	0.0306163827615878	4	0.741201066452194	placo_longsleep__bipolar_chr17_1335482_2335482	longsleep__bipolar	bipolar
rs4790849	0.0292826258864781	0.0296475370504257	5	0.77084860350262	placo_longsleep__bipolar_chr17_1335482_2335482	longsleep__bipolar	bipolar
rs7502091	0.0228178885902243	0.0231022381672249	6	0.793950841669845	placo_longsleep__bipolar_chr17_1335482_2335482	longsleep__bipolar	bipolar
rs4790295	0.0218529247914402	0.0221252492835203	7	0.816076090953365	placo_longsleep__bipolar_chr17_1335482_2335482	longsleep__bipolar	bipolar
rs8070287	0.0218529247914402	0.0221252492835203	8	0.838201340236885	placo_longsleep__bipolar_chr17_1335482_2335482	longsleep__bipolar	bipolar
rs77081114	0.0215069834488113	0.0217749969252575	9	0.859976337162143	placo_longsleep__bipolar_chr17_1335482_2335482	longsleep__bipolar	bipolar
rs4525524	0.0212002112014247	0.0214644017755706	10	0.881440738937713	placo_longsleep__bipolar_chr17_1335482_2335482	longsleep__bipolar	bipolar
rs4790294	0.0173548604447766	0.0175711314291345	11	0.899011870366848	placo_longsleep__bipolar_chr17_1335482_2335482	longsleep__bipolar	bipolar
rs4790292	0.0169882871041442	0.0171999899631938	12	0.916211860330042	placo_longsleep__bipolar_chr17_1335482_2335482	longsleep__bipolar	bipolar
rs4239060	0.016705649558238	0.0169138302742855	13	0.933125690604327	placo_longsleep__bipolar_chr17_1335482_2335482	longsleep__bipolar	bipolar
rs3923783	0.0142317532596777	0.0144091050336319	14	0.947534795637959	placo_longsleep__bipolar_chr17_1335482_2335482	longsleep__bipolar	bipolar
rs7222846	0.004819808316694	0.00487987129976347	15	0.952414666937723	placo_longsleep__bipolar_chr17_1335482_2335482	longsleep__bipolar	bipolar
rs2514218	0.142240461949072	0.142240462598851	1	0.142240462598851	placo_longsleep__scz_chr11_112877488_113877488	longsleep__scz	scz
rs6589379	0.0904451146313513	0.0904451150445202	2	0.232685577643371	placo_longsleep__scz_chr11_112877488_113877488	longsleep__scz	scz
rs7934649	0.0834604249338164	0.083460425315078	3	0.316146002958449	placo_longsleep__scz_chr11_112877488_113877488	longsleep__scz	scz
rs4938023	0.0763411718922573	0.0763411722409969	4	0.392487175199446	placo_longsleep__scz_chr11_112877488_113877488	longsleep__scz	scz
rs61902811	0.0705131552578363	0.0705131555799526	5	0.463000330779398	placo_longsleep__scz_chr11_112877488_113877488	longsleep__scz	scz
rs7111031	0.0704634890434545	0.0704634893653439	6	0.533463820144742	placo_longsleep__scz_chr11_112877488_113877488	longsleep__scz	scz
rs10736470	0.0529454243128751	0.052945424554739	7	0.586409244699481	placo_longsleep__scz_chr11_112877488_113877488	longsleep__scz	scz
rs4938021	0.0375670406323888	0.0375670408040015	8	0.623976285503483	placo_longsleep__scz_chr11_112877488_113877488	longsleep__scz	scz
rs17602038	0.0374315953986733	0.0374315955696673	9	0.66140788107315	placo_longsleep__scz_chr11_112877488_113877488	longsleep__scz	scz
rs4245150	0.031741186356577	0.0317411865015762	10	0.693149067574726	placo_longsleep__scz_chr11_112877488_113877488	longsleep__scz	scz
rs4936275	0.031741186356577	0.0317411865015762	11	0.724890254076302	placo_longsleep__scz_chr11_112877488_113877488	longsleep__scz	scz
rs10750025	0.0299877265209377	0.0299877266579269	12	0.754877980734229	placo_longsleep__scz_chr11_112877488_113877488	longsleep__scz	scz
rs6589377	0.0293115942105347	0.0293115943444351	13	0.784189575078664	placo_longsleep__scz_chr11_112877488_113877488	longsleep__scz	scz
rs7121986	0.0293115942105347	0.0293115943444351	14	0.8135011694231	placo_longsleep__scz_chr11_112877488_113877488	longsleep__scz	scz
rs7929453	0.0293115942105347	0.0293115943444351	15	0.842812763767535	placo_longsleep__scz_chr11_112877488_113877488	longsleep__scz	scz
rs61902787	0.0292133752833296	0.0292133754167814	16	0.872026139184316	placo_longsleep__scz_chr11_112877488_113877488	longsleep__scz	scz
rs11601054	0.024841337561809	0.0248413376752885	17	0.896867476859604	placo_longsleep__scz_chr11_112877488_113877488	longsleep__scz	scz
rs7948028	0.0228229671846659	0.0228229672889252	18	0.91969044414853	placo_longsleep__scz_chr11_112877488_113877488	longsleep__scz	scz
rs61902807	0.0194204321867092	0.0194204322754251	19	0.939110876423955	placo_longsleep__scz_chr11_112877488_113877488	longsleep__scz	scz
rs7110440	0.0194204321867092	0.0194204322754251	20	0.95853130869938	placo_longsleep__scz_chr11_112877488_113877488	longsleep__scz	scz
rs11638554	0.146241102082966	0.14624134844981	1	0.14624134844981	placo_longsleep__scz_chr15_84700520_85700520	longsleep__scz	scz
rs71395455	0.0951553006034049	0.0951554609079346	2	0.241396809357745	placo_longsleep__scz_chr15_84700520_85700520	longsleep__scz	scz
rs12913702	0.0768636445840941	0.0768637740733639	3	0.318260583431109	placo_longsleep__scz_chr15_84700520_85700520	longsleep__scz	scz
rs748455	0.0714405279568995	0.0714406483100501	4	0.389701231741159	placo_longsleep__scz_chr15_84700520_85700520	longsleep__scz	scz
rs12908161	0.0704649638512917	0.0704650825609465	5	0.460166314302105	placo_longsleep__scz_chr15_84700520_85700520	longsleep__scz	scz
rs35630683	0.0329393527337146	0.0329394082253942	6	0.493105722527499	placo_longsleep__scz_chr15_84700520_85700520	longsleep__scz	scz
rs56864281	0.024454769964919	0.0244548111629434	7	0.517560533690443	placo_longsleep__scz_chr15_84700520_85700520	longsleep__scz	scz
rs1051168	0.0186808752330181	0.0186809067039809	8	0.536241440394424	placo_longsleep__scz_chr15_84700520_85700520	longsleep__scz	scz
rs12904605	0.0174415816105722	0.0174416109937439	9	0.553683051388168	placo_longsleep__scz_chr15_84700520_85700520	longsleep__scz	scz
rs11638290	0.0128301883229879	0.0128302099375201	10	0.566513261325688	placo_longsleep__scz_chr15_84700520_85700520	longsleep__scz	scz
rs34028043	0.011976701479076	0.0119767216557712	11	0.578489982981459	placo_longsleep__scz_chr15_84700520_85700520	longsleep__scz	scz
rs4643294	0.0112512088317681	0.0112512277862533	12	0.589741210767712	placo_longsleep__scz_chr15_84700520_85700520	longsleep__scz	scz
rs11636499	0.0105048854026879	0.0105049030998703	13	0.600246113867582	placo_longsleep__scz_chr15_84700520_85700520	longsleep__scz	scz
rs34900908	0.0105048854026879	0.0105049030998703	14	0.610751016967453	placo_longsleep__scz_chr15_84700520_85700520	longsleep__scz	scz
rs12908699	0.00980910847777484	0.00980912500280825	15	0.620560141970261	placo_longsleep__scz_chr15_84700520_85700520	longsleep__scz	scz
rs34784022	0.00980910847777484	0.00980912500280825	16	0.630369266973069	placo_longsleep__scz_chr15_84700520_85700520	longsleep__scz	scz
rs35316992	0.00980910847777484	0.00980912500280825	17	0.640178391975878	placo_longsleep__scz_chr15_84700520_85700520	longsleep__scz	scz
rs35524990	0.00980910847777484	0.00980912500280825	18	0.649987516978686	placo_longsleep__scz_chr15_84700520_85700520	longsleep__scz	scz
rs12911736	0.00921750486454137	0.00921752039292258	19	0.659205037371608	placo_longsleep__scz_chr15_84700520_85700520	longsleep__scz	scz
rs12905057	0.00860874045626399	0.00860875495908286	20	0.667813792330691	placo_longsleep__scz_chr15_84700520_85700520	longsleep__scz	scz
rs62021219	0.00860874045626399	0.00860875495908286	21	0.676422547289774	placo_longsleep__scz_chr15_84700520_85700520	longsleep__scz	scz
rs12916867	0.0071716617881123	0.00717167386993919	22	0.683594221159713	placo_longsleep__scz_chr15_84700520_85700520	longsleep__scz	scz
rs62021226	0.0071716617881123	0.00717167386993919	23	0.690765895029653	placo_longsleep__scz_chr15_84700520_85700520	longsleep__scz	scz
rs12914433	0.00663841229580091	0.00663842347928259	24	0.697404318508935	placo_longsleep__scz_chr15_84700520_85700520	longsleep__scz	scz
rs60957376	0.00629067919120502	0.00629068978887391	25	0.703695008297809	placo_longsleep__scz_chr15_84700520_85700520	longsleep__scz	scz
rs11634322	0.00620315803361348	0.00620316848383879	26	0.709898176781648	placo_longsleep__scz_chr15_84700520_85700520	longsleep__scz	scz
rs17598114	0.00579705828687726	0.00579706805296171	27	0.71569524483461	placo_longsleep__scz_chr15_84700520_85700520	longsleep__scz	scz
rs10795	0.00545149713233564	0.00545150631626631	28	0.721146751150876	placo_longsleep__scz_chr15_84700520_85700520	longsleep__scz	scz
rs17532346	0.00545149713233564	0.00545150631626631	29	0.726598257467142	placo_longsleep__scz_chr15_84700520_85700520	longsleep__scz	scz
rs35960805	0.00545149713233564	0.00545150631626631	30	0.732049763783409	placo_longsleep__scz_chr15_84700520_85700520	longsleep__scz	scz
rs4603535	0.00545149713233564	0.00545150631626631	31	0.737501270099675	placo_longsleep__scz_chr15_84700520_85700520	longsleep__scz	scz
rs11633377	0.00476352166425983	0.0047635296891843	32	0.742264799788859	placo_longsleep__scz_chr15_84700520_85700520	longsleep__scz	scz
rs11633413	0.00476352166425983	0.0047635296891843	33	0.747028329478044	placo_longsleep__scz_chr15_84700520_85700520	longsleep__scz	scz
rs11633762	0.00476352166425983	0.0047635296891843	34	0.751791859167228	placo_longsleep__scz_chr15_84700520_85700520	longsleep__scz	scz
rs36126054	0.00476352166425983	0.0047635296891843	35	0.756555388856412	placo_longsleep__scz_chr15_84700520_85700520	longsleep__scz	scz
rs3748376	0.00476352166425983	0.0047635296891843	36	0.761318918545596	placo_longsleep__scz_chr15_84700520_85700520	longsleep__scz	scz
rs58416181	0.00476352166425983	0.0047635296891843	37	0.76608244823478	placo_longsleep__scz_chr15_84700520_85700520	longsleep__scz	scz
rs2036949	0.00448083089990271	0.00448083844858876	38	0.770563286683369	placo_longsleep__scz_chr15_84700520_85700520	longsleep__scz	scz
rs34342559	0.00448083089990271	0.00448083844858876	39	0.775044125131958	placo_longsleep__scz_chr15_84700520_85700520	longsleep__scz	scz
rs62019472	0.00448083089990271	0.00448083844858876	40	0.779524963580547	placo_longsleep__scz_chr15_84700520_85700520	longsleep__scz	scz
rs12906348	0.00418963482885315	0.00418964188697221	41	0.783714605467519	placo_longsleep__scz_chr15_84700520_85700520	longsleep__scz	scz
rs35726233	0.00418963482885315	0.00418964188697221	42	0.787904247354491	placo_longsleep__scz_chr15_84700520_85700520	longsleep__scz	scz
rs11633267	0.0039417301980811	0.00394173683856461	43	0.791845984193056	placo_longsleep__scz_chr15_84700520_85700520	longsleep__scz	scz
rs11637142	0.0039417301980811	0.00394173683856461	44	0.79578772103162	placo_longsleep__scz_chr15_84700520_85700520	longsleep__scz	scz
rs12899981	0.0039417301980811	0.00394173683856461	45	0.799729457870185	placo_longsleep__scz_chr15_84700520_85700520	longsleep__scz	scz
rs36033486	0.0039417301980811	0.00394173683856461	46	0.80367119470875	placo_longsleep__scz_chr15_84700520_85700520	longsleep__scz	scz
rs11636189	0.00368631872886042	0.00368632493906191	47	0.807357519647811	placo_longsleep__scz_chr15_84700520_85700520	longsleep__scz	scz
rs12910012	0.00368631872886042	0.00368632493906191	48	0.811043844586873	placo_longsleep__scz_chr15_84700520_85700520	longsleep__scz	scz
rs17600551	0.00368631872886042	0.00368632493906191	49	0.814730169525935	placo_longsleep__scz_chr15_84700520_85700520	longsleep__scz	scz
rs62021198	0.00368631872886042	0.00368632493906191	50	0.818416494464997	placo_longsleep__scz_chr15_84700520_85700520	longsleep__scz	scz
rs11634320	0.00344782474426146	0.00344783055268118	51	0.821864325017678	placo_longsleep__scz_chr15_84700520_85700520	longsleep__scz	scz
rs11635597	0.00344782474426146	0.00344783055268118	52	0.82531215557036	placo_longsleep__scz_chr15_84700520_85700520	longsleep__scz	scz
rs17599989	0.00344782474426146	0.00344783055268118	53	0.828759986123041	placo_longsleep__scz_chr15_84700520_85700520	longsleep__scz	scz
rs34162609	0.00344782474426146	0.00344783055268118	54	0.832207816675722	placo_longsleep__scz_chr15_84700520_85700520	longsleep__scz	scz
rs35516100	0.00344782474426146	0.00344783055268118	55	0.835655647228403	placo_longsleep__scz_chr15_84700520_85700520	longsleep__scz	scz
rs35557864	0.00344782474426146	0.00344783055268118	56	0.839103477781084	placo_longsleep__scz_chr15_84700520_85700520	longsleep__scz	scz
rs35808647	0.00344782474426146	0.00344783055268118	57	0.842551308333765	placo_longsleep__scz_chr15_84700520_85700520	longsleep__scz	scz
rs62021197	0.00344782474426146	0.00344783055268118	58	0.845999138886447	placo_longsleep__scz_chr15_84700520_85700520	longsleep__scz	scz
rs11638445	0.00342305393865721	0.00342305970534648	59	0.849422198591793	placo_longsleep__scz_chr15_84700520_85700520	longsleep__scz	scz
rs11630487	0.00324472863447368	0.00324473410074508	60	0.852666932692538	placo_longsleep__scz_chr15_84700520_85700520	longsleep__scz	scz
rs35758837	0.00324472863447368	0.00324473410074508	61	0.855911666793283	placo_longsleep__scz_chr15_84700520_85700520	longsleep__scz	scz
rs62019469	0.00324472863447368	0.00324473410074508	62	0.859156400894028	placo_longsleep__scz_chr15_84700520_85700520	longsleep__scz	scz
rs62021208	0.00324472863447368	0.00324473410074508	63	0.862401134994774	placo_longsleep__scz_chr15_84700520_85700520	longsleep__scz	scz
rs11633450	0.00303542239483515	0.00303542750849625	64	0.86543656250327	placo_longsleep__scz_chr15_84700520_85700520	longsleep__scz	scz
rs62019463	0.00303542239483515	0.00303542750849625	65	0.868471990011766	placo_longsleep__scz_chr15_84700520_85700520	longsleep__scz	scz
rs8025070	0.00284583188536136	0.00284583667962652	66	0.871317826691393	placo_longsleep__scz_chr15_84700520_85700520	longsleep__scz	scz
rs4586394	0.00267637869840865	0.00267638320720244	67	0.873994209898595	placo_longsleep__scz_chr15_84700520_85700520	longsleep__scz	scz
rs4842937	0.00267637869840865	0.00267638320720244	68	0.876670593105798	placo_longsleep__scz_chr15_84700520_85700520	longsleep__scz	scz
rs11637026	0.00247420319545343	0.00247420736364981	69	0.879144800469447	placo_longsleep__scz_chr15_84700520_85700520	longsleep__scz	scz
rs4842939	0.002351843394778	0.00235184735683946	70	0.881496647826287	placo_longsleep__scz_chr15_84700520_85700520	longsleep__scz	scz
rs8037078	0.00219756308001152	0.00219756678216278	71	0.88369421460845	placo_longsleep__scz_chr15_84700520_85700520	longsleep__scz	scz
rs4494498	0.00206760745135281	0.00206761093457274	72	0.885761825543022	placo_longsleep__scz_chr15_84700520_85700520	longsleep__scz	scz
rs4842940	0.00206760745135281	0.00206761093457274	73	0.887829436477595	placo_longsleep__scz_chr15_84700520_85700520	longsleep__scz	scz
rs6603022	0.00206760745135281	0.00206761093457274	74	0.889897047412168	placo_longsleep__scz_chr15_84700520_85700520	longsleep__scz	scz
rs12911223	0.00194553666106635	0.00194553993863825	75	0.891842587350806	placo_longsleep__scz_chr15_84700520_85700520	longsleep__scz	scz
rs11639244	0.00194360464632768	0.00194360792064479	76	0.893786195271451	placo_longsleep__scz_chr15_84700520_85700520	longsleep__scz	scz
rs4842854	0.00194360464632768	0.00194360792064479	77	0.895729803192095	placo_longsleep__scz_chr15_84700520_85700520	longsleep__scz	scz
rs4842946	0.00194360464632768	0.00194360792064479	78	0.89767341111274	placo_longsleep__scz_chr15_84700520_85700520	longsleep__scz	scz
rs2401448	0.00181973125112758	0.00181973431675987	79	0.8994931454295	placo_longsleep__scz_chr15_84700520_85700520	longsleep__scz	scz
rs4842853	0.00181973125112758	0.00181973431675987	80	0.90131287974626	placo_longsleep__scz_chr15_84700520_85700520	longsleep__scz	scz
rs12912342	0.00171550843635376	0.00171551132640583	81	0.903028391072666	placo_longsleep__scz_chr15_84700520_85700520	longsleep__scz	scz
rs34452033	0.00171284045635579	0.00171284334191321	82	0.904741234414579	placo_longsleep__scz_chr15_84700520_85700520	longsleep__scz	scz
rs12910334	0.00170393508806263	0.00170393795861751	83	0.906445172373197	placo_longsleep__scz_chr15_84700520_85700520	longsleep__scz	scz
rs4337266	0.00170393508806263	0.00170393795861751	84	0.908149110331814	placo_longsleep__scz_chr15_84700520_85700520	longsleep__scz	scz
rs950169	0.00170393508806263	0.00170393795861751	85	0.909853048290432	placo_longsleep__scz_chr15_84700520_85700520	longsleep__scz	scz
rs17601029	0.00150907697101443	0.00150907951329923	86	0.911362127803731	placo_longsleep__scz_chr15_84700520_85700520	longsleep__scz	scz
rs11632988	0.00150338272785887	0.0015033852605508	87	0.912865513064282	placo_longsleep__scz_chr15_84700520_85700520	longsleep__scz	scz
rs12911596	0.00150338272785887	0.0015033852605508	88	0.914368898324833	placo_longsleep__scz_chr15_84700520_85700520	longsleep__scz	scz
rs17589320	0.00150338272785887	0.0015033852605508	89	0.915872283585383	placo_longsleep__scz_chr15_84700520_85700520	longsleep__scz	scz
rs62028133	0.00150338272785887	0.0015033852605508	90	0.917375668845934	placo_longsleep__scz_chr15_84700520_85700520	longsleep__scz	scz
rs12916712	0.00141655104897761	0.00141655343538749	91	0.918792222281322	placo_longsleep__scz_chr15_84700520_85700520	longsleep__scz	scz
rs35203246	0.00141655104897761	0.00141655343538749	92	0.920208775716709	placo_longsleep__scz_chr15_84700520_85700520	longsleep__scz	scz
rs12905475	0.00141205887186565	0.00141206125070773	93	0.921620836967417	placo_longsleep__scz_chr15_84700520_85700520	longsleep__scz	scz
rs34591918	0.00132695312286834	0.00132695535833599	94	0.922947792325753	placo_longsleep__scz_chr15_84700520_85700520	longsleep__scz	scz
rs35407501	0.00132695312286834	0.00132695535833599	95	0.924274747684089	placo_longsleep__scz_chr15_84700520_85700520	longsleep__scz	scz
rs4502182	0.00132695312286834	0.00132695535833599	96	0.925601703042425	placo_longsleep__scz_chr15_84700520_85700520	longsleep__scz	scz
rs4842846	0.00132695312286834	0.00132695535833599	97	0.926928658400761	placo_longsleep__scz_chr15_84700520_85700520	longsleep__scz	scz
rs66486766	0.00124831230856457	0.00124831441154902	98	0.92817697281231	placo_longsleep__scz_chr15_84700520_85700520	longsleep__scz	scz
rs12902070	0.00124315554256131	0.00124315763685835	99	0.929420130449168	placo_longsleep__scz_chr15_84700520_85700520	longsleep__scz	scz
rs12911210	0.00124315554256131	0.00124315763685835	100	0.930663288086026	placo_longsleep__scz_chr15_84700520_85700520	longsleep__scz	scz
rs12915390	0.00124315554256131	0.00124315763685835	101	0.931906445722885	placo_longsleep__scz_chr15_84700520_85700520	longsleep__scz	scz
rs2401432	0.00124315554256131	0.00124315763685835	102	0.933149603359743	placo_longsleep__scz_chr15_84700520_85700520	longsleep__scz	scz
rs34544031	0.00124315554256131	0.00124315763685835	103	0.934392760996601	placo_longsleep__scz_chr15_84700520_85700520	longsleep__scz	scz
rs35733428	0.00124315554256131	0.00124315763685835	104	0.93563591863346	placo_longsleep__scz_chr15_84700520_85700520	longsleep__scz	scz
rs3860265	0.00124315554256131	0.00124315763685835	105	0.936879076270318	placo_longsleep__scz_chr15_84700520_85700520	longsleep__scz	scz
rs62028142	0.00124315554256131	0.00124315763685835	106	0.938122233907176	placo_longsleep__scz_chr15_84700520_85700520	longsleep__scz	scz
rs1134020	0.00117168595034698	0.00117168792424191	107	0.939293921831418	placo_longsleep__scz_chr15_84700520_85700520	longsleep__scz	scz
rs12906983	0.00117168595034698	0.00117168792424191	108	0.94046560975566	placo_longsleep__scz_chr15_84700520_85700520	longsleep__scz	scz
rs149987188	0.00117168595034698	0.00117168792424191	109	0.941637297679902	placo_longsleep__scz_chr15_84700520_85700520	longsleep__scz	scz
rs2033284	0.00117168595034698	0.00117168792424191	110	0.942808985604144	placo_longsleep__scz_chr15_84700520_85700520	longsleep__scz	scz
rs2271431	0.00117168595034698	0.00117168792424191	111	0.943980673528386	placo_longsleep__scz_chr15_84700520_85700520	longsleep__scz	scz
rs4842847	0.00117168595034698	0.00117168792424191	112	0.945152361452628	placo_longsleep__scz_chr15_84700520_85700520	longsleep__scz	scz
rs4842852	0.00117168595034698	0.00117168792424191	113	0.94632404937687	placo_longsleep__scz_chr15_84700520_85700520	longsleep__scz	scz
rs62029595	0.00117168595034698	0.00117168792424191	114	0.947495737301112	placo_longsleep__scz_chr15_84700520_85700520	longsleep__scz	scz
rs66801143	0.00117168595034698	0.00117168792424191	115	0.948667425225354	placo_longsleep__scz_chr15_84700520_85700520	longsleep__scz	scz
rs35159785	0.00117044273871775	0.00117044471051828	116	0.949837869935872	placo_longsleep__scz_chr15_84700520_85700520	longsleep__scz	scz
rs71395431	0.00117044273871775	0.00117044471051828	117	0.95100831464639	placo_longsleep__scz_chr15_84700520_85700520	longsleep__scz	scz
rs2532240	0.146011839250178	0.146012471220791	1	0.146012471220791	placo_longsleep__scz_chr17_43325576_45343136	longsleep__scz	scz
rs2696466	0.121042951140838	0.121043475040739	2	0.26705594626153	placo_longsleep__scz_chr17_43325576_45343136	longsleep__scz	scz
rs7225002	0.0436049085574808	0.0436050972888941	3	0.310661043550424	placo_longsleep__scz_chr17_43325576_45343136	longsleep__scz	scz
rs4510068	0.0226218060342808	0.0226219039463179	4	0.333282947496742	placo_longsleep__scz_chr17_43325576_45343136	longsleep__scz	scz
rs62062288	0.00292632562846859	0.00292633829423467	5	0.336209285790977	placo_longsleep__scz_chr17_43325576_45343136	longsleep__scz	scz
rs62073157	0.00219865963828382	0.00219866915455514	6	0.338407954945532	placo_longsleep__scz_chr17_43325576_45343136	longsleep__scz	scz
rs2532363	0.00197633025770851	0.00197633881169051	7	0.340384293757222	placo_longsleep__scz_chr17_43325576_45343136	longsleep__scz	scz
rs62073098	0.00186921614614559	0.0018692242365147	8	0.342253517993737	placo_longsleep__scz_chr17_43325576_45343136	longsleep__scz	scz
rs35076622	0.00171716126822223	0.00171716870046515	9	0.343970686694202	placo_longsleep__scz_chr17_43325576_45343136	longsleep__scz	scz
rs2532329	0.00169883006819447	0.00169883742109602	10	0.345669524115298	placo_longsleep__scz_chr17_43325576_45343136	longsleep__scz	scz
rs55653937	0.00168096268688559	0.00168096996245328	11	0.347350494077751	placo_longsleep__scz_chr17_43325576_45343136	longsleep__scz	scz
rs2668632	0.0015902350922643	0.00159024197514346	12	0.348940736052895	placo_longsleep__scz_chr17_43325576_45343136	longsleep__scz	scz
rs2732705	0.00152213408935456	0.00152214067747795	13	0.350462876730373	placo_longsleep__scz_chr17_43325576_45343136	longsleep__scz	scz
rs2732708	0.00152213408935456	0.00152214067747795	14	0.351985017407851	placo_longsleep__scz_chr17_43325576_45343136	longsleep__scz	scz
rs2732706	0.00129814768589927	0.00129815330456137	15	0.353283170712412	placo_longsleep__scz_chr17_43325576_45343136	longsleep__scz	scz
rs62055935	0.00126393011928751	0.00126393558984864	16	0.354547106302261	placo_longsleep__scz_chr17_43325576_45343136	longsleep__scz	scz
rs35631660	0.0011843992474251	0.00118440437375953	17	0.35573151067602	placo_longsleep__scz_chr17_43325576_45343136	longsleep__scz	scz
rs17665188	0.00116981884905312	0.00116982391228045	18	0.356901334588301	placo_longsleep__scz_chr17_43325576_45343136	longsleep__scz	scz
rs2668692	0.00115336541784415	0.0011533704098575	19	0.358054704998158	placo_longsleep__scz_chr17_43325576_45343136	longsleep__scz	scz
rs17426195	0.00111980594014417	0.00111981078690488	20	0.359174515785063	placo_longsleep__scz_chr17_43325576_45343136	longsleep__scz	scz
rs17689378	0.00110271011975389	0.00110271489252022	21	0.360277230677584	placo_longsleep__scz_chr17_43325576_45343136	longsleep__scz	scz
rs2668694	0.0010917232596548	0.00109172798486764	22	0.361368958662451	placo_longsleep__scz_chr17_43325576_45343136	longsleep__scz	scz
rs753236	0.00105882567287904	0.00105883025570406	23	0.362427788918155	placo_longsleep__scz_chr17_43325576_45343136	longsleep__scz	scz
rs12373168	0.00104208927918351	0.00104209378956982	24	0.363469882707725	placo_longsleep__scz_chr17_43325576_45343136	longsleep__scz	scz
rs62057101	0.00104208927918351	0.00104209378956982	25	0.364511976497295	placo_longsleep__scz_chr17_43325576_45343136	longsleep__scz	scz
rs62057103	0.00104208927918351	0.00104209378956982	26	0.365554070286865	placo_longsleep__scz_chr17_43325576_45343136	longsleep__scz	scz
rs80184151	0.00104208927918351	0.00104209378956982	27	0.366596164076435	placo_longsleep__scz_chr17_43325576_45343136	longsleep__scz	scz
rs2668695	0.00103862235349721	0.00103862684887792	28	0.367634790925312	placo_longsleep__scz_chr17_43325576_45343136	longsleep__scz	scz
rs2696610	0.00103862235349721	0.00103862684887792	29	0.36867341777419	placo_longsleep__scz_chr17_43325576_45343136	longsleep__scz	scz
rs2732601	0.00103862235349721	0.00103862684887792	30	0.369712044623068	placo_longsleep__scz_chr17_43325576_45343136	longsleep__scz	scz
rs2732605	0.00103862235349721	0.00103862684887792	31	0.370750671471946	placo_longsleep__scz_chr17_43325576_45343136	longsleep__scz	scz
rs2732606	0.00103862235349721	0.00103862684887792	32	0.371789298320824	placo_longsleep__scz_chr17_43325576_45343136	longsleep__scz	scz
rs62054436	0.00100635005821526	0.00100635441391454	33	0.372795652734739	placo_longsleep__scz_chr17_43325576_45343136	longsleep__scz	scz
rs62054437	0.00100635005821526	0.00100635441391454	34	0.373802007148653	placo_longsleep__scz_chr17_43325576_45343136	longsleep__scz	scz
rs2696524	0.000998799955494572	0.000998804278515385	35	0.374800811427169	placo_longsleep__scz_chr17_43325576_45343136	longsleep__scz	scz
rs2532418	0.000983266544728856	0.000983270800517729	36	0.375784082227686	placo_longsleep__scz_chr17_43325576_45343136	longsleep__scz	scz
rs2668662	0.000983266544728856	0.000983270800517729	37	0.376767353028204	placo_longsleep__scz_chr17_43325576_45343136	longsleep__scz	scz
rs2668665	0.000983266544728856	0.000983270800517729	38	0.377750623828722	placo_longsleep__scz_chr17_43325576_45343136	longsleep__scz	scz
rs2668670	0.000983266544728856	0.000983270800517729	39	0.37873389462924	placo_longsleep__scz_chr17_43325576_45343136	longsleep__scz	scz
rs2696532	0.000961169907735988	0.000961174067885869	40	0.379695068697125	placo_longsleep__scz_chr17_43325576_45343136	longsleep__scz	scz
rs62055932	0.000951703222570189	0.000951707341746223	41	0.380646776038872	placo_longsleep__scz_chr17_43325576_45343136	longsleep__scz	scz
rs75257002	0.000951703222570189	0.000951707341746223	42	0.381598483380618	placo_longsleep__scz_chr17_43325576_45343136	longsleep__scz	scz
rs8073146	0.000951703222570189	0.000951707341746223	43	0.382550190722364	placo_longsleep__scz_chr17_43325576_45343136	longsleep__scz	scz
rs2668622	0.000946131926620016	0.000946136021682284	44	0.383496326744046	placo_longsleep__scz_chr17_43325576_45343136	longsleep__scz	scz
rs62057122	0.000935684701128215	0.000935688750972646	45	0.384432015495019	placo_longsleep__scz_chr17_43325576_45343136	longsleep__scz	scz
rs17664048	0.00093093739165382	0.000930941420950876	46	0.38536295691597	placo_longsleep__scz_chr17_43325576_45343136	longsleep__scz	scz
rs2732629	0.00093093739165382	0.000930941420950876	47	0.386293898336921	placo_longsleep__scz_chr17_43325576_45343136	longsleep__scz	scz
rs2696609	0.000915591743583429	0.000915595706461222	48	0.387209494043382	placo_longsleep__scz_chr17_43325576_45343136	longsleep__scz	scz
rs113871181	0.000900100679730349	0.00090010457555949	49	0.388109598618941	placo_longsleep__scz_chr17_43325576_45343136	longsleep__scz	scz
rs55707339	0.000900100679730349	0.00090010457555949	50	0.389009703194501	placo_longsleep__scz_chr17_43325576_45343136	longsleep__scz	scz
rs55943044	0.000900100679730349	0.00090010457555949	51	0.38990980777006	placo_longsleep__scz_chr17_43325576_45343136	longsleep__scz	scz
rs56319902	0.000900100679730349	0.00090010457555949	52	0.39080991234562	placo_longsleep__scz_chr17_43325576_45343136	longsleep__scz	scz
rs62055933	0.000900100679730349	0.00090010457555949	53	0.391710016921179	placo_longsleep__scz_chr17_43325576_45343136	longsleep__scz	scz
rs1918786	0.000885849130072093	0.000885852964217464	54	0.392595869885397	placo_longsleep__scz_chr17_43325576_45343136	longsleep__scz	scz
rs1918787	0.000885849130072093	0.000885852964217464	55	0.393481722849614	placo_longsleep__scz_chr17_43325576_45343136	longsleep__scz	scz
rs2532229	0.000885849130072093	0.000885852964217464	56	0.394367575813832	placo_longsleep__scz_chr17_43325576_45343136	longsleep__scz	scz
rs17762882	0.000884470157625462	0.000884473985802345	57	0.395252049799634	placo_longsleep__scz_chr17_43325576_45343136	longsleep__scz	scz
rs62057107	0.000884470157625462	0.000884473985802345	58	0.396136523785436	placo_longsleep__scz_chr17_43325576_45343136	longsleep__scz	scz
rs62057108	0.000884470157625462	0.000884473985802345	59	0.397020997771239	placo_longsleep__scz_chr17_43325576_45343136	longsleep__scz	scz
rs62057109	0.000884470157625462	0.000884473985802345	60	0.397905471757041	placo_longsleep__scz_chr17_43325576_45343136	longsleep__scz	scz
rs62057110	0.000884470157625462	0.000884473985802345	61	0.398789945742843	placo_longsleep__scz_chr17_43325576_45343136	longsleep__scz	scz
rs885639	0.000884470157625462	0.000884473985802345	62	0.399674419728646	placo_longsleep__scz_chr17_43325576_45343136	longsleep__scz	scz
rs111370985	0.000855684728959882	0.000855688432547245	63	0.400530108161193	placo_longsleep__scz_chr17_43325576_45343136	longsleep__scz	scz
rs62055876	0.000855684728959882	0.000855688432547245	64	0.40138579659374	placo_longsleep__scz_chr17_43325576_45343136	longsleep__scz	scz
rs62055893	0.000855684728959882	0.000855688432547245	65	0.402241485026287	placo_longsleep__scz_chr17_43325576_45343136	longsleep__scz	scz
rs112137135	0.000840411706925107	0.000840415344407549	66	0.403081900370695	placo_longsleep__scz_chr17_43325576_45343136	longsleep__scz	scz
rs12150390	0.000840411706925107	0.000840415344407549	67	0.403922315715103	placo_longsleep__scz_chr17_43325576_45343136	longsleep__scz	scz
rs1396862	0.000840411706925107	0.000840415344407549	68	0.40476273105951	placo_longsleep__scz_chr17_43325576_45343136	longsleep__scz	scz
rs17762912	0.000840411706925107	0.000840415344407549	69	0.405603146403918	placo_longsleep__scz_chr17_43325576_45343136	longsleep__scz	scz
rs2316764	0.000840411706925107	0.000840415344407549	70	0.406443561748325	placo_longsleep__scz_chr17_43325576_45343136	longsleep__scz	scz
rs28364023	0.000840411706925107	0.000840415344407549	71	0.407283977092733	placo_longsleep__scz_chr17_43325576_45343136	longsleep__scz	scz
rs41280116	0.000840411706925107	0.000840415344407549	72	0.40812439243714	placo_longsleep__scz_chr17_43325576_45343136	longsleep__scz	scz
rs4277389	0.000840411706925107	0.000840415344407549	73	0.408964807781548	placo_longsleep__scz_chr17_43325576_45343136	longsleep__scz	scz
rs4309444	0.000840411706925107	0.000840415344407549	74	0.409805223125955	placo_longsleep__scz_chr17_43325576_45343136	longsleep__scz	scz
rs4566211	0.000840411706925107	0.000840415344407549	75	0.410645638470363	placo_longsleep__scz_chr17_43325576_45343136	longsleep__scz	scz
rs4566212	0.000840411706925107	0.000840415344407549	76	0.41148605381477	placo_longsleep__scz_chr17_43325576_45343136	longsleep__scz	scz
rs55638417	0.000840411706925107	0.000840415344407549	77	0.412326469159178	placo_longsleep__scz_chr17_43325576_45343136	longsleep__scz	scz
rs55779147	0.000840411706925107	0.000840415344407549	78	0.413166884503585	placo_longsleep__scz_chr17_43325576_45343136	longsleep__scz	scz
rs56099546	0.000840411706925107	0.000840415344407549	79	0.414007299847993	placo_longsleep__scz_chr17_43325576_45343136	longsleep__scz	scz
rs56357543	0.000840411706925107	0.000840415344407549	80	0.414847715192401	placo_longsleep__scz_chr17_43325576_45343136	longsleep__scz	scz
rs62057111	0.000840411706925107	0.000840415344407549	81	0.415688130536808	placo_longsleep__scz_chr17_43325576_45343136	longsleep__scz	scz
rs62057114	0.000840411706925107	0.000840415344407549	82	0.416528545881216	placo_longsleep__scz_chr17_43325576_45343136	longsleep__scz	scz
rs62057116	0.000840411706925107	0.000840415344407549	83	0.417368961225623	placo_longsleep__scz_chr17_43325576_45343136	longsleep__scz	scz
rs62057123	0.000840411706925107	0.000840415344407549	84	0.418209376570031	placo_longsleep__scz_chr17_43325576_45343136	longsleep__scz	scz
rs62057143	0.000840411706925107	0.000840415344407549	85	0.419049791914438	placo_longsleep__scz_chr17_43325576_45343136	longsleep__scz	scz
rs62057144	0.000840411706925107	0.000840415344407549	86	0.419890207258846	placo_longsleep__scz_chr17_43325576_45343136	longsleep__scz	scz
rs78074121	0.000840411706925107	0.000840415344407549	87	0.420730622603253	placo_longsleep__scz_chr17_43325576_45343136	longsleep__scz	scz
rs78506181	0.000840411706925107	0.000840415344407549	88	0.421571037947661	placo_longsleep__scz_chr17_43325576_45343136	longsleep__scz	scz
rs78587102	0.000840411706925107	0.000840415344407549	89	0.422411453292068	placo_longsleep__scz_chr17_43325576_45343136	longsleep__scz	scz
rs78917479	0.000840411706925107	0.000840415344407549	90	0.423251868636476	placo_longsleep__scz_chr17_43325576_45343136	longsleep__scz	scz
rs79501144	0.000840411706925107	0.000840415344407549	91	0.424092283980883	placo_longsleep__scz_chr17_43325576_45343136	longsleep__scz	scz
rs2532233	0.000838835876866376	0.000838839507528287	92	0.424931123488412	placo_longsleep__scz_chr17_43325576_45343136	longsleep__scz	scz
rs11079717	0.000809420434404888	0.000809423937750443	93	0.425740547426162	placo_longsleep__scz_chr17_43325576_45343136	longsleep__scz	scz
rs12948216	0.000809420434404888	0.000809423937750443	94	0.426549971363913	placo_longsleep__scz_chr17_43325576_45343136	longsleep__scz	scz
rs34195569	0.000809420434404888	0.000809423937750443	95	0.427359395301663	placo_longsleep__scz_chr17_43325576_45343136	longsleep__scz	scz
rs35282504	0.000809420434404888	0.000809423937750443	96	0.428168819239414	placo_longsleep__scz_chr17_43325576_45343136	longsleep__scz	scz
rs55849949	0.000809420434404888	0.000809423937750443	97	0.428978243177164	placo_longsleep__scz_chr17_43325576_45343136	longsleep__scz	scz
rs56013908	0.000809420434404888	0.000809423937750443	98	0.429787667114915	placo_longsleep__scz_chr17_43325576_45343136	longsleep__scz	scz
rs56323304	0.000809420434404888	0.000809423937750443	99	0.430597091052665	placo_longsleep__scz_chr17_43325576_45343136	longsleep__scz	scz
rs62055871	0.000809420434404888	0.000809423937750443	100	0.431406514990415	placo_longsleep__scz_chr17_43325576_45343136	longsleep__scz	scz
rs62055875	0.000809420434404888	0.000809423937750443	101	0.432215938928166	placo_longsleep__scz_chr17_43325576_45343136	longsleep__scz	scz
rs62055946	0.000809420434404888	0.000809423937750443	102	0.433025362865916	placo_longsleep__scz_chr17_43325576_45343136	longsleep__scz	scz
rs62055948	0.000809420434404888	0.000809423937750443	103	0.433834786803667	placo_longsleep__scz_chr17_43325576_45343136	longsleep__scz	scz
rs62055950	0.000809420434404888	0.000809423937750443	104	0.434644210741417	placo_longsleep__scz_chr17_43325576_45343136	longsleep__scz	scz
rs62057065	0.000809420434404888	0.000809423937750443	105	0.435453634679168	placo_longsleep__scz_chr17_43325576_45343136	longsleep__scz	scz
rs62057070	0.000809420434404888	0.000809423937750443	106	0.436263058616918	placo_longsleep__scz_chr17_43325576_45343136	longsleep__scz	scz
rs7350923	0.000809420434404888	0.000809423937750443	107	0.437072482554669	placo_longsleep__scz_chr17_43325576_45343136	longsleep__scz	scz
rs77965652	0.000809420434404888	0.000809423937750443	108	0.437881906492419	placo_longsleep__scz_chr17_43325576_45343136	longsleep__scz	scz
rs8072451	0.000809420434404888	0.000809423937750443	109	0.43869133043017	placo_longsleep__scz_chr17_43325576_45343136	longsleep__scz	scz
rs111739681	0.000794544177391925	0.000794547616349844	110	0.43948587804652	placo_longsleep__scz_chr17_43325576_45343136	longsleep__scz	scz
rs16940677	0.000794544177391925	0.000794547616349844	111	0.440280425662869	placo_longsleep__scz_chr17_43325576_45343136	longsleep__scz	scz
rs17762954	0.000794544177391925	0.000794547616349844	112	0.441074973279219	placo_longsleep__scz_chr17_43325576_45343136	longsleep__scz	scz
rs1912151	0.000794544177391925	0.000794547616349844	113	0.441869520895569	placo_longsleep__scz_chr17_43325576_45343136	longsleep__scz	scz
rs2316763	0.000794544177391925	0.000794547616349844	114	0.442664068511919	placo_longsleep__scz_chr17_43325576_45343136	longsleep__scz	scz
rs28364025	0.000794544177391925	0.000794547616349844	115	0.443458616128269	placo_longsleep__scz_chr17_43325576_45343136	longsleep__scz	scz
rs34283254	0.000794544177391925	0.000794547616349844	116	0.444253163744619	placo_longsleep__scz_chr17_43325576_45343136	longsleep__scz	scz
rs3885074	0.000794544177391925	0.000794547616349844	117	0.445047711360968	placo_longsleep__scz_chr17_43325576_45343136	longsleep__scz	scz
rs3885075	0.000794544177391925	0.000794547616349844	118	0.445842258977318	placo_longsleep__scz_chr17_43325576_45343136	longsleep__scz	scz
rs41280118	0.000794544177391925	0.000794547616349844	119	0.446636806593668	placo_longsleep__scz_chr17_43325576_45343136	longsleep__scz	scz
rs4335809	0.000794544177391925	0.000794547616349844	120	0.447431354210018	placo_longsleep__scz_chr17_43325576_45343136	longsleep__scz	scz
rs4341787	0.000794544177391925	0.000794547616349844	121	0.448225901826368	placo_longsleep__scz_chr17_43325576_45343136	longsleep__scz	scz
rs4523962	0.000794544177391925	0.000794547616349844	122	0.449020449442718	placo_longsleep__scz_chr17_43325576_45343136	longsleep__scz	scz
rs62054822	0.000794544177391925	0.000794547616349844	123	0.449814997059067	placo_longsleep__scz_chr17_43325576_45343136	longsleep__scz	scz
rs62057118	0.000794544177391925	0.000794547616349844	124	0.450609544675417	placo_longsleep__scz_chr17_43325576_45343136	longsleep__scz	scz
rs62057119	0.000794544177391925	0.000794547616349844	125	0.451404092291767	placo_longsleep__scz_chr17_43325576_45343136	longsleep__scz	scz
rs62057147	0.000794544177391925	0.000794547616349844	126	0.452198639908117	placo_longsleep__scz_chr17_43325576_45343136	longsleep__scz	scz
rs739645	0.000794544177391925	0.000794547616349844	127	0.452993187524467	placo_longsleep__scz_chr17_43325576_45343136	longsleep__scz	scz
rs79600142	0.000794544177391925	0.000794547616349844	128	0.453787735140817	placo_longsleep__scz_chr17_43325576_45343136	longsleep__scz	scz
rs11079723	0.000765722956141957	0.000765726270355437	129	0.454553461411172	placo_longsleep__scz_chr17_43325576_45343136	longsleep__scz	scz
rs12150621	0.000765722956141957	0.000765726270355437	130	0.455319187681527	placo_longsleep__scz_chr17_43325576_45343136	longsleep__scz	scz
rs12943085	0.000765722956141957	0.000765726270355437	131	0.456084913951883	placo_longsleep__scz_chr17_43325576_45343136	longsleep__scz	scz
rs28439278	0.000765722956141957	0.000765726270355437	132	0.456850640222238	placo_longsleep__scz_chr17_43325576_45343136	longsleep__scz	scz
rs34008514	0.000765722956141957	0.000765726270355437	133	0.457616366492594	placo_longsleep__scz_chr17_43325576_45343136	longsleep__scz	scz
rs34579278	0.000765722956141957	0.000765726270355437	134	0.458382092762949	placo_longsleep__scz_chr17_43325576_45343136	longsleep__scz	scz
rs55645418	0.000765722956141957	0.000765726270355437	135	0.459147819033305	placo_longsleep__scz_chr17_43325576_45343136	longsleep__scz	scz
rs55747440	0.000765722956141957	0.000765726270355437	136	0.45991354530366	placo_longsleep__scz_chr17_43325576_45343136	longsleep__scz	scz
rs55991914	0.000765722956141957	0.000765726270355437	137	0.460679271574015	placo_longsleep__scz_chr17_43325576_45343136	longsleep__scz	scz
rs56043078	0.000765722956141957	0.000765726270355437	138	0.461444997844371	placo_longsleep__scz_chr17_43325576_45343136	longsleep__scz	scz
rs56070245	0.000765722956141957	0.000765726270355437	139	0.462210724114726	placo_longsleep__scz_chr17_43325576_45343136	longsleep__scz	scz
rs56109643	0.000765722956141957	0.000765726270355437	140	0.462976450385082	placo_longsleep__scz_chr17_43325576_45343136	longsleep__scz	scz
rs62055868	0.000765722956141957	0.000765726270355437	141	0.463742176655437	placo_longsleep__scz_chr17_43325576_45343136	longsleep__scz	scz
rs62055869	0.000765722956141957	0.000765726270355437	142	0.464507902925793	placo_longsleep__scz_chr17_43325576_45343136	longsleep__scz	scz
rs62055878	0.000765722956141957	0.000765726270355437	143	0.465273629196148	placo_longsleep__scz_chr17_43325576_45343136	longsleep__scz	scz
rs62055885	0.000765722956141957	0.000765726270355437	144	0.466039355466503	placo_longsleep__scz_chr17_43325576_45343136	longsleep__scz	scz
rs62055889	0.000765722956141957	0.000765726270355437	145	0.466805081736859	placo_longsleep__scz_chr17_43325576_45343136	longsleep__scz	scz
rs62055894	0.000765722956141957	0.000765726270355437	146	0.467570808007214	placo_longsleep__scz_chr17_43325576_45343136	longsleep__scz	scz
rs62055895	0.000765722956141957	0.000765726270355437	147	0.46833653427757	placo_longsleep__scz_chr17_43325576_45343136	longsleep__scz	scz
rs62055896	0.000765722956141957	0.000765726270355437	148	0.469102260547925	placo_longsleep__scz_chr17_43325576_45343136	longsleep__scz	scz
rs62055901	0.000765722956141957	0.000765726270355437	149	0.469867986818281	placo_longsleep__scz_chr17_43325576_45343136	longsleep__scz	scz
rs62055903	0.000765722956141957	0.000765726270355437	150	0.470633713088636	placo_longsleep__scz_chr17_43325576_45343136	longsleep__scz	scz
rs62055940	0.000765722956141957	0.000765726270355437	151	0.471399439358991	placo_longsleep__scz_chr17_43325576_45343136	longsleep__scz	scz
rs62055942	0.000765722956141957	0.000765726270355437	152	0.472165165629347	placo_longsleep__scz_chr17_43325576_45343136	longsleep__scz	scz
rs62055943	0.000765722956141957	0.000765726270355437	153	0.472930891899702	placo_longsleep__scz_chr17_43325576_45343136	longsleep__scz	scz
rs62055945	0.000765722956141957	0.000765726270355437	154	0.473696618170058	placo_longsleep__scz_chr17_43325576_45343136	longsleep__scz	scz
rs62056909	0.000765722956141957	0.000765726270355437	155	0.474462344440413	placo_longsleep__scz_chr17_43325576_45343136	longsleep__scz	scz
rs62057062	0.000765722956141957	0.000765726270355437	156	0.475228070710769	placo_longsleep__scz_chr17_43325576_45343136	longsleep__scz	scz
rs62057063	0.000765722956141957	0.000765726270355437	157	0.475993796981124	placo_longsleep__scz_chr17_43325576_45343136	longsleep__scz	scz
rs62057064	0.000765722956141957	0.000765726270355437	158	0.476759523251479	placo_longsleep__scz_chr17_43325576_45343136	longsleep__scz	scz
rs62057067	0.000765722956141957	0.000765726270355437	159	0.477525249521835	placo_longsleep__scz_chr17_43325576_45343136	longsleep__scz	scz
rs62057068	0.000765722956141957	0.000765726270355437	160	0.47829097579219	placo_longsleep__scz_chr17_43325576_45343136	longsleep__scz	scz
rs62057069	0.000765722956141957	0.000765726270355437	161	0.479056702062546	placo_longsleep__scz_chr17_43325576_45343136	longsleep__scz	scz
rs62057073	0.000765722956141957	0.000765726270355437	162	0.479822428332901	placo_longsleep__scz_chr17_43325576_45343136	longsleep__scz	scz
rs74514268	0.000765722956141957	0.000765726270355437	163	0.480588154603257	placo_longsleep__scz_chr17_43325576_45343136	longsleep__scz	scz
rs76830096	0.000765722956141957	0.000765726270355437	164	0.481353880873612	placo_longsleep__scz_chr17_43325576_45343136	longsleep__scz	scz
rs76885724	0.000765722956141957	0.000765726270355437	165	0.482119607143967	placo_longsleep__scz_chr17_43325576_45343136	longsleep__scz	scz
rs77849344	0.000765722956141957	0.000765726270355437	166	0.482885333414323	placo_longsleep__scz_chr17_43325576_45343136	longsleep__scz	scz
rs2141298	0.000756072496076937	0.000756075768521152	167	0.483641409182844	placo_longsleep__scz_chr17_43325576_45343136	longsleep__scz	scz
rs117646503	0.000755079546103765	0.00075508281425028	168	0.484396491997094	placo_longsleep__scz_chr17_43325576_45343136	longsleep__scz	scz
rs17425752	0.000755079546103765	0.00075508281425028	169	0.485151574811345	placo_longsleep__scz_chr17_43325576_45343136	longsleep__scz	scz
rs17689471	0.000755079546103765	0.00075508281425028	170	0.485906657625595	placo_longsleep__scz_chr17_43325576_45343136	longsleep__scz	scz
rs17762769	0.000755079546103765	0.00075508281425028	171	0.486661740439845	placo_longsleep__scz_chr17_43325576_45343136	longsleep__scz	scz
rs17763050	0.000755079546103765	0.00075508281425028	172	0.487416823254095	placo_longsleep__scz_chr17_43325576_45343136	longsleep__scz	scz
rs62057146	0.000755079546103765	0.00075508281425028	173	0.488171906068346	placo_longsleep__scz_chr17_43325576_45343136	longsleep__scz	scz
rs62057149	0.000755079546103765	0.00075508281425028	174	0.488926988882596	placo_longsleep__scz_chr17_43325576_45343136	longsleep__scz	scz
rs62057150	0.000755079546103765	0.00075508281425028	175	0.489682071696846	placo_longsleep__scz_chr17_43325576_45343136	longsleep__scz	scz
rs11079721	0.000728102509700612	0.000728105661084717	176	0.490410177357931	placo_longsleep__scz_chr17_43325576_45343136	longsleep__scz	scz
rs11079724	0.000728102509700612	0.000728105661084717	177	0.491138283019016	placo_longsleep__scz_chr17_43325576_45343136	longsleep__scz	scz
rs111374028	0.000728102509700612	0.000728105661084717	178	0.4918663886801	placo_longsleep__scz_chr17_43325576_45343136	longsleep__scz	scz
rs113934115	0.000728102509700612	0.000728105661084717	179	0.492594494341185	placo_longsleep__scz_chr17_43325576_45343136	longsleep__scz	scz
rs117365970	0.000728102509700612	0.000728105661084717	180	0.49332260000227	placo_longsleep__scz_chr17_43325576_45343136	longsleep__scz	scz
rs12150363	0.000728102509700612	0.000728105661084717	181	0.494050705663355	placo_longsleep__scz_chr17_43325576_45343136	longsleep__scz	scz
rs12150658	0.000728102509700612	0.000728105661084717	182	0.494778811324439	placo_longsleep__scz_chr17_43325576_45343136	longsleep__scz	scz
rs12150672	0.000728102509700612	0.000728105661084717	183	0.495506916985524	placo_longsleep__scz_chr17_43325576_45343136	longsleep__scz	scz
rs17334797	0.000728102509700612	0.000728105661084717	184	0.496235022646609	placo_longsleep__scz_chr17_43325576_45343136	longsleep__scz	scz
rs17334894	0.000728102509700612	0.000728105661084717	185	0.496963128307694	placo_longsleep__scz_chr17_43325576_45343136	longsleep__scz	scz
rs17334944	0.000728102509700612	0.000728105661084717	186	0.497691233968778	placo_longsleep__scz_chr17_43325576_45343136	longsleep__scz	scz
rs17426064	0.000728102509700612	0.000728105661084717	187	0.498419339629863	placo_longsleep__scz_chr17_43325576_45343136	longsleep__scz	scz
rs34303488	0.000728102509700612	0.000728105661084717	188	0.499147445290948	placo_longsleep__scz_chr17_43325576_45343136	longsleep__scz	scz
rs35879086	0.000728102509700612	0.000728105661084717	189	0.499875550952032	placo_longsleep__scz_chr17_43325576_45343136	longsleep__scz	scz
rs4074462	0.000728102509700612	0.000728105661084717	190	0.500603656613117	placo_longsleep__scz_chr17_43325576_45343136	longsleep__scz	scz
rs55787105	0.000728102509700612	0.000728105661084717	191	0.501331762274202	placo_longsleep__scz_chr17_43325576_45343136	longsleep__scz	scz
rs56168907	0.000728102509700612	0.000728105661084717	192	0.502059867935287	placo_longsleep__scz_chr17_43325576_45343136	longsleep__scz	scz
rs56268325	0.000728102509700612	0.000728105661084717	193	0.502787973596371	placo_longsleep__scz_chr17_43325576_45343136	longsleep__scz	scz
rs56303031	0.000728102509700612	0.000728105661084717	194	0.503516079257456	placo_longsleep__scz_chr17_43325576_45343136	longsleep__scz	scz
rs56387266	0.000728102509700612	0.000728105661084717	195	0.504244184918541	placo_longsleep__scz_chr17_43325576_45343136	longsleep__scz	scz
rs62054438	0.000728102509700612	0.000728105661084717	196	0.504972290579625	placo_longsleep__scz_chr17_43325576_45343136	longsleep__scz	scz
rs62054439	0.000728102509700612	0.000728105661084717	197	0.50570039624071	placo_longsleep__scz_chr17_43325576_45343136	longsleep__scz	scz
rs62055884	0.000728102509700612	0.000728105661084717	198	0.506428501901795	placo_longsleep__scz_chr17_43325576_45343136	longsleep__scz	scz
rs62055928	0.000728102509700612	0.000728105661084717	199	0.50715660756288	placo_longsleep__scz_chr17_43325576_45343136	longsleep__scz	scz
rs62055947	0.000728102509700612	0.000728105661084717	200	0.507884713223964	placo_longsleep__scz_chr17_43325576_45343136	longsleep__scz	scz
rs75715199	0.000728102509700612	0.000728105661084717	201	0.508612818885049	placo_longsleep__scz_chr17_43325576_45343136	longsleep__scz	scz
rs75916678	0.000728102509700612	0.000728105661084717	202	0.509340924546134	placo_longsleep__scz_chr17_43325576_45343136	longsleep__scz	scz
rs76294809	0.000728102509700612	0.000728105661084717	203	0.510069030207218	placo_longsleep__scz_chr17_43325576_45343136	longsleep__scz	scz
rs78917495	0.000728102509700612	0.000728105661084717	204	0.510797135868303	placo_longsleep__scz_chr17_43325576_45343136	longsleep__scz	scz
rs79882507	0.000728102509700612	0.000728105661084717	205	0.511525241529388	placo_longsleep__scz_chr17_43325576_45343136	longsleep__scz	scz
rs2696566	0.000716117696030178	0.000716120795541434	206	0.512241362324929	placo_longsleep__scz_chr17_43325576_45343136	longsleep__scz	scz
rs17689824	0.000713988153528728	0.000713991243822867	207	0.512955353568752	placo_longsleep__scz_chr17_43325576_45343136	longsleep__scz	scz
rs17769490	0.000713988153528728	0.000713991243822867	208	0.513669344812575	placo_longsleep__scz_chr17_43325576_45343136	longsleep__scz	scz
rs62057153	0.000713988153528728	0.000713991243822867	209	0.514383336056398	placo_longsleep__scz_chr17_43325576_45343136	longsleep__scz	scz
rs62057154	0.000713988153528728	0.000713991243822867	210	0.515097327300221	placo_longsleep__scz_chr17_43325576_45343136	longsleep__scz	scz
rs62057155	0.000713988153528728	0.000713991243822867	211	0.515811318544044	placo_longsleep__scz_chr17_43325576_45343136	longsleep__scz	scz
rs55915917	0.000702551519104957	0.000702554559898885	212	0.516513873103943	placo_longsleep__scz_chr17_43325576_45343136	longsleep__scz	scz
rs12150451	0.000688907526352514	0.00068891050809231	213	0.517202783612035	placo_longsleep__scz_chr17_43325576_45343136	longsleep__scz	scz
rs12150455	0.000688907526352514	0.00068891050809231	214	0.517891694120127	placo_longsleep__scz_chr17_43325576_45343136	longsleep__scz	scz
rs17769552	0.000688907526352514	0.00068891050809231	215	0.518580604628219	placo_longsleep__scz_chr17_43325576_45343136	longsleep__scz	scz
rs55801356	0.000688907526352514	0.00068891050809231	216	0.519269515136312	placo_longsleep__scz_chr17_43325576_45343136	longsleep__scz	scz
rs62054442	0.000688907526352514	0.00068891050809231	217	0.519958425644404	placo_longsleep__scz_chr17_43325576_45343136	longsleep__scz	scz
rs62055886	0.000688907526352514	0.00068891050809231	218	0.520647336152496	placo_longsleep__scz_chr17_43325576_45343136	longsleep__scz	scz
rs62055887	0.000688907526352514	0.00068891050809231	219	0.521336246660589	placo_longsleep__scz_chr17_43325576_45343136	longsleep__scz	scz
rs62055938	0.000688907526352514	0.00068891050809231	220	0.522025157168681	placo_longsleep__scz_chr17_43325576_45343136	longsleep__scz	scz
rs77301847	0.000678330041939176	0.000678332977897346	221	0.522703490146578	placo_longsleep__scz_chr17_43325576_45343136	longsleep__scz	scz
rs17689918	0.00067519189123873	0.00067519481361431	222	0.523378684960192	placo_longsleep__scz_chr17_43325576_45343136	longsleep__scz	scz
rs17763086	0.00067519189123873	0.00067519481361431	223	0.524053879773807	placo_longsleep__scz_chr17_43325576_45343136	longsleep__scz	scz
rs56385754	0.00067519189123873	0.00067519481361431	224	0.524729074587421	placo_longsleep__scz_chr17_43325576_45343136	longsleep__scz	scz
rs62054817	0.00067519189123873	0.00067519481361431	225	0.525404269401035	placo_longsleep__scz_chr17_43325576_45343136	longsleep__scz	scz
rs62054819	0.00067519189123873	0.00067519481361431	226	0.52607946421465	placo_longsleep__scz_chr17_43325576_45343136	longsleep__scz	scz
rs62054820	0.00067519189123873	0.00067519481361431	227	0.526754659028264	placo_longsleep__scz_chr17_43325576_45343136	longsleep__scz	scz
rs62057151	0.00067519189123873	0.00067519481361431	228	0.527429853841878	placo_longsleep__scz_chr17_43325576_45343136	longsleep__scz	scz
rs78872653	0.00067519189123873	0.00067519481361431	229	0.528105048655493	placo_longsleep__scz_chr17_43325576_45343136	longsleep__scz	scz
rs79730878	0.00067519189123873	0.00067519481361431	230	0.528780243469107	placo_longsleep__scz_chr17_43325576_45343136	longsleep__scz	scz
rs11079720	0.000665137147013679	0.000665140025870165	231	0.529445383494977	placo_longsleep__scz_chr17_43325576_45343136	longsleep__scz	scz
rs111497072	0.000651878241447065	0.000651881062916159	232	0.530097264557893	placo_longsleep__scz_chr17_43325576_45343136	longsleep__scz	scz
rs12150332	0.000651878241447065	0.000651881062916159	233	0.53074914562081	placo_longsleep__scz_chr17_43325576_45343136	longsleep__scz	scz
rs12150683	0.000651878241447065	0.000651881062916159	234	0.531401026683726	placo_longsleep__scz_chr17_43325576_45343136	longsleep__scz	scz
rs62054432	0.000651878241447065	0.000651881062916159	235	0.532052907746642	placo_longsleep__scz_chr17_43325576_45343136	longsleep__scz	scz
rs62054433	0.000651878241447065	0.000651881062916159	236	0.532704788809558	placo_longsleep__scz_chr17_43325576_45343136	longsleep__scz	scz
rs62054434	0.000651878241447065	0.000651881062916159	237	0.533356669872474	placo_longsleep__scz_chr17_43325576_45343136	longsleep__scz	scz
rs62054762	0.000651878241447065	0.000651881062916159	238	0.53400855093539	placo_longsleep__scz_chr17_43325576_45343136	longsleep__scz	scz
rs62055955	0.000651878241447065	0.000651881062916159	239	0.534660431998306	placo_longsleep__scz_chr17_43325576_45343136	longsleep__scz	scz
rs62055957	0.000651878241447065	0.000651881062916159	240	0.535312313061223	placo_longsleep__scz_chr17_43325576_45343136	longsleep__scz	scz
rs71375313	0.000651878241447065	0.000651881062916159	241	0.535964194124139	placo_longsleep__scz_chr17_43325576_45343136	longsleep__scz	scz
rs75643244	0.000651878241447065	0.000651881062916159	242	0.536616075187055	placo_longsleep__scz_chr17_43325576_45343136	longsleep__scz	scz
rs76171147	0.000651878241447065	0.000651881062916159	243	0.537267956249971	placo_longsleep__scz_chr17_43325576_45343136	longsleep__scz	scz
rs17689882	0.000641803583645236	0.000641806361509046	244	0.53790976261148	placo_longsleep__scz_chr17_43325576_45343136	longsleep__scz	scz
rs56269136	0.000641803583645236	0.000641806361509046	245	0.538551568972989	placo_longsleep__scz_chr17_43325576_45343136	longsleep__scz	scz
rs60814418	0.000641803583645236	0.000641806361509046	246	0.539193375334498	placo_longsleep__scz_chr17_43325576_45343136	longsleep__scz	scz
rs62054818	0.000641803583645236	0.000641806361509046	247	0.539835181696007	placo_longsleep__scz_chr17_43325576_45343136	longsleep__scz	scz
rs62057158	0.000641803583645236	0.000641806361509046	248	0.540476988057516	placo_longsleep__scz_chr17_43325576_45343136	longsleep__scz	scz
rs77063768	0.000641803583645236	0.000641806361509046	249	0.541118794419025	placo_longsleep__scz_chr17_43325576_45343136	longsleep__scz	scz
rs55668363	0.000632901996402011	0.000632904735737839	250	0.541751699154763	placo_longsleep__scz_chr17_43325576_45343136	longsleep__scz	scz
rs10451283	0.000619991314584336	0.000619993998039959	251	0.542371693152803	placo_longsleep__scz_chr17_43325576_45343136	longsleep__scz	scz
rs2004260	0.000619991314584336	0.000619993998039959	252	0.542991687150843	placo_longsleep__scz_chr17_43325576_45343136	longsleep__scz	scz
rs62054431	0.000619991314584336	0.000619993998039959	253	0.543611681148883	placo_longsleep__scz_chr17_43325576_45343136	longsleep__scz	scz
rs62055890	0.000619991314584336	0.000619993998039959	254	0.544231675146923	placo_longsleep__scz_chr17_43325576_45343136	longsleep__scz	scz
rs62055937	0.000619991314584336	0.000619993998039959	255	0.544851669144962	placo_longsleep__scz_chr17_43325576_45343136	longsleep__scz	scz
rs74464991	0.000619991314584336	0.000619993998039959	256	0.545471663143002	placo_longsleep__scz_chr17_43325576_45343136	longsleep__scz	scz
rs79545140	0.000619991314584336	0.000619993998039959	257	0.546091657141042	placo_longsleep__scz_chr17_43325576_45343136	longsleep__scz	scz
rs9897399	0.000618323819642535	0.000618326495880882	258	0.546709983636923	placo_longsleep__scz_chr17_43325576_45343136	longsleep__scz	scz
rs16940665	0.000607030846481198	0.000607033473841131	259	0.547317017110764	placo_longsleep__scz_chr17_43325576_45343136	longsleep__scz	scz
rs16940668	0.000607030846481198	0.000607033473841131	260	0.547924050584605	placo_longsleep__scz_chr17_43325576_45343136	longsleep__scz	scz
rs1876827	0.000607030846481198	0.000607033473841131	261	0.548531084058447	placo_longsleep__scz_chr17_43325576_45343136	longsleep__scz	scz
rs1876828	0.000607030846481198	0.000607033473841131	262	0.549138117532288	placo_longsleep__scz_chr17_43325576_45343136	longsleep__scz	scz
rs1876829	0.000607030846481198	0.000607033473841131	263	0.549745151006129	placo_longsleep__scz_chr17_43325576_45343136	longsleep__scz	scz
rs1876830	0.000607030846481198	0.000607033473841131	264	0.55035218447997	placo_longsleep__scz_chr17_43325576_45343136	longsleep__scz	scz
rs1876831	0.000607030846481198	0.000607033473841131	265	0.550959217953811	placo_longsleep__scz_chr17_43325576_45343136	longsleep__scz	scz
rs28364021	0.000607030846481198	0.000607033473841131	266	0.551566251427652	placo_longsleep__scz_chr17_43325576_45343136	longsleep__scz	scz
rs55865707	0.000607030846481198	0.000607033473841131	267	0.552173284901494	placo_longsleep__scz_chr17_43325576_45343136	longsleep__scz	scz
rs56113217	0.000607030846481198	0.000607033473841131	268	0.552780318375335	placo_longsleep__scz_chr17_43325576_45343136	longsleep__scz	scz
rs4327090	0.000602035169365772	0.00060203777510334	269	0.553382356150438	placo_longsleep__scz_chr17_43325576_45343136	longsleep__scz	scz
rs17334923	0.000586762195830376	0.000586764735463234	270	0.553969120885901	placo_longsleep__scz_chr17_43325576_45343136	longsleep__scz	scz
rs62054427	0.000586762195830376	0.000586764735463234	271	0.554555885621365	placo_longsleep__scz_chr17_43325576_45343136	longsleep__scz	scz
rs62054428	0.000586762195830376	0.000586764735463234	272	0.555142650356828	placo_longsleep__scz_chr17_43325576_45343136	longsleep__scz	scz
rs62054760	0.000586762195830376	0.000586764735463234	273	0.555729415092291	placo_longsleep__scz_chr17_43325576_45343136	longsleep__scz	scz
rs62054761	0.000586762195830376	0.000586764735463234	274	0.556316179827754	placo_longsleep__scz_chr17_43325576_45343136	longsleep__scz	scz
rs62055956	0.000586762195830376	0.000586764735463234	275	0.556902944563218	placo_longsleep__scz_chr17_43325576_45343136	longsleep__scz	scz
rs16940674	0.000574192254895622	0.000574194740123074	276	0.557477139303341	placo_longsleep__scz_chr17_43325576_45343136	longsleep__scz	scz
rs16940676	0.000574192254895622	0.000574194740123074	277	0.558051334043464	placo_longsleep__scz_chr17_43325576_45343136	longsleep__scz	scz
rs2316765	0.000574192254895622	0.000574194740123074	278	0.558625528783587	placo_longsleep__scz_chr17_43325576_45343136	longsleep__scz	scz
rs41457044	0.000574192254895622	0.000574194740123074	279	0.55919972352371	placo_longsleep__scz_chr17_43325576_45343136	longsleep__scz	scz
rs17563923	0.000558143379249057	0.000558145795013527	280	0.559757869318724	placo_longsleep__scz_chr17_43325576_45343136	longsleep__scz	scz
rs17690987	0.000558143379249057	0.000558145795013527	281	0.560316015113737	placo_longsleep__scz_chr17_43325576_45343136	longsleep__scz	scz
rs2873268	0.000558143379249057	0.000558145795013527	282	0.560874160908751	placo_longsleep__scz_chr17_43325576_45343136	longsleep__scz	scz
rs4340365	0.000558143379249057	0.000558145795013527	283	0.561432306703764	placo_longsleep__scz_chr17_43325576_45343136	longsleep__scz	scz
rs62054425	0.000558143379249057	0.000558145795013527	284	0.561990452498778	placo_longsleep__scz_chr17_43325576_45343136	longsleep__scz	scz
rs62054429	0.000558143379249057	0.000558145795013527	285	0.562548598293792	placo_longsleep__scz_chr17_43325576_45343136	longsleep__scz	scz
rs62056905	0.000558143379249057	0.000558145795013527	286	0.563106744088805	placo_longsleep__scz_chr17_43325576_45343136	longsleep__scz	scz
rs17763199	0.000545924525759823	0.00054592688863847	287	0.563652670977444	placo_longsleep__scz_chr17_43325576_45343136	longsleep__scz	scz
rs62055888	0.000540131694779681	0.000540134032585711	288	0.564192805010029	placo_longsleep__scz_chr17_43325576_45343136	longsleep__scz	scz
rs75210307	0.000540131694779681	0.000540134032585711	289	0.564732939042615	placo_longsleep__scz_chr17_43325576_45343136	longsleep__scz	scz
rs79412431	0.000540131694779681	0.000540134032585711	290	0.565273073075201	placo_longsleep__scz_chr17_43325576_45343136	longsleep__scz	scz
rs113856644	0.000528315440869839	0.000528317727532583	291	0.565801390802733	placo_longsleep__scz_chr17_43325576_45343136	longsleep__scz	scz
rs17563827	0.000528315440869839	0.000528317727532583	292	0.566329708530266	placo_longsleep__scz_chr17_43325576_45343136	longsleep__scz	scz
rs17563861	0.000528315440869839	0.000528317727532583	293	0.566858026257798	placo_longsleep__scz_chr17_43325576_45343136	longsleep__scz	scz
rs55942528	0.000528315440869839	0.000528317727532583	294	0.567386343985331	placo_longsleep__scz_chr17_43325576_45343136	longsleep__scz	scz
rs56178230	0.000528315440869839	0.000528317727532583	295	0.567914661712864	placo_longsleep__scz_chr17_43325576_45343136	longsleep__scz	scz
rs56288604	0.000528315440869839	0.000528317727532583	296	0.568442979440396	placo_longsleep__scz_chr17_43325576_45343136	longsleep__scz	scz
rs56384960	0.000528315440869839	0.000528317727532583	297	0.568971297167929	placo_longsleep__scz_chr17_43325576_45343136	longsleep__scz	scz
rs62054424	0.000528315440869839	0.000528317727532583	298	0.569499614895461	placo_longsleep__scz_chr17_43325576_45343136	longsleep__scz	scz
rs62054831	0.000528315440869839	0.000528317727532583	299	0.570027932622994	placo_longsleep__scz_chr17_43325576_45343136	longsleep__scz	scz
rs76311426	0.000528315440869839	0.000528317727532583	300	0.570556250350526	placo_longsleep__scz_chr17_43325576_45343136	longsleep__scz	scz
rs77114624	0.000528315440869839	0.000528317727532583	301	0.571084568078059	placo_longsleep__scz_chr17_43325576_45343136	longsleep__scz	scz
rs80072429	0.000528315440869839	0.000528317727532583	302	0.571612885805592	placo_longsleep__scz_chr17_43325576_45343136	longsleep__scz	scz
rs80157557	0.000528315440869839	0.000528317727532583	303	0.572141203533124	placo_longsleep__scz_chr17_43325576_45343136	longsleep__scz	scz
rs79772780	0.000523004420577638	0.000523006684253145	304	0.572664210217377	placo_longsleep__scz_chr17_43325576_45343136	longsleep__scz	scz
rs62063299	0.000511573764352716	0.000511575978553887	305	0.573175786195931	placo_longsleep__scz_chr17_43325576_45343136	longsleep__scz	scz
rs62063300	0.000511573764352716	0.000511575978553887	306	0.573687362174485	placo_longsleep__scz_chr17_43325576_45343136	longsleep__scz	scz
rs74944644	0.000511573764352716	0.000511575978553887	307	0.574198938153039	placo_longsleep__scz_chr17_43325576_45343136	longsleep__scz	scz
rs113434679	0.000506805759151051	0.00050680795271527	308	0.574705746105754	placo_longsleep__scz_chr17_43325576_45343136	longsleep__scz	scz
rs17563800	0.000500124397683383	0.000500126562329235	309	0.575205872668084	placo_longsleep__scz_chr17_43325576_45343136	longsleep__scz	scz
rs55673092	0.000500124397683383	0.000500126562329235	310	0.575705999230413	placo_longsleep__scz_chr17_43325576_45343136	longsleep__scz	scz
rs56295996	0.000500124397683383	0.000500126562329235	311	0.576206125792742	placo_longsleep__scz_chr17_43325576_45343136	longsleep__scz	scz
rs56329743	0.000500124397683383	0.000500126562329235	312	0.576706252355071	placo_longsleep__scz_chr17_43325576_45343136	longsleep__scz	scz
rs62054823	0.000500124397683383	0.000500126562329235	313	0.5772063789174	placo_longsleep__scz_chr17_43325576_45343136	longsleep__scz	scz
rs62054825	0.000500124397683383	0.000500126562329235	314	0.57770650547973	placo_longsleep__scz_chr17_43325576_45343136	longsleep__scz	scz
rs62054834	0.000500124397683383	0.000500126562329235	315	0.578206632042059	placo_longsleep__scz_chr17_43325576_45343136	longsleep__scz	scz
rs62055468	0.000500124397683383	0.000500126562329235	316	0.578706758604388	placo_longsleep__scz_chr17_43325576_45343136	longsleep__scz	scz
rs62055469	0.000500124397683383	0.000500126562329235	317	0.579206885166717	placo_longsleep__scz_chr17_43325576_45343136	longsleep__scz	scz
rs62055470	0.000500124397683383	0.000500126562329235	318	0.579707011729047	placo_longsleep__scz_chr17_43325576_45343136	longsleep__scz	scz
rs62055471	0.000500124397683383	0.000500126562329235	319	0.580207138291376	placo_longsleep__scz_chr17_43325576_45343136	longsleep__scz	scz
rs76728632	0.000500124397683383	0.000500126562329235	320	0.580707264853705	placo_longsleep__scz_chr17_43325576_45343136	longsleep__scz	scz
rs79406732	0.000500124397683383	0.000500126562329235	321	0.581207391416034	placo_longsleep__scz_chr17_43325576_45343136	longsleep__scz	scz
rs4525537	0.00048866212815438	0.000488664243189067	322	0.581696055659223	placo_longsleep__scz_chr17_43325576_45343136	longsleep__scz	scz
rs56127111	0.00048866212815438	0.000488664243189067	323	0.582184719902412	placo_longsleep__scz_chr17_43325576_45343136	longsleep__scz	scz
rs62054804	0.00048866212815438	0.000488664243189067	324	0.582673384145601	placo_longsleep__scz_chr17_43325576_45343136	longsleep__scz	scz
rs878887	0.00048866212815438	0.000488664243189067	325	0.58316204838879	placo_longsleep__scz_chr17_43325576_45343136	longsleep__scz	scz
rs878888	0.00048866212815438	0.000488664243189067	326	0.58365071263198	placo_longsleep__scz_chr17_43325576_45343136	longsleep__scz	scz
rs2532276	0.000484566447585493	0.000484568544893194	327	0.584135281176873	placo_longsleep__scz_chr17_43325576_45343136	longsleep__scz	scz
rs55838058	0.000484566447585493	0.000484568544893194	328	0.584619849721766	placo_longsleep__scz_chr17_43325576_45343136	longsleep__scz	scz
rs56062621	0.000484566447585493	0.000484568544893194	329	0.585104418266659	placo_longsleep__scz_chr17_43325576_45343136	longsleep__scz	scz
rs62063298	0.000484566447585493	0.000484568544893194	330	0.585588986811552	placo_longsleep__scz_chr17_43325576_45343136	longsleep__scz	scz
rs77804065	0.000484566447585493	0.000484568544893194	331	0.586073555356446	placo_longsleep__scz_chr17_43325576_45343136	longsleep__scz	scz
rs1608955	0.000475839075807864	0.000475841135341624	332	0.586549396491787	placo_longsleep__scz_chr17_43325576_45343136	longsleep__scz	scz
rs2316769	0.000475839075807864	0.000475841135341624	333	0.587025237627129	placo_longsleep__scz_chr17_43325576_45343136	longsleep__scz	scz
rs2873269	0.000475839075807864	0.000475841135341624	334	0.58750107876247	placo_longsleep__scz_chr17_43325576_45343136	longsleep__scz	scz
rs55646970	0.000475839075807864	0.000475841135341624	335	0.587976919897812	placo_longsleep__scz_chr17_43325576_45343136	longsleep__scz	scz
rs55660209	0.000475839075807864	0.000475841135341624	336	0.588452761033154	placo_longsleep__scz_chr17_43325576_45343136	longsleep__scz	scz
rs55719714	0.000475839075807864	0.000475841135341624	337	0.588928602168495	placo_longsleep__scz_chr17_43325576_45343136	longsleep__scz	scz
rs55781174	0.000475839075807864	0.000475841135341624	338	0.589404443303837	placo_longsleep__scz_chr17_43325576_45343136	longsleep__scz	scz
rs55886302	0.000475839075807864	0.000475841135341624	339	0.589880284439178	placo_longsleep__scz_chr17_43325576_45343136	longsleep__scz	scz
rs55888391	0.000475839075807864	0.000475841135341624	340	0.59035612557452	placo_longsleep__scz_chr17_43325576_45343136	longsleep__scz	scz
rs56006248	0.000475839075807864	0.000475841135341624	341	0.590831966709862	placo_longsleep__scz_chr17_43325576_45343136	longsleep__scz	scz
rs56036719	0.000475839075807864	0.000475841135341624	342	0.591307807845203	placo_longsleep__scz_chr17_43325576_45343136	longsleep__scz	scz
rs56136075	0.000475839075807864	0.000475841135341624	343	0.591783648980545	placo_longsleep__scz_chr17_43325576_45343136	longsleep__scz	scz
rs56146262	0.000475839075807864	0.000475841135341624	344	0.592259490115886	placo_longsleep__scz_chr17_43325576_45343136	longsleep__scz	scz
rs56249080	0.000475839075807864	0.000475841135341624	345	0.592735331251228	placo_longsleep__scz_chr17_43325576_45343136	longsleep__scz	scz
rs56298110	0.000475839075807864	0.000475841135341624	346	0.59321117238657	placo_longsleep__scz_chr17_43325576_45343136	longsleep__scz	scz
rs56299858	0.000475839075807864	0.000475841135341624	347	0.593687013521911	placo_longsleep__scz_chr17_43325576_45343136	longsleep__scz	scz
rs56347602	0.000475839075807864	0.000475841135341624	348	0.594162854657253	placo_longsleep__scz_chr17_43325576_45343136	longsleep__scz	scz
rs62054417	0.000475839075807864	0.000475841135341624	349	0.594638695792594	placo_longsleep__scz_chr17_43325576_45343136	longsleep__scz	scz
rs62054418	0.000475839075807864	0.000475841135341624	350	0.595114536927936	placo_longsleep__scz_chr17_43325576_45343136	longsleep__scz	scz
rs62054419	0.000475839075807864	0.000475841135341624	351	0.595590378063278	placo_longsleep__scz_chr17_43325576_45343136	longsleep__scz	scz
rs62054421	0.000475839075807864	0.000475841135341624	352	0.596066219198619	placo_longsleep__scz_chr17_43325576_45343136	longsleep__scz	scz
rs62054824	0.000475839075807864	0.000475841135341624	353	0.596542060333961	placo_longsleep__scz_chr17_43325576_45343136	longsleep__scz	scz
rs62054833	0.000475839075807864	0.000475841135341624	354	0.597017901469302	placo_longsleep__scz_chr17_43325576_45343136	longsleep__scz	scz
rs62054841	0.000475839075807864	0.000475841135341624	355	0.597493742604644	placo_longsleep__scz_chr17_43325576_45343136	longsleep__scz	scz
rs62054842	0.000475839075807864	0.000475841135341624	356	0.597969583739986	placo_longsleep__scz_chr17_43325576_45343136	longsleep__scz	scz
rs62054844	0.000475839075807864	0.000475841135341624	357	0.598445424875327	placo_longsleep__scz_chr17_43325576_45343136	longsleep__scz	scz
rs62054846	0.000475839075807864	0.000475841135341624	358	0.598921266010669	placo_longsleep__scz_chr17_43325576_45343136	longsleep__scz	scz
rs62054857	0.000475839075807864	0.000475841135341624	359	0.59939710714601	placo_longsleep__scz_chr17_43325576_45343136	longsleep__scz	scz
rs62054858	0.000475839075807864	0.000475841135341624	360	0.599872948281352	placo_longsleep__scz_chr17_43325576_45343136	longsleep__scz	scz
rs62054859	0.000475839075807864	0.000475841135341624	361	0.600348789416694	placo_longsleep__scz_chr17_43325576_45343136	longsleep__scz	scz
rs62055461	0.000475839075807864	0.000475841135341624	362	0.600824630552035	placo_longsleep__scz_chr17_43325576_45343136	longsleep__scz	scz
rs62055464	0.000475839075807864	0.000475841135341624	363	0.601300471687377	placo_longsleep__scz_chr17_43325576_45343136	longsleep__scz	scz
rs75500942	0.000475839075807864	0.000475841135341624	364	0.601776312822718	placo_longsleep__scz_chr17_43325576_45343136	longsleep__scz	scz
rs76329216	0.000475839075807864	0.000475841135341624	365	0.60225215395806	placo_longsleep__scz_chr17_43325576_45343136	longsleep__scz	scz
rs76421814	0.000475839075807864	0.000475841135341624	366	0.602727995093402	placo_longsleep__scz_chr17_43325576_45343136	longsleep__scz	scz
rs76627340	0.000475839075807864	0.000475841135341624	367	0.603203836228743	placo_longsleep__scz_chr17_43325576_45343136	longsleep__scz	scz
rs77489223	0.000475839075807864	0.000475841135341624	368	0.603679677364085	placo_longsleep__scz_chr17_43325576_45343136	longsleep__scz	scz
rs77625338	0.000475839075807864	0.000475841135341624	369	0.604155518499427	placo_longsleep__scz_chr17_43325576_45343136	longsleep__scz	scz
rs78440279	0.000475839075807864	0.000475841135341624	370	0.604631359634768	placo_longsleep__scz_chr17_43325576_45343136	longsleep__scz	scz
rs79889833	0.000475839075807864	0.000475841135341624	371	0.60510720077011	placo_longsleep__scz_chr17_43325576_45343136	longsleep__scz	scz
rs10445333	0.000464712554747781	0.000464714566123568	372	0.605571915336233	placo_longsleep__scz_chr17_43325576_45343136	longsleep__scz	scz
rs10445362	0.000464712554747781	0.000464714566123568	373	0.606036629902357	placo_longsleep__scz_chr17_43325576_45343136	longsleep__scz	scz
rs10445363	0.000464712554747781	0.000464714566123568	374	0.60650134446848	placo_longsleep__scz_chr17_43325576_45343136	longsleep__scz	scz
rs10445364	0.000464712554747781	0.000464714566123568	375	0.606966059034604	placo_longsleep__scz_chr17_43325576_45343136	longsleep__scz	scz
rs17763533	0.000464712554747781	0.000464714566123568	376	0.607430773600727	placo_longsleep__scz_chr17_43325576_45343136	longsleep__scz	scz
rs4482334	0.000464712554747781	0.000464714566123568	377	0.607895488166851	placo_longsleep__scz_chr17_43325576_45343136	longsleep__scz	scz
rs62054803	0.000464712554747781	0.000464714566123568	378	0.608360202732974	placo_longsleep__scz_chr17_43325576_45343136	longsleep__scz	scz
rs62054805	0.000464712554747781	0.000464714566123568	379	0.608824917299098	placo_longsleep__scz_chr17_43325576_45343136	longsleep__scz	scz
rs62054806	0.000464712554747781	0.000464714566123568	380	0.609289631865221	placo_longsleep__scz_chr17_43325576_45343136	longsleep__scz	scz
rs10514904	0.000461287230104816	0.000461289226655062	381	0.609750921091876	placo_longsleep__scz_chr17_43325576_45343136	longsleep__scz	scz
rs1468241	0.000461287230104816	0.000461289226655062	382	0.610212210318532	placo_longsleep__scz_chr17_43325576_45343136	longsleep__scz	scz
rs1991556	0.000461287230104816	0.000461289226655062	383	0.610673499545187	placo_longsleep__scz_chr17_43325576_45343136	longsleep__scz	scz
rs2316784	0.000461287230104816	0.000461289226655062	384	0.611134788771842	placo_longsleep__scz_chr17_43325576_45343136	longsleep__scz	scz
rs4327091	0.000461287230104816	0.000461289226655062	385	0.611596077998497	placo_longsleep__scz_chr17_43325576_45343136	longsleep__scz	scz
rs55657917	0.000461287230104816	0.000461289226655062	386	0.612057367225152	placo_longsleep__scz_chr17_43325576_45343136	longsleep__scz	scz
rs10445334	0.000450521906333204	0.000450523856288815	387	0.612507891081441	placo_longsleep__scz_chr17_43325576_45343136	longsleep__scz	scz
rs10445369	0.000450521906333204	0.000450523856288815	388	0.61295841493773	placo_longsleep__scz_chr17_43325576_45343136	longsleep__scz	scz
rs10445370	0.000450521906333204	0.000450523856288815	389	0.613408938794019	placo_longsleep__scz_chr17_43325576_45343136	longsleep__scz	scz
rs12150223	0.000450521906333204	0.000450523856288815	390	0.613859462650307	placo_longsleep__scz_chr17_43325576_45343136	longsleep__scz	scz
rs2316772	0.000450521906333204	0.000450523856288815	391	0.614309986506596	placo_longsleep__scz_chr17_43325576_45343136	longsleep__scz	scz
rs2316773	0.000450521906333204	0.000450523856288815	392	0.614760510362885	placo_longsleep__scz_chr17_43325576_45343136	longsleep__scz	scz
rs55653963	0.000450521906333204	0.000450523856288815	393	0.615211034219174	placo_longsleep__scz_chr17_43325576_45343136	longsleep__scz	scz
rs55751924	0.000450521906333204	0.000450523856288815	394	0.615661558075463	placo_longsleep__scz_chr17_43325576_45343136	longsleep__scz	scz
rs55996632	0.000450521906333204	0.000450523856288815	395	0.616112081931752	placo_longsleep__scz_chr17_43325576_45343136	longsleep__scz	scz
rs56254732	0.000450521906333204	0.000450523856288815	396	0.616562605788041	placo_longsleep__scz_chr17_43325576_45343136	longsleep__scz	scz
rs56289364	0.000450521906333204	0.000450523856288815	397	0.617013129644329	placo_longsleep__scz_chr17_43325576_45343136	longsleep__scz	scz
rs62054414	0.000450521906333204	0.000450523856288815	398	0.617463653500618	placo_longsleep__scz_chr17_43325576_45343136	longsleep__scz	scz
rs62054835	0.000450521906333204	0.000450523856288815	399	0.617914177356907	placo_longsleep__scz_chr17_43325576_45343136	longsleep__scz	scz
rs62055462	0.000450521906333204	0.000450523856288815	400	0.618364701213196	placo_longsleep__scz_chr17_43325576_45343136	longsleep__scz	scz
rs62055463	0.000450521906333204	0.000450523856288815	401	0.618815225069485	placo_longsleep__scz_chr17_43325576_45343136	longsleep__scz	scz
rs62055466	0.000450521906333204	0.000450523856288815	402	0.619265748925774	placo_longsleep__scz_chr17_43325576_45343136	longsleep__scz	scz
rs62055467	0.000450521906333204	0.000450523856288815	403	0.619716272782063	placo_longsleep__scz_chr17_43325576_45343136	longsleep__scz	scz
rs62055492	0.000450521906333204	0.000450523856288815	404	0.620166796638351	placo_longsleep__scz_chr17_43325576_45343136	longsleep__scz	scz
rs62056930	0.000450521906333204	0.000450523856288815	405	0.62061732049464	placo_longsleep__scz_chr17_43325576_45343136	longsleep__scz	scz
rs739642	0.000450521906333204	0.000450523856288815	406	0.621067844350929	placo_longsleep__scz_chr17_43325576_45343136	longsleep__scz	scz
rs75690239	0.000450521906333204	0.000450523856288815	407	0.621518368207218	placo_longsleep__scz_chr17_43325576_45343136	longsleep__scz	scz
rs757055	0.000450521906333204	0.000450523856288815	408	0.621968892063507	placo_longsleep__scz_chr17_43325576_45343136	longsleep__scz	scz
rs75945623	0.000450521906333204	0.000450523856288815	409	0.622419415919796	placo_longsleep__scz_chr17_43325576_45343136	longsleep__scz	scz
rs79589869	0.000450521906333204	0.000450523856288815	410	0.622869939776085	placo_longsleep__scz_chr17_43325576_45343136	longsleep__scz	scz
rs17690176	0.000439758233444358	0.00043976013681248	411	0.623309699912897	placo_longsleep__scz_chr17_43325576_45343136	longsleep__scz	scz
rs17690314	0.000439758233444358	0.00043976013681248	412	0.623749460049709	placo_longsleep__scz_chr17_43325576_45343136	longsleep__scz	scz
rs17690326	0.000439758233444358	0.00043976013681248	413	0.624189220186522	placo_longsleep__scz_chr17_43325576_45343136	longsleep__scz	scz
rs17763515	0.000439758233444358	0.00043976013681248	414	0.624628980323334	placo_longsleep__scz_chr17_43325576_45343136	longsleep__scz	scz
rs56023973	0.000439758233444358	0.00043976013681248	415	0.625068740460147	placo_longsleep__scz_chr17_43325576_45343136	longsleep__scz	scz
rs56150806	0.000439758233444358	0.00043976013681248	416	0.625508500596959	placo_longsleep__scz_chr17_43325576_45343136	longsleep__scz	scz
rs62054809	0.000439758233444358	0.00043976013681248	417	0.625948260733772	placo_longsleep__scz_chr17_43325576_45343136	longsleep__scz	scz
rs74922289	0.000439758233444358	0.00043976013681248	418	0.626388020870584	placo_longsleep__scz_chr17_43325576_45343136	longsleep__scz	scz
rs77692262	0.000439758233444358	0.00043976013681248	419	0.626827781007397	placo_longsleep__scz_chr17_43325576_45343136	longsleep__scz	scz
rs78328427	0.000439758233444358	0.00043976013681248	420	0.627267541144209	placo_longsleep__scz_chr17_43325576_45343136	longsleep__scz	scz
rs4479290	0.000437004764016414	0.000437006655466929	421	0.627704547799676	placo_longsleep__scz_chr17_43325576_45343136	longsleep__scz	scz
rs55767267	0.000437004764016414	0.000437006655466929	422	0.628141554455143	placo_longsleep__scz_chr17_43325576_45343136	longsleep__scz	scz
rs56194509	0.000437004764016414	0.000437006655466929	423	0.62857856111061	placo_longsleep__scz_chr17_43325576_45343136	longsleep__scz	scz
rs62061853	0.000437004764016414	0.000437006655466929	424	0.629015567766077	placo_longsleep__scz_chr17_43325576_45343136	longsleep__scz	scz
rs10445336	0.000426588327954358	0.0004265901743203	425	0.629442157940397	placo_longsleep__scz_chr17_43325576_45343136	longsleep__scz	scz
rs1078830	0.000426588327954358	0.0004265901743203	426	0.629868748114718	placo_longsleep__scz_chr17_43325576_45343136	longsleep__scz	scz
rs12150516	0.000426588327954358	0.0004265901743203	427	0.630295338289038	placo_longsleep__scz_chr17_43325576_45343136	longsleep__scz	scz
rs17690661	0.000426588327954358	0.0004265901743203	428	0.630721928463358	placo_longsleep__scz_chr17_43325576_45343136	longsleep__scz	scz
rs17690679	0.000426588327954358	0.0004265901743203	429	0.631148518637679	placo_longsleep__scz_chr17_43325576_45343136	longsleep__scz	scz
rs2055794	0.000426588327954358	0.0004265901743203	430	0.631575108811999	placo_longsleep__scz_chr17_43325576_45343136	longsleep__scz	scz
rs2055795	0.000426588327954358	0.0004265901743203	431	0.632001698986319	placo_longsleep__scz_chr17_43325576_45343136	longsleep__scz	scz
rs2106784	0.000426588327954358	0.0004265901743203	432	0.63242828916064	placo_longsleep__scz_chr17_43325576_45343136	longsleep__scz	scz
rs2158072	0.000426588327954358	0.0004265901743203	433	0.63285487933496	placo_longsleep__scz_chr17_43325576_45343136	longsleep__scz	scz
rs2316771	0.000426588327954358	0.0004265901743203	434	0.63328146950928	placo_longsleep__scz_chr17_43325576_45343136	longsleep__scz	scz
rs2316774	0.000426588327954358	0.0004265901743203	435	0.633708059683601	placo_longsleep__scz_chr17_43325576_45343136	longsleep__scz	scz
rs34416056	0.000426588327954358	0.0004265901743203	436	0.634134649857921	placo_longsleep__scz_chr17_43325576_45343136	longsleep__scz	scz
rs55673340	0.000426588327954358	0.0004265901743203	437	0.634561240032241	placo_longsleep__scz_chr17_43325576_45343136	longsleep__scz	scz
rs55943825	0.000426588327954358	0.0004265901743203	438	0.634987830206562	placo_longsleep__scz_chr17_43325576_45343136	longsleep__scz	scz
rs56040418	0.000426588327954358	0.0004265901743203	439	0.635414420380882	placo_longsleep__scz_chr17_43325576_45343136	longsleep__scz	scz
rs56046792	0.000426588327954358	0.0004265901743203	440	0.635841010555202	placo_longsleep__scz_chr17_43325576_45343136	longsleep__scz	scz
rs56082319	0.000426588327954358	0.0004265901743203	441	0.636267600729523	placo_longsleep__scz_chr17_43325576_45343136	longsleep__scz	scz
rs56290582	0.000426588327954358	0.0004265901743203	442	0.636694190903843	placo_longsleep__scz_chr17_43325576_45343136	longsleep__scz	scz
rs56398500	0.000426588327954358	0.0004265901743203	443	0.637120781078164	placo_longsleep__scz_chr17_43325576_45343136	longsleep__scz	scz
rs62054398	0.000426588327954358	0.0004265901743203	444	0.637547371252484	placo_longsleep__scz_chr17_43325576_45343136	longsleep__scz	scz
rs62054399	0.000426588327954358	0.0004265901743203	445	0.637973961426804	placo_longsleep__scz_chr17_43325576_45343136	longsleep__scz	scz
rs62054400	0.000426588327954358	0.0004265901743203	446	0.638400551601125	placo_longsleep__scz_chr17_43325576_45343136	longsleep__scz	scz
rs62054411	0.000426588327954358	0.0004265901743203	447	0.638827141775445	placo_longsleep__scz_chr17_43325576_45343136	longsleep__scz	scz
rs62054412	0.000426588327954358	0.0004265901743203	448	0.639253731949765	placo_longsleep__scz_chr17_43325576_45343136	longsleep__scz	scz
rs62054832	0.000426588327954358	0.0004265901743203	449	0.639680322124086	placo_longsleep__scz_chr17_43325576_45343136	longsleep__scz	scz
rs62054843	0.000426588327954358	0.0004265901743203	450	0.640106912298406	placo_longsleep__scz_chr17_43325576_45343136	longsleep__scz	scz
rs62055477	0.000426588327954358	0.0004265901743203	451	0.640533502472726	placo_longsleep__scz_chr17_43325576_45343136	longsleep__scz	scz
rs62055478	0.000426588327954358	0.0004265901743203	452	0.640960092647047	placo_longsleep__scz_chr17_43325576_45343136	longsleep__scz	scz
rs62055483	0.000426588327954358	0.0004265901743203	453	0.641386682821367	placo_longsleep__scz_chr17_43325576_45343136	longsleep__scz	scz
rs62055486	0.000426588327954358	0.0004265901743203	454	0.641813272995687	placo_longsleep__scz_chr17_43325576_45343136	longsleep__scz	scz
rs62055488	0.000426588327954358	0.0004265901743203	455	0.642239863170008	placo_longsleep__scz_chr17_43325576_45343136	longsleep__scz	scz
rs62055490	0.000426588327954358	0.0004265901743203	456	0.642666453344328	placo_longsleep__scz_chr17_43325576_45343136	longsleep__scz	scz
rs62055491	0.000426588327954358	0.0004265901743203	457	0.643093043518648	placo_longsleep__scz_chr17_43325576_45343136	longsleep__scz	scz
rs62055493	0.000426588327954358	0.0004265901743203	458	0.643519633692969	placo_longsleep__scz_chr17_43325576_45343136	longsleep__scz	scz
rs62055494	0.000426588327954358	0.0004265901743203	459	0.643946223867289	placo_longsleep__scz_chr17_43325576_45343136	longsleep__scz	scz
rs62055495	0.000426588327954358	0.0004265901743203	460	0.644372814041609	placo_longsleep__scz_chr17_43325576_45343136	longsleep__scz	scz
rs62055496	0.000426588327954358	0.0004265901743203	461	0.64479940421593	placo_longsleep__scz_chr17_43325576_45343136	longsleep__scz	scz
rs62055501	0.000426588327954358	0.0004265901743203	462	0.64522599439025	placo_longsleep__scz_chr17_43325576_45343136	longsleep__scz	scz
rs62056911	0.000426588327954358	0.0004265901743203	463	0.64565258456457	placo_longsleep__scz_chr17_43325576_45343136	longsleep__scz	scz
rs62056913	0.000426588327954358	0.0004265901743203	464	0.646079174738891	placo_longsleep__scz_chr17_43325576_45343136	longsleep__scz	scz
rs62056927	0.000426588327954358	0.0004265901743203	465	0.646505764913211	placo_longsleep__scz_chr17_43325576_45343136	longsleep__scz	scz
rs62056928	0.000426588327954358	0.0004265901743203	466	0.646932355087531	placo_longsleep__scz_chr17_43325576_45343136	longsleep__scz	scz
rs62056929	0.000426588327954358	0.0004265901743203	467	0.647358945261852	placo_longsleep__scz_chr17_43325576_45343136	longsleep__scz	scz
rs739643	0.000426588327954358	0.0004265901743203	468	0.647785535436172	placo_longsleep__scz_chr17_43325576_45343136	longsleep__scz	scz
rs75104593	0.000426588327954358	0.0004265901743203	469	0.648212125610492	placo_longsleep__scz_chr17_43325576_45343136	longsleep__scz	scz
rs77092481	0.000426588327954358	0.0004265901743203	470	0.648638715784813	placo_longsleep__scz_chr17_43325576_45343136	longsleep__scz	scz
rs78238042	0.000426588327954358	0.0004265901743203	471	0.649065305959133	placo_longsleep__scz_chr17_43325576_45343136	longsleep__scz	scz
rs78637438	0.000426588327954358	0.0004265901743203	472	0.649491896133453	placo_longsleep__scz_chr17_43325576_45343136	longsleep__scz	scz
rs79892630	0.000426588327954358	0.0004265901743203	473	0.649918486307774	placo_longsleep__scz_chr17_43325576_45343136	longsleep__scz	scz
rs9915547	0.000426588327954358	0.0004265901743203	474	0.650345076482094	placo_longsleep__scz_chr17_43325576_45343136	longsleep__scz	scz
rs56301633	0.000424119241652365	0.000424121077331571	475	0.650769197559426	placo_longsleep__scz_chr17_43325576_45343136	longsleep__scz	scz
rs112583797	0.000418268994591033	0.000418270804949112	476	0.651187468364375	placo_longsleep__scz_chr17_43325576_45343136	longsleep__scz	scz
rs17763596	0.000418268994591033	0.000418270804949112	477	0.651605739169324	placo_longsleep__scz_chr17_43325576_45343136	longsleep__scz	scz
rs2004673	0.00041607116050707	0.000416072961352451	478	0.652021812130676	placo_longsleep__scz_chr17_43325576_45343136	longsleep__scz	scz
rs2532307	0.00041607116050707	0.000416072961352451	479	0.652437885092029	placo_longsleep__scz_chr17_43325576_45343136	longsleep__scz	scz
rs56127309	0.00041607116050707	0.000416072961352451	480	0.652853958053381	placo_longsleep__scz_chr17_43325576_45343136	longsleep__scz	scz
rs56365901	0.00041607116050707	0.000416072961352451	481	0.653270031014734	placo_longsleep__scz_chr17_43325576_45343136	longsleep__scz	scz
rs111415173	0.000405965876871295	0.000405967633978838	482	0.653675998648713	placo_longsleep__scz_chr17_43325576_45343136	longsleep__scz	scz
rs112915466	0.000405965876871295	0.000405967633978838	483	0.654081966282692	placo_longsleep__scz_chr17_43325576_45343136	longsleep__scz	scz
rs112995313	0.000405965876871295	0.000405967633978838	484	0.65448793391667	placo_longsleep__scz_chr17_43325576_45343136	longsleep__scz	scz
rs113414067	0.000405965876871295	0.000405967633978838	485	0.654893901550649	placo_longsleep__scz_chr17_43325576_45343136	longsleep__scz	scz
rs113991678	0.000405965876871295	0.000405967633978838	486	0.655299869184628	placo_longsleep__scz_chr17_43325576_45343136	longsleep__scz	scz
rs17649019	0.000405965876871295	0.000405967633978838	487	0.655705836818607	placo_longsleep__scz_chr17_43325576_45343136	longsleep__scz	scz
rs17689218	0.000405965876871295	0.000405967633978838	488	0.656111804452586	placo_longsleep__scz_chr17_43325576_45343136	longsleep__scz	scz
rs17691328	0.000405965876871295	0.000405967633978838	489	0.656517772086564	placo_longsleep__scz_chr17_43325576_45343136	longsleep__scz	scz
rs17762535	0.000405965876871295	0.000405967633978838	490	0.656923739720543	placo_longsleep__scz_chr17_43325576_45343136	longsleep__scz	scz
rs17770108	0.000405965876871295	0.000405967633978838	491	0.657329707354522	placo_longsleep__scz_chr17_43325576_45343136	longsleep__scz	scz
rs17770120	0.000405965876871295	0.000405967633978838	492	0.657735674988501	placo_longsleep__scz_chr17_43325576_45343136	longsleep__scz	scz
rs2019816	0.000405965876871295	0.000405967633978838	493	0.65814164262248	placo_longsleep__scz_chr17_43325576_45343136	longsleep__scz	scz
rs4441322	0.000405965876871295	0.000405967633978838	494	0.658547610256459	placo_longsleep__scz_chr17_43325576_45343136	longsleep__scz	scz
rs4479289	0.000405965876871295	0.000405967633978838	495	0.658953577890437	placo_longsleep__scz_chr17_43325576_45343136	longsleep__scz	scz
rs4609898	0.000405965876871295	0.000405967633978838	496	0.659359545524416	placo_longsleep__scz_chr17_43325576_45343136	longsleep__scz	scz
rs55849973	0.000405965876871295	0.000405967633978838	497	0.659765513158395	placo_longsleep__scz_chr17_43325576_45343136	longsleep__scz	scz
rs55894109	0.000405965876871295	0.000405967633978838	498	0.660171480792374	placo_longsleep__scz_chr17_43325576_45343136	longsleep__scz	scz
rs55905252	0.000405965876871295	0.000405967633978838	499	0.660577448426353	placo_longsleep__scz_chr17_43325576_45343136	longsleep__scz	scz
rs55937610	0.000405965876871295	0.000405967633978838	500	0.660983416060332	placo_longsleep__scz_chr17_43325576_45343136	longsleep__scz	scz
rs55962674	0.000405965876871295	0.000405967633978838	501	0.66138938369431	placo_longsleep__scz_chr17_43325576_45343136	longsleep__scz	scz
rs55975673	0.000405965876871295	0.000405967633978838	502	0.661795351328289	placo_longsleep__scz_chr17_43325576_45343136	longsleep__scz	scz
rs56101773	0.000405965876871295	0.000405967633978838	503	0.662201318962268	placo_longsleep__scz_chr17_43325576_45343136	longsleep__scz	scz
rs56167560	0.000405965876871295	0.000405967633978838	504	0.662607286596247	placo_longsleep__scz_chr17_43325576_45343136	longsleep__scz	scz
rs56194412	0.000405965876871295	0.000405967633978838	505	0.663013254230226	placo_longsleep__scz_chr17_43325576_45343136	longsleep__scz	scz
rs56249780	0.000405965876871295	0.000405967633978838	506	0.663419221864204	placo_longsleep__scz_chr17_43325576_45343136	longsleep__scz	scz
rs56343551	0.000405965876871295	0.000405967633978838	507	0.663825189498183	placo_longsleep__scz_chr17_43325576_45343136	longsleep__scz	scz
rs56364632	0.000405965876871295	0.000405967633978838	508	0.664231157132162	placo_longsleep__scz_chr17_43325576_45343136	longsleep__scz	scz
rs56387391	0.000405965876871295	0.000405967633978838	509	0.664637124766141	placo_longsleep__scz_chr17_43325576_45343136	longsleep__scz	scz
rs56397077	0.000405965876871295	0.000405967633978838	510	0.66504309240012	placo_longsleep__scz_chr17_43325576_45343136	longsleep__scz	scz
rs61667602	0.000405965876871295	0.000405967633978838	511	0.665449060034099	placo_longsleep__scz_chr17_43325576_45343136	longsleep__scz	scz
rs62054378	0.000405965876871295	0.000405967633978838	512	0.665855027668077	placo_longsleep__scz_chr17_43325576_45343136	longsleep__scz	scz
rs62054381	0.000405965876871295	0.000405967633978838	513	0.666260995302056	placo_longsleep__scz_chr17_43325576_45343136	longsleep__scz	scz
rs62055475	0.000405965876871295	0.000405967633978838	514	0.666666962936035	placo_longsleep__scz_chr17_43325576_45343136	longsleep__scz	scz
rs62055497	0.000405965876871295	0.000405967633978838	515	0.667072930570014	placo_longsleep__scz_chr17_43325576_45343136	longsleep__scz	scz
rs62055498	0.000405965876871295	0.000405967633978838	516	0.667478898203993	placo_longsleep__scz_chr17_43325576_45343136	longsleep__scz	scz
rs62055500	0.000405965876871295	0.000405967633978838	517	0.667884865837971	placo_longsleep__scz_chr17_43325576_45343136	longsleep__scz	scz
rs62055502	0.000405965876871295	0.000405967633978838	518	0.66829083347195	placo_longsleep__scz_chr17_43325576_45343136	longsleep__scz	scz
rs62055515	0.000405965876871295	0.000405967633978838	519	0.668696801105929	placo_longsleep__scz_chr17_43325576_45343136	longsleep__scz	scz
rs62055516	0.000405965876871295	0.000405967633978838	520	0.669102768739908	placo_longsleep__scz_chr17_43325576_45343136	longsleep__scz	scz
rs62055517	0.000405965876871295	0.000405967633978838	521	0.669508736373887	placo_longsleep__scz_chr17_43325576_45343136	longsleep__scz	scz
rs62055518	0.000405965876871295	0.000405967633978838	522	0.669914704007866	placo_longsleep__scz_chr17_43325576_45343136	longsleep__scz	scz
rs62055525	0.000405965876871295	0.000405967633978838	523	0.670320671641844	placo_longsleep__scz_chr17_43325576_45343136	longsleep__scz	scz
rs62055529	0.000405965876871295	0.000405967633978838	524	0.670726639275823	placo_longsleep__scz_chr17_43325576_45343136	longsleep__scz	scz
rs62055538	0.000405965876871295	0.000405967633978838	525	0.671132606909802	placo_longsleep__scz_chr17_43325576_45343136	longsleep__scz	scz
rs62055539	0.000405965876871295	0.000405967633978838	526	0.671538574543781	placo_longsleep__scz_chr17_43325576_45343136	longsleep__scz	scz
rs62055542	0.000405965876871295	0.000405967633978838	527	0.67194454217776	placo_longsleep__scz_chr17_43325576_45343136	longsleep__scz	scz
rs62055550	0.000405965876871295	0.000405967633978838	528	0.672350509811738	placo_longsleep__scz_chr17_43325576_45343136	longsleep__scz	scz
rs62056880	0.000405965876871295	0.000405967633978838	529	0.672756477445717	placo_longsleep__scz_chr17_43325576_45343136	longsleep__scz	scz
rs62056910	0.000405965876871295	0.000405967633978838	530	0.673162445079696	placo_longsleep__scz_chr17_43325576_45343136	longsleep__scz	scz
rs62056912	0.000405965876871295	0.000405967633978838	531	0.673568412713675	placo_longsleep__scz_chr17_43325576_45343136	longsleep__scz	scz
rs62056916	0.000405965876871295	0.000405967633978838	532	0.673974380347654	placo_longsleep__scz_chr17_43325576_45343136	longsleep__scz	scz
rs62056917	0.000405965876871295	0.000405967633978838	533	0.674380347981633	placo_longsleep__scz_chr17_43325576_45343136	longsleep__scz	scz
rs62056918	0.000405965876871295	0.000405967633978838	534	0.674786315615611	placo_longsleep__scz_chr17_43325576_45343136	longsleep__scz	scz
rs62056919	0.000405965876871295	0.000405967633978838	535	0.67519228324959	placo_longsleep__scz_chr17_43325576_45343136	longsleep__scz	scz
rs62056920	0.000405965876871295	0.000405967633978838	536	0.675598250883569	placo_longsleep__scz_chr17_43325576_45343136	longsleep__scz	scz
rs62056921	0.000405965876871295	0.000405967633978838	537	0.676004218517548	placo_longsleep__scz_chr17_43325576_45343136	longsleep__scz	scz
rs62056925	0.000405965876871295	0.000405967633978838	538	0.676410186151527	placo_longsleep__scz_chr17_43325576_45343136	longsleep__scz	scz
rs62056946	0.000405965876871295	0.000405967633978838	539	0.676816153785506	placo_longsleep__scz_chr17_43325576_45343136	longsleep__scz	scz
rs74863825	0.000405965876871295	0.000405967633978838	540	0.677222121419484	placo_longsleep__scz_chr17_43325576_45343136	longsleep__scz	scz
rs74998289	0.000405965876871295	0.000405967633978838	541	0.677628089053463	placo_longsleep__scz_chr17_43325576_45343136	longsleep__scz	scz
rs75310534	0.000405965876871295	0.000405967633978838	542	0.678034056687442	placo_longsleep__scz_chr17_43325576_45343136	longsleep__scz	scz
rs76007856	0.000405965876871295	0.000405967633978838	543	0.678440024321421	placo_longsleep__scz_chr17_43325576_45343136	longsleep__scz	scz
rs767058	0.000405965876871295	0.000405967633978838	544	0.6788459919554	placo_longsleep__scz_chr17_43325576_45343136	longsleep__scz	scz
rs77129180	0.000405965876871295	0.000405967633978838	545	0.679251959589378	placo_longsleep__scz_chr17_43325576_45343136	longsleep__scz	scz
rs77370070	0.000405965876871295	0.000405967633978838	546	0.679657927223357	placo_longsleep__scz_chr17_43325576_45343136	longsleep__scz	scz
rs77426526	0.000405965876871295	0.000405967633978838	547	0.680063894857336	placo_longsleep__scz_chr17_43325576_45343136	longsleep__scz	scz
rs77819001	0.000405965876871295	0.000405967633978838	548	0.680469862491315	placo_longsleep__scz_chr17_43325576_45343136	longsleep__scz	scz
rs79322350	0.000405965876871295	0.000405967633978838	549	0.680875830125294	placo_longsleep__scz_chr17_43325576_45343136	longsleep__scz	scz
rs79580365	0.000405965876871295	0.000405967633978838	550	0.681281797759273	placo_longsleep__scz_chr17_43325576_45343136	longsleep__scz	scz
rs916793	0.000405965876871295	0.000405967633978838	551	0.681687765393251	placo_longsleep__scz_chr17_43325576_45343136	longsleep__scz	scz
rs56971664	0.000395874779615784	0.000395876493046889	552	0.682083641886298	placo_longsleep__scz_chr17_43325576_45343136	longsleep__scz	scz
rs112572874	0.000394232169173975	0.000394233875495509	553	0.682477875761794	placo_longsleep__scz_chr17_43325576_45343136	longsleep__scz	scz
rs17661027	0.000394232169173975	0.000394233875495509	554	0.682872109637289	placo_longsleep__scz_chr17_43325576_45343136	longsleep__scz	scz
rs2106785	0.000394232169173975	0.000394233875495509	555	0.683266343512785	placo_longsleep__scz_chr17_43325576_45343136	longsleep__scz	scz
rs41384744	0.000394232169173975	0.000394233875495509	556	0.68366057738828	placo_longsleep__scz_chr17_43325576_45343136	longsleep__scz	scz
rs611351	0.000394232169173975	0.000394233875495509	557	0.684054811263776	placo_longsleep__scz_chr17_43325576_45343136	longsleep__scz	scz
rs62055546	0.000394232169173975	0.000394233875495509	558	0.684449045139271	placo_longsleep__scz_chr17_43325576_45343136	longsleep__scz	scz
rs10514879	0.000384462268316403	0.000384463932351708	559	0.684833509071623	placo_longsleep__scz_chr17_43325576_45343136	longsleep__scz	scz
rs112570965	0.000384462268316403	0.000384463932351708	560	0.685217973003975	placo_longsleep__scz_chr17_43325576_45343136	longsleep__scz	scz
rs113327263	0.000384462268316403	0.000384463932351708	561	0.685602436936326	placo_longsleep__scz_chr17_43325576_45343136	longsleep__scz	scz
rs113661667	0.000384462268316403	0.000384463932351708	562	0.685986900868678	placo_longsleep__scz_chr17_43325576_45343136	longsleep__scz	scz
rs11575896	0.000384462268316403	0.000384463932351708	563	0.68637136480103	placo_longsleep__scz_chr17_43325576_45343136	longsleep__scz	scz
rs1526126	0.000384462268316403	0.000384463932351708	564	0.686755828733382	placo_longsleep__scz_chr17_43325576_45343136	longsleep__scz	scz
rs1526129	0.000384462268316403	0.000384463932351708	565	0.687140292665733	placo_longsleep__scz_chr17_43325576_45343136	longsleep__scz	scz
rs17563433	0.000384462268316403	0.000384463932351708	566	0.687524756598085	placo_longsleep__scz_chr17_43325576_45343136	longsleep__scz	scz
rs17563501	0.000384462268316403	0.000384463932351708	567	0.687909220530437	placo_longsleep__scz_chr17_43325576_45343136	longsleep__scz	scz
rs17686610	0.000384462268316403	0.000384463932351708	568	0.688293684462788	placo_longsleep__scz_chr17_43325576_45343136	longsleep__scz	scz
rs17689116	0.000384462268316403	0.000384463932351708	569	0.68867814839514	placo_longsleep__scz_chr17_43325576_45343136	longsleep__scz	scz
rs17691466	0.000384462268316403	0.000384463932351708	570	0.689062612327492	placo_longsleep__scz_chr17_43325576_45343136	longsleep__scz	scz
rs17691610	0.000384462268316403	0.000384463932351708	571	0.689447076259843	placo_longsleep__scz_chr17_43325576_45343136	longsleep__scz	scz
rs17762308	0.000384462268316403	0.000384463932351708	572	0.689831540192195	placo_longsleep__scz_chr17_43325576_45343136	longsleep__scz	scz
rs17770150	0.000384462268316403	0.000384463932351708	573	0.690216004124547	placo_longsleep__scz_chr17_43325576_45343136	longsleep__scz	scz
rs17770186	0.000384462268316403	0.000384463932351708	574	0.690600468056899	placo_longsleep__scz_chr17_43325576_45343136	longsleep__scz	scz
rs17770337	0.000384462268316403	0.000384463932351708	575	0.69098493198925	placo_longsleep__scz_chr17_43325576_45343136	longsleep__scz	scz
rs17770343	0.000384462268316403	0.000384463932351708	576	0.691369395921602	placo_longsleep__scz_chr17_43325576_45343136	longsleep__scz	scz
rs389978	0.000384462268316403	0.000384463932351708	577	0.691753859853954	placo_longsleep__scz_chr17_43325576_45343136	longsleep__scz	scz
rs436667	0.000384462268316403	0.000384463932351708	578	0.692138323786305	placo_longsleep__scz_chr17_43325576_45343136	longsleep__scz	scz
rs4479288	0.000384462268316403	0.000384463932351708	579	0.692522787718657	placo_longsleep__scz_chr17_43325576_45343136	longsleep__scz	scz
rs55653657	0.000384462268316403	0.000384463932351708	580	0.692907251651009	placo_longsleep__scz_chr17_43325576_45343136	longsleep__scz	scz
rs55768605	0.000384462268316403	0.000384463932351708	581	0.69329171558336	placo_longsleep__scz_chr17_43325576_45343136	longsleep__scz	scz
rs55938136	0.000384462268316403	0.000384463932351708	582	0.693676179515712	placo_longsleep__scz_chr17_43325576_45343136	longsleep__scz	scz
rs55943606	0.000384462268316403	0.000384463932351708	583	0.694060643448064	placo_longsleep__scz_chr17_43325576_45343136	longsleep__scz	scz
rs55973918	0.000384462268316403	0.000384463932351708	584	0.694445107380416	placo_longsleep__scz_chr17_43325576_45343136	longsleep__scz	scz
rs55989971	0.000384462268316403	0.000384463932351708	585	0.694829571312767	placo_longsleep__scz_chr17_43325576_45343136	longsleep__scz	scz
rs56160448	0.000384462268316403	0.000384463932351708	586	0.695214035245119	placo_longsleep__scz_chr17_43325576_45343136	longsleep__scz	scz
rs56220242	0.000384462268316403	0.000384463932351708	587	0.695598499177471	placo_longsleep__scz_chr17_43325576_45343136	longsleep__scz	scz
rs56280222	0.000384462268316403	0.000384463932351708	588	0.695982963109822	placo_longsleep__scz_chr17_43325576_45343136	longsleep__scz	scz
rs56323722	0.000384462268316403	0.000384463932351708	589	0.696367427042174	placo_longsleep__scz_chr17_43325576_45343136	longsleep__scz	scz
rs56380663	0.000384462268316403	0.000384463932351708	590	0.696751890974526	placo_longsleep__scz_chr17_43325576_45343136	longsleep__scz	scz
rs62054380	0.000384462268316403	0.000384463932351708	591	0.697136354906877	placo_longsleep__scz_chr17_43325576_45343136	longsleep__scz	scz
rs62054382	0.000384462268316403	0.000384463932351708	592	0.697520818839229	placo_longsleep__scz_chr17_43325576_45343136	longsleep__scz	scz
rs62054383	0.000384462268316403	0.000384463932351708	593	0.697905282771581	placo_longsleep__scz_chr17_43325576_45343136	longsleep__scz	scz
rs62054384	0.000384462268316403	0.000384463932351708	594	0.698289746703933	placo_longsleep__scz_chr17_43325576_45343136	longsleep__scz	scz
rs62054387	0.000384462268316403	0.000384463932351708	595	0.698674210636284	placo_longsleep__scz_chr17_43325576_45343136	longsleep__scz	scz
rs62055548	0.000384462268316403	0.000384463932351708	596	0.699058674568636	placo_longsleep__scz_chr17_43325576_45343136	longsleep__scz	scz
rs62055552	0.000384462268316403	0.000384463932351708	597	0.699443138500988	placo_longsleep__scz_chr17_43325576_45343136	longsleep__scz	scz
rs62055553	0.000384462268316403	0.000384463932351708	598	0.699827602433339	placo_longsleep__scz_chr17_43325576_45343136	longsleep__scz	scz
rs62055554	0.000384462268316403	0.000384463932351708	599	0.700212066365691	placo_longsleep__scz_chr17_43325576_45343136	longsleep__scz	scz
rs62055555	0.000384462268316403	0.000384463932351708	600	0.700596530298043	placo_longsleep__scz_chr17_43325576_45343136	longsleep__scz	scz
rs62055556	0.000384462268316403	0.000384463932351708	601	0.700980994230394	placo_longsleep__scz_chr17_43325576_45343136	longsleep__scz	scz
rs62055557	0.000384462268316403	0.000384463932351708	602	0.701365458162746	placo_longsleep__scz_chr17_43325576_45343136	longsleep__scz	scz
rs62055558	0.000384462268316403	0.000384463932351708	603	0.701749922095098	placo_longsleep__scz_chr17_43325576_45343136	longsleep__scz	scz
rs62055559	0.000384462268316403	0.000384463932351708	604	0.70213438602745	placo_longsleep__scz_chr17_43325576_45343136	longsleep__scz	scz
rs62056760	0.000384462268316403	0.000384463932351708	605	0.702518849959801	placo_longsleep__scz_chr17_43325576_45343136	longsleep__scz	scz
rs62056773	0.000384462268316403	0.000384463932351708	606	0.702903313892153	placo_longsleep__scz_chr17_43325576_45343136	longsleep__scz	scz
rs62056774	0.000384462268316403	0.000384463932351708	607	0.703287777824505	placo_longsleep__scz_chr17_43325576_45343136	longsleep__scz	scz
rs62056775	0.000384462268316403	0.000384463932351708	608	0.703672241756856	placo_longsleep__scz_chr17_43325576_45343136	longsleep__scz	scz
rs62056776	0.000384462268316403	0.000384463932351708	609	0.704056705689208	placo_longsleep__scz_chr17_43325576_45343136	longsleep__scz	scz
rs62056777	0.000384462268316403	0.000384463932351708	610	0.70444116962156	placo_longsleep__scz_chr17_43325576_45343136	longsleep__scz	scz
rs62056779	0.000384462268316403	0.000384463932351708	611	0.704825633553911	placo_longsleep__scz_chr17_43325576_45343136	longsleep__scz	scz
rs62056785	0.000384462268316403	0.000384463932351708	612	0.705210097486263	placo_longsleep__scz_chr17_43325576_45343136	longsleep__scz	scz
rs62056879	0.000384462268316403	0.000384463932351708	613	0.705594561418615	placo_longsleep__scz_chr17_43325576_45343136	longsleep__scz	scz
rs62056881	0.000384462268316403	0.000384463932351708	614	0.705979025350966	placo_longsleep__scz_chr17_43325576_45343136	longsleep__scz	scz
rs62056906	0.000384462268316403	0.000384463932351708	615	0.706363489283318	placo_longsleep__scz_chr17_43325576_45343136	longsleep__scz	scz
rs62056935	0.000384462268316403	0.000384463932351708	616	0.70674795321567	placo_longsleep__scz_chr17_43325576_45343136	longsleep__scz	scz
rs62056937	0.000384462268316403	0.000384463932351708	617	0.707132417148022	placo_longsleep__scz_chr17_43325576_45343136	longsleep__scz	scz
rs62056939	0.000384462268316403	0.000384463932351708	618	0.707516881080373	placo_longsleep__scz_chr17_43325576_45343136	longsleep__scz	scz
rs74579538	0.000384462268316403	0.000384463932351708	619	0.707901345012725	placo_longsleep__scz_chr17_43325576_45343136	longsleep__scz	scz
rs7502718	0.000384462268316403	0.000384463932351708	620	0.708285808945077	placo_longsleep__scz_chr17_43325576_45343136	longsleep__scz	scz
rs7502937	0.000384462268316403	0.000384463932351708	621	0.708670272877428	placo_longsleep__scz_chr17_43325576_45343136	longsleep__scz	scz
rs75076131	0.000384462268316403	0.000384463932351708	622	0.70905473680978	placo_longsleep__scz_chr17_43325576_45343136	longsleep__scz	scz
rs75403953	0.000384462268316403	0.000384463932351708	623	0.709439200742132	placo_longsleep__scz_chr17_43325576_45343136	longsleep__scz	scz
rs75990322	0.000384462268316403	0.000384463932351708	624	0.709823664674483	placo_longsleep__scz_chr17_43325576_45343136	longsleep__scz	scz
rs77387379	0.000384462268316403	0.000384463932351708	625	0.710208128606835	placo_longsleep__scz_chr17_43325576_45343136	longsleep__scz	scz
rs78729125	0.000384462268316403	0.000384463932351708	626	0.710592592539187	placo_longsleep__scz_chr17_43325576_45343136	longsleep__scz	scz
rs78803763	0.000384462268316403	0.000384463932351708	627	0.710977056471539	placo_longsleep__scz_chr17_43325576_45343136	longsleep__scz	scz
rs79193046	0.000384462268316403	0.000384463932351708	628	0.71136152040389	placo_longsleep__scz_chr17_43325576_45343136	longsleep__scz	scz
rs968027	0.000384462268316403	0.000384463932351708	629	0.711745984336242	placo_longsleep__scz_chr17_43325576_45343136	longsleep__scz	scz
rs1052551	0.000373570896464384	0.000373572513359491	630	0.712119556849601	placo_longsleep__scz_chr17_43325576_45343136	longsleep__scz	scz
rs111424940	0.000373570896464384	0.000373572513359491	631	0.712493129362961	placo_longsleep__scz_chr17_43325576_45343136	longsleep__scz	scz
rs17577975	0.000373570896464384	0.000373572513359491	632	0.71286670187632	placo_longsleep__scz_chr17_43325576_45343136	longsleep__scz	scz
rs17652036	0.000373570896464384	0.000373572513359491	633	0.71324027438968	placo_longsleep__scz_chr17_43325576_45343136	longsleep__scz	scz
rs2188888	0.000373570896464384	0.000373572513359491	634	0.713613846903039	placo_longsleep__scz_chr17_43325576_45343136	longsleep__scz	scz
rs3919455	0.000373570896464384	0.000373572513359491	635	0.713987419416399	placo_longsleep__scz_chr17_43325576_45343136	longsleep__scz	scz
rs4471723	0.000373570896464384	0.000373572513359491	636	0.714360991929758	placo_longsleep__scz_chr17_43325576_45343136	longsleep__scz	scz
rs62062797	0.000373570896464384	0.000373572513359491	637	0.714734564443118	placo_longsleep__scz_chr17_43325576_45343136	longsleep__scz	scz
rs62063207	0.000373570896464384	0.000373572513359491	638	0.715108136956477	placo_longsleep__scz_chr17_43325576_45343136	longsleep__scz	scz
rs62063208	0.000373570896464384	0.000373572513359491	639	0.715481709469836	placo_longsleep__scz_chr17_43325576_45343136	longsleep__scz	scz
rs62064666	0.000373570896464384	0.000373572513359491	640	0.715855281983196	placo_longsleep__scz_chr17_43325576_45343136	longsleep__scz	scz
rs1105569	0.000364128940016456	0.000364130516044746	641	0.716219412499241	placo_longsleep__scz_chr17_43325576_45343136	longsleep__scz	scz
rs1105570	0.000364128940016456	0.000364130516044746	642	0.716583543015285	placo_longsleep__scz_chr17_43325576_45343136	longsleep__scz	scz
rs113347741	0.000364128940016456	0.000364130516044746	643	0.71694767353133	placo_longsleep__scz_chr17_43325576_45343136	longsleep__scz	scz
rs11575895	0.000364128940016456	0.000364130516044746	644	0.717311804047375	placo_longsleep__scz_chr17_43325576_45343136	longsleep__scz	scz
rs12150527	0.000364128940016456	0.000364130516044746	645	0.71767593456342	placo_longsleep__scz_chr17_43325576_45343136	longsleep__scz	scz
rs12373123	0.000364128940016456	0.000364130516044746	646	0.718040065079465	placo_longsleep__scz_chr17_43325576_45343136	longsleep__scz	scz
rs12373139	0.000364128940016456	0.000364130516044746	647	0.718404195595509	placo_longsleep__scz_chr17_43325576_45343136	longsleep__scz	scz
rs1526125	0.000364128940016456	0.000364130516044746	648	0.718768326111554	placo_longsleep__scz_chr17_43325576_45343136	longsleep__scz	scz
rs1568949	0.000364128940016456	0.000364130516044746	649	0.719132456627599	placo_longsleep__scz_chr17_43325576_45343136	longsleep__scz	scz
rs1568950	0.000364128940016456	0.000364130516044746	650	0.719496587143644	placo_longsleep__scz_chr17_43325576_45343136	longsleep__scz	scz
rs1568951	0.000364128940016456	0.000364130516044746	651	0.719860717659689	placo_longsleep__scz_chr17_43325576_45343136	longsleep__scz	scz
rs16940671	0.000364128940016456	0.000364130516044746	652	0.720224848175733	placo_longsleep__scz_chr17_43325576_45343136	longsleep__scz	scz
rs17563718	0.000364128940016456	0.000364130516044746	653	0.720588978691778	placo_longsleep__scz_chr17_43325576_45343136	longsleep__scz	scz
rs17689104	0.000364128940016456	0.000364130516044746	654	0.720953109207823	placo_longsleep__scz_chr17_43325576_45343136	longsleep__scz	scz
rs1880749	0.000364128940016456	0.000364130516044746	655	0.721317239723868	placo_longsleep__scz_chr17_43325576_45343136	longsleep__scz	scz
rs241042	0.000364128940016456	0.000364130516044746	656	0.721681370239912	placo_longsleep__scz_chr17_43325576_45343136	longsleep__scz	scz
rs241044	0.000364128940016456	0.000364130516044746	657	0.722045500755957	placo_longsleep__scz_chr17_43325576_45343136	longsleep__scz	scz
rs241045	0.000364128940016456	0.000364130516044746	658	0.722409631272002	placo_longsleep__scz_chr17_43325576_45343136	longsleep__scz	scz
rs2942170	0.000364128940016456	0.000364130516044746	659	0.722773761788047	placo_longsleep__scz_chr17_43325576_45343136	longsleep__scz	scz
rs4390635	0.000364128940016456	0.000364130516044746	660	0.723137892304092	placo_longsleep__scz_chr17_43325576_45343136	longsleep__scz	scz
rs4569335	0.000364128940016456	0.000364130516044746	661	0.723502022820136	placo_longsleep__scz_chr17_43325576_45343136	longsleep__scz	scz
rs4609899	0.000364128940016456	0.000364130516044746	662	0.723866153336181	placo_longsleep__scz_chr17_43325576_45343136	longsleep__scz	scz
rs55877243	0.000364128940016456	0.000364130516044746	663	0.724230283852226	placo_longsleep__scz_chr17_43325576_45343136	longsleep__scz	scz
rs55895732	0.000364128940016456	0.000364130516044746	664	0.724594414368271	placo_longsleep__scz_chr17_43325576_45343136	longsleep__scz	scz
rs55947210	0.000364128940016456	0.000364130516044746	665	0.724958544884315	placo_longsleep__scz_chr17_43325576_45343136	longsleep__scz	scz
rs55960528	0.000364128940016456	0.000364130516044746	666	0.72532267540036	placo_longsleep__scz_chr17_43325576_45343136	longsleep__scz	scz
rs56180212	0.000364128940016456	0.000364130516044746	667	0.725686805916405	placo_longsleep__scz_chr17_43325576_45343136	longsleep__scz	scz
rs62054388	0.000364128940016456	0.000364130516044746	668	0.72605093643245	placo_longsleep__scz_chr17_43325576_45343136	longsleep__scz	scz
rs62054389	0.000364128940016456	0.000364130516044746	669	0.726415066948495	placo_longsleep__scz_chr17_43325576_45343136	longsleep__scz	scz
rs62054390	0.000364128940016456	0.000364130516044746	670	0.726779197464539	placo_longsleep__scz_chr17_43325576_45343136	longsleep__scz	scz
rs62054392	0.000364128940016456	0.000364130516044746	671	0.727143327980584	placo_longsleep__scz_chr17_43325576_45343136	longsleep__scz	scz
rs62054393	0.000364128940016456	0.000364130516044746	672	0.727507458496629	placo_longsleep__scz_chr17_43325576_45343136	longsleep__scz	scz
rs62054395	0.000364128940016456	0.000364130516044746	673	0.727871589012674	placo_longsleep__scz_chr17_43325576_45343136	longsleep__scz	scz
rs62054396	0.000364128940016456	0.000364130516044746	674	0.728235719528718	placo_longsleep__scz_chr17_43325576_45343136	longsleep__scz	scz
rs62054397	0.000364128940016456	0.000364130516044746	675	0.728599850044763	placo_longsleep__scz_chr17_43325576_45343136	longsleep__scz	scz
rs62055540	0.000364128940016456	0.000364130516044746	676	0.728963980560808	placo_longsleep__scz_chr17_43325576_45343136	longsleep__scz	scz
rs62055547	0.000364128940016456	0.000364130516044746	677	0.729328111076853	placo_longsleep__scz_chr17_43325576_45343136	longsleep__scz	scz
rs62056780	0.000364128940016456	0.000364130516044746	678	0.729692241592898	placo_longsleep__scz_chr17_43325576_45343136	longsleep__scz	scz
rs62056781	0.000364128940016456	0.000364130516044746	679	0.730056372108942	placo_longsleep__scz_chr17_43325576_45343136	longsleep__scz	scz
rs62056786	0.000364128940016456	0.000364130516044746	680	0.730420502624987	placo_longsleep__scz_chr17_43325576_45343136	longsleep__scz	scz
rs62056789	0.000364128940016456	0.000364130516044746	681	0.730784633141032	placo_longsleep__scz_chr17_43325576_45343136	longsleep__scz	scz
rs62056790	0.000364128940016456	0.000364130516044746	682	0.731148763657077	placo_longsleep__scz_chr17_43325576_45343136	longsleep__scz	scz
rs62056934	0.000364128940016456	0.000364130516044746	683	0.731512894173121	placo_longsleep__scz_chr17_43325576_45343136	longsleep__scz	scz
rs650927	0.000364128940016456	0.000364130516044746	684	0.731877024689166	placo_longsleep__scz_chr17_43325576_45343136	longsleep__scz	scz
rs671740	0.000364128940016456	0.000364130516044746	685	0.732241155205211	placo_longsleep__scz_chr17_43325576_45343136	longsleep__scz	scz
rs74457229	0.000364128940016456	0.000364130516044746	686	0.732605285721256	placo_longsleep__scz_chr17_43325576_45343136	longsleep__scz	scz
rs74496580	0.000364128940016456	0.000364130516044746	687	0.732969416237301	placo_longsleep__scz_chr17_43325576_45343136	longsleep__scz	scz
rs74548327	0.000364128940016456	0.000364130516044746	688	0.733333546753345	placo_longsleep__scz_chr17_43325576_45343136	longsleep__scz	scz
rs75986348	0.000364128940016456	0.000364130516044746	689	0.73369767726939	placo_longsleep__scz_chr17_43325576_45343136	longsleep__scz	scz
rs76324150	0.000364128940016456	0.000364130516044746	690	0.734061807785435	placo_longsleep__scz_chr17_43325576_45343136	longsleep__scz	scz
rs78720789	0.000364128940016456	0.000364130516044746	691	0.73442593830148	placo_longsleep__scz_chr17_43325576_45343136	longsleep__scz	scz
rs80233201	0.000364128940016456	0.000364130516044746	692	0.734790068817525	placo_longsleep__scz_chr17_43325576_45343136	longsleep__scz	scz
rs440778	0.000363169204392441	0.000363170776266789	693	0.735153239593791	placo_longsleep__scz_chr17_43325576_45343136	longsleep__scz	scz
rs56328224	0.000363169204392441	0.000363170776266789	694	0.735516410370058	placo_longsleep__scz_chr17_43325576_45343136	longsleep__scz	scz
rs111324579	0.000355755058777223	0.000355756598561556	695	0.73587216696862	placo_longsleep__scz_chr17_43325576_45343136	longsleep__scz	scz
rs111327992	0.000355755058777223	0.000355756598561556	696	0.736227923567181	placo_longsleep__scz_chr17_43325576_45343136	longsleep__scz	scz
rs56119705	0.000355755058777223	0.000355756598561556	697	0.736583680165743	placo_longsleep__scz_chr17_43325576_45343136	longsleep__scz	scz
rs62056808	0.000355755058777223	0.000355756598561556	698	0.736939436764304	placo_longsleep__scz_chr17_43325576_45343136	longsleep__scz	scz
rs62056809	0.000355755058777223	0.000355756598561556	699	0.737295193362866	placo_longsleep__scz_chr17_43325576_45343136	longsleep__scz	scz
rs62056810	0.000355755058777223	0.000355756598561556	700	0.737650949961428	placo_longsleep__scz_chr17_43325576_45343136	longsleep__scz	scz
rs62063171	0.000355755058777223	0.000355756598561556	701	0.738006706559989	placo_longsleep__scz_chr17_43325576_45343136	longsleep__scz	scz
rs62063172	0.000355755058777223	0.000355756598561556	702	0.738362463158551	placo_longsleep__scz_chr17_43325576_45343136	longsleep__scz	scz
rs62063853	0.000355755058777223	0.000355756598561556	703	0.738718219757112	placo_longsleep__scz_chr17_43325576_45343136	longsleep__scz	scz
rs62064664	0.000355755058777223	0.000355756598561556	704	0.739073976355674	placo_longsleep__scz_chr17_43325576_45343136	longsleep__scz	scz
rs62064665	0.000355755058777223	0.000355756598561556	705	0.739429732954235	placo_longsleep__scz_chr17_43325576_45343136	longsleep__scz	scz
rs62064675	0.000355755058777223	0.000355756598561556	706	0.739785489552797	placo_longsleep__scz_chr17_43325576_45343136	longsleep__scz	scz
rs79301522	0.000355755058777223	0.000355756598561556	707	0.740141246151359	placo_longsleep__scz_chr17_43325576_45343136	longsleep__scz	scz
rs79959255	0.000355755058777223	0.000355756598561556	708	0.74049700274992	placo_longsleep__scz_chr17_43325576_45343136	longsleep__scz	scz
rs112275277	0.000346604622771973	0.000346606122951253	709	0.740843608872871	placo_longsleep__scz_chr17_43325576_45343136	longsleep__scz	scz
rs12150125	0.000346604622771973	0.000346606122951253	710	0.741190214995823	placo_longsleep__scz_chr17_43325576_45343136	longsleep__scz	scz
rs12185235	0.000346604622771973	0.000346606122951253	711	0.741536821118774	placo_longsleep__scz_chr17_43325576_45343136	longsleep__scz	scz
rs1467962	0.000346604622771973	0.000346606122951253	712	0.741883427241725	placo_longsleep__scz_chr17_43325576_45343136	longsleep__scz	scz
rs1560311	0.000346604622771973	0.000346606122951253	713	0.742230033364676	placo_longsleep__scz_chr17_43325576_45343136	longsleep__scz	scz
rs16940672	0.000346604622771973	0.000346606122951253	714	0.742576639487628	placo_longsleep__scz_chr17_43325576_45343136	longsleep__scz	scz
rs17563599	0.000346604622771973	0.000346606122951253	715	0.742923245610579	placo_longsleep__scz_chr17_43325576_45343136	longsleep__scz	scz
rs17563683	0.000346604622771973	0.000346606122951253	716	0.74326985173353	placo_longsleep__scz_chr17_43325576_45343136	longsleep__scz	scz
rs17649138	0.000346604622771973	0.000346606122951253	717	0.743616457856481	placo_longsleep__scz_chr17_43325576_45343136	longsleep__scz	scz
rs17688922	0.000346604622771973	0.000346606122951253	718	0.743963063979432	placo_longsleep__scz_chr17_43325576_45343136	longsleep__scz	scz
rs17762361	0.000346604622771973	0.000346606122951253	719	0.744309670102384	placo_longsleep__scz_chr17_43325576_45343136	longsleep__scz	scz
rs17770296	0.000346604622771973	0.000346606122951253	720	0.744656276225335	placo_longsleep__scz_chr17_43325576_45343136	longsleep__scz	scz
rs1864324	0.000346604622771973	0.000346606122951253	721	0.745002882348286	placo_longsleep__scz_chr17_43325576_45343136	longsleep__scz	scz
rs1864325	0.000346604622771973	0.000346606122951253	722	0.745349488471237	placo_longsleep__scz_chr17_43325576_45343136	longsleep__scz	scz
rs1880752	0.000346604622771973	0.000346606122951253	723	0.745696094594189	placo_longsleep__scz_chr17_43325576_45343136	longsleep__scz	scz
rs241041	0.000346604622771973	0.000346606122951253	724	0.74604270071714	placo_longsleep__scz_chr17_43325576_45343136	longsleep__scz	scz
rs2864087	0.000346604622771973	0.000346606122951253	725	0.746389306840091	placo_longsleep__scz_chr17_43325576_45343136	longsleep__scz	scz
rs2902661	0.000346604622771973	0.000346606122951253	726	0.746735912963042	placo_longsleep__scz_chr17_43325576_45343136	longsleep__scz	scz
rs2902662	0.000346604622771973	0.000346606122951253	727	0.747082519085994	placo_longsleep__scz_chr17_43325576_45343136	longsleep__scz	scz
rs2942168	0.000346604622771973	0.000346606122951253	728	0.747429125208945	placo_longsleep__scz_chr17_43325576_45343136	longsleep__scz	scz
rs4401083	0.000346604622771973	0.000346606122951253	729	0.747775731331896	placo_longsleep__scz_chr17_43325576_45343136	longsleep__scz	scz
rs4471726	0.000346604622771973	0.000346606122951253	730	0.748122337454847	placo_longsleep__scz_chr17_43325576_45343136	longsleep__scz	scz
rs4617909	0.000346604622771973	0.000346606122951253	731	0.748468943577798	placo_longsleep__scz_chr17_43325576_45343136	longsleep__scz	scz
rs55721252	0.000346604622771973	0.000346606122951253	732	0.74881554970075	placo_longsleep__scz_chr17_43325576_45343136	longsleep__scz	scz
rs55823844	0.000346604622771973	0.000346606122951253	733	0.749162155823701	placo_longsleep__scz_chr17_43325576_45343136	longsleep__scz	scz
rs55876817	0.000346604622771973	0.000346606122951253	734	0.749508761946652	placo_longsleep__scz_chr17_43325576_45343136	longsleep__scz	scz
rs55944735	0.000346604622771973	0.000346606122951253	735	0.749855368069603	placo_longsleep__scz_chr17_43325576_45343136	longsleep__scz	scz
rs56301449	0.000346604622771973	0.000346606122951253	736	0.750201974192555	placo_longsleep__scz_chr17_43325576_45343136	longsleep__scz	scz
rs56323832	0.000346604622771973	0.000346606122951253	737	0.750548580315506	placo_longsleep__scz_chr17_43325576_45343136	longsleep__scz	scz
rs62056782	0.000346604622771973	0.000346606122951253	738	0.750895186438457	placo_longsleep__scz_chr17_43325576_45343136	longsleep__scz	scz
rs62056791	0.000346604622771973	0.000346606122951253	739	0.751241792561408	placo_longsleep__scz_chr17_43325576_45343136	longsleep__scz	scz
rs62056792	0.000346604622771973	0.000346606122951253	740	0.75158839868436	placo_longsleep__scz_chr17_43325576_45343136	longsleep__scz	scz
rs62056795	0.000346604622771973	0.000346606122951253	741	0.751935004807311	placo_longsleep__scz_chr17_43325576_45343136	longsleep__scz	scz
rs62056796	0.000346604622771973	0.000346606122951253	742	0.752281610930262	placo_longsleep__scz_chr17_43325576_45343136	longsleep__scz	scz
rs62056878	0.000346604622771973	0.000346606122951253	743	0.752628217053213	placo_longsleep__scz_chr17_43325576_45343136	longsleep__scz	scz
rs62061733	0.000346604622771973	0.000346606122951253	744	0.752974823176164	placo_longsleep__scz_chr17_43325576_45343136	longsleep__scz	scz
rs79226879	0.000346604622771973	0.000346606122951253	745	0.753321429299116	placo_longsleep__scz_chr17_43325576_45343136	longsleep__scz	scz
rs80346216	0.000346604622771973	0.000346606122951253	746	0.753668035422067	placo_longsleep__scz_chr17_43325576_45343136	longsleep__scz	scz
rs413519	0.000346031191533652	0.000346032689230998	747	0.754014068111298	placo_longsleep__scz_chr17_43325576_45343136	longsleep__scz	scz
rs56214516	0.000344258615530729	0.000344260105555985	748	0.754358328216854	placo_longsleep__scz_chr17_43325576_45343136	longsleep__scz	scz
rs1078268	0.000337164490819507	0.000337165950139868	749	0.754695494166994	placo_longsleep__scz_chr17_43325576_45343136	longsleep__scz	scz
rs1078269	0.000337164490819507	0.000337165950139868	750	0.755032660117134	placo_longsleep__scz_chr17_43325576_45343136	longsleep__scz	scz
rs11079719	0.000337164490819507	0.000337165950139868	751	0.755369826067274	placo_longsleep__scz_chr17_43325576_45343136	longsleep__scz	scz
rs111724389	0.000337164490819507	0.000337165950139868	752	0.755706992017413	placo_longsleep__scz_chr17_43325576_45343136	longsleep__scz	scz
rs113120855	0.000337164490819507	0.000337165950139868	753	0.756044157967553	placo_longsleep__scz_chr17_43325576_45343136	longsleep__scz	scz
rs113638513	0.000337164490819507	0.000337165950139868	754	0.756381323917693	placo_longsleep__scz_chr17_43325576_45343136	longsleep__scz	scz
rs12149995	0.000337164490819507	0.000337165950139868	755	0.756718489867833	placo_longsleep__scz_chr17_43325576_45343136	longsleep__scz	scz
rs17573593	0.000337164490819507	0.000337165950139868	756	0.757055655817973	placo_longsleep__scz_chr17_43325576_45343136	longsleep__scz	scz
rs17573607	0.000337164490819507	0.000337165950139868	757	0.757392821768113	placo_longsleep__scz_chr17_43325576_45343136	longsleep__scz	scz
rs17577954	0.000337164490819507	0.000337165950139868	758	0.757729987718253	placo_longsleep__scz_chr17_43325576_45343136	longsleep__scz	scz
rs17652121	0.000337164490819507	0.000337165950139868	759	0.758067153668393	placo_longsleep__scz_chr17_43325576_45343136	longsleep__scz	scz
rs4581739	0.000337164490819507	0.000337165950139868	760	0.758404319618532	placo_longsleep__scz_chr17_43325576_45343136	longsleep__scz	scz
rs55669501	0.000337164490819507	0.000337165950139868	761	0.758741485568672	placo_longsleep__scz_chr17_43325576_45343136	longsleep__scz	scz
rs55672516	0.000337164490819507	0.000337165950139868	762	0.759078651518812	placo_longsleep__scz_chr17_43325576_45343136	longsleep__scz	scz
rs55686102	0.000337164490819507	0.000337165950139868	763	0.759415817468952	placo_longsleep__scz_chr17_43325576_45343136	longsleep__scz	scz
rs55780786	0.000337164490819507	0.000337165950139868	764	0.759752983419092	placo_longsleep__scz_chr17_43325576_45343136	longsleep__scz	scz
rs55909047	0.000337164490819507	0.000337165950139868	765	0.760090149369232	placo_longsleep__scz_chr17_43325576_45343136	longsleep__scz	scz
rs56257094	0.000337164490819507	0.000337165950139868	766	0.760427315319372	placo_longsleep__scz_chr17_43325576_45343136	longsleep__scz	scz
rs62063163	0.000337164490819507	0.000337165950139868	767	0.760764481269512	placo_longsleep__scz_chr17_43325576_45343136	longsleep__scz	scz
rs62063164	0.000337164490819507	0.000337165950139868	768	0.761101647219652	placo_longsleep__scz_chr17_43325576_45343136	longsleep__scz	scz
rs62063165	0.000337164490819507	0.000337165950139868	769	0.761438813169791	placo_longsleep__scz_chr17_43325576_45343136	longsleep__scz	scz
rs62063166	0.000337164490819507	0.000337165950139868	770	0.761775979119931	placo_longsleep__scz_chr17_43325576_45343136	longsleep__scz	scz
rs62063264	0.000337164490819507	0.000337165950139868	771	0.762113145070071	placo_longsleep__scz_chr17_43325576_45343136	longsleep__scz	scz
rs62063850	0.000337164490819507	0.000337165950139868	772	0.762450311020211	placo_longsleep__scz_chr17_43325576_45343136	longsleep__scz	scz
rs62063856	0.000337164490819507	0.000337165950139868	773	0.762787476970351	placo_longsleep__scz_chr17_43325576_45343136	longsleep__scz	scz
rs62064668	0.000337164490819507	0.000337165950139868	774	0.763124642920491	placo_longsleep__scz_chr17_43325576_45343136	longsleep__scz	scz
rs77095128	0.000337164490819507	0.000337165950139868	775	0.763461808870631	placo_longsleep__scz_chr17_43325576_45343136	longsleep__scz	scz
rs11079725	0.000328327324119855	0.000328328745191059	776	0.763790137615822	placo_longsleep__scz_chr17_43325576_45343136	longsleep__scz	scz
rs113589236	0.000328327324119855	0.000328328745191059	777	0.764118466361013	placo_longsleep__scz_chr17_43325576_45343136	longsleep__scz	scz
rs113834264	0.000328327324119855	0.000328328745191059	778	0.764446795106204	placo_longsleep__scz_chr17_43325576_45343136	longsleep__scz	scz
rs117368197	0.000328327324119855	0.000328328745191059	779	0.764775123851395	placo_longsleep__scz_chr17_43325576_45343136	longsleep__scz	scz
rs12150091	0.000328327324119855	0.000328328745191059	780	0.765103452596586	placo_longsleep__scz_chr17_43325576_45343136	longsleep__scz	scz
rs12150454	0.000328327324119855	0.000328328745191059	781	0.765431781341777	placo_longsleep__scz_chr17_43325576_45343136	longsleep__scz	scz
rs12150464	0.000328327324119855	0.000328328745191059	782	0.765760110086968	placo_longsleep__scz_chr17_43325576_45343136	longsleep__scz	scz
rs12150547	0.000328327324119855	0.000328328745191059	783	0.766088438832159	placo_longsleep__scz_chr17_43325576_45343136	longsleep__scz	scz
rs1467963	0.000328327324119855	0.000328328745191059	784	0.76641676757735	placo_longsleep__scz_chr17_43325576_45343136	longsleep__scz	scz
rs1467966	0.000328327324119855	0.000328328745191059	785	0.766745096322541	placo_longsleep__scz_chr17_43325576_45343136	longsleep__scz	scz
rs1560310	0.000328327324119855	0.000328328745191059	786	0.767073425067732	placo_longsleep__scz_chr17_43325576_45343136	longsleep__scz	scz
rs17688410	0.000328327324119855	0.000328328745191059	787	0.767401753812924	placo_longsleep__scz_chr17_43325576_45343136	longsleep__scz	scz
rs17688767	0.000328327324119855	0.000328328745191059	788	0.767730082558115	placo_longsleep__scz_chr17_43325576_45343136	longsleep__scz	scz
rs17688773	0.000328327324119855	0.000328328745191059	789	0.768058411303306	placo_longsleep__scz_chr17_43325576_45343136	longsleep__scz	scz
rs17688875	0.000328327324119855	0.000328328745191059	790	0.768386740048497	placo_longsleep__scz_chr17_43325576_45343136	longsleep__scz	scz
rs17762073	0.000328327324119855	0.000328328745191059	791	0.768715068793688	placo_longsleep__scz_chr17_43325576_45343136	longsleep__scz	scz
rs17763634	0.000328327324119855	0.000328328745191059	792	0.769043397538879	placo_longsleep__scz_chr17_43325576_45343136	longsleep__scz	scz
rs1984937	0.000328327324119855	0.000328328745191059	793	0.76937172628407	placo_longsleep__scz_chr17_43325576_45343136	longsleep__scz	scz
rs2082068	0.000328327324119855	0.000328328745191059	794	0.769700055029261	placo_longsleep__scz_chr17_43325576_45343136	longsleep__scz	scz
rs2942167	0.000328327324119855	0.000328328745191059	795	0.770028383774452	placo_longsleep__scz_chr17_43325576_45343136	longsleep__scz	scz
rs413778	0.000328327324119855	0.000328328745191059	796	0.770356712519643	placo_longsleep__scz_chr17_43325576_45343136	longsleep__scz	scz
rs62056793	0.000328327324119855	0.000328328745191059	797	0.770685041264834	placo_longsleep__scz_chr17_43325576_45343136	longsleep__scz	scz
rs62056794	0.000328327324119855	0.000328328745191059	798	0.771013370010025	placo_longsleep__scz_chr17_43325576_45343136	longsleep__scz	scz
rs62056801	0.000328327324119855	0.000328328745191059	799	0.771341698755216	placo_longsleep__scz_chr17_43325576_45343136	longsleep__scz	scz
rs62056802	0.000328327324119855	0.000328328745191059	800	0.771670027500407	placo_longsleep__scz_chr17_43325576_45343136	longsleep__scz	scz
rs62056803	0.000328327324119855	0.000328328745191059	801	0.771998356245598	placo_longsleep__scz_chr17_43325576_45343136	longsleep__scz	scz
rs62056804	0.000328327324119855	0.000328328745191059	802	0.77232668499079	placo_longsleep__scz_chr17_43325576_45343136	longsleep__scz	scz
rs62056806	0.000328327324119855	0.000328328745191059	803	0.77265501373598	placo_longsleep__scz_chr17_43325576_45343136	longsleep__scz	scz
rs62056841	0.000328327324119855	0.000328328745191059	804	0.772983342481172	placo_longsleep__scz_chr17_43325576_45343136	longsleep__scz	scz
rs62056874	0.000328327324119855	0.000328328745191059	805	0.773311671226363	placo_longsleep__scz_chr17_43325576_45343136	longsleep__scz	scz
rs62056876	0.000328327324119855	0.000328328745191059	806	0.773639999971554	placo_longsleep__scz_chr17_43325576_45343136	longsleep__scz	scz
rs62056877	0.000328327324119855	0.000328328745191059	807	0.773968328716745	placo_longsleep__scz_chr17_43325576_45343136	longsleep__scz	scz
rs62621252	0.000328327324119855	0.000328328745191059	808	0.774296657461936	placo_longsleep__scz_chr17_43325576_45343136	longsleep__scz	scz
rs74398257	0.000328327324119855	0.000328328745191059	809	0.774624986207127	placo_longsleep__scz_chr17_43325576_45343136	longsleep__scz	scz
rs75617973	0.000328327324119855	0.000328328745191059	810	0.774953314952318	placo_longsleep__scz_chr17_43325576_45343136	longsleep__scz	scz
rs757500	0.000328327324119855	0.000328328745191059	811	0.775281643697509	placo_longsleep__scz_chr17_43325576_45343136	longsleep__scz	scz
rs79492906	0.000328327324119855	0.000328328745191059	812	0.7756099724427	placo_longsleep__scz_chr17_43325576_45343136	longsleep__scz	scz
rs62065453	0.000328137836315501	0.000328139256566562	813	0.775938111699267	placo_longsleep__scz_chr17_43325576_45343136	longsleep__scz	scz
rs76640332	0.000328137836315501	0.000328139256566562	814	0.776266250955833	placo_longsleep__scz_chr17_43325576_45343136	longsleep__scz	scz
rs1122381	0.000319572307338712	0.000319573690516323	815	0.77658582464635	placo_longsleep__scz_chr17_43325576_45343136	longsleep__scz	scz
rs17651549	0.000319572307338712	0.000319573690516323	816	0.776905398336866	placo_longsleep__scz_chr17_43325576_45343136	longsleep__scz	scz
rs17652337	0.000319572307338712	0.000319573690516323	817	0.777224972027382	placo_longsleep__scz_chr17_43325576_45343136	longsleep__scz	scz
rs17661348	0.000319572307338712	0.000319573690516323	818	0.777544545717898	placo_longsleep__scz_chr17_43325576_45343136	longsleep__scz	scz
rs376120	0.000319572307338712	0.000319573690516323	819	0.777864119408415	placo_longsleep__scz_chr17_43325576_45343136	longsleep__scz	scz
rs383241	0.000319572307338712	0.000319573690516323	820	0.778183693098931	placo_longsleep__scz_chr17_43325576_45343136	longsleep__scz	scz
rs62062798	0.000319572307338712	0.000319573690516323	821	0.778503266789447	placo_longsleep__scz_chr17_43325576_45343136	longsleep__scz	scz
rs62063202	0.000319572307338712	0.000319573690516323	822	0.778822840479964	placo_longsleep__scz_chr17_43325576_45343136	longsleep__scz	scz
rs62063203	0.000319572307338712	0.000319573690516323	823	0.77914241417048	placo_longsleep__scz_chr17_43325576_45343136	longsleep__scz	scz
rs62063854	0.000319572307338712	0.000319573690516323	824	0.779461987860996	placo_longsleep__scz_chr17_43325576_45343136	longsleep__scz	scz
rs62063855	0.000319572307338712	0.000319573690516323	825	0.779781561551512	placo_longsleep__scz_chr17_43325576_45343136	longsleep__scz	scz
rs62063857	0.000319572307338712	0.000319573690516323	826	0.780101135242029	placo_longsleep__scz_chr17_43325576_45343136	longsleep__scz	scz
rs62063859	0.000319572307338712	0.000319573690516323	827	0.780420708932545	placo_longsleep__scz_chr17_43325576_45343136	longsleep__scz	scz
rs62064660	0.000319572307338712	0.000319573690516323	828	0.780740282623061	placo_longsleep__scz_chr17_43325576_45343136	longsleep__scz	scz
rs62064661	0.000319572307338712	0.000319573690516323	829	0.781059856313577	placo_longsleep__scz_chr17_43325576_45343136	longsleep__scz	scz
rs62064669	0.000319572307338712	0.000319573690516323	830	0.781379430004094	placo_longsleep__scz_chr17_43325576_45343136	longsleep__scz	scz
rs62064671	0.000319572307338712	0.000319573690516323	831	0.78169900369461	placo_longsleep__scz_chr17_43325576_45343136	longsleep__scz	scz
rs74829364	0.000319572307338712	0.000319573690516323	832	0.782018577385126	placo_longsleep__scz_chr17_43325576_45343136	longsleep__scz	scz
rs76380490	0.000319572307338712	0.000319573690516323	833	0.782338151075643	placo_longsleep__scz_chr17_43325576_45343136	longsleep__scz	scz
rs8070723	0.000319572307338712	0.000319573690516323	834	0.782657724766159	placo_longsleep__scz_chr17_43325576_45343136	longsleep__scz	scz
rs112058117	0.000312697740941142	0.000312699094364152	835	0.782970423860523	placo_longsleep__scz_chr17_43325576_45343136	longsleep__scz	scz
rs4627402	0.000312697740941142	0.000312699094364152	836	0.783283122954887	placo_longsleep__scz_chr17_43325576_45343136	longsleep__scz	scz
rs10491144	0.000312572618562384	0.000312573971443838	837	0.783595696926331	placo_longsleep__scz_chr17_43325576_45343136	longsleep__scz	scz
rs12150141	0.000312572618562384	0.000312573971443838	838	0.783908270897775	placo_longsleep__scz_chr17_43325576_45343136	longsleep__scz	scz
rs12150608	0.000312572618562384	0.000312573971443838	839	0.784220844869219	placo_longsleep__scz_chr17_43325576_45343136	longsleep__scz	scz
rs12150610	0.000312572618562384	0.000312573971443838	840	0.784533418840662	placo_longsleep__scz_chr17_43325576_45343136	longsleep__scz	scz
rs12185268	0.000312572618562384	0.000312573971443838	841	0.784845992812106	placo_longsleep__scz_chr17_43325576_45343136	longsleep__scz	scz
rs12373140	0.000312572618562384	0.000312573971443838	842	0.78515856678355	placo_longsleep__scz_chr17_43325576_45343136	longsleep__scz	scz
rs1467968	0.000312572618562384	0.000312573971443838	843	0.785471140754994	placo_longsleep__scz_chr17_43325576_45343136	longsleep__scz	scz
rs17649641	0.000312572618562384	0.000312573971443838	844	0.785783714726437	placo_longsleep__scz_chr17_43325576_45343136	longsleep__scz	scz
rs17687667	0.000312572618562384	0.000312573971443838	845	0.786096288697881	placo_longsleep__scz_chr17_43325576_45343136	longsleep__scz	scz
rs17687838	0.000312572618562384	0.000312573971443838	846	0.786408862669325	placo_longsleep__scz_chr17_43325576_45343136	longsleep__scz	scz
rs17688032	0.000312572618562384	0.000312573971443838	847	0.786721436640769	placo_longsleep__scz_chr17_43325576_45343136	longsleep__scz	scz
rs17688391	0.000312572618562384	0.000312573971443838	848	0.787034010612213	placo_longsleep__scz_chr17_43325576_45343136	longsleep__scz	scz
rs17688434	0.000312572618562384	0.000312573971443838	849	0.787346584583656	placo_longsleep__scz_chr17_43325576_45343136	longsleep__scz	scz
rs17688452	0.000312572618562384	0.000312573971443838	850	0.7876591585551	placo_longsleep__scz_chr17_43325576_45343136	longsleep__scz	scz
rs17688511	0.000312572618562384	0.000312573971443838	851	0.787971732526544	placo_longsleep__scz_chr17_43325576_45343136	longsleep__scz	scz
rs17688558	0.000312572618562384	0.000312573971443838	852	0.788284306497988	placo_longsleep__scz_chr17_43325576_45343136	longsleep__scz	scz
rs17760577	0.000312572618562384	0.000312573971443838	853	0.788596880469432	placo_longsleep__scz_chr17_43325576_45343136	longsleep__scz	scz
rs17761838	0.000312572618562384	0.000312573971443838	854	0.788909454440875	placo_longsleep__scz_chr17_43325576_45343136	longsleep__scz	scz
rs17761985	0.000312572618562384	0.000312573971443838	855	0.789222028412319	placo_longsleep__scz_chr17_43325576_45343136	longsleep__scz	scz
rs17762165	0.000312572618562384	0.000312573971443838	856	0.789534602383763	placo_longsleep__scz_chr17_43325576_45343136	longsleep__scz	scz
rs28439143	0.000312572618562384	0.000312573971443838	857	0.789847176355207	placo_longsleep__scz_chr17_43325576_45343136	longsleep__scz	scz
rs389217	0.000312572618562384	0.000312573971443838	858	0.790159750326651	placo_longsleep__scz_chr17_43325576_45343136	longsleep__scz	scz
rs4371195	0.000312572618562384	0.000312573971443838	859	0.790472324298094	placo_longsleep__scz_chr17_43325576_45343136	longsleep__scz	scz
rs55669046	0.000312572618562384	0.000312573971443838	860	0.790784898269538	placo_longsleep__scz_chr17_43325576_45343136	longsleep__scz	scz
rs55718212	0.000312572618562384	0.000312573971443838	861	0.791097472240982	placo_longsleep__scz_chr17_43325576_45343136	longsleep__scz	scz
rs55760800	0.000312572618562384	0.000312573971443838	862	0.791410046212426	placo_longsleep__scz_chr17_43325576_45343136	longsleep__scz	scz
rs55927630	0.000312572618562384	0.000312573971443838	863	0.79172262018387	placo_longsleep__scz_chr17_43325576_45343136	longsleep__scz	scz
rs55972157	0.000312572618562384	0.000312573971443838	864	0.792035194155313	placo_longsleep__scz_chr17_43325576_45343136	longsleep__scz	scz
rs55980621	0.000312572618562384	0.000312573971443838	865	0.792347768126757	placo_longsleep__scz_chr17_43325576_45343136	longsleep__scz	scz
rs56100013	0.000312572618562384	0.000312573971443838	866	0.792660342098201	placo_longsleep__scz_chr17_43325576_45343136	longsleep__scz	scz
rs56110538	0.000312572618562384	0.000312573971443838	867	0.792972916069645	placo_longsleep__scz_chr17_43325576_45343136	longsleep__scz	scz
rs56200760	0.000312572618562384	0.000312573971443838	868	0.793285490041089	placo_longsleep__scz_chr17_43325576_45343136	longsleep__scz	scz
rs56233672	0.000312572618562384	0.000312573971443838	869	0.793598064012532	placo_longsleep__scz_chr17_43325576_45343136	longsleep__scz	scz
rs56283089	0.000312572618562384	0.000312573971443838	870	0.793910637983976	placo_longsleep__scz_chr17_43325576_45343136	longsleep__scz	scz
rs56354807	0.000312572618562384	0.000312573971443838	871	0.79422321195542	placo_longsleep__scz_chr17_43325576_45343136	longsleep__scz	scz
rs56391096	0.000312572618562384	0.000312573971443838	872	0.794535785926864	placo_longsleep__scz_chr17_43325576_45343136	longsleep__scz	scz
rs62055665	0.000312572618562384	0.000312573971443838	873	0.794848359898308	placo_longsleep__scz_chr17_43325576_45343136	longsleep__scz	scz
rs62055689	0.000312572618562384	0.000312573971443838	874	0.795160933869751	placo_longsleep__scz_chr17_43325576_45343136	longsleep__scz	scz
rs62055693	0.000312572618562384	0.000312573971443838	875	0.795473507841195	placo_longsleep__scz_chr17_43325576_45343136	longsleep__scz	scz
rs62055700	0.000312572618562384	0.000312573971443838	876	0.795786081812639	placo_longsleep__scz_chr17_43325576_45343136	longsleep__scz	scz
rs62055708	0.000312572618562384	0.000312573971443838	877	0.796098655784083	placo_longsleep__scz_chr17_43325576_45343136	longsleep__scz	scz
rs62055752	0.000312572618562384	0.000312573971443838	878	0.796411229755527	placo_longsleep__scz_chr17_43325576_45343136	longsleep__scz	scz
rs62056805	0.000312572618562384	0.000312573971443838	879	0.79672380372697	placo_longsleep__scz_chr17_43325576_45343136	longsleep__scz	scz
rs62056811	0.000312572618562384	0.000312573971443838	880	0.797036377698414	placo_longsleep__scz_chr17_43325576_45343136	longsleep__scz	scz
rs62056837	0.000312572618562384	0.000312573971443838	881	0.797348951669858	placo_longsleep__scz_chr17_43325576_45343136	longsleep__scz	scz
rs62056840	0.000312572618562384	0.000312573971443838	882	0.797661525641302	placo_longsleep__scz_chr17_43325576_45343136	longsleep__scz	scz
rs62056848	0.000312572618562384	0.000312573971443838	883	0.797974099612746	placo_longsleep__scz_chr17_43325576_45343136	longsleep__scz	scz
rs62056862	0.000312572618562384	0.000312573971443838	884	0.798286673584189	placo_longsleep__scz_chr17_43325576_45343136	longsleep__scz	scz
rs62056863	0.000312572618562384	0.000312573971443838	885	0.798599247555633	placo_longsleep__scz_chr17_43325576_45343136	longsleep__scz	scz
rs62056864	0.000312572618562384	0.000312573971443838	886	0.798911821527077	placo_longsleep__scz_chr17_43325576_45343136	longsleep__scz	scz
rs62056865	0.000312572618562384	0.000312573971443838	887	0.799224395498521	placo_longsleep__scz_chr17_43325576_45343136	longsleep__scz	scz
rs62056866	0.000312572618562384	0.000312573971443838	888	0.799536969469965	placo_longsleep__scz_chr17_43325576_45343136	longsleep__scz	scz
rs62056867	0.000312572618562384	0.000312573971443838	889	0.799849543441408	placo_longsleep__scz_chr17_43325576_45343136	longsleep__scz	scz
rs62056869	0.000312572618562384	0.000312573971443838	890	0.800162117412852	placo_longsleep__scz_chr17_43325576_45343136	longsleep__scz	scz
rs62056870	0.000312572618562384	0.000312573971443838	891	0.800474691384296	placo_longsleep__scz_chr17_43325576_45343136	longsleep__scz	scz
rs62056872	0.000312572618562384	0.000312573971443838	892	0.80078726535574	placo_longsleep__scz_chr17_43325576_45343136	longsleep__scz	scz
rs62056873	0.000312572618562384	0.000312573971443838	893	0.801099839327184	placo_longsleep__scz_chr17_43325576_45343136	longsleep__scz	scz
rs7207582	0.000312572618562384	0.000312573971443838	894	0.801412413298627	placo_longsleep__scz_chr17_43325576_45343136	longsleep__scz	scz
rs7350980	0.000312572618562384	0.000312573971443838	895	0.801724987270071	placo_longsleep__scz_chr17_43325576_45343136	longsleep__scz	scz
rs74509629	0.000312572618562384	0.000312573971443838	896	0.802037561241515	placo_longsleep__scz_chr17_43325576_45343136	longsleep__scz	scz
rs74573628	0.000312572618562384	0.000312573971443838	897	0.802350135212959	placo_longsleep__scz_chr17_43325576_45343136	longsleep__scz	scz
rs753235	0.000312572618562384	0.000312573971443838	898	0.802662709184403	placo_longsleep__scz_chr17_43325576_45343136	longsleep__scz	scz
rs757501	0.000312572618562384	0.000312573971443838	899	0.802975283155846	placo_longsleep__scz_chr17_43325576_45343136	longsleep__scz	scz
rs757502	0.000312572618562384	0.000312573971443838	900	0.80328785712729	placo_longsleep__scz_chr17_43325576_45343136	longsleep__scz	scz
rs76333921	0.000312572618562384	0.000312573971443838	901	0.803600431098734	placo_longsleep__scz_chr17_43325576_45343136	longsleep__scz	scz
rs76453925	0.000312572618562384	0.000312573971443838	902	0.803913005070178	placo_longsleep__scz_chr17_43325576_45343136	longsleep__scz	scz
rs77084869	0.000312572618562384	0.000312573971443838	903	0.804225579041622	placo_longsleep__scz_chr17_43325576_45343136	longsleep__scz	scz
rs77561671	0.000312572618562384	0.000312573971443838	904	0.804538153013065	placo_longsleep__scz_chr17_43325576_45343136	longsleep__scz	scz
rs78209533	0.000312572618562384	0.000312573971443838	905	0.804850726984509	placo_longsleep__scz_chr17_43325576_45343136	longsleep__scz	scz
rs78487840	0.000312572618562384	0.000312573971443838	906	0.805163300955953	placo_longsleep__scz_chr17_43325576_45343136	longsleep__scz	scz
rs79290980	0.000312572618562384	0.000312573971443838	907	0.805475874927397	placo_longsleep__scz_chr17_43325576_45343136	longsleep__scz	scz
rs79860128	0.000312572618562384	0.000312573971443838	908	0.80578844889884	placo_longsleep__scz_chr17_43325576_45343136	longsleep__scz	scz
rs1052553	0.000304399464657427	0.000304400782163714	909	0.806092849681004	placo_longsleep__scz_chr17_43325576_45343136	longsleep__scz	scz
rs112813897	0.000304399464657427	0.000304400782163714	910	0.806397250463168	placo_longsleep__scz_chr17_43325576_45343136	longsleep__scz	scz
rs113909426	0.000304399464657427	0.000304400782163714	911	0.806701651245332	placo_longsleep__scz_chr17_43325576_45343136	longsleep__scz	scz
rs17573245	0.000304399464657427	0.000304400782163714	912	0.807006052027496	placo_longsleep__scz_chr17_43325576_45343136	longsleep__scz	scz
rs17573447	0.000304399464657427	0.000304400782163714	913	0.807310452809659	placo_longsleep__scz_chr17_43325576_45343136	longsleep__scz	scz
rs17577313	0.000304399464657427	0.000304400782163714	914	0.807614853591823	placo_longsleep__scz_chr17_43325576_45343136	longsleep__scz	scz
rs17651857	0.000304399464657427	0.000304400782163714	915	0.807919254373987	placo_longsleep__scz_chr17_43325576_45343136	longsleep__scz	scz
rs17651887	0.000304399464657427	0.000304400782163714	916	0.808223655156151	placo_longsleep__scz_chr17_43325576_45343136	longsleep__scz	scz
rs17661385	0.000304399464657427	0.000304400782163714	917	0.808528055938314	placo_longsleep__scz_chr17_43325576_45343136	longsleep__scz	scz
rs1966345	0.000304399464657427	0.000304400782163714	918	0.808832456720478	placo_longsleep__scz_chr17_43325576_45343136	longsleep__scz	scz
rs55662347	0.000304399464657427	0.000304400782163714	919	0.809136857502642	placo_longsleep__scz_chr17_43325576_45343136	longsleep__scz	scz
rs55736025	0.000304399464657427	0.000304400782163714	920	0.809441258284806	placo_longsleep__scz_chr17_43325576_45343136	longsleep__scz	scz
rs56234850	0.000304399464657427	0.000304400782163714	921	0.809745659066969	placo_longsleep__scz_chr17_43325576_45343136	longsleep__scz	scz
rs594591	0.000304399464657427	0.000304400782163714	922	0.810050059849133	placo_longsleep__scz_chr17_43325576_45343136	longsleep__scz	scz
rs62061854	0.000304399464657427	0.000304400782163714	923	0.810354460631297	placo_longsleep__scz_chr17_43325576_45343136	longsleep__scz	scz
rs62063279	0.000304399464657427	0.000304400782163714	924	0.810658861413461	placo_longsleep__scz_chr17_43325576_45343136	longsleep__scz	scz
rs62063845	0.000304399464657427	0.000304400782163714	925	0.810963262195624	placo_longsleep__scz_chr17_43325576_45343136	longsleep__scz	scz
rs62063846	0.000304399464657427	0.000304400782163714	926	0.811267662977788	placo_longsleep__scz_chr17_43325576_45343136	longsleep__scz	scz
rs62063849	0.000304399464657427	0.000304400782163714	927	0.811572063759952	placo_longsleep__scz_chr17_43325576_45343136	longsleep__scz	scz
rs62064662	0.000304399464657427	0.000304400782163714	928	0.811876464542116	placo_longsleep__scz_chr17_43325576_45343136	longsleep__scz	scz
rs62064672	0.000304399464657427	0.000304400782163714	929	0.81218086532428	placo_longsleep__scz_chr17_43325576_45343136	longsleep__scz	scz
rs681485	0.000304399464657427	0.000304400782163714	930	0.812485266106443	placo_longsleep__scz_chr17_43325576_45343136	longsleep__scz	scz
rs733966	0.000304399464657427	0.000304400782163714	931	0.812789666888607	placo_longsleep__scz_chr17_43325576_45343136	longsleep__scz	scz
rs74759276	0.000304399464657427	0.000304400782163714	932	0.813094067670771	placo_longsleep__scz_chr17_43325576_45343136	longsleep__scz	scz
rs75652502	0.000304399464657427	0.000304400782163714	933	0.813398468452935	placo_longsleep__scz_chr17_43325576_45343136	longsleep__scz	scz
rs757503	0.000304399464657427	0.000304400782163714	934	0.813702869235098	placo_longsleep__scz_chr17_43325576_45343136	longsleep__scz	scz
rs75944932	0.000304399464657427	0.000304400782163714	935	0.814007270017262	placo_longsleep__scz_chr17_43325576_45343136	longsleep__scz	scz
rs76924476	0.000304399464657427	0.000304400782163714	936	0.814311670799426	placo_longsleep__scz_chr17_43325576_45343136	longsleep__scz	scz
rs78136862	0.000304399464657427	0.000304400782163714	937	0.81461607158159	placo_longsleep__scz_chr17_43325576_45343136	longsleep__scz	scz
rs78229689	0.000304399464657427	0.000304400782163714	938	0.814920472363753	placo_longsleep__scz_chr17_43325576_45343136	longsleep__scz	scz
rs78681971	0.0002965748000913	0.000296576083730758	939	0.815217048447484	placo_longsleep__scz_chr17_43325576_45343136	longsleep__scz	scz
rs79772576	0.0002965748000913	0.000296576083730758	940	0.815513624531215	placo_longsleep__scz_chr17_43325576_45343136	longsleep__scz	scz
rs10221243	0.000296138487604064	0.000296139769355068	941	0.81580976430057	placo_longsleep__scz_chr17_43325576_45343136	longsleep__scz	scz
rs111541901	0.000296138487604064	0.000296139769355068	942	0.816105904069925	placo_longsleep__scz_chr17_43325576_45343136	longsleep__scz	scz
rs112116311	0.000296138487604064	0.000296139769355068	943	0.81640204383928	placo_longsleep__scz_chr17_43325576_45343136	longsleep__scz	scz
rs112155389	0.000296138487604064	0.000296139769355068	944	0.816698183608635	placo_longsleep__scz_chr17_43325576_45343136	longsleep__scz	scz
rs112169475	0.000296138487604064	0.000296139769355068	945	0.81699432337799	placo_longsleep__scz_chr17_43325576_45343136	longsleep__scz	scz
rs112647192	0.000296138487604064	0.000296139769355068	946	0.817290463147345	placo_longsleep__scz_chr17_43325576_45343136	longsleep__scz	scz
rs113728380	0.000296138487604064	0.000296139769355068	947	0.8175866029167	placo_longsleep__scz_chr17_43325576_45343136	longsleep__scz	scz
rs12373124	0.000296138487604064	0.000296139769355068	948	0.817882742686055	placo_longsleep__scz_chr17_43325576_45343136	longsleep__scz	scz
rs17563965	0.000296138487604064	0.000296139769355068	949	0.81817888245541	placo_longsleep__scz_chr17_43325576_45343136	longsleep__scz	scz
rs17563986	0.000296138487604064	0.000296139769355068	950	0.818475022224765	placo_longsleep__scz_chr17_43325576_45343136	longsleep__scz	scz
rs17564153	0.000296138487604064	0.000296139769355068	951	0.81877116199412	placo_longsleep__scz_chr17_43325576_45343136	longsleep__scz	scz
rs17564223	0.000296138487604064	0.000296139769355068	952	0.819067301763476	placo_longsleep__scz_chr17_43325576_45343136	longsleep__scz	scz
rs17564493	0.000296138487604064	0.000296139769355068	953	0.819363441532831	placo_longsleep__scz_chr17_43325576_45343136	longsleep__scz	scz
rs17564983	0.000296138487604064	0.000296139769355068	954	0.819659581302186	placo_longsleep__scz_chr17_43325576_45343136	longsleep__scz	scz
rs17649553	0.000296138487604064	0.000296139769355068	955	0.819955721071541	placo_longsleep__scz_chr17_43325576_45343136	longsleep__scz	scz
rs17649571	0.000296138487604064	0.000296139769355068	956	0.820251860840896	placo_longsleep__scz_chr17_43325576_45343136	longsleep__scz	scz
rs17649635	0.000296138487604064	0.000296139769355068	957	0.820548000610251	placo_longsleep__scz_chr17_43325576_45343136	longsleep__scz	scz
rs17650381	0.000296138487604064	0.000296139769355068	958	0.820844140379606	placo_longsleep__scz_chr17_43325576_45343136	longsleep__scz	scz
rs17687504	0.000296138487604064	0.000296139769355068	959	0.821140280148961	placo_longsleep__scz_chr17_43325576_45343136	longsleep__scz	scz
rs17687534	0.000296138487604064	0.000296139769355068	960	0.821436419918316	placo_longsleep__scz_chr17_43325576_45343136	longsleep__scz	scz
rs17687571	0.000296138487604064	0.000296139769355068	961	0.821732559687671	placo_longsleep__scz_chr17_43325576_45343136	longsleep__scz	scz
rs17687625	0.000296138487604064	0.000296139769355068	962	0.822028699457026	placo_longsleep__scz_chr17_43325576_45343136	longsleep__scz	scz
rs17687849	0.000296138487604064	0.000296139769355068	963	0.822324839226381	placo_longsleep__scz_chr17_43325576_45343136	longsleep__scz	scz
rs17688056	0.000296138487604064	0.000296139769355068	964	0.822620978995736	placo_longsleep__scz_chr17_43325576_45343136	longsleep__scz	scz
rs17688068	0.000296138487604064	0.000296139769355068	965	0.822917118765091	placo_longsleep__scz_chr17_43325576_45343136	longsleep__scz	scz
rs17688090	0.000296138487604064	0.000296139769355068	966	0.823213258534446	placo_longsleep__scz_chr17_43325576_45343136	longsleep__scz	scz
rs17688126	0.000296138487604064	0.000296139769355068	967	0.823509398303801	placo_longsleep__scz_chr17_43325576_45343136	longsleep__scz	scz
rs17688249	0.000296138487604064	0.000296139769355068	968	0.823805538073156	placo_longsleep__scz_chr17_43325576_45343136	longsleep__scz	scz
rs17760733	0.000296138487604064	0.000296139769355068	969	0.824101677842511	placo_longsleep__scz_chr17_43325576_45343136	longsleep__scz	scz
rs17761046	0.000296138487604064	0.000296139769355068	970	0.824397817611866	placo_longsleep__scz_chr17_43325576_45343136	longsleep__scz	scz
rs17761100	0.000296138487604064	0.000296139769355068	971	0.824693957381222	placo_longsleep__scz_chr17_43325576_45343136	longsleep__scz	scz
rs17761207	0.000296138487604064	0.000296139769355068	972	0.824990097150577	placo_longsleep__scz_chr17_43325576_45343136	longsleep__scz	scz
rs17761387	0.000296138487604064	0.000296139769355068	973	0.825286236919932	placo_longsleep__scz_chr17_43325576_45343136	longsleep__scz	scz
rs17761581	0.000296138487604064	0.000296139769355068	974	0.825582376689287	placo_longsleep__scz_chr17_43325576_45343136	longsleep__scz	scz
rs2040846	0.000296138487604064	0.000296139769355068	975	0.825878516458642	placo_longsleep__scz_chr17_43325576_45343136	longsleep__scz	scz
rs2049515	0.000296138487604064	0.000296139769355068	976	0.826174656227997	placo_longsleep__scz_chr17_43325576_45343136	longsleep__scz	scz
rs2435204	0.000296138487604064	0.000296139769355068	977	0.826470795997352	placo_longsleep__scz_chr17_43325576_45343136	longsleep__scz	scz
rs3108317	0.000296138487604064	0.000296139769355068	978	0.826766935766707	placo_longsleep__scz_chr17_43325576_45343136	longsleep__scz	scz
rs4486953	0.000296138487604064	0.000296139769355068	979	0.827063075536062	placo_longsleep__scz_chr17_43325576_45343136	longsleep__scz	scz
rs55682376	0.000296138487604064	0.000296139769355068	980	0.827359215305417	placo_longsleep__scz_chr17_43325576_45343136	longsleep__scz	scz
rs56303672	0.000296138487604064	0.000296139769355068	981	0.827655355074772	placo_longsleep__scz_chr17_43325576_45343136	longsleep__scz	scz
rs56312737	0.000296138487604064	0.000296139769355068	982	0.827951494844127	placo_longsleep__scz_chr17_43325576_45343136	longsleep__scz	scz
rs62053945	0.000296138487604064	0.000296139769355068	983	0.828247634613482	placo_longsleep__scz_chr17_43325576_45343136	longsleep__scz	scz
rs62053946	0.000296138487604064	0.000296139769355068	984	0.828543774382837	placo_longsleep__scz_chr17_43325576_45343136	longsleep__scz	scz
rs62053947	0.000296138487604064	0.000296139769355068	985	0.828839914152192	placo_longsleep__scz_chr17_43325576_45343136	longsleep__scz	scz
rs62053948	0.000296138487604064	0.000296139769355068	986	0.829136053921547	placo_longsleep__scz_chr17_43325576_45343136	longsleep__scz	scz
rs62053949	0.000296138487604064	0.000296139769355068	987	0.829432193690902	placo_longsleep__scz_chr17_43325576_45343136	longsleep__scz	scz
rs62053950	0.000296138487604064	0.000296139769355068	988	0.829728333460257	placo_longsleep__scz_chr17_43325576_45343136	longsleep__scz	scz
rs62053952	0.000296138487604064	0.000296139769355068	989	0.830024473229612	placo_longsleep__scz_chr17_43325576_45343136	longsleep__scz	scz
rs62053953	0.000296138487604064	0.000296139769355068	990	0.830320612998968	placo_longsleep__scz_chr17_43325576_45343136	longsleep__scz	scz
rs62053954	0.000296138487604064	0.000296139769355068	991	0.830616752768323	placo_longsleep__scz_chr17_43325576_45343136	longsleep__scz	scz
rs62053955	0.000296138487604064	0.000296139769355068	992	0.830912892537678	placo_longsleep__scz_chr17_43325576_45343136	longsleep__scz	scz
rs62053956	0.000296138487604064	0.000296139769355068	993	0.831209032307033	placo_longsleep__scz_chr17_43325576_45343136	longsleep__scz	scz
rs62053957	0.000296138487604064	0.000296139769355068	994	0.831505172076388	placo_longsleep__scz_chr17_43325576_45343136	longsleep__scz	scz
rs62055661	0.000296138487604064	0.000296139769355068	995	0.831801311845743	placo_longsleep__scz_chr17_43325576_45343136	longsleep__scz	scz
rs62055662	0.000296138487604064	0.000296139769355068	996	0.832097451615098	placo_longsleep__scz_chr17_43325576_45343136	longsleep__scz	scz
rs62055663	0.000296138487604064	0.000296139769355068	997	0.832393591384453	placo_longsleep__scz_chr17_43325576_45343136	longsleep__scz	scz
rs62055664	0.000296138487604064	0.000296139769355068	998	0.832689731153808	placo_longsleep__scz_chr17_43325576_45343136	longsleep__scz	scz
rs62055691	0.000296138487604064	0.000296139769355068	999	0.832985870923163	placo_longsleep__scz_chr17_43325576_45343136	longsleep__scz	scz
rs62055697	0.000296138487604064	0.000296139769355068	1000	0.833282010692518	placo_longsleep__scz_chr17_43325576_45343136	longsleep__scz	scz
rs62055698	0.000296138487604064	0.000296139769355068	1001	0.833578150461873	placo_longsleep__scz_chr17_43325576_45343136	longsleep__scz	scz
rs62055704	0.000296138487604064	0.000296139769355068	1002	0.833874290231228	placo_longsleep__scz_chr17_43325576_45343136	longsleep__scz	scz
rs62055705	0.000296138487604064	0.000296139769355068	1003	0.834170430000583	placo_longsleep__scz_chr17_43325576_45343136	longsleep__scz	scz
rs62055706	0.000296138487604064	0.000296139769355068	1004	0.834466569769938	placo_longsleep__scz_chr17_43325576_45343136	longsleep__scz	scz
rs62055707	0.000296138487604064	0.000296139769355068	1005	0.834762709539293	placo_longsleep__scz_chr17_43325576_45343136	longsleep__scz	scz
rs62055709	0.000296138487604064	0.000296139769355068	1006	0.835058849308648	placo_longsleep__scz_chr17_43325576_45343136	longsleep__scz	scz
rs62055711	0.000296138487604064	0.000296139769355068	1007	0.835354989078003	placo_longsleep__scz_chr17_43325576_45343136	longsleep__scz	scz
rs62055712	0.000296138487604064	0.000296139769355068	1008	0.835651128847358	placo_longsleep__scz_chr17_43325576_45343136	longsleep__scz	scz
rs62055713	0.000296138487604064	0.000296139769355068	1009	0.835947268616714	placo_longsleep__scz_chr17_43325576_45343136	longsleep__scz	scz
rs62055714	0.000296138487604064	0.000296139769355068	1010	0.836243408386069	placo_longsleep__scz_chr17_43325576_45343136	longsleep__scz	scz
rs62055715	0.000296138487604064	0.000296139769355068	1011	0.836539548155424	placo_longsleep__scz_chr17_43325576_45343136	longsleep__scz	scz
rs62055716	0.000296138487604064	0.000296139769355068	1012	0.836835687924779	placo_longsleep__scz_chr17_43325576_45343136	longsleep__scz	scz
rs62055753	0.000296138487604064	0.000296139769355068	1013	0.837131827694134	placo_longsleep__scz_chr17_43325576_45343136	longsleep__scz	scz
rs62056812	0.000296138487604064	0.000296139769355068	1014	0.837427967463489	placo_longsleep__scz_chr17_43325576_45343136	longsleep__scz	scz
rs62056838	0.000296138487604064	0.000296139769355068	1015	0.837724107232844	placo_longsleep__scz_chr17_43325576_45343136	longsleep__scz	scz
rs62056839	0.000296138487604064	0.000296139769355068	1016	0.838020247002199	placo_longsleep__scz_chr17_43325576_45343136	longsleep__scz	scz
rs62056851	0.000296138487604064	0.000296139769355068	1017	0.838316386771554	placo_longsleep__scz_chr17_43325576_45343136	longsleep__scz	scz
rs62056861	0.000296138487604064	0.000296139769355068	1018	0.838612526540909	placo_longsleep__scz_chr17_43325576_45343136	longsleep__scz	scz
rs62061713	0.000296138487604064	0.000296139769355068	1019	0.838908666310264	placo_longsleep__scz_chr17_43325576_45343136	longsleep__scz	scz
rs62061714	0.000296138487604064	0.000296139769355068	1020	0.839204806079619	placo_longsleep__scz_chr17_43325576_45343136	longsleep__scz	scz
rs74765707	0.000296138487604064	0.000296139769355068	1021	0.839500945848974	placo_longsleep__scz_chr17_43325576_45343136	longsleep__scz	scz
rs75115093	0.000296138487604064	0.000296139769355068	1022	0.839797085618329	placo_longsleep__scz_chr17_43325576_45343136	longsleep__scz	scz
rs76717812	0.000296138487604064	0.000296139769355068	1023	0.840093225387684	placo_longsleep__scz_chr17_43325576_45343136	longsleep__scz	scz
rs77220413	0.000296138487604064	0.000296139769355068	1024	0.840389365157039	placo_longsleep__scz_chr17_43325576_45343136	longsleep__scz	scz
rs1631850	0.000294550236412419	0.000294551511289131	1025	0.840683916668328	placo_longsleep__scz_chr17_43325576_45343136	longsleep__scz	scz
rs10445337	0.000288563254644177	0.000288564503607945	1026	0.840972481171936	placo_longsleep__scz_chr17_43325576_45343136	longsleep__scz	scz
rs10445338	0.000288563254644177	0.000288564503607945	1027	0.841261045675544	placo_longsleep__scz_chr17_43325576_45343136	longsleep__scz	scz
rs11079729	0.000288563254644177	0.000288564503607945	1028	0.841549610179152	placo_longsleep__scz_chr17_43325576_45343136	longsleep__scz	scz
rs111652694	0.000288563254644177	0.000288564503607945	1029	0.84183817468276	placo_longsleep__scz_chr17_43325576_45343136	longsleep__scz	scz
rs111678697	0.000288563254644177	0.000288564503607945	1030	0.842126739186368	placo_longsleep__scz_chr17_43325576_45343136	longsleep__scz	scz
rs112206871	0.000288563254644177	0.000288564503607945	1031	0.842415303689976	placo_longsleep__scz_chr17_43325576_45343136	longsleep__scz	scz
rs113134013	0.000288563254644177	0.000288564503607945	1032	0.842703868193584	placo_longsleep__scz_chr17_43325576_45343136	longsleep__scz	scz
rs12150170	0.000288563254644177	0.000288564503607945	1033	0.842992432697192	placo_longsleep__scz_chr17_43325576_45343136	longsleep__scz	scz
rs12150254	0.000288563254644177	0.000288564503607945	1034	0.8432809972008	placo_longsleep__scz_chr17_43325576_45343136	longsleep__scz	scz
rs16940633	0.000288563254644177	0.000288564503607945	1035	0.843569561704408	placo_longsleep__scz_chr17_43325576_45343136	longsleep__scz	scz
rs17573858	0.000288563254644177	0.000288564503607945	1036	0.843858126208016	placo_longsleep__scz_chr17_43325576_45343136	longsleep__scz	scz
rs17577496	0.000288563254644177	0.000288564503607945	1037	0.844146690711624	placo_longsleep__scz_chr17_43325576_45343136	longsleep__scz	scz
rs17577650	0.000288563254644177	0.000288564503607945	1038	0.844435255215231	placo_longsleep__scz_chr17_43325576_45343136	longsleep__scz	scz
rs17651483	0.000288563254644177	0.000288564503607945	1039	0.844723819718839	placo_longsleep__scz_chr17_43325576_45343136	longsleep__scz	scz
rs17651754	0.000288563254644177	0.000288564503607945	1040	0.845012384222447	placo_longsleep__scz_chr17_43325576_45343136	longsleep__scz	scz
rs3087534	0.000288563254644177	0.000288564503607945	1041	0.845300948726055	placo_longsleep__scz_chr17_43325576_45343136	longsleep__scz	scz
rs4283261	0.000288563254644177	0.000288564503607945	1042	0.845589513229663	placo_longsleep__scz_chr17_43325576_45343136	longsleep__scz	scz
rs62055544	0.000288563254644177	0.000288564503607945	1043	0.845878077733271	placo_longsleep__scz_chr17_43325576_45343136	longsleep__scz	scz
rs62055545	0.000288563254644177	0.000288564503607945	1044	0.846166642236879	placo_longsleep__scz_chr17_43325576_45343136	longsleep__scz	scz
rs62061849	0.000288563254644177	0.000288564503607945	1045	0.846455206740487	placo_longsleep__scz_chr17_43325576_45343136	longsleep__scz	scz
rs62062266	0.000288563254644177	0.000288564503607945	1046	0.846743771244095	placo_longsleep__scz_chr17_43325576_45343136	longsleep__scz	scz
rs62062267	0.000288563254644177	0.000288564503607945	1047	0.847032335747703	placo_longsleep__scz_chr17_43325576_45343136	longsleep__scz	scz
rs62062268	0.000288563254644177	0.000288564503607945	1048	0.847320900251311	placo_longsleep__scz_chr17_43325576_45343136	longsleep__scz	scz
rs62062270	0.000288563254644177	0.000288564503607945	1049	0.847609464754919	placo_longsleep__scz_chr17_43325576_45343136	longsleep__scz	scz
rs62063200	0.000288563254644177	0.000288564503607945	1050	0.847898029258527	placo_longsleep__scz_chr17_43325576_45343136	longsleep__scz	scz
rs62063278	0.000288563254644177	0.000288564503607945	1051	0.848186593762134	placo_longsleep__scz_chr17_43325576_45343136	longsleep__scz	scz
rs62063795	0.000288563254644177	0.000288564503607945	1052	0.848475158265742	placo_longsleep__scz_chr17_43325576_45343136	longsleep__scz	scz
rs62063796	0.000288563254644177	0.000288564503607945	1053	0.84876372276935	placo_longsleep__scz_chr17_43325576_45343136	longsleep__scz	scz
rs62063798	0.000288563254644177	0.000288564503607945	1054	0.849052287272958	placo_longsleep__scz_chr17_43325576_45343136	longsleep__scz	scz
rs62063800	0.000288563254644177	0.000288564503607945	1055	0.849340851776566	placo_longsleep__scz_chr17_43325576_45343136	longsleep__scz	scz
rs62064674	0.000288563254644177	0.000288564503607945	1056	0.849629416280174	placo_longsleep__scz_chr17_43325576_45343136	longsleep__scz	scz
rs727425	0.000288563254644177	0.000288564503607945	1057	0.849917980783782	placo_longsleep__scz_chr17_43325576_45343136	longsleep__scz	scz
rs733967	0.000288563254644177	0.000288564503607945	1058	0.85020654528739	placo_longsleep__scz_chr17_43325576_45343136	longsleep__scz	scz
rs733968	0.000288563254644177	0.000288564503607945	1059	0.850495109790998	placo_longsleep__scz_chr17_43325576_45343136	longsleep__scz	scz
rs733969	0.000288563254644177	0.000288564503607945	1060	0.850783674294606	placo_longsleep__scz_chr17_43325576_45343136	longsleep__scz	scz
rs76357066	0.000288563254644177	0.000288564503607945	1061	0.851072238798214	placo_longsleep__scz_chr17_43325576_45343136	longsleep__scz	scz
rs76723223	0.000288563254644177	0.000288564503607945	1062	0.851360803301822	placo_longsleep__scz_chr17_43325576_45343136	longsleep__scz	scz
rs77290642	0.000288563254644177	0.000288564503607945	1063	0.85164936780543	placo_longsleep__scz_chr17_43325576_45343136	longsleep__scz	scz
rs78556223	0.000288563254644177	0.000288564503607945	1064	0.851937932309037	placo_longsleep__scz_chr17_43325576_45343136	longsleep__scz	scz
rs79447161	0.000288563254644177	0.000288564503607945	1065	0.852226496812645	placo_longsleep__scz_chr17_43325576_45343136	longsleep__scz	scz
rs872972	0.000288563254644177	0.000288564503607945	1066	0.852515061316253	placo_longsleep__scz_chr17_43325576_45343136	longsleep__scz	scz
rs112333322	0.000281306401593387	0.000281307619147936	1067	0.852796368935401	placo_longsleep__scz_chr17_43325576_45343136	longsleep__scz	scz
rs1724390	0.000281306401593387	0.000281307619147936	1068	0.853077676554549	placo_longsleep__scz_chr17_43325576_45343136	longsleep__scz	scz
rs62061734	0.000281306401593387	0.000281307619147936	1069	0.853358984173697	placo_longsleep__scz_chr17_43325576_45343136	longsleep__scz	scz
rs111273167	0.000280592535844354	0.000280593750309139	1070	0.853639577924006	placo_longsleep__scz_chr17_43325576_45343136	longsleep__scz	scz
rs111447859	0.000280592535844354	0.000280593750309139	1071	0.853920171674315	placo_longsleep__scz_chr17_43325576_45343136	longsleep__scz	scz
rs1467970	0.000280592535844354	0.000280593750309139	1072	0.854200765424624	placo_longsleep__scz_chr17_43325576_45343136	longsleep__scz	scz
rs1476127	0.000280592535844354	0.000280593750309139	1073	0.854481359174933	placo_longsleep__scz_chr17_43325576_45343136	longsleep__scz	scz
rs1706746	0.000280592535844354	0.000280593750309139	1074	0.854761952925242	placo_longsleep__scz_chr17_43325576_45343136	longsleep__scz	scz
rs17564619	0.000280592535844354	0.000280593750309139	1075	0.855042546675552	placo_longsleep__scz_chr17_43325576_45343136	longsleep__scz	scz
rs17649866	0.000280592535844354	0.000280593750309139	1076	0.855323140425861	placo_longsleep__scz_chr17_43325576_45343136	longsleep__scz	scz
rs17649918	0.000280592535844354	0.000280593750309139	1077	0.85560373417617	placo_longsleep__scz_chr17_43325576_45343136	longsleep__scz	scz
rs17649954	0.000280592535844354	0.000280593750309139	1078	0.855884327926479	placo_longsleep__scz_chr17_43325576_45343136	longsleep__scz	scz
rs17650258	0.000280592535844354	0.000280593750309139	1079	0.856164921676788	placo_longsleep__scz_chr17_43325576_45343136	longsleep__scz	scz
rs17650417	0.000280592535844354	0.000280593750309139	1080	0.856445515427097	placo_longsleep__scz_chr17_43325576_45343136	longsleep__scz	scz
rs17687462	0.000280592535844354	0.000280593750309139	1081	0.856726109177406	placo_longsleep__scz_chr17_43325576_45343136	longsleep__scz	scz
rs17688296	0.000280592535844354	0.000280593750309139	1082	0.857006702927715	placo_longsleep__scz_chr17_43325576_45343136	longsleep__scz	scz
rs17760631	0.000280592535844354	0.000280593750309139	1083	0.857287296678024	placo_longsleep__scz_chr17_43325576_45343136	longsleep__scz	scz
rs2040844	0.000280592535844354	0.000280593750309139	1084	0.857567890428333	placo_longsleep__scz_chr17_43325576_45343136	longsleep__scz	scz
rs241020	0.000280592535844354	0.000280593750309139	1085	0.857848484178642	placo_longsleep__scz_chr17_43325576_45343136	longsleep__scz	scz
rs241021	0.000280592535844354	0.000280593750309139	1086	0.858129077928952	placo_longsleep__scz_chr17_43325576_45343136	longsleep__scz	scz
rs241022	0.000280592535844354	0.000280593750309139	1087	0.858409671679261	placo_longsleep__scz_chr17_43325576_45343136	longsleep__scz	scz
rs241023	0.000280592535844354	0.000280593750309139	1088	0.85869026542957	placo_longsleep__scz_chr17_43325576_45343136	longsleep__scz	scz
rs241024	0.000280592535844354	0.000280593750309139	1089	0.858970859179879	placo_longsleep__scz_chr17_43325576_45343136	longsleep__scz	scz
rs241027	0.000280592535844354	0.000280593750309139	1090	0.859251452930188	placo_longsleep__scz_chr17_43325576_45343136	longsleep__scz	scz
rs34097347	0.000280592535844354	0.000280593750309139	1091	0.859532046680497	placo_longsleep__scz_chr17_43325576_45343136	longsleep__scz	scz
rs3418	0.000280592535844354	0.000280593750309139	1092	0.859812640430806	placo_longsleep__scz_chr17_43325576_45343136	longsleep__scz	scz
rs365825	0.000280592535844354	0.000280593750309139	1093	0.860093234181115	placo_longsleep__scz_chr17_43325576_45343136	longsleep__scz	scz
rs366858	0.000280592535844354	0.000280593750309139	1094	0.860373827931424	placo_longsleep__scz_chr17_43325576_45343136	longsleep__scz	scz
rs413917	0.000280592535844354	0.000280593750309139	1095	0.860654421681733	placo_longsleep__scz_chr17_43325576_45343136	longsleep__scz	scz
rs448830	0.000280592535844354	0.000280593750309139	1096	0.860935015432042	placo_longsleep__scz_chr17_43325576_45343136	longsleep__scz	scz
rs56002706	0.000280592535844354	0.000280593750309139	1097	0.861215609182352	placo_longsleep__scz_chr17_43325576_45343136	longsleep__scz	scz
rs56400821	0.000280592535844354	0.000280593750309139	1098	0.861496202932661	placo_longsleep__scz_chr17_43325576_45343136	longsleep__scz	scz
rs62053939	0.000280592535844354	0.000280593750309139	1099	0.86177679668297	placo_longsleep__scz_chr17_43325576_45343136	longsleep__scz	scz
rs62053940	0.000280592535844354	0.000280593750309139	1100	0.862057390433279	placo_longsleep__scz_chr17_43325576_45343136	longsleep__scz	scz
rs62054815	0.000280592535844354	0.000280593750309139	1101	0.862337984183588	placo_longsleep__scz_chr17_43325576_45343136	longsleep__scz	scz
rs62055751	0.000280592535844354	0.000280593750309139	1102	0.862618577933897	placo_longsleep__scz_chr17_43325576_45343136	longsleep__scz	scz
rs62056835	0.000280592535844354	0.000280593750309139	1103	0.862899171684206	placo_longsleep__scz_chr17_43325576_45343136	longsleep__scz	scz
rs62058962	0.000280592535844354	0.000280593750309139	1104	0.863179765434515	placo_longsleep__scz_chr17_43325576_45343136	longsleep__scz	scz
rs62058964	0.000280592535844354	0.000280593750309139	1105	0.863460359184824	placo_longsleep__scz_chr17_43325576_45343136	longsleep__scz	scz
rs62061719	0.000280592535844354	0.000280593750309139	1106	0.863740952935133	placo_longsleep__scz_chr17_43325576_45343136	longsleep__scz	scz
rs62061720	0.000280592535844354	0.000280593750309139	1107	0.864021546685442	placo_longsleep__scz_chr17_43325576_45343136	longsleep__scz	scz
rs7221390	0.000280592535844354	0.000280593750309139	1108	0.864302140435751	placo_longsleep__scz_chr17_43325576_45343136	longsleep__scz	scz
rs767057	0.000280592535844354	0.000280593750309139	1109	0.864582734186061	placo_longsleep__scz_chr17_43325576_45343136	longsleep__scz	scz
rs8077487	0.000280592535844354	0.000280593750309139	1110	0.86486332793637	placo_longsleep__scz_chr17_43325576_45343136	longsleep__scz	scz
rs8078495	0.000280592535844354	0.000280593750309139	1111	0.865143921686679	placo_longsleep__scz_chr17_43325576_45343136	longsleep__scz	scz
rs968028	0.000280592535844354	0.000280593750309139	1112	0.865424515436988	placo_longsleep__scz_chr17_43325576_45343136	longsleep__scz	scz
rs242561	0.000273673498522358	0.000273674683040062	1113	0.865698190120028	placo_longsleep__scz_chr17_43325576_45343136	longsleep__scz	scz
rs10445371	0.00027357396697206	0.00027357515105897	1114	0.865971765271087	placo_longsleep__scz_chr17_43325576_45343136	longsleep__scz	scz
rs10514901	0.00027357396697206	0.00027357515105897	1115	0.866245340422146	placo_longsleep__scz_chr17_43325576_45343136	longsleep__scz	scz
rs111976319	0.00027357396697206	0.00027357515105897	1116	0.866518915573205	placo_longsleep__scz_chr17_43325576_45343136	longsleep__scz	scz
rs1122380	0.00027357396697206	0.00027357515105897	1117	0.866792490724264	placo_longsleep__scz_chr17_43325576_45343136	longsleep__scz	scz
rs112385572	0.00027357396697206	0.00027357515105897	1118	0.867066065875323	placo_longsleep__scz_chr17_43325576_45343136	longsleep__scz	scz
rs12150469	0.00027357396697206	0.00027357515105897	1119	0.867339641026382	placo_longsleep__scz_chr17_43325576_45343136	longsleep__scz	scz
rs12150515	0.00027357396697206	0.00027357515105897	1120	0.867613216177441	placo_longsleep__scz_chr17_43325576_45343136	longsleep__scz	scz
rs17572361	0.00027357396697206	0.00027357515105897	1121	0.8678867913285	placo_longsleep__scz_chr17_43325576_45343136	longsleep__scz	scz
rs17572613	0.00027357396697206	0.00027357515105897	1122	0.868160366479559	placo_longsleep__scz_chr17_43325576_45343136	longsleep__scz	scz
rs17573907	0.00027357396697206	0.00027357515105897	1123	0.868433941630618	placo_longsleep__scz_chr17_43325576_45343136	longsleep__scz	scz
rs17651213	0.00027357396697206	0.00027357515105897	1124	0.868707516781677	placo_longsleep__scz_chr17_43325576_45343136	longsleep__scz	scz
rs17652502	0.00027357396697206	0.00027357515105897	1125	0.868981091932736	placo_longsleep__scz_chr17_43325576_45343136	longsleep__scz	scz
rs1981997	0.00027357396697206	0.00027357515105897	1126	0.869254667083795	placo_longsleep__scz_chr17_43325576_45343136	longsleep__scz	scz
rs3912062	0.00027357396697206	0.00027357515105897	1127	0.869528242234853	placo_longsleep__scz_chr17_43325576_45343136	longsleep__scz	scz
rs3912063	0.00027357396697206	0.00027357515105897	1128	0.869801817385912	placo_longsleep__scz_chr17_43325576_45343136	longsleep__scz	scz
rs396593	0.00027357396697206	0.00027357515105897	1129	0.870075392536971	placo_longsleep__scz_chr17_43325576_45343136	longsleep__scz	scz
rs41382552	0.00027357396697206	0.00027357515105897	1130	0.87034896768803	placo_longsleep__scz_chr17_43325576_45343136	longsleep__scz	scz
rs4306559	0.00027357396697206	0.00027357515105897	1131	0.870622542839089	placo_longsleep__scz_chr17_43325576_45343136	longsleep__scz	scz
rs4383188	0.00027357396697206	0.00027357515105897	1132	0.870896117990148	placo_longsleep__scz_chr17_43325576_45343136	longsleep__scz	scz
rs444071	0.00027357396697206	0.00027357515105897	1133	0.871169693141207	placo_longsleep__scz_chr17_43325576_45343136	longsleep__scz	scz
rs4548919	0.00027357396697206	0.00027357515105897	1134	0.871443268292266	placo_longsleep__scz_chr17_43325576_45343136	longsleep__scz	scz
rs4606752	0.00027357396697206	0.00027357515105897	1135	0.871716843443325	placo_longsleep__scz_chr17_43325576_45343136	longsleep__scz	scz
rs56166491	0.00027357396697206	0.00027357515105897	1136	0.871990418594384	placo_longsleep__scz_chr17_43325576_45343136	longsleep__scz	scz
rs62061847	0.00027357396697206	0.00027357515105897	1137	0.872263993745443	placo_longsleep__scz_chr17_43325576_45343136	longsleep__scz	scz
rs62061850	0.00027357396697206	0.00027357515105897	1138	0.872537568896502	placo_longsleep__scz_chr17_43325576_45343136	longsleep__scz	scz
rs62061851	0.00027357396697206	0.00027357515105897	1139	0.872811144047561	placo_longsleep__scz_chr17_43325576_45343136	longsleep__scz	scz
rs62061852	0.00027357396697206	0.00027357515105897	1140	0.87308471919862	placo_longsleep__scz_chr17_43325576_45343136	longsleep__scz	scz
rs62062274	0.00027357396697206	0.00027357515105897	1141	0.873358294349679	placo_longsleep__scz_chr17_43325576_45343136	longsleep__scz	scz
rs62062275	0.00027357396697206	0.00027357515105897	1142	0.873631869500738	placo_longsleep__scz_chr17_43325576_45343136	longsleep__scz	scz
rs62062276	0.00027357396697206	0.00027357515105897	1143	0.873905444651797	placo_longsleep__scz_chr17_43325576_45343136	longsleep__scz	scz
rs62062278	0.00027357396697206	0.00027357515105897	1144	0.874179019802856	placo_longsleep__scz_chr17_43325576_45343136	longsleep__scz	scz
rs62062281	0.00027357396697206	0.00027357515105897	1145	0.874452594953915	placo_longsleep__scz_chr17_43325576_45343136	longsleep__scz	scz
rs62062282	0.00027357396697206	0.00027357515105897	1146	0.874726170104974	placo_longsleep__scz_chr17_43325576_45343136	longsleep__scz	scz
rs62062283	0.00027357396697206	0.00027357515105897	1147	0.874999745256033	placo_longsleep__scz_chr17_43325576_45343136	longsleep__scz	scz
rs62062290	0.00027357396697206	0.00027357515105897	1148	0.875273320407092	placo_longsleep__scz_chr17_43325576_45343136	longsleep__scz	scz
rs62063304	0.00027357396697206	0.00027357515105897	1149	0.875546895558151	placo_longsleep__scz_chr17_43325576_45343136	longsleep__scz	scz
rs62063305	0.00027357396697206	0.00027357515105897	1150	0.87582047070921	placo_longsleep__scz_chr17_43325576_45343136	longsleep__scz	scz
rs747152	0.00027357396697206	0.00027357515105897	1151	0.876094045860269	placo_longsleep__scz_chr17_43325576_45343136	longsleep__scz	scz
rs75229280	0.00027357396697206	0.00027357515105897	1152	0.876367621011328	placo_longsleep__scz_chr17_43325576_45343136	longsleep__scz	scz
rs75534191	0.00027357396697206	0.00027357515105897	1153	0.876641196162387	placo_longsleep__scz_chr17_43325576_45343136	longsleep__scz	scz
rs75666751	0.00027357396697206	0.00027357515105897	1154	0.876914771313446	placo_longsleep__scz_chr17_43325576_45343136	longsleep__scz	scz
rs76618565	0.00027357396697206	0.00027357515105897	1155	0.877188346464505	placo_longsleep__scz_chr17_43325576_45343136	longsleep__scz	scz
rs77527347	0.00027357396697206	0.00027357515105897	1156	0.877461921615564	placo_longsleep__scz_chr17_43325576_45343136	longsleep__scz	scz
rs919462	0.00027357396697206	0.00027357515105897	1157	0.877735496766623	placo_longsleep__scz_chr17_43325576_45343136	longsleep__scz	scz
rs919464	0.00027357396697206	0.00027357515105897	1158	0.878009071917682	placo_longsleep__scz_chr17_43325576_45343136	longsleep__scz	scz
rs17661015	0.000268128452931313	0.000268129613448868	1159	0.87827720153113	placo_longsleep__scz_chr17_43325576_45343136	longsleep__scz	scz
rs78929339	0.000268128452931313	0.000268129613448868	1160	0.878545331144579	placo_longsleep__scz_chr17_43325576_45343136	longsleep__scz	scz
rs113952577	0.000267189114107965	0.00026719027055986	1161	0.878812521415139	placo_longsleep__scz_chr17_43325576_45343136	longsleep__scz	scz
rs12150104	0.000267189114107965	0.00026719027055986	1162	0.879079711685699	placo_longsleep__scz_chr17_43325576_45343136	longsleep__scz	scz
rs12150111	0.000267189114107965	0.00026719027055986	1163	0.879346901956259	placo_longsleep__scz_chr17_43325576_45343136	longsleep__scz	scz
rs12150195	0.000267189114107965	0.00026719027055986	1164	0.879614092226819	placo_longsleep__scz_chr17_43325576_45343136	longsleep__scz	scz
rs12150460	0.000267189114107965	0.00026719027055986	1165	0.879881282497379	placo_longsleep__scz_chr17_43325576_45343136	longsleep__scz	scz
rs12150576	0.000267189114107965	0.00026719027055986	1166	0.880148472767939	placo_longsleep__scz_chr17_43325576_45343136	longsleep__scz	scz
rs17564020	0.000267189114107965	0.00026719027055986	1167	0.880415663038498	placo_longsleep__scz_chr17_43325576_45343136	longsleep__scz	scz
rs17564591	0.000267189114107965	0.00026719027055986	1168	0.880682853309058	placo_longsleep__scz_chr17_43325576_45343136	longsleep__scz	scz
rs17564703	0.000267189114107965	0.00026719027055986	1169	0.880950043579618	placo_longsleep__scz_chr17_43325576_45343136	longsleep__scz	scz
rs17564780	0.000267189114107965	0.00026719027055986	1170	0.881217233850178	placo_longsleep__scz_chr17_43325576_45343136	longsleep__scz	scz
rs17564829	0.000267189114107965	0.00026719027055986	1171	0.881484424120738	placo_longsleep__scz_chr17_43325576_45343136	longsleep__scz	scz
rs17564871	0.000267189114107965	0.00026719027055986	1172	0.881751614391298	placo_longsleep__scz_chr17_43325576_45343136	longsleep__scz	scz
rs17564948	0.000267189114107965	0.00026719027055986	1173	0.882018804661858	placo_longsleep__scz_chr17_43325576_45343136	longsleep__scz	scz
rs17565025	0.000267189114107965	0.00026719027055986	1174	0.882285994932418	placo_longsleep__scz_chr17_43325576_45343136	longsleep__scz	scz
rs17649518	0.000267189114107965	0.00026719027055986	1175	0.882553185202978	placo_longsleep__scz_chr17_43325576_45343136	longsleep__scz	scz
rs17650063	0.000267189114107965	0.00026719027055986	1176	0.882820375473537	placo_longsleep__scz_chr17_43325576_45343136	longsleep__scz	scz
rs17650335	0.000267189114107965	0.00026719027055986	1177	0.883087565744097	placo_longsleep__scz_chr17_43325576_45343136	longsleep__scz	scz
rs2316782	0.000267189114107965	0.00026719027055986	1178	0.883354756014657	placo_longsleep__scz_chr17_43325576_45343136	longsleep__scz	scz
rs241026	0.000267189114107965	0.00026719027055986	1179	0.883621946285217	placo_longsleep__scz_chr17_43325576_45343136	longsleep__scz	scz
rs241028	0.000267189114107965	0.00026719027055986	1180	0.883889136555777	placo_longsleep__scz_chr17_43325576_45343136	longsleep__scz	scz
rs241029	0.000267189114107965	0.00026719027055986	1181	0.884156326826337	placo_longsleep__scz_chr17_43325576_45343136	longsleep__scz	scz
rs241030	0.000267189114107965	0.00026719027055986	1182	0.884423517096897	placo_longsleep__scz_chr17_43325576_45343136	longsleep__scz	scz
rs241031	0.000267189114107965	0.00026719027055986	1183	0.884690707367457	placo_longsleep__scz_chr17_43325576_45343136	longsleep__scz	scz
rs241032	0.000267189114107965	0.00026719027055986	1184	0.884957897638016	placo_longsleep__scz_chr17_43325576_45343136	longsleep__scz	scz
rs241033	0.000267189114107965	0.00026719027055986	1185	0.885225087908576	placo_longsleep__scz_chr17_43325576_45343136	longsleep__scz	scz
rs241035	0.000267189114107965	0.00026719027055986	1186	0.885492278179136	placo_longsleep__scz_chr17_43325576_45343136	longsleep__scz	scz
rs241036	0.000267189114107965	0.00026719027055986	1187	0.885759468449696	placo_longsleep__scz_chr17_43325576_45343136	longsleep__scz	scz
rs241037	0.000267189114107965	0.00026719027055986	1188	0.886026658720256	placo_longsleep__scz_chr17_43325576_45343136	longsleep__scz	scz
rs241038	0.000267189114107965	0.00026719027055986	1189	0.886293848990816	placo_longsleep__scz_chr17_43325576_45343136	longsleep__scz	scz
rs385691	0.000267189114107965	0.00026719027055986	1190	0.886561039261376	placo_longsleep__scz_chr17_43325576_45343136	longsleep__scz	scz
rs393675	0.000267189114107965	0.00026719027055986	1191	0.886828229531936	placo_longsleep__scz_chr17_43325576_45343136	longsleep__scz	scz
rs413844	0.000267189114107965	0.00026719027055986	1192	0.887095419802496	placo_longsleep__scz_chr17_43325576_45343136	longsleep__scz	scz
rs422112	0.000267189114107965	0.00026719027055986	1193	0.887362610073055	placo_longsleep__scz_chr17_43325576_45343136	longsleep__scz	scz
rs434428	0.000267189114107965	0.00026719027055986	1194	0.887629800343615	placo_longsleep__scz_chr17_43325576_45343136	longsleep__scz	scz
rs434598	0.000267189114107965	0.00026719027055986	1195	0.887896990614175	placo_longsleep__scz_chr17_43325576_45343136	longsleep__scz	scz
rs434971	0.000267189114107965	0.00026719027055986	1196	0.888164180884735	placo_longsleep__scz_chr17_43325576_45343136	longsleep__scz	scz
rs449501	0.000267189114107965	0.00026719027055986	1197	0.888431371155295	placo_longsleep__scz_chr17_43325576_45343136	longsleep__scz	scz
rs453997	0.000267189114107965	0.00026719027055986	1198	0.888698561425855	placo_longsleep__scz_chr17_43325576_45343136	longsleep__scz	scz
rs455028	0.000267189114107965	0.00026719027055986	1199	0.888965751696415	placo_longsleep__scz_chr17_43325576_45343136	longsleep__scz	scz
rs55685451	0.000267189114107965	0.00026719027055986	1200	0.889232941966975	placo_longsleep__scz_chr17_43325576_45343136	longsleep__scz	scz
rs55874169	0.000267189114107965	0.00026719027055986	1201	0.889500132237534	placo_longsleep__scz_chr17_43325576_45343136	longsleep__scz	scz
rs55929431	0.000267189114107965	0.00026719027055986	1202	0.889767322508094	placo_longsleep__scz_chr17_43325576_45343136	longsleep__scz	scz
rs56189701	0.000267189114107965	0.00026719027055986	1203	0.890034512778654	placo_longsleep__scz_chr17_43325576_45343136	longsleep__scz	scz
rs56197117	0.000267189114107965	0.00026719027055986	1204	0.890301703049214	placo_longsleep__scz_chr17_43325576_45343136	longsleep__scz	scz
rs56249311	0.000267189114107965	0.00026719027055986	1205	0.890568893319774	placo_longsleep__scz_chr17_43325576_45343136	longsleep__scz	scz
rs62056850	0.000267189114107965	0.00026719027055986	1206	0.890836083590334	placo_longsleep__scz_chr17_43325576_45343136	longsleep__scz	scz
rs62059003	0.000267189114107965	0.00026719027055986	1207	0.891103273860894	placo_longsleep__scz_chr17_43325576_45343136	longsleep__scz	scz
rs62059004	0.000267189114107965	0.00026719027055986	1208	0.891370464131454	placo_longsleep__scz_chr17_43325576_45343136	longsleep__scz	scz
rs62059005	0.000267189114107965	0.00026719027055986	1209	0.891637654402013	placo_longsleep__scz_chr17_43325576_45343136	longsleep__scz	scz
rs62059008	0.000267189114107965	0.00026719027055986	1210	0.891904844672573	placo_longsleep__scz_chr17_43325576_45343136	longsleep__scz	scz
rs62059009	0.000267189114107965	0.00026719027055986	1211	0.892172034943133	placo_longsleep__scz_chr17_43325576_45343136	longsleep__scz	scz
rs62061705	0.000267189114107965	0.00026719027055986	1212	0.892439225213693	placo_longsleep__scz_chr17_43325576_45343136	longsleep__scz	scz
rs62061712	0.000267189114107965	0.00026719027055986	1213	0.892706415484253	placo_longsleep__scz_chr17_43325576_45343136	longsleep__scz	scz
rs62061715	0.000267189114107965	0.00026719027055986	1214	0.892973605754813	placo_longsleep__scz_chr17_43325576_45343136	longsleep__scz	scz
rs62061716	0.000267189114107965	0.00026719027055986	1215	0.893240796025373	placo_longsleep__scz_chr17_43325576_45343136	longsleep__scz	scz
rs62061721	0.000267189114107965	0.00026719027055986	1216	0.893507986295933	placo_longsleep__scz_chr17_43325576_45343136	longsleep__scz	scz
rs647483	0.000267189114107965	0.00026719027055986	1217	0.893775176566493	placo_longsleep__scz_chr17_43325576_45343136	longsleep__scz	scz
rs6503457	0.000267189114107965	0.00026719027055986	1218	0.894042366837052	placo_longsleep__scz_chr17_43325576_45343136	longsleep__scz	scz
rs7220752	0.000267189114107965	0.00026719027055986	1219	0.894309557107612	placo_longsleep__scz_chr17_43325576_45343136	longsleep__scz	scz
rs7501759	0.000267189114107965	0.00026719027055986	1220	0.894576747378172	placo_longsleep__scz_chr17_43325576_45343136	longsleep__scz	scz
rs76090253	0.000267189114107965	0.00026719027055986	1221	0.894843937648732	placo_longsleep__scz_chr17_43325576_45343136	longsleep__scz	scz
rs76500077	0.000267189114107965	0.00026719027055986	1222	0.895111127919292	placo_longsleep__scz_chr17_43325576_45343136	longsleep__scz	scz
rs767056	0.000267189114107965	0.00026719027055986	1223	0.895378318189852	placo_longsleep__scz_chr17_43325576_45343136	longsleep__scz	scz
rs77924424	0.000267189114107965	0.00026719027055986	1224	0.895645508460412	placo_longsleep__scz_chr17_43325576_45343136	longsleep__scz	scz
rs8070942	0.000267189114107965	0.00026719027055986	1225	0.895912698730972	placo_longsleep__scz_chr17_43325576_45343136	longsleep__scz	scz
rs9944484	0.000267189114107965	0.00026719027055986	1226	0.896179889001531	placo_longsleep__scz_chr17_43325576_45343136	longsleep__scz	scz
rs10514898	0.000260643140241108	0.000260644268360622	1227	0.896440533269892	placo_longsleep__scz_chr17_43325576_45343136	longsleep__scz	scz
rs12150064	0.000260643140241108	0.000260644268360622	1228	0.896701177538253	placo_longsleep__scz_chr17_43325576_45343136	longsleep__scz	scz
rs17572467	0.000260643140241108	0.000260644268360622	1229	0.896961821806613	placo_longsleep__scz_chr17_43325576_45343136	longsleep__scz	scz
rs17572495	0.000260643140241108	0.000260644268360622	1230	0.897222466074974	placo_longsleep__scz_chr17_43325576_45343136	longsleep__scz	scz
rs17574228	0.000260643140241108	0.000260644268360622	1231	0.897483110343334	placo_longsleep__scz_chr17_43325576_45343136	longsleep__scz	scz
rs17574361	0.000260643140241108	0.000260644268360622	1232	0.897743754611695	placo_longsleep__scz_chr17_43325576_45343136	longsleep__scz	scz
rs17574824	0.000260643140241108	0.000260644268360622	1233	0.898004398880056	placo_longsleep__scz_chr17_43325576_45343136	longsleep__scz	scz
rs17651243	0.000260643140241108	0.000260644268360622	1234	0.898265043148416	placo_longsleep__scz_chr17_43325576_45343136	longsleep__scz	scz
rs17651285	0.000260643140241108	0.000260644268360622	1235	0.898525687416777	placo_longsleep__scz_chr17_43325576_45343136	longsleep__scz	scz
rs17652961	0.000260643140241108	0.000260644268360622	1236	0.898786331685137	placo_longsleep__scz_chr17_43325576_45343136	longsleep__scz	scz
rs17660847	0.000260643140241108	0.000260644268360622	1237	0.899046975953498	placo_longsleep__scz_chr17_43325576_45343136	longsleep__scz	scz
rs17660865	0.000260643140241108	0.000260644268360622	1238	0.899307620221859	placo_longsleep__scz_chr17_43325576_45343136	longsleep__scz	scz
rs17660907	0.000260643140241108	0.000260644268360622	1239	0.899568264490219	placo_longsleep__scz_chr17_43325576_45343136	longsleep__scz	scz
rs17660936	0.000260643140241108	0.000260644268360622	1240	0.89982890875858	placo_longsleep__scz_chr17_43325576_45343136	longsleep__scz	scz
rs2163129	0.000260643140241108	0.000260644268360622	1241	0.90008955302694	placo_longsleep__scz_chr17_43325576_45343136	longsleep__scz	scz
rs2163130	0.000260643140241108	0.000260644268360622	1242	0.900350197295301	placo_longsleep__scz_chr17_43325576_45343136	longsleep__scz	scz
rs2217394	0.000260643140241108	0.000260644268360622	1243	0.900610841563661	placo_longsleep__scz_chr17_43325576_45343136	longsleep__scz	scz
rs34579536	0.000260643140241108	0.000260644268360622	1244	0.900871485832022	placo_longsleep__scz_chr17_43325576_45343136	longsleep__scz	scz
rs41374248	0.000260643140241108	0.000260644268360622	1245	0.901132130100383	placo_longsleep__scz_chr17_43325576_45343136	longsleep__scz	scz
rs55893711	0.000260643140241108	0.000260644268360622	1246	0.901392774368743	placo_longsleep__scz_chr17_43325576_45343136	longsleep__scz	scz
rs55907036	0.000260643140241108	0.000260644268360622	1247	0.901653418637104	placo_longsleep__scz_chr17_43325576_45343136	longsleep__scz	scz
rs56226437	0.000260643140241108	0.000260644268360622	1248	0.901914062905464	placo_longsleep__scz_chr17_43325576_45343136	longsleep__scz	scz
rs56294117	0.000260643140241108	0.000260644268360622	1249	0.902174707173825	placo_longsleep__scz_chr17_43325576_45343136	longsleep__scz	scz
rs62061764	0.000260643140241108	0.000260644268360622	1250	0.902435351442186	placo_longsleep__scz_chr17_43325576_45343136	longsleep__scz	scz
rs62061822	0.000260643140241108	0.000260644268360622	1251	0.902695995710546	placo_longsleep__scz_chr17_43325576_45343136	longsleep__scz	scz
rs62062137	0.000260643140241108	0.000260644268360622	1252	0.902956639978907	placo_longsleep__scz_chr17_43325576_45343136	longsleep__scz	scz
rs62062284	0.000260643140241108	0.000260644268360622	1253	0.903217284247267	placo_longsleep__scz_chr17_43325576_45343136	longsleep__scz	scz
rs62062285	0.000260643140241108	0.000260644268360622	1254	0.903477928515628	placo_longsleep__scz_chr17_43325576_45343136	longsleep__scz	scz
rs62062294	0.000260643140241108	0.000260644268360622	1255	0.903738572783989	placo_longsleep__scz_chr17_43325576_45343136	longsleep__scz	scz
rs62062297	0.000260643140241108	0.000260644268360622	1256	0.903999217052349	placo_longsleep__scz_chr17_43325576_45343136	longsleep__scz	scz
rs62063670	0.000260643140241108	0.000260644268360622	1257	0.90425986132071	placo_longsleep__scz_chr17_43325576_45343136	longsleep__scz	scz
rs62063777	0.000260643140241108	0.000260644268360622	1258	0.90452050558907	placo_longsleep__scz_chr17_43325576_45343136	longsleep__scz	scz
rs62063778	0.000260643140241108	0.000260644268360622	1259	0.904781149857431	placo_longsleep__scz_chr17_43325576_45343136	longsleep__scz	scz
rs62063779	0.000260643140241108	0.000260644268360622	1260	0.905041794125791	placo_longsleep__scz_chr17_43325576_45343136	longsleep__scz	scz
rs62063780	0.000260643140241108	0.000260644268360622	1261	0.905302438394152	placo_longsleep__scz_chr17_43325576_45343136	longsleep__scz	scz
rs62063783	0.000260643140241108	0.000260644268360622	1262	0.905563082662513	placo_longsleep__scz_chr17_43325576_45343136	longsleep__scz	scz
rs62063784	0.000260643140241108	0.000260644268360622	1263	0.905823726930873	placo_longsleep__scz_chr17_43325576_45343136	longsleep__scz	scz
rs62063786	0.000260643140241108	0.000260644268360622	1264	0.906084371199234	placo_longsleep__scz_chr17_43325576_45343136	longsleep__scz	scz
rs62063787	0.000260643140241108	0.000260644268360622	1265	0.906345015467594	placo_longsleep__scz_chr17_43325576_45343136	longsleep__scz	scz
rs63750417	0.000260643140241108	0.000260644268360622	1266	0.906605659735955	placo_longsleep__scz_chr17_43325576_45343136	longsleep__scz	scz
rs7350928	0.000260643140241108	0.000260644268360622	1267	0.906866304004316	placo_longsleep__scz_chr17_43325576_45343136	longsleep__scz	scz
rs78104015	0.000260643140241108	0.000260644268360622	1268	0.907126948272676	placo_longsleep__scz_chr17_43325576_45343136	longsleep__scz	scz
rs62061848	0.000254364661480376	0.000254365762425284	1269	0.907381314035101	placo_longsleep__scz_chr17_43325576_45343136	longsleep__scz	scz
rs112454267	0.000253204449002851	0.000253205544926111	1270	0.907634519580028	placo_longsleep__scz_chr17_43325576_45343136	longsleep__scz	scz
rs12150235	0.000253204449002851	0.000253205544926111	1271	0.907887725124954	placo_longsleep__scz_chr17_43325576_45343136	longsleep__scz	scz
rs12150242	0.000253204449002851	0.000253205544926111	1272	0.90814093066988	placo_longsleep__scz_chr17_43325576_45343136	longsleep__scz	scz
rs1467969	0.000253204449002851	0.000253205544926111	1273	0.908394136214806	placo_longsleep__scz_chr17_43325576_45343136	longsleep__scz	scz
rs34739559	0.000253204449002851	0.000253205544926111	1274	0.908647341759732	placo_longsleep__scz_chr17_43325576_45343136	longsleep__scz	scz
rs62056859	0.000253204449002851	0.000253205544926111	1275	0.908900547304658	placo_longsleep__scz_chr17_43325576_45343136	longsleep__scz	scz
rs62058968	0.000253204449002851	0.000253205544926111	1276	0.909153752849584	placo_longsleep__scz_chr17_43325576_45343136	longsleep__scz	scz
rs62059007	0.000253204449002851	0.000253205544926111	1277	0.909406958394511	placo_longsleep__scz_chr17_43325576_45343136	longsleep__scz	scz
rs62061706	0.000253204449002851	0.000253205544926111	1278	0.909660163939437	placo_longsleep__scz_chr17_43325576_45343136	longsleep__scz	scz
rs62061709	0.000253204449002851	0.000253205544926111	1279	0.909913369484363	placo_longsleep__scz_chr17_43325576_45343136	longsleep__scz	scz
rs7218319	0.000253204449002851	0.000253205544926111	1280	0.910166575029289	placo_longsleep__scz_chr17_43325576_45343136	longsleep__scz	scz
rs77926909	0.000253204449002851	0.000253205544926111	1281	0.910419780574215	placo_longsleep__scz_chr17_43325576_45343136	longsleep__scz	scz
rs78077519	0.000253204449002851	0.000253205544926111	1282	0.910672986119141	placo_longsleep__scz_chr17_43325576_45343136	longsleep__scz	scz
rs9907738	0.000253204449002851	0.000253205544926111	1283	0.910926191664067	placo_longsleep__scz_chr17_43325576_45343136	longsleep__scz	scz
rs10514897	0.000247143924611448	0.000247144994303456	1284	0.911173336658371	placo_longsleep__scz_chr17_43325576_45343136	longsleep__scz	scz
rs1052590	0.000247143924611448	0.000247144994303456	1285	0.911420481652674	placo_longsleep__scz_chr17_43325576_45343136	longsleep__scz	scz
rs111259120	0.000247143924611448	0.000247144994303456	1286	0.911667626646978	placo_longsleep__scz_chr17_43325576_45343136	longsleep__scz	scz
rs111372048	0.000247143924611448	0.000247144994303456	1287	0.911914771641281	placo_longsleep__scz_chr17_43325576_45343136	longsleep__scz	scz
rs111853996	0.000247143924611448	0.000247144994303456	1288	0.912161916635585	placo_longsleep__scz_chr17_43325576_45343136	longsleep__scz	scz
rs112074397	0.000247143924611448	0.000247144994303456	1289	0.912409061629888	placo_longsleep__scz_chr17_43325576_45343136	longsleep__scz	scz
rs112578465	0.000247143924611448	0.000247144994303456	1290	0.912656206624192	placo_longsleep__scz_chr17_43325576_45343136	longsleep__scz	scz
rs112746008	0.000247143924611448	0.000247144994303456	1291	0.912903351618495	placo_longsleep__scz_chr17_43325576_45343136	longsleep__scz	scz
rs12150162	0.000247143924611448	0.000247144994303456	1292	0.913150496612798	placo_longsleep__scz_chr17_43325576_45343136	longsleep__scz	scz
rs12150336	0.000247143924611448	0.000247144994303456	1293	0.913397641607102	placo_longsleep__scz_chr17_43325576_45343136	longsleep__scz	scz
rs12150438	0.000247143924611448	0.000247144994303456	1294	0.913644786601405	placo_longsleep__scz_chr17_43325576_45343136	longsleep__scz	scz
rs12150447	0.000247143924611448	0.000247144994303456	1295	0.913891931595709	placo_longsleep__scz_chr17_43325576_45343136	longsleep__scz	scz
rs12150542	0.000247143924611448	0.000247144994303456	1296	0.914139076590012	placo_longsleep__scz_chr17_43325576_45343136	longsleep__scz	scz
rs12150570	0.000247143924611448	0.000247144994303456	1297	0.914386221584316	placo_longsleep__scz_chr17_43325576_45343136	longsleep__scz	scz
rs12185225	0.000247143924611448	0.000247144994303456	1298	0.914633366578619	placo_longsleep__scz_chr17_43325576_45343136	longsleep__scz	scz
rs12185243	0.000247143924611448	0.000247144994303456	1299	0.914880511572923	placo_longsleep__scz_chr17_43325576_45343136	longsleep__scz	scz
rs1526128	0.000247143924611448	0.000247144994303456	1300	0.915127656567226	placo_longsleep__scz_chr17_43325576_45343136	longsleep__scz	scz
rs17574040	0.000247143924611448	0.000247144994303456	1301	0.91537480156153	placo_longsleep__scz_chr17_43325576_45343136	longsleep__scz	scz
rs17574604	0.000247143924611448	0.000247144994303456	1302	0.915621946555833	placo_longsleep__scz_chr17_43325576_45343136	longsleep__scz	scz
rs17574796	0.000247143924611448	0.000247144994303456	1303	0.915869091550136	placo_longsleep__scz_chr17_43325576_45343136	longsleep__scz	scz
rs17575423	0.000247143924611448	0.000247144994303456	1304	0.91611623654444	placo_longsleep__scz_chr17_43325576_45343136	longsleep__scz	scz
rs17577877	0.000247143924611448	0.000247144994303456	1305	0.916363381538743	placo_longsleep__scz_chr17_43325576_45343136	longsleep__scz	scz
rs17652748	0.000247143924611448	0.000247144994303456	1306	0.916610526533047	placo_longsleep__scz_chr17_43325576_45343136	longsleep__scz	scz
rs17653162	0.000247143924611448	0.000247144994303456	1307	0.91685767152735	placo_longsleep__scz_chr17_43325576_45343136	longsleep__scz	scz
rs17653193	0.000247143924611448	0.000247144994303456	1308	0.917104816521654	placo_longsleep__scz_chr17_43325576_45343136	longsleep__scz	scz
rs17653211	0.000247143924611448	0.000247144994303456	1309	0.917351961515957	placo_longsleep__scz_chr17_43325576_45343136	longsleep__scz	scz
rs17653255	0.000247143924611448	0.000247144994303456	1310	0.91759910651026	placo_longsleep__scz_chr17_43325576_45343136	longsleep__scz	scz
rs17653906	0.000247143924611448	0.000247144994303456	1311	0.917846251504564	placo_longsleep__scz_chr17_43325576_45343136	longsleep__scz	scz
rs17660132	0.000247143924611448	0.000247144994303456	1312	0.918093396498867	placo_longsleep__scz_chr17_43325576_45343136	longsleep__scz	scz
rs1800547	0.000247143924611448	0.000247144994303456	1313	0.918340541493171	placo_longsleep__scz_chr17_43325576_45343136	longsleep__scz	scz
rs1981998	0.000247143924611448	0.000247144994303456	1314	0.918587686487474	placo_longsleep__scz_chr17_43325576_45343136	longsleep__scz	scz
rs2158257	0.000247143924611448	0.000247144994303456	1315	0.918834831481778	placo_longsleep__scz_chr17_43325576_45343136	longsleep__scz	scz
rs34043286	0.000247143924611448	0.000247144994303456	1316	0.919081976476081	placo_longsleep__scz_chr17_43325576_45343136	longsleep__scz	scz
rs35833914	0.000247143924611448	0.000247144994303456	1317	0.919329121470385	placo_longsleep__scz_chr17_43325576_45343136	longsleep__scz	scz
rs36076725	0.000247143924611448	0.000247144994303456	1318	0.919576266464688	placo_longsleep__scz_chr17_43325576_45343136	longsleep__scz	scz
rs3912060	0.000247143924611448	0.000247144994303456	1319	0.919823411458992	placo_longsleep__scz_chr17_43325576_45343136	longsleep__scz	scz
rs41437445	0.000247143924611448	0.000247144994303456	1320	0.920070556453295	placo_longsleep__scz_chr17_43325576_45343136	longsleep__scz	scz
rs4608377	0.000247143924611448	0.000247144994303456	1321	0.920317701447599	placo_longsleep__scz_chr17_43325576_45343136	longsleep__scz	scz
rs55690782	0.000247143924611448	0.000247144994303456	1322	0.920564846441902	placo_longsleep__scz_chr17_43325576_45343136	longsleep__scz	scz
rs55709241	0.000247143924611448	0.000247144994303456	1323	0.920811991436205	placo_longsleep__scz_chr17_43325576_45343136	longsleep__scz	scz
rs55711941	0.000247143924611448	0.000247144994303456	1324	0.921059136430509	placo_longsleep__scz_chr17_43325576_45343136	longsleep__scz	scz
rs55726761	0.000247143924611448	0.000247144994303456	1325	0.921306281424812	placo_longsleep__scz_chr17_43325576_45343136	longsleep__scz	scz
rs55780945	0.000247143924611448	0.000247144994303456	1326	0.921553426419116	placo_longsleep__scz_chr17_43325576_45343136	longsleep__scz	scz
rs55787734	0.000247143924611448	0.000247144994303456	1327	0.921800571413419	placo_longsleep__scz_chr17_43325576_45343136	longsleep__scz	scz
rs55794067	0.000247143924611448	0.000247144994303456	1328	0.922047716407723	placo_longsleep__scz_chr17_43325576_45343136	longsleep__scz	scz
rs55881134	0.000247143924611448	0.000247144994303456	1329	0.922294861402026	placo_longsleep__scz_chr17_43325576_45343136	longsleep__scz	scz
rs56280951	0.000247143924611448	0.000247144994303456	1330	0.92254200639633	placo_longsleep__scz_chr17_43325576_45343136	longsleep__scz	scz
rs62055701	0.000247143924611448	0.000247144994303456	1331	0.922789151390633	placo_longsleep__scz_chr17_43325576_45343136	longsleep__scz	scz
rs62055702	0.000247143924611448	0.000247144994303456	1332	0.923036296384936	placo_longsleep__scz_chr17_43325576_45343136	longsleep__scz	scz
rs62056933	0.000247143924611448	0.000247144994303456	1333	0.92328344137924	placo_longsleep__scz_chr17_43325576_45343136	longsleep__scz	scz
rs62060760	0.000247143924611448	0.000247144994303456	1334	0.923530586373543	placo_longsleep__scz_chr17_43325576_45343136	longsleep__scz	scz
rs62060761	0.000247143924611448	0.000247144994303456	1335	0.923777731367847	placo_longsleep__scz_chr17_43325576_45343136	longsleep__scz	scz
rs62060764	0.000247143924611448	0.000247144994303456	1336	0.92402487636215	placo_longsleep__scz_chr17_43325576_45343136	longsleep__scz	scz
rs62060786	0.000247143924611448	0.000247144994303456	1337	0.924272021356454	placo_longsleep__scz_chr17_43325576_45343136	longsleep__scz	scz
rs62060787	0.000247143924611448	0.000247144994303456	1338	0.924519166350757	placo_longsleep__scz_chr17_43325576_45343136	longsleep__scz	scz
rs62060840	0.000247143924611448	0.000247144994303456	1339	0.924766311345061	placo_longsleep__scz_chr17_43325576_45343136	longsleep__scz	scz
rs62061823	0.000247143924611448	0.000247144994303456	1340	0.925013456339364	placo_longsleep__scz_chr17_43325576_45343136	longsleep__scz	scz
rs62061824	0.000247143924611448	0.000247144994303456	1341	0.925260601333667	placo_longsleep__scz_chr17_43325576_45343136	longsleep__scz	scz
rs62062134	0.000247143924611448	0.000247144994303456	1342	0.925507746327971	placo_longsleep__scz_chr17_43325576_45343136	longsleep__scz	scz
rs62062136	0.000247143924611448	0.000247144994303456	1343	0.925754891322274	placo_longsleep__scz_chr17_43325576_45343136	longsleep__scz	scz
rs62062292	0.000247143924611448	0.000247144994303456	1344	0.926002036316578	placo_longsleep__scz_chr17_43325576_45343136	longsleep__scz	scz
rs62062293	0.000247143924611448	0.000247144994303456	1345	0.926249181310881	placo_longsleep__scz_chr17_43325576_45343136	longsleep__scz	scz
rs62062295	0.000247143924611448	0.000247144994303456	1346	0.926496326305185	placo_longsleep__scz_chr17_43325576_45343136	longsleep__scz	scz
rs62062296	0.000247143924611448	0.000247144994303456	1347	0.926743471299488	placo_longsleep__scz_chr17_43325576_45343136	longsleep__scz	scz
rs62062321	0.000247143924611448	0.000247144994303456	1348	0.926990616293792	placo_longsleep__scz_chr17_43325576_45343136	longsleep__scz	scz
rs62062322	0.000247143924611448	0.000247144994303456	1349	0.927237761288095	placo_longsleep__scz_chr17_43325576_45343136	longsleep__scz	scz
rs62063671	0.000247143924611448	0.000247144994303456	1350	0.927484906282399	placo_longsleep__scz_chr17_43325576_45343136	longsleep__scz	scz
rs62063673	0.000247143924611448	0.000247144994303456	1351	0.927732051276702	placo_longsleep__scz_chr17_43325576_45343136	longsleep__scz	scz
rs62063676	0.000247143924611448	0.000247144994303456	1352	0.927979196271005	placo_longsleep__scz_chr17_43325576_45343136	longsleep__scz	scz
rs62063677	0.000247143924611448	0.000247144994303456	1353	0.928226341265309	placo_longsleep__scz_chr17_43325576_45343136	longsleep__scz	scz
rs62063683	0.000247143924611448	0.000247144994303456	1354	0.928473486259612	placo_longsleep__scz_chr17_43325576_45343136	longsleep__scz	scz
rs62063684	0.000247143924611448	0.000247144994303456	1355	0.928720631253916	placo_longsleep__scz_chr17_43325576_45343136	longsleep__scz	scz
rs62063687	0.000247143924611448	0.000247144994303456	1356	0.928967776248219	placo_longsleep__scz_chr17_43325576_45343136	longsleep__scz	scz
rs62063775	0.000247143924611448	0.000247144994303456	1357	0.929214921242523	placo_longsleep__scz_chr17_43325576_45343136	longsleep__scz	scz
rs62063776	0.000247143924611448	0.000247144994303456	1358	0.929462066236826	placo_longsleep__scz_chr17_43325576_45343136	longsleep__scz	scz
rs62063852	0.000247143924611448	0.000247144994303456	1359	0.92970921123113	placo_longsleep__scz_chr17_43325576_45343136	longsleep__scz	scz
rs73984689	0.000247143924611448	0.000247144994303456	1360	0.929956356225433	placo_longsleep__scz_chr17_43325576_45343136	longsleep__scz	scz
rs74571696	0.000247143924611448	0.000247144994303456	1361	0.930203501219736	placo_longsleep__scz_chr17_43325576_45343136	longsleep__scz	scz
rs76761511	0.000247143924611448	0.000247144994303456	1362	0.93045064621404	placo_longsleep__scz_chr17_43325576_45343136	longsleep__scz	scz
rs7687	0.000247143924611448	0.000247144994303456	1363	0.930697791208343	placo_longsleep__scz_chr17_43325576_45343136	longsleep__scz	scz
rs77635460	0.000247143924611448	0.000247144994303456	1364	0.930944936202647	placo_longsleep__scz_chr17_43325576_45343136	longsleep__scz	scz
rs78471340	0.000247143924611448	0.000247144994303456	1365	0.93119208119695	placo_longsleep__scz_chr17_43325576_45343136	longsleep__scz	scz
rs79065019	0.000247143924611448	0.000247144994303456	1366	0.931439226191254	placo_longsleep__scz_chr17_43325576_45343136	longsleep__scz	scz
rs79252344	0.000247143924611448	0.000247144994303456	1367	0.931686371185557	placo_longsleep__scz_chr17_43325576_45343136	longsleep__scz	scz
rs79649865	0.000247143924611448	0.000247144994303456	1368	0.931933516179861	placo_longsleep__scz_chr17_43325576_45343136	longsleep__scz	scz
rs79698033	0.000247143924611448	0.000247144994303456	1369	0.932180661174164	placo_longsleep__scz_chr17_43325576_45343136	longsleep__scz	scz
rs79923708	0.000247143924611448	0.000247144994303456	1370	0.932427806168468	placo_longsleep__scz_chr17_43325576_45343136	longsleep__scz	scz
rs2066899	0.000239972389485134	0.000239973428137197	1371	0.932667779596605	placo_longsleep__scz_chr17_43325576_45343136	longsleep__scz	scz
rs2097760	0.000239972389485134	0.000239973428137197	1372	0.932907753024742	placo_longsleep__scz_chr17_43325576_45343136	longsleep__scz	scz
rs8080583	0.000239972389485134	0.000239973428137197	1373	0.933147726452879	placo_longsleep__scz_chr17_43325576_45343136	longsleep__scz	scz
rs1052587	0.000235496813088	0.000235497832368806	1374	0.933383224285248	placo_longsleep__scz_chr17_43325576_45343136	longsleep__scz	scz
rs1107820	0.000235496813088	0.000235497832368806	1375	0.933618722117617	placo_longsleep__scz_chr17_43325576_45343136	longsleep__scz	scz
rs111295615	0.000235496813088	0.000235497832368806	1376	0.933854219949985	placo_longsleep__scz_chr17_43325576_45343136	longsleep__scz	scz
rs111520035	0.000235496813088	0.000235497832368806	1377	0.934089717782354	placo_longsleep__scz_chr17_43325576_45343136	longsleep__scz	scz
rs111676341	0.000235496813088	0.000235497832368806	1378	0.934325215614723	placo_longsleep__scz_chr17_43325576_45343136	longsleep__scz	scz
rs111952388	0.000235496813088	0.000235497832368806	1379	0.934560713447092	placo_longsleep__scz_chr17_43325576_45343136	longsleep__scz	scz
rs112102887	0.000235496813088	0.000235497832368806	1380	0.93479621127946	placo_longsleep__scz_chr17_43325576_45343136	longsleep__scz	scz
rs112893440	0.000235496813088	0.000235497832368806	1381	0.935031709111829	placo_longsleep__scz_chr17_43325576_45343136	longsleep__scz	scz
rs113793114	0.000235496813088	0.000235497832368806	1382	0.935267206944198	placo_longsleep__scz_chr17_43325576_45343136	longsleep__scz	scz
rs12150090	0.000235496813088	0.000235497832368806	1383	0.935502704776567	placo_longsleep__scz_chr17_43325576_45343136	longsleep__scz	scz
rs16940799	0.000235496813088	0.000235497832368806	1384	0.935738202608935	placo_longsleep__scz_chr17_43325576_45343136	longsleep__scz	scz
rs17572169	0.000235496813088	0.000235497832368806	1385	0.935973700441304	placo_longsleep__scz_chr17_43325576_45343136	longsleep__scz	scz
rs17572248	0.000235496813088	0.000235497832368806	1386	0.936209198273673	placo_longsleep__scz_chr17_43325576_45343136	longsleep__scz	scz
rs17575507	0.000235496813088	0.000235497832368806	1387	0.936444696106042	placo_longsleep__scz_chr17_43325576_45343136	longsleep__scz	scz
rs17575556	0.000235496813088	0.000235497832368806	1388	0.93668019393841	placo_longsleep__scz_chr17_43325576_45343136	longsleep__scz	scz
rs17575683	0.000235496813088	0.000235497832368806	1389	0.936915691770779	placo_longsleep__scz_chr17_43325576_45343136	longsleep__scz	scz
rs17575773	0.000235496813088	0.000235497832368806	1390	0.937151189603148	placo_longsleep__scz_chr17_43325576_45343136	longsleep__scz	scz
rs17575822	0.000235496813088	0.000235497832368806	1391	0.937386687435517	placo_longsleep__scz_chr17_43325576_45343136	longsleep__scz	scz
rs17575850	0.000235496813088	0.000235497832368806	1392	0.937622185267886	placo_longsleep__scz_chr17_43325576_45343136	longsleep__scz	scz
rs17576842	0.000235496813088	0.000235497832368806	1393	0.937857683100254	placo_longsleep__scz_chr17_43325576_45343136	longsleep__scz	scz
rs17576870	0.000235496813088	0.000235497832368806	1394	0.938093180932623	placo_longsleep__scz_chr17_43325576_45343136	longsleep__scz	scz
rs17576954	0.000235496813088	0.000235497832368806	1395	0.938328678764992	placo_longsleep__scz_chr17_43325576_45343136	longsleep__scz	scz
rs17576989	0.000235496813088	0.000235497832368806	1396	0.938564176597361	placo_longsleep__scz_chr17_43325576_45343136	longsleep__scz	scz
rs17577024	0.000235496813088	0.000235497832368806	1397	0.938799674429729	placo_longsleep__scz_chr17_43325576_45343136	longsleep__scz	scz
rs17577052	0.000235496813088	0.000235497832368806	1398	0.939035172262098	placo_longsleep__scz_chr17_43325576_45343136	longsleep__scz	scz
rs17577094	0.000235496813088	0.000235497832368806	1399	0.939270670094467	placo_longsleep__scz_chr17_43325576_45343136	longsleep__scz	scz
rs17577159	0.000235496813088	0.000235497832368806	1400	0.939506167926836	placo_longsleep__scz_chr17_43325576_45343136	longsleep__scz	scz
rs17650872	0.000235496813088	0.000235497832368806	1401	0.939741665759204	placo_longsleep__scz_chr17_43325576_45343136	longsleep__scz	scz
rs17650901	0.000235496813088	0.000235497832368806	1402	0.939977163591573	placo_longsleep__scz_chr17_43325576_45343136	longsleep__scz	scz
rs17651134	0.000235496813088	0.000235497832368806	1403	0.940212661423942	placo_longsleep__scz_chr17_43325576_45343136	longsleep__scz	scz
rs17653998	0.000235496813088	0.000235497832368806	1404	0.940448159256311	placo_longsleep__scz_chr17_43325576_45343136	longsleep__scz	scz
rs17654016	0.000235496813088	0.000235497832368806	1405	0.940683657088679	placo_longsleep__scz_chr17_43325576_45343136	longsleep__scz	scz
rs17659731	0.000235496813088	0.000235497832368806	1406	0.940919154921048	placo_longsleep__scz_chr17_43325576_45343136	longsleep__scz	scz
rs17660595	0.000235496813088	0.000235497832368806	1407	0.941154652753417	placo_longsleep__scz_chr17_43325576_45343136	longsleep__scz	scz
rs2316953	0.000235496813088	0.000235497832368806	1408	0.941390150585786	placo_longsleep__scz_chr17_43325576_45343136	longsleep__scz	scz
rs2838	0.000235496813088	0.000235497832368806	1409	0.941625648418154	placo_longsleep__scz_chr17_43325576_45343136	longsleep__scz	scz
rs62060763	0.000235496813088	0.000235497832368806	1410	0.941861146250523	placo_longsleep__scz_chr17_43325576_45343136	longsleep__scz	scz
rs62060765	0.000235496813088	0.000235497832368806	1411	0.942096644082892	placo_longsleep__scz_chr17_43325576_45343136	longsleep__scz	scz
rs62060767	0.000235496813088	0.000235497832368806	1412	0.942332141915261	placo_longsleep__scz_chr17_43325576_45343136	longsleep__scz	scz
rs62060785	0.000235496813088	0.000235497832368806	1413	0.94256763974763	placo_longsleep__scz_chr17_43325576_45343136	longsleep__scz	scz
rs62060793	0.000235496813088	0.000235497832368806	1414	0.942803137579998	placo_longsleep__scz_chr17_43325576_45343136	longsleep__scz	scz
rs62060794	0.000235496813088	0.000235497832368806	1415	0.943038635412367	placo_longsleep__scz_chr17_43325576_45343136	longsleep__scz	scz
rs62060795	0.000235496813088	0.000235497832368806	1416	0.943274133244736	placo_longsleep__scz_chr17_43325576_45343136	longsleep__scz	scz
rs62060800	0.000235496813088	0.000235497832368806	1417	0.943509631077105	placo_longsleep__scz_chr17_43325576_45343136	longsleep__scz	scz
rs62060801	0.000235496813088	0.000235497832368806	1418	0.943745128909473	placo_longsleep__scz_chr17_43325576_45343136	longsleep__scz	scz
rs62060802	0.000235496813088	0.000235497832368806	1419	0.943980626741842	placo_longsleep__scz_chr17_43325576_45343136	longsleep__scz	scz
rs62061708	0.000235496813088	0.000235497832368806	1420	0.944216124574211	placo_longsleep__scz_chr17_43325576_45343136	longsleep__scz	scz
rs62061795	0.000235496813088	0.000235497832368806	1421	0.94445162240658	placo_longsleep__scz_chr17_43325576_45343136	longsleep__scz	scz
rs62061811	0.000235496813088	0.000235497832368806	1422	0.944687120238948	placo_longsleep__scz_chr17_43325576_45343136	longsleep__scz	scz
rs62061812	0.000235496813088	0.000235497832368806	1423	0.944922618071317	placo_longsleep__scz_chr17_43325576_45343136	longsleep__scz	scz
rs62061814	0.000235496813088	0.000235497832368806	1424	0.945158115903686	placo_longsleep__scz_chr17_43325576_45343136	longsleep__scz	scz
rs62061815	0.000235496813088	0.000235497832368806	1425	0.945393613736055	placo_longsleep__scz_chr17_43325576_45343136	longsleep__scz	scz
rs62061816	0.000235496813088	0.000235497832368806	1426	0.945629111568423	placo_longsleep__scz_chr17_43325576_45343136	longsleep__scz	scz
rs62061817	0.000235496813088	0.000235497832368806	1427	0.945864609400792	placo_longsleep__scz_chr17_43325576_45343136	longsleep__scz	scz
rs62062286	0.000235496813088	0.000235497832368806	1428	0.946100107233161	placo_longsleep__scz_chr17_43325576_45343136	longsleep__scz	scz
rs62063276	0.000235496813088	0.000235497832368806	1429	0.94633560506553	placo_longsleep__scz_chr17_43325576_45343136	longsleep__scz	scz
rs62063282	0.000235496813088	0.000235497832368806	1430	0.946571102897898	placo_longsleep__scz_chr17_43325576_45343136	longsleep__scz	scz
rs62063295	0.000235496813088	0.000235497832368806	1431	0.946806600730267	placo_longsleep__scz_chr17_43325576_45343136	longsleep__scz	scz
rs62063296	0.000235496813088	0.000235497832368806	1432	0.947042098562636	placo_longsleep__scz_chr17_43325576_45343136	longsleep__scz	scz
rs62063303	0.000235496813088	0.000235497832368806	1433	0.947277596395005	placo_longsleep__scz_chr17_43325576_45343136	longsleep__scz	scz
rs62063306	0.000235496813088	0.000235497832368806	1434	0.947513094227373	placo_longsleep__scz_chr17_43325576_45343136	longsleep__scz	scz
rs62063680	0.000235496813088	0.000235497832368806	1435	0.947748592059742	placo_longsleep__scz_chr17_43325576_45343136	longsleep__scz	scz
rs62063681	0.000235496813088	0.000235497832368806	1436	0.947984089892111	placo_longsleep__scz_chr17_43325576_45343136	longsleep__scz	scz
rs62063682	0.000235496813088	0.000235497832368806	1437	0.94821958772448	placo_longsleep__scz_chr17_43325576_45343136	longsleep__scz	scz
rs62063774	0.000235496813088	0.000235497832368806	1438	0.948455085556848	placo_longsleep__scz_chr17_43325576_45343136	longsleep__scz	scz
rs62064663	0.000235496813088	0.000235497832368806	1439	0.948690583389217	placo_longsleep__scz_chr17_43325576_45343136	longsleep__scz	scz
rs62641967	0.000235496813088	0.000235497832368806	1440	0.948926081221586	placo_longsleep__scz_chr17_43325576_45343136	longsleep__scz	scz
rs74373419	0.000235496813088	0.000235497832368806	1441	0.949161579053955	placo_longsleep__scz_chr17_43325576_45343136	longsleep__scz	scz
rs75242405	0.000235496813088	0.000235497832368806	1442	0.949397076886323	placo_longsleep__scz_chr17_43325576_45343136	longsleep__scz	scz
rs75412750	0.000235496813088	0.000235497832368806	1443	0.949632574718692	placo_longsleep__scz_chr17_43325576_45343136	longsleep__scz	scz
rs75641221	0.000235496813088	0.000235497832368806	1444	0.949868072551061	placo_longsleep__scz_chr17_43325576_45343136	longsleep__scz	scz
rs75975083	0.000235496813088	0.000235497832368806	1445	0.95010357038343	placo_longsleep__scz_chr17_43325576_45343136	longsleep__scz	scz
rs11682175	0.141739987939394	0.141739987965067	1	0.141739987965067	placo_longsleep__scz_chr2_57487593_58487593	longsleep__scz	scz
rs1356544	0.0401345329091765	0.0401345329164458	2	0.181874520881512	placo_longsleep__scz_chr2_57487593_58487593	longsleep__scz	scz
rs1356545	0.0401345329091765	0.0401345329164458	3	0.222009053797958	placo_longsleep__scz_chr2_57487593_58487593	longsleep__scz	scz
rs1518393	0.0377316167377941	0.0377316167446282	4	0.259740670542586	placo_longsleep__scz_chr2_57487593_58487593	longsleep__scz	scz
rs2683634	0.0364519459092626	0.0364519459158649	5	0.296192616458451	placo_longsleep__scz_chr2_57487593_58487593	longsleep__scz	scz
rs2678915	0.0306661044577867	0.0306661044633411	6	0.326858720921792	placo_longsleep__scz_chr2_57487593_58487593	longsleep__scz	scz
rs2717003	0.0234605490262329	0.0234605490304822	7	0.350319269952275	placo_longsleep__scz_chr2_57487593_58487593	longsleep__scz	scz
rs1040225	0.0213268017242558	0.0213268017281186	8	0.371646071680393	placo_longsleep__scz_chr2_57487593_58487593	longsleep__scz	scz
rs1568253	0.0213268017242558	0.0213268017281186	9	0.392972873408512	placo_longsleep__scz_chr2_57487593_58487593	longsleep__scz	scz
rs2678883	0.0213268017242558	0.0213268017281186	10	0.41429967513663	placo_longsleep__scz_chr2_57487593_58487593	longsleep__scz	scz
rs2717004	0.0213268017242558	0.0213268017281186	11	0.435626476864749	placo_longsleep__scz_chr2_57487593_58487593	longsleep__scz	scz
rs1568254	0.0195755180768399	0.0195755180803855	12	0.455201994945134	placo_longsleep__scz_chr2_57487593_58487593	longsleep__scz	scz
rs2465804	0.0195755180768399	0.0195755180803855	13	0.47477751302552	placo_longsleep__scz_chr2_57487593_58487593	longsleep__scz	scz
rs2717001	0.0195755180768399	0.0195755180803855	14	0.494353031105905	placo_longsleep__scz_chr2_57487593_58487593	longsleep__scz	scz
rs2717023	0.0195755180768399	0.0195755180803855	15	0.513928549186291	placo_longsleep__scz_chr2_57487593_58487593	longsleep__scz	scz
rs2717056	0.0195755180768399	0.0195755180803855	16	0.533504067266676	placo_longsleep__scz_chr2_57487593_58487593	longsleep__scz	scz
rs1518394	0.0179703452176874	0.0179703452209422	17	0.551474412487619	placo_longsleep__scz_chr2_57487593_58487593	longsleep__scz	scz
rs2678887	0.0179703452176874	0.0179703452209422	18	0.569444757708561	placo_longsleep__scz_chr2_57487593_58487593	longsleep__scz	scz
rs2717007	0.0179703452176874	0.0179703452209422	19	0.587415102929503	placo_longsleep__scz_chr2_57487593_58487593	longsleep__scz	scz
rs2678879	0.0163431683321358	0.0163431683350959	20	0.603758271264599	placo_longsleep__scz_chr2_57487593_58487593	longsleep__scz	scz
rs2678881	0.0163431683321358	0.0163431683350959	21	0.620101439599695	placo_longsleep__scz_chr2_57487593_58487593	longsleep__scz	scz
rs2678888	0.0163431683321358	0.0163431683350959	22	0.63644460793479	placo_longsleep__scz_chr2_57487593_58487593	longsleep__scz	scz
rs2717019	0.0163431683321358	0.0163431683350959	23	0.652787776269886	placo_longsleep__scz_chr2_57487593_58487593	longsleep__scz	scz
rs2678890	0.0150071001892269	0.015007100191945	24	0.667794876461831	placo_longsleep__scz_chr2_57487593_58487593	longsleep__scz	scz
rs2678901	0.0150071001892269	0.015007100191945	25	0.682801976653776	placo_longsleep__scz_chr2_57487593_58487593	longsleep__scz	scz
rs2678905	0.0150071001892269	0.015007100191945	26	0.697809076845721	placo_longsleep__scz_chr2_57487593_58487593	longsleep__scz	scz
rs2678908	0.0150071001892269	0.015007100191945	27	0.712816177037666	placo_longsleep__scz_chr2_57487593_58487593	longsleep__scz	scz
rs2717068	0.0140949891704839	0.0140949891730369	28	0.726911166210703	placo_longsleep__scz_chr2_57487593_58487593	longsleep__scz	scz
rs2459982	0.0137820202309419	0.0137820202334381	29	0.740693186444141	placo_longsleep__scz_chr2_57487593_58487593	longsleep__scz	scz
rs2678873	0.0137820202309419	0.0137820202334381	30	0.754475206677579	placo_longsleep__scz_chr2_57487593_58487593	longsleep__scz	scz
rs2678886	0.0137820202309419	0.0137820202334381	31	0.768257226911017	placo_longsleep__scz_chr2_57487593_58487593	longsleep__scz	scz
rs2678889	0.0137820202309419	0.0137820202334381	32	0.782039247144455	placo_longsleep__scz_chr2_57487593_58487593	longsleep__scz	scz
rs2678903	0.0137820202309419	0.0137820202334381	33	0.795821267377894	placo_longsleep__scz_chr2_57487593_58487593	longsleep__scz	scz
rs2717010	0.0137820202309419	0.0137820202334381	34	0.809603287611332	placo_longsleep__scz_chr2_57487593_58487593	longsleep__scz	scz
rs970941	0.0137820202309419	0.0137820202334381	35	0.82338530784477	placo_longsleep__scz_chr2_57487593_58487593	longsleep__scz	scz
rs2139054	0.0125396328620347	0.0125396328643059	36	0.835924940709076	placo_longsleep__scz_chr2_57487593_58487593	longsleep__scz	scz
rs2678891	0.0125396328620347	0.0125396328643059	37	0.848464573573382	placo_longsleep__scz_chr2_57487593_58487593	longsleep__scz	scz
rs2717002	0.0125396328620347	0.0125396328643059	38	0.861004206437688	placo_longsleep__scz_chr2_57487593_58487593	longsleep__scz	scz
rs2717011	0.0125396328620347	0.0125396328643059	39	0.873543839301994	placo_longsleep__scz_chr2_57487593_58487593	longsleep__scz	scz
rs2717015	0.0125396328620347	0.0125396328643059	40	0.8860834721663	placo_longsleep__scz_chr2_57487593_58487593	longsleep__scz	scz
rs2717031	0.0125396328620347	0.0125396328643059	41	0.898623105030605	placo_longsleep__scz_chr2_57487593_58487593	longsleep__scz	scz
rs2717032	0.0125396328620347	0.0125396328643059	42	0.911162737894911	placo_longsleep__scz_chr2_57487593_58487593	longsleep__scz	scz
rs2717014	0.0105829583377866	0.0105829583397034	43	0.921745696234615	placo_longsleep__scz_chr2_57487593_58487593	longsleep__scz	scz
rs2717036	0.00963320849805508	0.00963320849979988	44	0.931378904734415	placo_longsleep__scz_chr2_57487593_58487593	longsleep__scz	scz
rs2678880	0.00885272596539019	0.00885272596699362	45	0.940231630701408	placo_longsleep__scz_chr2_57487593_58487593	longsleep__scz	scz
rs2678904	0.00885272596539019	0.00885272596699362	46	0.949084356668402	placo_longsleep__scz_chr2_57487593_58487593	longsleep__scz	scz
rs2678896	0.0074095903381904	0.00740959033953245	47	0.956493947007934	placo_longsleep__scz_chr2_57487593_58487593	longsleep__scz	scz
rs2710323	0.499175082078672	0.499175082078719	1	0.499175082078719	placo_longsleep__scz_chr3_52219816_53219816	longsleep__scz	scz
rs2710339	0.0562120441216209	0.0562120441216263	2	0.555387126200346	placo_longsleep__scz_chr3_52219816_53219816	longsleep__scz	scz
rs2071044	0.0379561178415092	0.0379561178415128	3	0.593343244041858	placo_longsleep__scz_chr3_52219816_53219816	longsleep__scz	scz
rs7646741	0.0333115836119718	0.033311583611975	4	0.626654827653833	placo_longsleep__scz_chr3_52219816_53219816	longsleep__scz	scz
rs2710314	0.0315510963904804	0.0315510963904834	5	0.658205924044317	placo_longsleep__scz_chr3_52219816_53219816	longsleep__scz	scz
rs2581827	0.0284202232542831	0.0284202232542858	6	0.686626147298602	placo_longsleep__scz_chr3_52219816_53219816	longsleep__scz	scz
rs2577831	0.0221781661038498	0.0221781661038519	7	0.708804313402454	placo_longsleep__scz_chr3_52219816_53219816	longsleep__scz	scz
rs13083798	0.0199926078931065	0.0199926078931084	8	0.728796921295563	placo_longsleep__scz_chr3_52219816_53219816	longsleep__scz	scz
rs2564930	0.0193317989182055	0.0193317989182073	9	0.74812872021377	placo_longsleep__scz_chr3_52219816_53219816	longsleep__scz	scz
rs1108842	0.0180247676879783	0.0180247676879801	10	0.76615348790175	placo_longsleep__scz_chr3_52219816_53219816	longsleep__scz	scz
rs11130324	0.0180247676879783	0.0180247676879801	11	0.78417825558973	placo_longsleep__scz_chr3_52219816_53219816	longsleep__scz	scz
rs7612511	0.016295227801381	0.0162952278013825	12	0.800473483391113	placo_longsleep__scz_chr3_52219816_53219816	longsleep__scz	scz
rs13081155	0.0162527304369724	0.0162527304369739	13	0.816726213828087	placo_longsleep__scz_chr3_52219816_53219816	longsleep__scz	scz
rs2257216	0.0160392564762836	0.0160392564762851	14	0.832765470304372	placo_longsleep__scz_chr3_52219816_53219816	longsleep__scz	scz
rs3774349	0.014656809226608	0.0146568092266094	15	0.847422279530981	placo_longsleep__scz_chr3_52219816_53219816	longsleep__scz	scz
rs2535627	0.0138678053203161	0.0138678053203174	16	0.861290084851299	placo_longsleep__scz_chr3_52219816_53219816	longsleep__scz	scz
rs6801235	0.0132344627030129	0.0132344627030141	17	0.874524547554313	placo_longsleep__scz_chr3_52219816_53219816	longsleep__scz	scz
rs2439434	0.0131772275345976	0.0131772275345988	18	0.887701775088912	placo_longsleep__scz_chr3_52219816_53219816	longsleep__scz	scz
rs2581816	0.0120117972596604	0.0120117972596615	19	0.899713572348573	placo_longsleep__scz_chr3_52219816_53219816	longsleep__scz	scz
rs2710346	0.0120080824448052	0.0120080824448064	20	0.911721654793379	placo_longsleep__scz_chr3_52219816_53219816	longsleep__scz	scz
rs2581803	0.00997547617886035	0.0099754761788613	21	0.921697130972241	placo_longsleep__scz_chr3_52219816_53219816	longsleep__scz	scz
rs2336670	0.00909376996755744	0.0090937699675583	22	0.930790900939799	placo_longsleep__scz_chr3_52219816_53219816	longsleep__scz	scz
rs9823697	0.00909376996755744	0.0090937699675583	23	0.939884670907357	placo_longsleep__scz_chr3_52219816_53219816	longsleep__scz	scz
rs2336672	0.00823227111091248	0.00823227111091326	24	0.948116942018271	placo_longsleep__scz_chr3_52219816_53219816	longsleep__scz	scz
rs2581819	0.00820637893780901	0.00820637893780979	25	0.95632332095608	placo_longsleep__scz_chr3_52219816_53219816	longsleep__scz	scz
rs61405217	0.0766466623049859	0.0767033762207068	1	0.0767033762207068	placo_longsleep__scz_chr4_169728549_170728549	longsleep__scz	scz
rs61379910	0.0670147546390683	0.0670643415229894	2	0.143767717743696	placo_longsleep__scz_chr4_169728549_170728549	longsleep__scz	scz
rs62334470	0.0670147546390683	0.0670643415229894	3	0.210832059266686	placo_longsleep__scz_chr4_169728549_170728549	longsleep__scz	scz
rs12500131	0.0624754121976975	0.0625216402414955	4	0.273353699508181	placo_longsleep__scz_chr4_169728549_170728549	longsleep__scz	scz
rs4692709	0.0624754121976975	0.0625216402414955	5	0.335875339749677	placo_longsleep__scz_chr4_169728549_170728549	longsleep__scz	scz
rs62333145	0.0624754121976975	0.0625216402414955	6	0.398396979991172	placo_longsleep__scz_chr4_169728549_170728549	longsleep__scz	scz
rs56303376	0.036737508289344	0.0367646918337576	7	0.43516167182493	placo_longsleep__scz_chr4_169728549_170728549	longsleep__scz	scz
rs61273788	0.0248028261126813	0.0248211787107918	8	0.459982850535722	placo_longsleep__scz_chr4_169728549_170728549	longsleep__scz	scz
rs57346805	0.0204780608068096	0.020493213338959	9	0.480476063874681	placo_longsleep__scz_chr4_169728549_170728549	longsleep__scz	scz
rs4349564	0.0191372255863482	0.0191513859811573	10	0.499627449855838	placo_longsleep__scz_chr4_169728549_170728549	longsleep__scz	scz
rs12648554	0.0168229958394647	0.0168354438435854	11	0.516462893699423	placo_longsleep__scz_chr4_169728549_170728549	longsleep__scz	scz
rs3797040	0.0164942131411303	0.016506417865848	12	0.532969311565271	placo_longsleep__scz_chr4_169728549_170728549	longsleep__scz	scz
rs10866338	0.0158243882616238	0.0158360973562564	13	0.548805408921528	placo_longsleep__scz_chr4_169728549_170728549	longsleep__scz	scz
rs11132803	0.0130203799576538	0.0130300142549522	14	0.56183542317648	placo_longsleep__scz_chr4_169728549_170728549	longsleep__scz	scz
rs12642846	0.0122535118186016	0.012262578679645	15	0.574098001856125	placo_longsleep__scz_chr4_169728549_170728549	longsleep__scz	scz
rs12650246	0.0122535118186016	0.012262578679645	16	0.58636058053577	placo_longsleep__scz_chr4_169728549_170728549	longsleep__scz	scz
rs4692570	0.010791046557144	0.0107990312819393	17	0.59715961181771	placo_longsleep__scz_chr4_169728549_170728549	longsleep__scz	scz
rs28670063	0.0100981159774067	0.0101055879752897	18	0.607265199792999	placo_longsleep__scz_chr4_169728549_170728549	longsleep__scz	scz
rs4692574	0.0100981159774067	0.0101055879752897	19	0.617370787768289	placo_longsleep__scz_chr4_169728549_170728549	longsleep__scz	scz
rs4692735	0.0100981159774067	0.0101055879752897	20	0.627476375743579	placo_longsleep__scz_chr4_169728549_170728549	longsleep__scz	scz
rs6839248	0.0100981159774067	0.0101055879752897	21	0.637581963718868	placo_longsleep__scz_chr4_169728549_170728549	longsleep__scz	scz
rs72691094	0.0100981159774067	0.0101055879752897	22	0.647687551694158	placo_longsleep__scz_chr4_169728549_170728549	longsleep__scz	scz
rs62334472	0.00950803681668258	0.00951507219151139	23	0.65720262388567	placo_longsleep__scz_chr4_169728549_170728549	longsleep__scz	scz
rs12647126	0.00889990120913467	0.00890648660022569	24	0.666109110485895	placo_longsleep__scz_chr4_169728549_170728549	longsleep__scz	scz
rs17627811	0.00889990120913467	0.00890648660022569	25	0.675015597086121	placo_longsleep__scz_chr4_169728549_170728549	longsleep__scz	scz
rs62334480	0.00889990120913467	0.00890648660022569	26	0.683922083686346	placo_longsleep__scz_chr4_169728549_170728549	longsleep__scz	scz
rs6828910	0.00889990120913467	0.00890648660022569	27	0.692828570286572	placo_longsleep__scz_chr4_169728549_170728549	longsleep__scz	scz
rs10520163	0.00838190195389917	0.00838810405672659	28	0.701216674343299	placo_longsleep__scz_chr4_169728549_170728549	longsleep__scz	scz
rs12641082	0.00838190195389917	0.00838810405672659	29	0.709604778400025	placo_longsleep__scz_chr4_169728549_170728549	longsleep__scz	scz
rs4692720	0.00838190195389917	0.00838810405672659	30	0.717992882456752	placo_longsleep__scz_chr4_169728549_170728549	longsleep__scz	scz
rs4296648	0.00784791919326296	0.00785372618099505	31	0.725846608637747	placo_longsleep__scz_chr4_169728549_170728549	longsleep__scz	scz
rs4692740	0.00784791919326296	0.00785372618099505	32	0.733700334818742	placo_longsleep__scz_chr4_169728549_170728549	longsleep__scz	scz
rs7687728	0.00784791919326296	0.00785372618099505	33	0.741554060999737	placo_longsleep__scz_chr4_169728549_170728549	longsleep__scz	scz
rs12499239	0.00777052623316893	0.00777627595476987	34	0.749330336954507	placo_longsleep__scz_chr4_169728549_170728549	longsleep__scz	scz
rs4235024	0.00739296871862991	0.00739843907040031	35	0.756728776024907	placo_longsleep__scz_chr4_169728549_170728549	longsleep__scz	scz
rs6812122	0.00739296871862991	0.00739843907040031	36	0.764127215095307	placo_longsleep__scz_chr4_169728549_170728549	longsleep__scz	scz
rs6823311	0.00739296871862991	0.00739843907040031	37	0.771525654165708	placo_longsleep__scz_chr4_169728549_170728549	longsleep__scz	scz
rs1566522	0.0069238635690267	0.00692898681122809	38	0.778454640976936	placo_longsleep__scz_chr4_169728549_170728549	longsleep__scz	scz
rs2270863	0.0069238635690267	0.00692898681122809	39	0.785383627788164	placo_longsleep__scz_chr4_169728549_170728549	longsleep__scz	scz
rs34219150	0.0069238635690267	0.00692898681122809	40	0.792312614599392	placo_longsleep__scz_chr4_169728549_170728549	longsleep__scz	scz
rs6553441	0.00686651725684326	0.00687159806622608	41	0.799184212665618	placo_longsleep__scz_chr4_169728549_170728549	longsleep__scz	scz
rs7438	0.00686651725684326	0.00687159806622608	42	0.806055810731844	placo_longsleep__scz_chr4_169728549_170728549	longsleep__scz	scz
rs4383583	0.00652408887354329	0.0065289163065378	43	0.812584727038382	placo_longsleep__scz_chr4_169728549_170728549	longsleep__scz	scz
rs4624625	0.00652408887354329	0.0065289163065378	44	0.81911364334492	placo_longsleep__scz_chr4_169728549_170728549	longsleep__scz	scz
rs72696657	0.00643706902033381	0.00644183206387583	45	0.825555475408796	placo_longsleep__scz_chr4_169728549_170728549	longsleep__scz	scz
rs12502013	0.00611177363358343	0.00611629597812312	46	0.831671771386919	placo_longsleep__scz_chr4_169728549_170728549	longsleep__scz	scz
rs4692713	0.00611177363358343	0.00611629597812312	47	0.837788067365042	placo_longsleep__scz_chr4_169728549_170728549	longsleep__scz	scz
rs72696626	0.00611177363358343	0.00611629597812312	48	0.843904363343165	placo_longsleep__scz_chr4_169728549_170728549	longsleep__scz	scz
rs12498978	0.00607074365796922	0.0060752356427971	49	0.849979598985962	placo_longsleep__scz_chr4_169728549_170728549	longsleep__scz	scz
rs2062611	0.00607074365796922	0.0060752356427971	50	0.856054834628759	placo_longsleep__scz_chr4_169728549_170728549	longsleep__scz	scz
rs62333139	0.00576030810767415	0.00576457038888406	51	0.861819405017643	placo_longsleep__scz_chr4_169728549_170728549	longsleep__scz	scz
rs6852201	0.00576030810767415	0.00576457038888406	52	0.867583975406527	placo_longsleep__scz_chr4_169728549_170728549	longsleep__scz	scz
rs6553440	0.00569257113850884	0.00569678329843956	53	0.873280758704967	placo_longsleep__scz_chr4_169728549_170728549	longsleep__scz	scz
rs12511877	0.00542969185311535	0.00543370949820109	54	0.878714468203168	placo_longsleep__scz_chr4_169728549_170728549	longsleep__scz	scz
rs4692568	0.00542969185311535	0.00543370949820109	55	0.884148177701369	placo_longsleep__scz_chr4_169728549_170728549	longsleep__scz	scz
rs7681537	0.00535002184623666	0.00535398054031372	56	0.889502158241683	placo_longsleep__scz_chr4_169728549_170728549	longsleep__scz	scz
rs4692711	0.00508857923480035	0.00509234447708466	57	0.894594502718768	placo_longsleep__scz_chr4_169728549_170728549	longsleep__scz	scz
rs12506659	0.00503672530460155	0.00504045217809929	58	0.899634954896867	placo_longsleep__scz_chr4_169728549_170728549	longsleep__scz	scz
rs6857243	0.00503672530460155	0.00504045217809929	59	0.904675407074966	placo_longsleep__scz_chr4_169728549_170728549	longsleep__scz	scz
rs6837214	0.00424146990976442	0.00424460834214701	60	0.908920015417113	placo_longsleep__scz_chr4_169728549_170728549	longsleep__scz	scz
rs55909907	0.0039771657916371	0.00398010865488426	61	0.912900124071997	placo_longsleep__scz_chr4_169728549_170728549	longsleep__scz	scz
rs72696665	0.00394396987508808	0.0039468881753555	62	0.916847012247353	placo_longsleep__scz_chr4_169728549_170728549	longsleep__scz	scz
rs28690334	0.00375167241824195	0.00375444842996825	63	0.920601460677321	placo_longsleep__scz_chr4_169728549_170728549	longsleep__scz	scz
rs4434205	0.00373647445910306	0.00373923922525457	64	0.924340699902576	placo_longsleep__scz_chr4_169728549_170728549	longsleep__scz	scz
rs12643651	0.00332015907402848	0.00332261579185861	65	0.927663315694434	placo_longsleep__scz_chr4_169728549_170728549	longsleep__scz	scz
rs4692717	0.00332015907402848	0.00332261579185861	66	0.930985931486293	placo_longsleep__scz_chr4_169728549_170728549	longsleep__scz	scz
rs66793825	0.00332015907402848	0.00332261579185861	67	0.934308547278152	placo_longsleep__scz_chr4_169728549_170728549	longsleep__scz	scz
rs6845991	0.00332015907402848	0.00332261579185861	68	0.93763116307001	placo_longsleep__scz_chr4_169728549_170728549	longsleep__scz	scz
rs4692714	0.00311495970088883	0.00311726458353653	69	0.940748427653547	placo_longsleep__scz_chr4_169728549_170728549	longsleep__scz	scz
rs4692715	0.00311495970088883	0.00311726458353653	70	0.943865692237084	placo_longsleep__scz_chr4_169728549_170728549	longsleep__scz	scz
rs10017932	0.00260437663927964	0.00260630372120054	71	0.946471995958284	placo_longsleep__scz_chr4_169728549_170728549	longsleep__scz	scz
rs4692712	0.00244474663157638	0.00244655559690184	72	0.948918551555186	placo_longsleep__scz_chr4_169728549_170728549	longsleep__scz	scz
rs6813751	0.00244474663157638	0.00244655559690184	73	0.951365107152088	placo_longsleep__scz_chr4_169728549_170728549	longsleep__scz	scz
rs17777642	0.112964496964282	0.11296449714057	1	0.11296449714057	placo_longsleep__scz_chr7_104429267_105429267	longsleep__scz	scz
rs2252074	0.112964496964282	0.11296449714057	2	0.22592899428114	placo_longsleep__scz_chr7_104429267_105429267	longsleep__scz	scz
rs6466033	0.0944163661313242	0.0944163662786667	3	0.320345360559807	placo_longsleep__scz_chr7_104429267_105429267	longsleep__scz	scz
rs2428162	0.0789587109799554	0.0789587111031752	4	0.399304071662982	placo_longsleep__scz_chr7_104429267_105429267	longsleep__scz	scz
rs6466031	0.0725614763790399	0.0725614764922765	5	0.471865548155258	placo_longsleep__scz_chr7_104429267_105429267	longsleep__scz	scz
rs7776707	0.065523409706158	0.0655234098084113	6	0.53738895796367	placo_longsleep__scz_chr7_104429267_105429267	longsleep__scz	scz
rs10266287	0.0550661078568095	0.0550661079427435	7	0.592455065906413	placo_longsleep__scz_chr7_104429267_105429267	longsleep__scz	scz
rs6965384	0.0463030353098638	0.0463030353821225	8	0.638758101288536	placo_longsleep__scz_chr7_104429267_105429267	longsleep__scz	scz
rs6466030	0.043016407351352	0.0430164074184817	9	0.681774508707018	placo_longsleep__scz_chr7_104429267_105429267	longsleep__scz	scz
rs6466034	0.0395676720835624	0.0395676721453102	10	0.721342180852328	placo_longsleep__scz_chr7_104429267_105429267	longsleep__scz	scz
rs4727614	0.0330903689293907	0.0330903689810302	11	0.754432549833358	placo_longsleep__scz_chr7_104429267_105429267	longsleep__scz	scz
rs6955349	0.0330903689293907	0.0330903689810302	12	0.787522918814388	placo_longsleep__scz_chr7_104429267_105429267	longsleep__scz	scz
rs2057884	0.0154895012718112	0.0154895012959835	13	0.803012420110372	placo_longsleep__scz_chr7_104429267_105429267	longsleep__scz	scz
rs6466055	0.0131535926964193	0.0131535927169463	14	0.816166012827318	placo_longsleep__scz_chr7_104429267_105429267	longsleep__scz	scz
rs6466056	0.0120763106744093	0.0120763106932551	15	0.828242323520573	placo_longsleep__scz_chr7_104429267_105429267	longsleep__scz	scz
rs12705304	0.0111748988367973	0.0111748988542364	16	0.83941722237481	placo_longsleep__scz_chr7_104429267_105429267	longsleep__scz	scz
rs2299304	0.009456607827653	0.00945660784241061	17	0.84887383021722	placo_longsleep__scz_chr7_104429267_105429267	longsleep__scz	scz
rs7797912	0.009456607827653	0.00945660784241061	18	0.858330438059631	placo_longsleep__scz_chr7_104429267_105429267	longsleep__scz	scz
rs7811681	0.00872422049982496	0.00872422051343963	19	0.867054658573071	placo_longsleep__scz_chr7_104429267_105429267	longsleep__scz	scz
rs10808141	0.00676547348542836	0.00676547349598629	20	0.873820132069057	placo_longsleep__scz_chr7_104429267_105429267	longsleep__scz	scz
rs2192932	0.0064029085124812	0.00640290852247332	21	0.88022304059153	placo_longsleep__scz_chr7_104429267_105429267	longsleep__scz	scz
rs11765899	0.00613211227238992	0.00613211228195945	22	0.88635515287349	placo_longsleep__scz_chr7_104429267_105429267	longsleep__scz	scz
rs10953470	0.00564171696683822	0.00564171697564246	23	0.891996869849132	placo_longsleep__scz_chr7_104429267_105429267	longsleep__scz	scz
rs10953474	0.00519115664682732	0.00519115665492843	24	0.89718802650406	placo_longsleep__scz_chr7_104429267_105429267	longsleep__scz	scz
rs7806591	0.00519115664682732	0.00519115665492843	25	0.902379183158989	placo_longsleep__scz_chr7_104429267_105429267	longsleep__scz	scz
rs10238507	0.00489320340076315	0.00489320340839929	26	0.907272386567388	placo_longsleep__scz_chr7_104429267_105429267	longsleep__scz	scz
rs6943183	0.00489320340076315	0.00489320340839929	27	0.912165589975787	placo_longsleep__scz_chr7_104429267_105429267	longsleep__scz	scz
rs6967587	0.00489320340076315	0.00489320340839929	28	0.917058793384187	placo_longsleep__scz_chr7_104429267_105429267	longsleep__scz	scz
rs10487150	0.00452379209891714	0.00452379210597679	29	0.921582585490163	placo_longsleep__scz_chr7_104429267_105429267	longsleep__scz	scz
rs7801804	0.00442995568471655	0.00442995569162977	30	0.926012541181793	placo_longsleep__scz_chr7_104429267_105429267	longsleep__scz	scz
rs11760317	0.00414654162323326	0.00414654162970419	31	0.930159082811497	placo_longsleep__scz_chr7_104429267_105429267	longsleep__scz	scz
rs6948885	0.00383448240014236	0.0038344824061263	32	0.933993565217624	placo_longsleep__scz_chr7_104429267_105429267	longsleep__scz	scz
rs3801281	0.00375368148499997	0.00375368149085782	33	0.937747246708482	placo_longsleep__scz_chr7_104429267_105429267	longsleep__scz	scz
rs9640686	0.00375368148499997	0.00375368149085782	34	0.941500928199339	placo_longsleep__scz_chr7_104429267_105429267	longsleep__scz	scz
rs6950620	0.00354633852675739	0.00354633853229167	35	0.945047266731631	placo_longsleep__scz_chr7_104429267_105429267	longsleep__scz	scz
rs3801282	0.00348196908970126	0.00348196909513508	36	0.948529235826766	placo_longsleep__scz_chr7_104429267_105429267	longsleep__scz	scz
rs41563	0.00325196475615714	0.00325196476123203	37	0.951781200587998	placo_longsleep__scz_chr7_104429267_105429267	longsleep__scz	scz
