locus_id	pair_id	SNP	lead_SNP	CHR	BP	candidate_vcf_match	lead_vcf_match	lava_r2	eur_r	eur_r2	eur_n	eur_maf_candidate	eur_maf_lead
placo_insomnia__mdd_chr5_103481726_104481726	insomnia__mdd	rs168388	rs40465	5	103679255	1	0	0.34431396	nan	nan	nan	nan	nan
placo_insomnia__mdd_chr5_103481726_104481726	insomnia__mdd	rs964040	rs40465	5	103705506	1	0	0.47238951	nan	nan	nan	nan	nan
placo_insomnia__mdd_chr5_103481726_104481726	insomnia__mdd	rs2963227	rs40465	5	103705870	1	0	0.47036474	nan	nan	nan	nan	nan
placo_insomnia__mdd_chr5_103481726_104481726	insomnia__mdd	rs1530303	rs40465	5	103723455	1	0	0.48706773	nan	nan	nan	nan	nan
placo_insomnia__mdd_chr5_103481726_104481726	insomnia__mdd	rs4510551	rs40465	5	103729262	1	0	0.49067918	nan	nan	nan	nan	nan
placo_insomnia__mdd_chr5_103481726_104481726	insomnia__mdd	rs1583953	rs40465	5	103750804	1	0	0.49004557	nan	nan	nan	nan	nan
placo_insomnia__mdd_chr5_103481726_104481726	insomnia__mdd	rs768792	rs40465	5	103757005	1	0	0.49318603	nan	nan	nan	nan	nan
placo_insomnia__mdd_chr5_103481726_104481726	insomnia__mdd	rs2028526	rs40465	5	103766154	1	0	0.48795861	nan	nan	nan	nan	nan
placo_insomnia__mdd_chr5_103481726_104481726	insomnia__mdd	rs2919955	rs40465	5	103771766	0	0	0.48513957	nan	nan	nan	nan	nan
placo_insomnia__mdd_chr5_103481726_104481726	insomnia__mdd	rs4703307	rs40465	5	103848762	0	0	0.44397936	nan	nan	nan	nan	nan
placo_insomnia__mdd_chr5_103481726_104481726	insomnia__mdd	rs969397	rs40465	5	103863877	1	0	0.44410819	nan	nan	nan	nan	nan
placo_insomnia__mdd_chr5_103481726_104481726	insomnia__mdd	rs1363098	rs40465	5	103867339	1	0	0.44397432	nan	nan	nan	nan	nan
placo_insomnia__mdd_chr5_103481726_104481726	insomnia__mdd	rs1363097	rs40465	5	103875902	1	0	0.44383542	nan	nan	nan	nan	nan
placo_insomnia__mdd_chr5_103481726_104481726	insomnia__mdd	rs4482879	rs40465	5	103878652	1	0	0.4452745	nan	nan	nan	nan	nan
placo_insomnia__mdd_chr5_103481726_104481726	insomnia__mdd	rs6869862	rs40465	5	103886213	1	0	0.46651059	nan	nan	nan	nan	nan
placo_insomnia__mdd_chr5_103481726_104481726	insomnia__mdd	rs6596578	rs40465	5	103899178	1	0	0.49194999	nan	nan	nan	nan	nan
placo_insomnia__mdd_chr5_103481726_104481726	insomnia__mdd	rs13164188	rs40465	5	103914523	1	0	0.28814824	nan	nan	nan	nan	nan
placo_insomnia__mdd_chr5_103481726_104481726	insomnia__mdd	rs10073929	rs40465	5	103915208	0	0	0.49718135	nan	nan	nan	nan	nan
placo_insomnia__mdd_chr5_103481726_104481726	insomnia__mdd	rs10479296	rs40465	5	103915443	1	0	0.49718135	nan	nan	nan	nan	nan
placo_insomnia__mdd_chr5_103481726_104481726	insomnia__mdd	rs1363103	rs40465	5	103917837	1	0	0.28838392	nan	nan	nan	nan	nan
placo_insomnia__mdd_chr5_103481726_104481726	insomnia__mdd	rs254011	rs40465	5	103920770	1	0	0.58106687	nan	nan	nan	nan	nan
placo_insomnia__mdd_chr5_103481726_104481726	insomnia__mdd	rs2447838	rs40465	5	103927579	1	0	0.61274635	nan	nan	nan	nan	nan
placo_insomnia__mdd_chr5_103481726_104481726	insomnia__mdd	rs12187898	rs40465	5	103939674	1	0	0.52470169	nan	nan	nan	nan	nan
placo_insomnia__mdd_chr5_103481726_104481726	insomnia__mdd	rs2018142	rs40465	5	103941793	1	0	0.52602305	nan	nan	nan	nan	nan
placo_insomnia__mdd_chr5_103481726_104481726	insomnia__mdd	rs254024	rs40465	5	103944020	1	0	0.61881666	nan	nan	nan	nan	nan
placo_insomnia__mdd_chr5_103481726_104481726	insomnia__mdd	rs2447827	rs40465	5	103948045	1	0	0.62019049	nan	nan	nan	nan	nan
placo_insomnia__mdd_chr5_103481726_104481726	insomnia__mdd	rs254020	rs40465	5	103950251	1	0	0.61887346	nan	nan	nan	nan	nan
placo_insomnia__mdd_chr5_103481726_104481726	insomnia__mdd	rs254023	rs40465	5	103955361	1	0	0.61826978	nan	nan	nan	nan	nan
placo_insomnia__mdd_chr5_103481726_104481726	insomnia__mdd	rs185260	rs40465	5	103965223	1	0	0.62023884	nan	nan	nan	nan	nan
placo_insomnia__mdd_chr5_103481726_104481726	insomnia__mdd	rs325485	rs40465	5	103995368	1	0	0.64794127	nan	nan	nan	nan	nan
placo_insomnia__mdd_chr5_103481726_104481726	insomnia__mdd	rs325481	rs40465	5	104000752	1	0	0.68920329	nan	nan	nan	nan	nan
placo_insomnia__mdd_chr5_103481726_104481726	insomnia__mdd	rs325502	rs40465	5	104008133	1	0	0.63827569	nan	nan	nan	nan	nan
placo_insomnia__mdd_chr5_103481726_104481726	insomnia__mdd	rs325521	rs40465	5	104043156	1	0	0.59765862	nan	nan	nan	nan	nan
placo_insomnia__mdd_chr5_103481726_104481726	insomnia__mdd	rs325523	rs40465	5	104045386	1	0	0.59726889	nan	nan	nan	nan	nan
placo_insomnia__mdd_chr5_103481726_104481726	insomnia__mdd	rs60271	rs40465	5	104078233	1	0	0.90686591	nan	nan	nan	nan	nan
placo_insomnia__mdd_chr6_104869510_105869510	insomnia__mdd	rs12200251	rs4946651	6	105382415	1	1	0.99993978	0.9979784503169888	0.9959609872970986	503	0.4691848906560636	0.4701789264413519
placo_insomnia__mdd_chr6_104869510_105869510	insomnia__mdd	rs1475120	rs4946651	6	105389953	1	1	0.99983824	0.9979784503169888	0.9959609872970986	503	0.4691848906560636	0.4701789264413519
placo_insomnia__mdd_chr6_104869510_105869510	insomnia__mdd	rs314262	rs4946651	6	105394621	1	1	0.99981942	0.9979784503169888	0.9959609872970986	503	0.4691848906560636	0.4701789264413519
placo_insomnia__mdd_chr6_104869510_105869510	insomnia__mdd	rs314280	rs4946651	6	105400837	1	1	0.99945805	0.9979784503169888	0.9959609872970986	503	0.4691848906560636	0.4701789264413519
placo_insomnia__mdd_chr7_113559156_114559156	insomnia__mdd	rs1476535	rs2894699	7	114071035	1	1	0.96412119	0.9795685603504929	0.9595545644271373	503	0.4960238568588469	0.4850894632206759
placo_insomnia__mdd_chr13_53365563_54365563	insomnia__mdd	rs12552	rs9536383	13	53625781	1	1	0.23421706	0.49772877255635006	0.24773393103045085	503	0.4572564612326044	0.305168986083499
placo_insomnia__mdd_chr13_53365563_54365563	insomnia__mdd	rs2806933	rs9536383	13	53643370	1	1	0.34304817	0.5934546619319065	0.3521884357687135	503	0.40159045725646125	0.305168986083499
placo_insomnia__mdd_chr13_53365563_54365563	insomnia__mdd	rs2806949	rs9536383	13	53646138	1	1	0.32888981	0.5729847684566434	0.3283115448833132	503	0.3966202783300199	0.305168986083499
placo_insomnia__mdd_chr13_53365563_54365563	insomnia__mdd	rs2806971	rs9536383	13	53653856	1	1	0.36199294	0.604792302302811	0.36577372892473475	503	0.3836978131212724	0.305168986083499
placo_insomnia__mdd_chr13_53365563_54365563	insomnia__mdd	rs2806974	rs9536383	13	53659930	1	1	0.36318561	0.604792302302811	0.36577372892473475	503	0.3836978131212724	0.305168986083499
placo_insomnia__mdd_chr13_53365563_54365563	insomnia__mdd	rs1343610	rs9536383	13	53662674	1	1	0.39037656	0.6140043466536986	0.37700133770963534	503	0.3866799204771372	0.305168986083499
placo_insomnia__mdd_chr13_53365563_54365563	insomnia__mdd	rs1419218	rs9536383	13	53682422	1	1	0.41129911	0.6289798946865482	0.3956157079199013	503	0.452286282306163	0.305168986083499
placo_insomnia__mdd_chr13_53365563_54365563	insomnia__mdd	rs1322944	rs9536383	13	53683163	1	1	0.41131311	0.6289798946865482	0.3956157079199013	503	0.452286282306163	0.305168986083499
placo_insomnia__mdd_chr13_53365563_54365563	insomnia__mdd	rs2759700	rs9536383	13	53684042	1	1	0.56275195	0.7075477795047462	0.500623860282097	503	0.3866799204771372	0.305168986083499
placo_insomnia__mdd_chr13_53365563_54365563	insomnia__mdd	rs9536354	rs9536383	13	53684255	1	1	0.41124512	0.6289798946865482	0.3956157079199013	503	0.452286282306163	0.305168986083499
placo_insomnia__mdd_chr13_53365563_54365563	insomnia__mdd	rs9568807	rs9536383	13	53686485	1	1	0.41271452	0.6245283963886625	0.3900357178957944	503	0.452286282306163	0.305168986083499
placo_insomnia__mdd_chr13_53365563_54365563	insomnia__mdd	rs4886202	rs9536383	13	53704738	1	1	0.42174492	0.6403925371379181	0.41010260162193984	503	0.4572564612326044	0.305168986083499
placo_insomnia__mdd_chr13_53365563_54365563	insomnia__mdd	rs1322938	rs9536383	13	53731757	1	1	0.43090677	0.6403271916523765	0.4100189123694193	503	0.45129224652087474	0.305168986083499
placo_insomnia__mdd_chr13_53365563_54365563	insomnia__mdd	rs1885767	rs9536383	13	53742128	1	1	0.61917284	0.7577239598595494	0.5741455993452361	503	0.3986083499005964	0.305168986083499
placo_insomnia__mdd_chr13_53365563_54365563	insomnia__mdd	rs2759716	rs9536383	13	53743589	1	1	0.46240156	0.6876955441307016	0.4729251614172217	503	0.4592445328031809	0.305168986083499
placo_insomnia__mdd_chr13_53365563_54365563	insomnia__mdd	rs1923773	rs9536383	13	53750354	1	1	0.57037055	0.7839556467898081	0.6145864561336264	503	0.305168986083499	0.305168986083499
placo_insomnia__mdd_chr13_53365563_54365563	insomnia__mdd	rs2806939	rs9536383	13	53750970	1	1	0.46307282	0.6876955441307016	0.4729251614172217	503	0.4592445328031809	0.305168986083499
placo_insomnia__mdd_chr13_53365563_54365563	insomnia__mdd	rs7994915	rs9536383	13	53759006	1	1	0.46173918	0.6801699291353572	0.4626311324999969	503	0.46222664015904574	0.305168986083499
placo_insomnia__mdd_chr13_53365563_54365563	insomnia__mdd	rs2759714	rs9536383	13	53763753	1	1	0.62422323	0.7595504225483198	0.5769168443933312	503	0.3976143141153082	0.305168986083499
placo_insomnia__mdd_chr13_53365563_54365563	insomnia__mdd	rs2806947	rs9536383	13	53768025	1	1	0.62559571	0.7595504225483198	0.5769168443933312	503	0.3976143141153082	0.305168986083499
placo_insomnia__mdd_chr13_53365563_54365563	insomnia__mdd	rs1322951	rs9536383	13	53771650	1	1	0.46586129	0.6877802565522773	0.4730416813031163	503	0.4602385685884692	0.305168986083499
placo_insomnia__mdd_chr13_53365563_54365563	insomnia__mdd	rs1923771	rs9536383	13	53773615	1	1	0.46744528	0.6876955441307016	0.4729251614172217	503	0.4592445328031809	0.305168986083499
placo_insomnia__mdd_chr13_53365563_54365563	insomnia__mdd	rs1322949	rs9536383	13	53773658	1	1	0.4671565	0.6876955441307016	0.4729251614172217	503	0.4592445328031809	0.305168986083499
placo_insomnia__mdd_chr13_53365563_54365563	insomnia__mdd	rs1909650	rs9536383	13	53791895	1	1	0.45342168	0.684467288035792	0.4684954683910719	503	0.38966202783300197	0.305168986083499
placo_insomnia__mdd_chr13_53365563_54365563	insomnia__mdd	rs9536375	rs9536383	13	53817816	1	1	0.63591452	0.8252800961523074	0.6810872371051616	503	0.31312127236580517	0.305168986083499
placo_insomnia__mdd_chr13_53365563_54365563	insomnia__mdd	rs13353100	rs9536383	13	53826781	1	1	0.77688424	0.8782676585010928	0.7713540799689922	503	0.3349900596421471	0.305168986083499
placo_insomnia__mdd_chr13_53365563_54365563	insomnia__mdd	rs12860317	rs9536383	13	53827237	1	1	0.76553769	0.8775549196824671	0.7701026370589014	503	0.3349900596421471	0.305168986083499
placo_insomnia__mdd_chr13_53365563_54365563	insomnia__mdd	rs6561709	rs9536383	13	53858302	1	1	0.4610785	0.6953494572943733	0.4835108677595794	503	0.46520874751491054	0.305168986083499
placo_insomnia__mdd_chr13_53365563_54365563	insomnia__mdd	rs9596775	rs9536383	13	53859017	1	1	0.82208506	0.9240268160349224	0.8538255567516364	503	0.3190854870775348	0.305168986083499
placo_insomnia__mdd_chr13_53365563_54365563	insomnia__mdd	rs9536381	rs9536383	13	53860655	1	1	0.82418165	0.9240268160349224	0.8538255567516364	503	0.3190854870775348	0.305168986083499
placo_insomnia__mdd_chr13_53365563_54365563	insomnia__mdd	rs7326087	rs9536383	13	53862161	1	1	0.74199655	0.848544447933882	0.7200276801194165	503	0.3558648111332008	0.305168986083499
placo_insomnia__mdd_chr13_53365563_54365563	insomnia__mdd	rs9805634	rs9536383	13	53863604	1	1	0.82591998	0.9215509477849797	0.8492561493633943	503	0.31809145129224653	0.305168986083499
placo_insomnia__mdd_chr13_53365563_54365563	insomnia__mdd	rs7140116	rs9536383	13	53864444	1	1	0.50467377	0.6782061524129178	0.45996358517073394	503	0.474155069582505	0.305168986083499
placo_insomnia__mdd_chr13_53365563_54365563	insomnia__mdd	rs6561712	rs9536383	13	53880809	1	1	0.59267416	0.7843522786241501	0.6152084969828965	503	0.4105367793240557	0.305168986083499
placo_insomnia__mdd_chr13_53365563_54365563	insomnia__mdd	rs8001960	rs9536383	13	53886795	1	1	0.53745598	0.7491318142491464	0.5611984751202176	503	0.4363817097415507	0.305168986083499
placo_insomnia__mdd_chr13_53365563_54365563	insomnia__mdd	rs1867370	rs9536383	13	53898419	1	1	0.84563467	0.898834223213518	0.8079029608198484	503	0.31709741550695825	0.305168986083499
placo_insomnia__mdd_chr13_53365563_54365563	insomnia__mdd	rs1867368	rs9536383	13	53903511	1	1	0.83218083	0.898834223213518	0.8079029608198484	503	0.31709741550695825	0.305168986083499
placo_insomnia__mdd_chr13_53365563_54365563	insomnia__mdd	rs1079232	rs9536383	13	53906017	1	1	0.82636447	0.9036000779759763	0.8164931009181905	503	0.31510934393638174	0.305168986083499
placo_insomnia__mdd_chr13_53365563_54365563	insomnia__mdd	rs2587363	rs9536383	13	53915933	1	1	0.47132933	0.7174670830066684	0.5147590151980976	503	0.4095427435387674	0.305168986083499
placo_insomnia__mdd_chr13_53365563_54365563	insomnia__mdd	rs1443914	rs9536383	13	53917230	1	1	0.41429685	0.667455041031667	0.4454962317985842	503	0.4542743538767396	0.305168986083499
placo_insomnia__mdd_chr13_53365563_54365563	insomnia__mdd	rs9536401	rs9536383	13	53917865	1	1	0.41218117	0.6474327587762014	0.41916917713656304	503	0.4592445328031809	0.305168986083499
placo_insomnia__mdd_chr13_53365563_54365563	insomnia__mdd	rs2813576	rs9536383	13	53940317	1	1	0.43704028	0.6973477870904715	0.48629393615997757	503	0.40357852882703776	0.305168986083499
placo_insomnia__mdd_chr13_53365563_54365563	insomnia__mdd	rs7992723	rs9536383	13	53946802	1	1	0.60591232	0.8200945982755546	0.6725551501207434	503	0.34095427435387676	0.305168986083499
placo_insomnia__mdd_chr13_53365563_54365563	insomnia__mdd	rs7328879	rs9536383	13	53953693	1	1	0.76093674	0.8857991775295028	0.7846401829119436	503	0.2982107355864811	0.305168986083499
placo_insomnia__mdd_chr13_53365563_54365563	insomnia__mdd	rs9568844	rs9536383	13	53956469	1	1	0.76098242	0.8883580796600523	0.7891800776972958	503	0.29721669980119286	0.305168986083499
placo_insomnia__mdd_chr13_53365563_54365563	insomnia__mdd	rs1373272	rs9536383	13	53959344	1	1	0.76095427	0.8883580796600523	0.7891800776972958	503	0.29721669980119286	0.305168986083499
placo_insomnia__mdd_chr13_53365563_54365563	insomnia__mdd	rs1443908	rs9536383	13	53977365	1	1	0.57701461	0.7999438318526827	0.6399101341191531	503	0.3359840954274354	0.305168986083499
placo_insomnia__mdd_chr13_53365563_54365563	insomnia__mdd	rs9527083	rs9536383	13	53991125	1	1	0.57264633	0.7604752529183898	0.578322610301289	503	0.32703777335984097	0.305168986083499
placo_insomnia__mdd_chr14_41646572_42646572	insomnia__mdd	rs7148091	rs2121708	14	42066464	1	1	0.94210756	0.9579630903520256	0.9176932824768033	503	0.48111332007952284	0.48111332007952284
placo_insomnia__mdd_chr14_41646572_42646572	insomnia__mdd	rs12431444	rs2121708	14	42068689	1	1	0.94234892	0.961924686245702	0.9252991020088923	503	0.4831013916500994	0.48111332007952284
placo_insomnia__mdd_chr14_41646572_42646572	insomnia__mdd	rs1111179	rs2121708	14	42075952	1	1	0.94215484	0.961924686245702	0.9252991020088923	503	0.4831013916500994	0.48111332007952284
placo_insomnia__mdd_chr14_41646572_42646572	insomnia__mdd	rs1950835	rs2121708	14	42076640	1	1	0.94811128	0.9733488825032119	0.9474080470702515	503	0.47912524850894633	0.48111332007952284
placo_insomnia__mdd_chr14_41646572_42646572	insomnia__mdd	rs1956450	rs2121708	14	42081882	1	1	0.98052079	0.9962161674214273	0.9924466522318373	503	0.48111332007952284	0.48111332007952284
placo_insomnia__mdd_chr14_41646572_42646572	insomnia__mdd	rs10483526	rs2121708	14	42086798	1	1	0.98045042	0.9962161674214273	0.9924466522318373	503	0.48111332007952284	0.48111332007952284
placo_insomnia__mdd_chr14_41646572_42646572	insomnia__mdd	rs8013655	rs2121708	14	42089908	1	1	0.9196206	0.9738453041937039	0.9483746765001276	503	0.4691848906560636	0.48111332007952284
placo_insomnia__mdd_chr14_41646572_42646572	insomnia__mdd	rs8003822	rs2121708	14	42093431	1	1	0.92085733	0.9757022066062087	0.9519947959762247	503	0.4701789264413519	0.48111332007952284
placo_insomnia__mdd_chr14_41646572_42646572	insomnia__mdd	rs1950829	rs2121708	14	42097937	1	1	0.98022879	0.9962161674214273	0.9924466522318373	503	0.48111332007952284	0.48111332007952284
placo_insomnia__mdd_chr14_41646572_42646572	insomnia__mdd	rs10140527	rs2121708	14	42165449	1	1	0.99823214	0.9981177226332885	0.9962389882346622	503	0.4821073558648111	0.48111332007952284
placo_insomnia__mdd_chr14_41646572_42646572	insomnia__mdd	rs11846556	rs2121708	14	42183025	1	1	0.62727113	0.8173049059696664	0.6679873093220853	503	0.4821073558648111	0.48111332007952284
placo_insomnia__mdd_chr18_52604019_53604019	insomnia__mdd	rs3794891	rs4468713	18	53055212	1	1	0.53626705	0.7277161313243937	0.5295707677897422	503	0.2654075546719682	0.37077534791252487
placo_insomnia__mdd_chr18_52604019_53604019	insomnia__mdd	rs11152363	rs4468713	18	53057188	1	1	0.32983125	0.5908366506356768	0.3490879477343848	503	0.20178926441351888	0.37077534791252487
placo_insomnia__mdd_chr18_52604019_53604019	insomnia__mdd	rs12607679	rs4468713	18	53059748	1	1	0.53652019	0.7277161313243937	0.5295707677897422	503	0.2654075546719682	0.37077534791252487
placo_insomnia__mdd_chr18_52604019_53604019	insomnia__mdd	rs4801150	rs4468713	18	53065110	1	1	0.54758179	0.7333070966550627	0.5377392980046775	503	0.2664015904572565	0.37077534791252487
placo_insomnia__mdd_chr18_52604019_53604019	insomnia__mdd	rs7235757	rs4468713	18	53067954	1	1	0.6985772	0.8302472871587078	0.6893105578343938	503	0.31510934393638174	0.37077534791252487
placo_insomnia__mdd_chr18_52604019_53604019	insomnia__mdd	rs2958175	rs4468713	18	53074958	1	1	0.54748906	0.7354663804853006	0.5409107968241489	503	0.2654075546719682	0.37077534791252487
placo_insomnia__mdd_chr18_52604019_53604019	insomnia__mdd	rs2958186	rs4468713	18	53077795	1	1	0.60654271	0.7650154853452682	0.5852486928180562	503	0.28330019880715707	0.37077534791252487
placo_insomnia__mdd_chr18_52604019_53604019	insomnia__mdd	rs2860511	rs4468713	18	53083591	1	1	0.60565414	0.7636947789102448	0.5832297153347678	503	0.2823061630218688	0.37077534791252487
placo_insomnia__mdd_chr18_52604019_53604019	insomnia__mdd	rs2958162	rs4468713	18	53083865	1	1	0.69900009	0.835931913007436	0.6987821631842714	503	0.31610337972166996	0.37077534791252487
placo_insomnia__mdd_chr18_52604019_53604019	insomnia__mdd	rs2919450	rs4468713	18	53084545	1	1	0.5482043	0.7354663804853006	0.5409107968241489	503	0.2654075546719682	0.37077534791252487
placo_insomnia__mdd_chr18_52604019_53604019	insomnia__mdd	rs1440477	rs4468713	18	53086455	1	1	0.54800161	0.7354663804853006	0.5409107968241489	503	0.2654075546719682	0.37077534791252487
placo_insomnia__mdd_chr18_52604019_53604019	insomnia__mdd	rs2958166	rs4468713	18	53087632	1	1	0.54985526	0.7389068176616886	0.545983285186924	503	0.2654075546719682	0.37077534791252487
placo_insomnia__mdd_chr18_52604019_53604019	insomnia__mdd	rs4500831	rs4468713	18	53097544	1	1	0.57496673	0.7502398877263661	0.5628598891356704	503	0.2912524850894632	0.37077534791252487
placo_insomnia__mdd_chr18_52604019_53604019	insomnia__mdd	rs7231748	rs4468713	18	53109035	1	1	0.65847458	0.8104268127689755	0.6567916188548801	503	0.294234592445328	0.37077534791252487
placo_insomnia__mdd_chr18_52604019_53604019	insomnia__mdd	rs10503002	rs4468713	18	53109202	1	1	0.41502566	0.6542868478540672	0.4280912792748113	503	0.20079522862823063	0.37077534791252487
placo_insomnia__mdd_chr18_52604019_53604019	insomnia__mdd	rs732779	rs4468713	18	53123172	1	1	0.6520606	0.7943801729052786	0.6310398591050204	503	0.2982107355864811	0.37077534791252487
placo_insomnia__mdd_chr18_52604019_53604019	insomnia__mdd	rs9966430	rs4468713	18	53125364	1	1	0.65181559	0.7943801729052786	0.6310398591050204	503	0.2982107355864811	0.37077534791252487
placo_insomnia__mdd_chr18_52604019_53604019	insomnia__mdd	rs2924321	rs4468713	18	53125435	1	1	0.70658912	0.8019229835135253	0.6430804714872338	503	0.4731610337972167	0.37077534791252487
placo_insomnia__mdd_chr18_52604019_53604019	insomnia__mdd	rs2924329	rs4468713	18	53135894	1	1	0.24122233	-0.481344637523173	0.23169266007231482	503	0.2813121272365805	0.37077534791252487
placo_longsleep__bipolar_chr11_61081764_62081764	longsleep__bipolar	rs174528	rs174560	11	61543499	1	1	0.74955341	0.8501012989274846	0.7226722184381966	503	0.38767395626242546	0.31312127236580517
placo_longsleep__bipolar_chr11_61081764_62081764	longsleep__bipolar	rs174529	rs174560	11	61543961	1	1	0.73401914	0.8326645719937025	0.6933302894534558	503	0.3836978131212724	0.31312127236580517
placo_longsleep__bipolar_chr11_61081764_62081764	longsleep__bipolar	rs4246215	rs174560	11	61564299	1	1	0.76617149	0.8359889144679935	0.6988774651133741	503	0.3697813121272366	0.31312127236580517
placo_longsleep__bipolar_chr11_61081764_62081764	longsleep__bipolar	rs174541	rs174560	11	61565908	1	1	0.76658143	0.8359889144679935	0.6988774651133741	503	0.3697813121272366	0.31312127236580517
placo_longsleep__bipolar_chr11_61081764_62081764	longsleep__bipolar	rs174544	rs174560	11	61567753	1	1	0.97462486	0.9750103966412801	0.9506452735585863	503	0.30417495029821073	0.31312127236580517
placo_longsleep__bipolar_chr11_61081764_62081764	longsleep__bipolar	rs174555	rs174560	11	61579760	1	1	0.97852515	0.9773365681397395	0.9551867674231636	503	0.30318091451292245	0.31312127236580517
placo_longsleep__bipolar_chr11_61081764_62081764	longsleep__bipolar	rs174556	rs174560	11	61580635	1	1	0.97475296	0.9773365681397395	0.9551867674231636	503	0.30318091451292245	0.31312127236580517
placo_longsleep__bipolar_chr11_61081764_62081764	longsleep__bipolar	rs174561	rs174560	11	61582708	1	1	0.97866292	0.9773365681397395	0.9551867674231636	503	0.30318091451292245	0.31312127236580517
placo_longsleep__bipolar_chr11_61081764_62081764	longsleep__bipolar	rs174564	rs174560	11	61588305	1	1	0.84815214	0.9026843552997856	0.8148390453029897	503	0.352882703777336	0.31312127236580517
placo_longsleep__bipolar_chr11_61081764_62081764	longsleep__bipolar	rs28456	rs174560	11	61589481	1	1	0.99710962	0.993136241172526	0.9863195935302936	503	0.3101391650099404	0.31312127236580517
placo_longsleep__bipolar_chr11_61081764_62081764	longsleep__bipolar	rs174566	rs174560	11	61592362	1	1	0.84959456	0.9105678482067604	0.8291338061878899	503	0.3558648111332008	0.31312127236580517
placo_longsleep__bipolar_chr11_61081764_62081764	longsleep__bipolar	rs174567	rs174560	11	61593005	1	1	0.84892405	0.9105678482067604	0.8291338061878899	503	0.3558648111332008	0.31312127236580517
placo_longsleep__bipolar_chr11_61081764_62081764	longsleep__bipolar	rs99780	rs174560	11	61596633	1	1	0.84751953	0.9072923468444696	0.8231794026425453	503	0.35785288270377735	0.31312127236580517
placo_longsleep__bipolar_chr11_61081764_62081764	longsleep__bipolar	rs174576	rs174560	11	61603510	1	1	0.83487784	0.8898068134404038	0.7917561652449656	503	0.35785288270377735	0.31312127236580517
placo_longsleep__bipolar_chr11_61081764_62081764	longsleep__bipolar	rs174577	rs174560	11	61604814	1	1	0.83644216	0.8977958750814546	0.8060374333132749	503	0.36083499005964215	0.31312127236580517
placo_longsleep__bipolar_chr11_61081764_62081764	longsleep__bipolar	rs174581	rs174560	11	61606683	1	1	0.83202577	0.8927533030139128	0.7970084600422511	503	0.36381709741550694	0.31312127236580517
placo_longsleep__bipolar_chr11_61081764_62081764	longsleep__bipolar	rs174583	rs174560	11	61609750	1	1	0.81982556	0.8822980886177783	0.7784499171785849	503	0.3628230616302187	0.31312127236580517
placo_longsleep__bipolar_chr11_61081764_62081764	longsleep__bipolar	rs174584	rs174560	11	61610750	1	1	0.82219195	0.8884858778299063	0.7894071551031792	503	0.3667992047713718	0.31312127236580517
placo_longsleep__bipolar_chr15_84700520_85700520	longsleep__bipolar	rs12904605	rs1051168	15	85201419	1	1	0.99669659	0.9999999999999998	0.9999999999999996	503	0.2584493041749503	0.2584493041749503
placo_longsleep__bipolar_chr15_84700520_85700520	longsleep__bipolar	rs12908161	rs1051168	15	85207825	1	1	0.96187153	0.9811731136684233	0.9627006789857887	503	0.2644135188866799	0.2584493041749503
placo_longsleep__bipolar_chr15_84700520_85700520	longsleep__bipolar	rs61074241	rs1051168	15	85333396	1	1	0.81627945	0.9018628154057788	0.813356537811638	503	0.2415506958250497	0.2584493041749503
placo_longsleep__bipolar_chr15_84700520_85700520	longsleep__bipolar	rs35630683	rs1051168	15	85349231	1	1	0.92982668	0.9688873295823462	0.93874265742521	503	0.2614314115308151	0.2584493041749503
NA	longsleep__bipolar	rs35828350	NA	15	85355841	0	0	NA	nan	nan	nan	nan	nan
placo_longsleep__bipolar_chr15_84700520_85700520	longsleep__bipolar	rs56864281	rs1051168	15	85357649	1	1	0.92983309	0.9713155617258404	0.9434539204507849	503	0.2624254473161034	0.2584493041749503
placo_longsleep__parkinson_chr2_135040546_136040546	longsleep__parkinson	rs6430538	rs7599054	2	135539967	1	1	0.99999886	1.0	1.0	503	0.4970178926441352	0.4970178926441352
placo_longsleep__parkinson_chr17_43049526_44049526	longsleep__parkinson	rs11012	rs17631676	17	43513441	1	1	0.98435274	0.9787820589282114	0.9580143188797486	503	0.19483101391650098	0.19582504970178927
placo_longsleep__parkinson_chr17_44319565_45319565	longsleep__parkinson	rs169201	rs199443	17	44790203	1	1	0.99756793	0.9942745368915366	0.9885818547108794	503	0.22465208747514911	0.22266401590457258
placo_longsleep__parkinson_chr17_44319565_45319565	longsleep__parkinson	rs7224296	rs199443	17	44800046	1	1	0.72433982	0.8138535497710675	0.6623576004749674	503	0.30218687872763417	0.22266401590457258
placo_longsleep__parkinson_chr17_44319565_45319565	longsleep__parkinson	rs199535	rs199443	17	44822662	1	1	0.9999992	0.9999999999999998	0.9999999999999996	503	0.22266401590457258	0.22266401590457258
placo_longsleep__parkinson_chr17_44319565_45319565	longsleep__parkinson	rs199534	rs199443	17	44824213	1	1	0.99996108	0.9999999999999998	0.9999999999999996	503	0.22266401590457258	0.22266401590457258
placo_longsleep__parkinson_chr17_44319565_45319565	longsleep__parkinson	rs199533	rs199443	17	44828931	1	1	0.99185646	0.9999999999999998	0.9999999999999996	503	0.22266401590457258	0.22266401590457258
placo_longsleep__parkinson_chr17_44319565_45319565	longsleep__parkinson	rs199530	rs199443	17	44836653	1	1	0.85173196	0.896279356091435	0.8033166841556775	503	0.26043737574552683	0.22266401590457258
placo_longsleep__parkinson_chr17_44319565_45319565	longsleep__parkinson	rs199520	rs199443	17	44853872	1	1	0.82406431	0.8761773840587666	0.7676868083360633	503	0.25745526838966204	0.22266401590457258
placo_longsleep__parkinson_chr17_44319565_45319565	longsleep__parkinson	rs199513	rs199443	17	44856932	1	1	0.93964886	0.9653028320965495	0.9318095576536193	503	0.21669980119284293	0.22266401590457258
placo_longsleep__parkinson_chr17_44319565_45319565	longsleep__parkinson	rs415430	rs199443	17	44859144	1	1	0.93966839	0.9653028320965495	0.9318095576536193	503	0.21669980119284293	0.22266401590457258
placo_longsleep__parkinson_chr17_44319565_45319565	longsleep__parkinson	rs199501	rs199443	17	44862613	1	1	0.82014302	0.8871013511542339	0.7869488072196674	503	0.2524850894632207	0.22266401590457258
placo_longsleep__scz_chr2_57487593_58487593	longsleep__scz	rs2683634	rs11682175	2	58113995	1	1	0.51389416	-0.6561388967206524	0.43051825178979497	503	0.4085487077534791	0.4463220675944334
placo_longsleep__scz_chr2_57487593_58487593	longsleep__scz	rs2678915	rs11682175	2	58119574	1	1	0.51752425	-0.6561388967206524	0.43051825178979497	503	0.4085487077534791	0.4463220675944334
placo_longsleep__scz_chr2_57487593_58487593	longsleep__scz	rs1356544	rs11682175	2	58123724	1	1	0.51370121	-0.6658240554510784	0.44332167281732066	503	0.40556660039761433	0.4463220675944334
placo_longsleep__scz_chr2_57487593_58487593	longsleep__scz	rs1356545	rs11682175	2	58123798	1	1	0.51329742	-0.6658240554510784	0.44332167281732066	503	0.40556660039761433	0.4463220675944334
placo_longsleep__scz_chr2_57487593_58487593	longsleep__scz	rs2717056	rs11682175	2	58128804	1	1	0.5110441	-0.6624966728599236	0.4389018415504687	503	0.4105367793240557	0.4463220675944334
placo_longsleep__scz_chr2_57487593_58487593	longsleep__scz	rs2678908	rs11682175	2	58130327	1	1	0.51111023	-0.6624966728599236	0.4389018415504687	503	0.4105367793240557	0.4463220675944334
placo_longsleep__scz_chr2_57487593_58487593	longsleep__scz	rs2678905	rs11682175	2	58135872	1	1	0.50975083	-0.6546889545614644	0.42861762722478314	503	0.4085487077534791	0.4463220675944334
placo_longsleep__scz_chr2_57487593_58487593	longsleep__scz	rs2717001	rs11682175	2	58137618	1	1	0.50915134	-0.6546889545614644	0.42861762722478314	503	0.4085487077534791	0.4463220675944334
placo_longsleep__scz_chr2_57487593_58487593	longsleep__scz	rs1040225	rs11682175	2	58139593	1	1	0.50899581	-0.6546889545614644	0.42861762722478314	503	0.4085487077534791	0.4463220675944334
placo_longsleep__scz_chr2_57487593_58487593	longsleep__scz	rs2678881	rs11682175	2	58140977	1	1	0.50904801	-0.6546889545614644	0.42861762722478314	503	0.4085487077534791	0.4463220675944334
placo_longsleep__scz_chr2_57487593_58487593	longsleep__scz	rs2717003	rs11682175	2	58143438	1	1	0.50843117	-0.6542883038303341	0.4280931845291756	503	0.40755467196819084	0.4463220675944334
placo_longsleep__scz_chr2_57487593_58487593	longsleep__scz	rs2717004	rs11682175	2	58143854	1	1	0.50868581	-0.6546889545614644	0.42861762722478314	503	0.4085487077534791	0.4463220675944334
placo_longsleep__scz_chr2_57487593_58487593	longsleep__scz	rs2465804	rs11682175	2	58148180	1	1	0.50841197	-0.6542883038303341	0.4280931845291756	503	0.40755467196819084	0.4463220675944334
placo_longsleep__scz_chr2_57487593_58487593	longsleep__scz	rs2717007	rs11682175	2	58149116	1	1	0.50846886	-0.6542883038303341	0.4280931845291756	503	0.40755467196819084	0.4463220675944334
placo_longsleep__scz_chr2_57487593_58487593	longsleep__scz	rs2717010	rs11682175	2	58151817	1	1	0.50856753	-0.6542883038303341	0.4280931845291756	503	0.40755467196819084	0.4463220675944334
placo_longsleep__scz_chr2_57487593_58487593	longsleep__scz	rs2717011	rs11682175	2	58152075	1	1	0.50845525	-0.6542883038303341	0.4280931845291756	503	0.40755467196819084	0.4463220675944334
placo_longsleep__scz_chr2_57487593_58487593	longsleep__scz	rs2678873	rs11682175	2	58154601	1	1	0.50900152	-0.6542883038303341	0.4280931845291756	503	0.40755467196819084	0.4463220675944334
placo_longsleep__scz_chr2_57487593_58487593	longsleep__scz	rs2678879	rs11682175	2	58158152	1	1	0.50034353	-0.653500324562049	0.4270626742027034	503	0.4085487077534791	0.4463220675944334
placo_longsleep__scz_chr2_57487593_58487593	longsleep__scz	rs2717019	rs11682175	2	58159473	1	1	0.49975777	-0.653500324562049	0.4270626742027034	503	0.4085487077534791	0.4463220675944334
placo_longsleep__scz_chr2_57487593_58487593	longsleep__scz	rs2678883	rs11682175	2	58159670	1	1	0.49960556	-0.653500324562049	0.4270626742027034	503	0.4085487077534791	0.4463220675944334
placo_longsleep__scz_chr2_57487593_58487593	longsleep__scz	rs2678886	rs11682175	2	58161221	1	1	0.49983918	-0.653500324562049	0.4270626742027034	503	0.4085487077534791	0.4463220675944334
placo_longsleep__scz_chr2_57487593_58487593	longsleep__scz	rs2717023	rs11682175	2	58161355	1	1	0.4997042	-0.6531111258470657	0.42655414270522163	503	0.40755467196819084	0.4463220675944334
placo_longsleep__scz_chr2_57487593_58487593	longsleep__scz	rs2678887	rs11682175	2	58161752	1	1	0.50006251	-0.653500324562049	0.4270626742027034	503	0.4085487077534791	0.4463220675944334
placo_longsleep__scz_chr2_57487593_58487593	longsleep__scz	rs2678888	rs11682175	2	58162191	1	1	0.49984584	-0.653500324562049	0.4270626742027034	503	0.4085487077534791	0.4463220675944334
placo_longsleep__scz_chr2_57487593_58487593	longsleep__scz	rs2678889	rs11682175	2	58164223	1	1	0.50000912	-0.6538967956057373	0.42758101930345144	503	0.4095427435387674	0.4463220675944334
placo_longsleep__scz_chr2_57487593_58487593	longsleep__scz	rs970941	rs11682175	2	58166181	1	1	0.5000199	-0.6538967956057373	0.42758101930345144	503	0.4095427435387674	0.4463220675944334
placo_longsleep__scz_chr2_57487593_58487593	longsleep__scz	rs2717031	rs11682175	2	58166468	1	1	0.50004421	-0.6538967956057373	0.42758101930345144	503	0.4095427435387674	0.4463220675944334
placo_longsleep__scz_chr2_57487593_58487593	longsleep__scz	rs2678891	rs11682175	2	58166643	1	1	0.49987937	-0.6538967956057373	0.42758101930345144	503	0.4095427435387674	0.4463220675944334
placo_longsleep__scz_chr2_57487593_58487593	longsleep__scz	rs2717032	rs11682175	2	58166760	1	1	0.49890677	-0.6538967956057373	0.42758101930345144	503	0.4095427435387674	0.4463220675944334
placo_longsleep__scz_chr2_57487593_58487593	longsleep__scz	rs2717035	rs11682175	2	58167440	1	1	0.49530428	-0.6538967956057373	0.42758101930345144	503	0.4095427435387674	0.4463220675944334
placo_longsleep__scz_chr2_57487593_58487593	longsleep__scz	rs2717036	rs11682175	2	58168098	1	1	0.50015067	-0.6538967956057373	0.42758101930345144	503	0.4095427435387674	0.4463220675944334
placo_longsleep__scz_chr2_57487593_58487593	longsleep__scz	rs1401100	rs11682175	2	58168856	1	1	0.49558233	-0.6543006025552224	0.42810927850412706	503	0.4105367793240557	0.4463220675944334
placo_longsleep__scz_chr2_57487593_58487593	longsleep__scz	rs2678896	rs11682175	2	58169388	1	1	0.49523177	-0.6553579680836352	0.429494066330711	503	0.4095427435387674	0.4463220675944334
placo_longsleep__scz_chr2_57487593_58487593	longsleep__scz	rs2678897	rs11682175	2	58169418	1	1	0.48927613	-0.6512576455008023	0.4241365208232487	503	0.40656063618290256	0.4463220675944334
placo_longsleep__scz_chr2_57487593_58487593	longsleep__scz	rs2717040	rs11682175	2	58169494	1	1	0.49522082	-0.6553579680836352	0.429494066330711	503	0.4095427435387674	0.4463220675944334
placo_longsleep__scz_chr2_57487593_58487593	longsleep__scz	rs1568253	rs11682175	2	58170004	1	1	0.49973481	-0.653500324562049	0.4270626742027034	503	0.4085487077534791	0.4463220675944334
placo_longsleep__scz_chr2_57487593_58487593	longsleep__scz	rs1568254	rs11682175	2	58170161	1	1	0.50007811	-0.653500324562049	0.4270626742027034	503	0.4085487077534791	0.4463220675944334
placo_longsleep__scz_chr2_57487593_58487593	longsleep__scz	rs1518393	rs11682175	2	58171220	1	1	0.48514671	-0.647164039966307	0.4188212946255118	503	0.40656063618290256	0.4463220675944334
placo_longsleep__scz_chr2_57487593_58487593	longsleep__scz	rs1518394	rs11682175	2	58171287	1	1	0.49664291	-0.647164039966307	0.4188212946255118	503	0.40656063618290256	0.4463220675944334
placo_longsleep__scz_chr2_57487593_58487593	longsleep__scz	rs6732310	rs11682175	2	58210239	1	1	0.45216015	-0.597861267746296	0.35743809547120825	503	0.3956262425447316	0.4463220675944334
placo_longsleep__scz_chr3_52219816_53219816	longsleep__scz	rs9879090	rs10933	3	52648265	1	1	0.99595387	0.9863085395267728	0.9728045351434355	503	0.42147117296222664	0.4284294234592445
placo_longsleep__scz_chr3_52219816_53219816	longsleep__scz	rs11235	rs10933	3	52745087	1	1	0.99772779	0.994150369886683	0.9883349579458287	503	0.43141153081510936	0.4284294234592445
placo_longsleep__scz_chr7_104429267_105429267	longsleep__scz	rs2470938	rs6466056	7	104581402	1	1	0.55041573	0.7431418440563831	0.5522598003875215	503	0.4085487077534791	0.3558648111332008
placo_longsleep__scz_chr7_104429267_105429267	longsleep__scz	rs2430484	rs6466056	7	104581962	1	1	0.55054744	0.7398615243015192	0.5473950751417674	503	0.40755467196819084	0.3558648111332008
placo_longsleep__scz_chr7_104429267_105429267	longsleep__scz	rs2470940	rs6466056	7	104581974	1	1	0.55053894	0.7398615243015192	0.5473950751417674	503	0.40755467196819084	0.3558648111332008
placo_longsleep__scz_chr7_104429267_105429267	longsleep__scz	rs2470941	rs6466056	7	104582908	1	1	0.55108666	0.7431418440563831	0.5522598003875215	503	0.4085487077534791	0.3558648111332008
placo_longsleep__scz_chr7_104429267_105429267	longsleep__scz	rs2470942	rs6466056	7	104583772	1	1	0.55101055	0.7431418440563831	0.5522598003875215	503	0.4085487077534791	0.3558648111332008
placo_longsleep__scz_chr7_104429267_105429267	longsleep__scz	rs2470943	rs6466056	7	104583843	1	1	0.55103451	0.7431418440563831	0.5522598003875215	503	0.4085487077534791	0.3558648111332008
placo_longsleep__scz_chr7_104429267_105429267	longsleep__scz	rs2430486	rs6466056	7	104584410	1	1	0.54947846	0.7431418440563831	0.5522598003875215	503	0.4085487077534791	0.3558648111332008
placo_longsleep__scz_chr7_104429267_105429267	longsleep__scz	rs2470945	rs6466056	7	104585760	1	1	0.55211175	0.7440370305647576	0.5535911028516219	503	0.40755467196819084	0.3558648111332008
placo_longsleep__scz_chr7_104429267_105429267	longsleep__scz	rs2470946	rs6466056	7	104587323	1	1	0.55173396	0.7418702595875277	0.5503714820604658	503	0.40656063618290256	0.3558648111332008
placo_longsleep__scz_chr7_104429267_105429267	longsleep__scz	rs2470947	rs6466056	7	104587324	1	1	0.55174948	0.7418702595875277	0.5503714820604658	503	0.40656063618290256	0.3558648111332008
placo_longsleep__scz_chr7_104429267_105429267	longsleep__scz	rs2470948	rs6466056	7	104588533	1	1	0.55411771	0.7418702595875277	0.5503714820604658	503	0.40656063618290256	0.3558648111332008
placo_longsleep__scz_chr7_104429267_105429267	longsleep__scz	rs916705	rs6466056	7	104589690	1	1	0.55349004	0.7397163904306792	0.547180338271793	503	0.40556660039761433	0.3558648111332008
placo_longsleep__scz_chr7_104429267_105429267	longsleep__scz	rs2470949	rs6466056	7	104590780	1	1	0.55603972	0.7418702595875277	0.5503714820604658	503	0.40656063618290256	0.3558648111332008
placo_longsleep__scz_chr7_104429267_105429267	longsleep__scz	rs2470950	rs6466056	7	104592077	1	1	0.55655762	0.7418702595875277	0.5503714820604658	503	0.40656063618290256	0.3558648111332008
placo_longsleep__scz_chr7_104429267_105429267	longsleep__scz	rs2252074	rs6466056	7	104594253	1	1	0.56684686	0.7626917142376922	0.5816986509668296	503	0.41451292246520877	0.3558648111332008
placo_longsleep__scz_chr7_104429267_105429267	longsleep__scz	rs2428162	rs6466056	7	104595664	1	1	0.56616429	0.7626917142376922	0.5816986509668296	503	0.41451292246520877	0.3558648111332008
placo_longsleep__scz_chr7_104429267_105429267	longsleep__scz	rs6466030	rs6466056	7	104598448	1	1	0.62098043	0.7984226009246911	0.6374786496673486	503	0.40556660039761433	0.3558648111332008
placo_longsleep__scz_chr7_104429267_105429267	longsleep__scz	rs6466031	rs6466056	7	104598479	1	1	0.62074986	0.8023919981825659	0.6438329187474109	503	0.4025844930417495	0.3558648111332008
placo_longsleep__scz_chr7_104429267_105429267	longsleep__scz	rs6466033	rs6466056	7	104598610	1	1	0.62127444	0.8023919981825659	0.6438329187474109	503	0.4025844930417495	0.3558648111332008
placo_longsleep__scz_chr7_104429267_105429267	longsleep__scz	rs6466034	rs6466056	7	104598750	1	1	0.62126857	0.7984226009246911	0.6374786496673486	503	0.40556660039761433	0.3558648111332008
placo_longsleep__scz_chr7_104429267_105429267	longsleep__scz	rs17777642	rs6466056	7	104599208	1	1	0.62133497	0.8023919981825659	0.6438329187474109	503	0.4025844930417495	0.3558648111332008
placo_longsleep__scz_chr7_104429267_105429267	longsleep__scz	rs4727614	rs6466056	7	104600854	1	1	0.76536361	0.8945944107083897	0.8002991596706911	503	0.34592445328031807	0.3558648111332008
placo_longsleep__scz_chr7_104429267_105429267	longsleep__scz	rs6955349	rs6466056	7	104601236	1	1	0.76534478	0.8945944107083897	0.8002991596706911	503	0.34592445328031807	0.3558648111332008
placo_longsleep__scz_chr7_104429267_105429267	longsleep__scz	rs6965384	rs6466056	7	104603112	1	1	0.76652377	0.8991702041957034	0.808507056113343	503	0.34393638170974156	0.3558648111332008
placo_longsleep__scz_chr7_104429267_105429267	longsleep__scz	rs7776707	rs6466056	7	104605530	1	1	0.76713826	0.8991702041957034	0.808507056113343	503	0.34393638170974156	0.3558648111332008
placo_longsleep__scz_chr7_104429267_105429267	longsleep__scz	rs10266287	rs6466056	7	104606003	1	1	0.76742387	0.8991702041957034	0.808507056113343	503	0.34393638170974156	0.3558648111332008
placo_longsleep__scz_chr7_104429267_105429267	longsleep__scz	rs2106500	rs6466056	7	104616744	1	1	0.56477635	0.7601668039839499	0.5778535698791729	503	0.4970178926441352	0.3558648111332008
placo_longsleep__scz_chr7_104429267_105429267	longsleep__scz	rs3823752	rs6466056	7	104624626	1	1	0.86556612	0.9400903840454191	0.8837699301746637	503	0.36083499005964215	0.3558648111332008
placo_longsleep__scz_chr7_104429267_105429267	longsleep__scz	rs2192932	rs6466056	7	104653265	1	1	0.86737429	0.9400903840454191	0.8837699301746637	503	0.36083499005964215	0.3558648111332008
placo_longsleep__scz_chr7_104429267_105429267	longsleep__scz	rs6948885	rs6466056	7	104664879	1	1	0.86952521	0.9421944190087679	0.8877303232112697	503	0.35984095427435386	0.3558648111332008
placo_longsleep__scz_chr7_104429267_105429267	longsleep__scz	rs10228174	rs6466056	7	104691505	1	1	0.57063393	0.7615899448112982	0.5800192440376761	503	0.4960238568588469	0.3558648111332008
placo_longsleep__scz_chr7_104429267_105429267	longsleep__scz	rs10247691	rs6466056	7	104692291	1	1	0.57043023	0.7615899448112982	0.5800192440376761	503	0.4960238568588469	0.3558648111332008
placo_longsleep__scz_chr7_104429267_105429267	longsleep__scz	rs10252714	rs6466056	7	104694071	1	1	0.57034664	0.7615899448112982	0.5800192440376761	503	0.4960238568588469	0.3558648111332008
placo_longsleep__scz_chr7_104429267_105429267	longsleep__scz	rs11760317	rs6466056	7	104711711	1	1	0.86957372	0.9398517892002365	0.8833213856628858	503	0.3588469184890656	0.3558648111332008
placo_longsleep__scz_chr7_104429267_105429267	longsleep__scz	rs10808141	rs6466056	7	104715490	1	1	0.86680163	0.9379909431817425	0.8798270094909748	503	0.36182902584493043	0.3558648111332008
placo_longsleep__scz_chr7_104429267_105429267	longsleep__scz	rs6963395	rs6466056	7	104721374	1	1	0.57214943	0.7615899448112982	0.5800192440376761	503	0.4960238568588469	0.3558648111332008
placo_longsleep__scz_chr7_104429267_105429267	longsleep__scz	rs2097942	rs6466056	7	104725105	1	1	0.56707075	0.7615899448112982	0.5800192440376761	503	0.4960238568588469	0.3558648111332008
placo_longsleep__scz_chr7_104429267_105429267	longsleep__scz	rs6967587	rs6466056	7	104744041	1	1	0.8727455	0.9440092185603487	0.8911534047269202	503	0.3588469184890656	0.3558648111332008
placo_longsleep__scz_chr7_104429267_105429267	longsleep__scz	rs2299298	rs6466056	7	104745818	1	1	0.57395224	0.7615899448112982	0.5800192440376761	503	0.4960238568588469	0.3558648111332008
placo_longsleep__scz_chr7_104429267_105429267	longsleep__scz	rs1142	rs6466056	7	104756326	1	1	0.85645866	0.934005821588147	0.8723668747605495	503	0.35785288270377735	0.3558648111332008
placo_longsleep__scz_chr7_104429267_105429267	longsleep__scz	rs1144	rs6466056	7	104756355	1	1	0.85824594	0.9397747009354056	0.883176488518231	503	0.3548707753479125	0.3558648111332008
placo_longsleep__scz_chr7_104429267_105429267	longsleep__scz	rs2003506	rs6466056	7	104761741	1	1	0.87356335	0.9382819780484599	0.8803730703305306	503	0.36381709741550694	0.3558648111332008
placo_longsleep__scz_chr7_104429267_105429267	longsleep__scz	rs7797912	rs6466056	7	104769415	1	1	0.87514975	0.9437288816896198	0.8906242021351404	503	0.3588469184890656	0.3558648111332008
placo_longsleep__scz_chr7_104429267_105429267	longsleep__scz	rs113117338	rs6466056	7	104769661	1	1	0.57394766	0.7611571245178185	0.5793601682042339	503	0.49403578528827036	0.3558648111332008
placo_longsleep__scz_chr7_104429267_105429267	longsleep__scz	rs6950620	rs6466056	7	104770386	1	1	0.87415179	0.9418951191914472	0.8871664155566705	503	0.35984095427435386	0.3558648111332008
placo_longsleep__scz_chr7_104429267_105429267	longsleep__scz	rs2299304	rs6466056	7	104771857	1	1	0.8754571	0.9416093055064862	0.8866280842164074	503	0.35984095427435386	0.3558648111332008
placo_longsleep__scz_chr7_104429267_105429267	longsleep__scz	rs2074753	rs6466056	7	104786593	1	1	0.60846557	0.7784030437476209	0.6059112985155607	503	0.4821073558648111	0.3558648111332008
placo_longsleep__scz_chr7_104429267_105429267	longsleep__scz	rs6967753	rs6466056	7	104787971	1	1	0.60789886	0.7784030437476209	0.6059112985155607	503	0.4821073558648111	0.3558648111332008
placo_longsleep__scz_chr7_104429267_105429267	longsleep__scz	rs2299305	rs6466056	7	104791075	1	1	0.60900225	0.776501505197375	0.6029545875737891	503	0.4840954274353877	0.3558648111332008
placo_longsleep__scz_chr7_104429267_105429267	longsleep__scz	rs10487150	rs6466056	7	104797450	1	1	0.93370379	0.9626029507111826	0.9266044407178755	503	0.3499005964214712	0.3558648111332008
placo_longsleep__scz_chr7_104429267_105429267	longsleep__scz	rs10238507	rs6466056	7	104807207	1	1	0.93541247	0.9689877401289256	0.9389372405201624	503	0.34691848906560635	0.3558648111332008
placo_longsleep__scz_chr7_104429267_105429267	longsleep__scz	rs10266871	rs6466056	7	104812129	1	1	0.93503948	0.9670077353743742	0.9351039602738758	503	0.34592445328031807	0.3558648111332008
placo_longsleep__scz_chr7_104429267_105429267	longsleep__scz	rs17640472	rs6466056	7	104813097	1	1	0.61008694	0.7729052134586817	0.5973824689916103	503	0.4831013916500994	0.3558648111332008
placo_longsleep__scz_chr7_104429267_105429267	longsleep__scz	rs6943183	rs6466056	7	104819479	1	1	0.93514814	0.9626029507111826	0.9266044407178755	503	0.3499005964214712	0.3558648111332008
placo_longsleep__scz_chr7_104429267_105429267	longsleep__scz	rs6949830	rs6466056	7	104821264	1	1	0.61007687	0.7769286783891322	0.6036181713034835	503	0.4831013916500994	0.3558648111332008
placo_longsleep__scz_chr7_104429267_105429267	longsleep__scz	rs112142930	rs6466056	7	104824547	1	1	0.6100622	0.7769286783891322	0.6036181713034835	503	0.4831013916500994	0.3558648111332008
placo_longsleep__scz_chr7_104429267_105429267	longsleep__scz	rs2299308	rs6466056	7	104825819	1	1	0.89842145	0.9399512536794992	0.8835083592936622	503	0.35685884691848907	0.3558648111332008
placo_longsleep__scz_chr7_104429267_105429267	longsleep__scz	rs55671517	rs6466056	7	104827528	1	1	0.6104193	0.7769286783891322	0.6036181713034835	503	0.4831013916500994	0.3558648111332008
placo_longsleep__scz_chr7_104429267_105429267	longsleep__scz	rs3779210	rs6466056	7	104828098	1	1	0.92774202	0.96486396888586	0.9309624784541738	503	0.34493041749502984	0.3558648111332008
placo_longsleep__scz_chr7_104429267_105429267	longsleep__scz	rs1010340	rs6466056	7	104830695	1	1	0.6104145	0.7763119156954129	0.6026601904506819	503	0.4801192842942346	0.3558648111332008
placo_longsleep__scz_chr7_104429267_105429267	longsleep__scz	rs6974874	rs6466056	7	104834293	1	1	0.61033083	0.7765015051973753	0.6029545875737894	503	0.4840954274353877	0.3558648111332008
placo_longsleep__scz_chr7_104429267_105429267	longsleep__scz	rs10281886	rs6466056	7	104835888	1	1	0.92674865	0.9626456554194706	0.926686657897982	503	0.34592445328031807	0.3558648111332008
placo_longsleep__scz_chr7_104429267_105429267	longsleep__scz	rs6949073	rs6466056	7	104837009	1	1	0.61022412	0.7769286783891322	0.6036181713034835	503	0.4831013916500994	0.3558648111332008
placo_longsleep__scz_chr7_104429267_105429267	longsleep__scz	rs3801285	rs6466056	7	104837801	1	1	0.92662932	0.96486396888586	0.9309624784541738	503	0.34493041749502984	0.3558648111332008
placo_longsleep__scz_chr7_104429267_105429267	longsleep__scz	rs2240463	rs6466056	7	104844328	1	1	0.92732047	0.96486396888586	0.9309624784541738	503	0.34493041749502984	0.3558648111332008
placo_longsleep__scz_chr7_104429267_105429267	longsleep__scz	rs10281422	rs6466056	7	104844519	1	1	0.92087753	0.9628961593881668	0.9271690137644818	503	0.34393638170974156	0.3558648111332008
placo_longsleep__scz_chr7_104429267_105429267	longsleep__scz	rs41562	rs6466056	7	104845094	1	1	0.9284133	0.96486396888586	0.9309624784541738	503	0.34493041749502984	0.3558648111332008
placo_longsleep__scz_chr7_104429267_105429267	longsleep__scz	rs55712418	rs6466056	7	104846173	1	1	0.60577855	0.7773668205205078	0.6042991736461634	503	0.4821073558648111	0.3558648111332008
placo_longsleep__scz_chr7_104429267_105429267	longsleep__scz	rs41563	rs6466056	7	104852654	1	1	0.93178296	0.9649894389275205	0.9312046172416509	503	0.34691848906560635	0.3558648111332008
placo_longsleep__scz_chr7_104429267_105429267	longsleep__scz	rs4730073	rs6466056	7	104855871	1	1	0.89813935	0.9416093055064861	0.8866280842164072	503	0.35984095427435386	0.3558648111332008
placo_longsleep__scz_chr7_104429267_105429267	longsleep__scz	rs60358227	rs6466056	7	104858640	1	1	0.59051506	0.7550270466970094	0.5700658412440079	503	0.4970178926441352	0.3558648111332008
placo_longsleep__scz_chr7_104429267_105429267	longsleep__scz	rs12154942	rs6466056	7	104859435	1	1	0.5905829	0.7550270466970094	0.5700658412440079	503	0.4970178926441352	0.3558648111332008
placo_longsleep__scz_chr7_104429267_105429267	longsleep__scz	rs67421818	rs6466056	7	104860671	1	1	0.59034958	0.7550270466970094	0.5700658412440079	503	0.4970178926441352	0.3558648111332008
placo_longsleep__scz_chr7_104429267_105429267	longsleep__scz	rs9640686	rs6466056	7	104867330	1	1	0.96553303	0.9754698034217142	0.9515413373875977	503	0.34393638170974156	0.3558648111332008
placo_longsleep__scz_chr7_104429267_105429267	longsleep__scz	rs7794036	rs6466056	7	104870448	1	1	0.61048754	0.7769286783891322	0.6036181713034835	503	0.4831013916500994	0.3558648111332008
placo_longsleep__scz_chr7_104429267_105429267	longsleep__scz	rs10953470	rs6466056	7	104871892	1	1	0.96638218	0.9774475195452847	0.9554036534652298	503	0.34493041749502984	0.3558648111332008
placo_longsleep__scz_chr7_104429267_105429267	longsleep__scz	rs57423264	rs6466056	7	104872893	1	1	0.61051104	0.7769286783891322	0.6036181713034835	503	0.4831013916500994	0.3558648111332008
placo_longsleep__scz_chr7_104429267_105429267	longsleep__scz	rs2299319	rs6466056	7	104877916	1	1	0.96680092	0.9794371026066881	0.9592970379625841	503	0.34592445328031807	0.3558648111332008
placo_longsleep__scz_chr7_104429267_105429267	longsleep__scz	rs73186025	rs6466056	7	104878705	1	1	0.61048538	0.7769286783891322	0.6036181713034835	503	0.4831013916500994	0.3558648111332008
placo_longsleep__scz_chr7_104429267_105429267	longsleep__scz	rs3801282	rs6466056	7	104881530	1	1	0.9653457	0.9774475195452847	0.9554036534652298	503	0.34493041749502984	0.3558648111332008
placo_longsleep__scz_chr7_104429267_105429267	longsleep__scz	rs3801281	rs6466056	7	104889573	1	1	0.96543565	0.9774475195452847	0.9554036534652298	503	0.34493041749502984	0.3558648111332008
placo_longsleep__scz_chr7_104429267_105429267	longsleep__scz	rs4496901	rs6466056	7	104898337	1	1	0.96537761	0.9774475195452847	0.9554036534652298	503	0.34493041749502984	0.3558648111332008
placo_longsleep__scz_chr7_104429267_105429267	longsleep__scz	rs112675813	rs6466056	7	104903641	1	1	0.6098301	0.7769286783891322	0.6036181713034835	503	0.4831013916500994	0.3558648111332008
placo_longsleep__scz_chr7_104429267_105429267	longsleep__scz	rs4580973	rs6466056	7	104903659	1	1	0.60980846	0.7769286783891322	0.6036181713034835	503	0.4831013916500994	0.3558648111332008
placo_longsleep__scz_chr7_104429267_105429267	longsleep__scz	rs2299327	rs6466056	7	104905252	1	1	0.6100631	0.7769286783891322	0.6036181713034835	503	0.4831013916500994	0.3558648111332008
placo_longsleep__scz_chr7_104429267_105429267	longsleep__scz	rs6945585	rs6466056	7	104905277	1	1	0.60964318	0.7743867468977326	0.599674833770853	503	0.4821073558648111	0.3558648111332008
placo_longsleep__scz_chr7_104429267_105429267	longsleep__scz	rs3801278	rs6466056	7	104907017	1	1	0.96529115	0.9774475195452847	0.9554036534652298	503	0.34493041749502984	0.3558648111332008
placo_longsleep__scz_chr7_104429267_105429267	longsleep__scz	rs917114	rs6466056	7	104907507	1	1	0.96529463	0.9754698034217143	0.9515413373875979	503	0.34393638170974156	0.3558648111332008
placo_longsleep__scz_chr7_104429267_105429267	longsleep__scz	rs17640599	rs6466056	7	104911576	1	1	0.61090395	0.7769286783891322	0.6036181713034835	503	0.4831013916500994	0.3558648111332008
placo_longsleep__scz_chr7_104429267_105429267	longsleep__scz	rs55949446	rs6466056	7	104911827	1	1	0.61071902	0.7769286783891322	0.6036181713034835	503	0.4831013916500994	0.3558648111332008
placo_longsleep__scz_chr7_104429267_105429267	longsleep__scz	rs17707878	rs6466056	7	104913228	1	1	0.61077591	0.7769286783891322	0.6036181713034835	503	0.4831013916500994	0.3558648111332008
placo_longsleep__scz_chr7_104429267_105429267	longsleep__scz	rs56281713	rs6466056	7	104913947	1	1	0.61075527	0.7773668205205077	0.6042991736461631	503	0.4821073558648111	0.3558648111332008
placo_longsleep__scz_chr7_104429267_105429267	longsleep__scz	rs7802568	rs6466056	7	104914779	1	1	0.61074719	0.7769286783891322	0.6036181713034835	503	0.4831013916500994	0.3558648111332008
placo_longsleep__scz_chr7_104429267_105429267	longsleep__scz	rs6954830	rs6466056	7	104915462	1	1	0.61083068	0.7769286783891322	0.6036181713034835	503	0.4831013916500994	0.3558648111332008
placo_longsleep__scz_chr7_104429267_105429267	longsleep__scz	rs6955133	rs6466056	7	104915625	1	1	0.61076686	0.7769286783891322	0.6036181713034835	503	0.4831013916500994	0.3558648111332008
placo_longsleep__scz_chr7_104429267_105429267	longsleep__scz	rs7808226	rs6466056	7	104916166	1	1	0.61076744	0.7769286783891322	0.6036181713034835	503	0.4831013916500994	0.3558648111332008
placo_longsleep__scz_chr7_104429267_105429267	longsleep__scz	rs7782827	rs6466056	7	104917585	1	1	0.610716	0.7769286783891322	0.6036181713034835	503	0.4831013916500994	0.3558648111332008
placo_longsleep__scz_chr7_104429267_105429267	longsleep__scz	rs7801685	rs6466056	7	104917675	1	1	0.61052687	0.7769286783891322	0.6036181713034835	503	0.4831013916500994	0.3558648111332008
placo_longsleep__scz_chr7_104429267_105429267	longsleep__scz	rs7801804	rs6466056	7	104917682	1	1	0.96673314	0.9774475195452847	0.9554036534652298	503	0.34493041749502984	0.3558648111332008
placo_longsleep__scz_chr7_104429267_105429267	longsleep__scz	rs17640644	rs6466056	7	104918169	1	1	0.61063445	0.7769286783891322	0.6036181713034835	503	0.4831013916500994	0.3558648111332008
placo_longsleep__scz_chr7_104429267_105429267	longsleep__scz	rs4406343	rs6466056	7	104918313	1	1	0.610756	0.7769286783891322	0.6036181713034835	503	0.4831013916500994	0.3558648111332008
placo_longsleep__scz_chr7_104429267_105429267	longsleep__scz	rs6954293	rs6466056	7	104918588	1	1	0.61074515	0.7769286783891322	0.6036181713034835	503	0.4831013916500994	0.3558648111332008
placo_longsleep__scz_chr7_104429267_105429267	longsleep__scz	rs113743347	rs6466056	7	104919085	1	1	0.61074515	0.7769286783891322	0.6036181713034835	503	0.4831013916500994	0.3558648111332008
placo_longsleep__scz_chr7_104429267_105429267	longsleep__scz	rs1135958	rs6466056	7	104920741	1	1	0.61085085	0.7769286783891322	0.6036181713034835	503	0.4831013916500994	0.3558648111332008
placo_longsleep__scz_chr7_104429267_105429267	longsleep__scz	rs7797988	rs6466056	7	104920776	1	1	0.61083862	0.7769286783891322	0.6036181713034835	503	0.4831013916500994	0.3558648111332008
placo_longsleep__scz_chr7_104429267_105429267	longsleep__scz	rs1468359	rs6466056	7	104922022	1	1	0.61083672	0.7769286783891322	0.6036181713034835	503	0.4831013916500994	0.3558648111332008
placo_longsleep__scz_chr7_104429267_105429267	longsleep__scz	rs12532134	rs6466056	7	104922603	1	1	0.61066482	0.7769286783891322	0.6036181713034835	503	0.4831013916500994	0.3558648111332008
placo_longsleep__scz_chr7_104429267_105429267	longsleep__scz	rs12537196	rs6466056	7	104922624	1	1	0.61075632	0.7769286783891322	0.6036181713034835	503	0.4831013916500994	0.3558648111332008
placo_longsleep__scz_chr7_104429267_105429267	longsleep__scz	rs12532188	rs6466056	7	104922834	1	1	0.61081117	0.7769286783891322	0.6036181713034835	503	0.4831013916500994	0.3558648111332008
placo_longsleep__scz_chr7_104429267_105429267	longsleep__scz	rs12532201	rs6466056	7	104922944	1	1	0.61069624	0.7769286783891322	0.6036181713034835	503	0.4831013916500994	0.3558648111332008
placo_longsleep__scz_chr7_104429267_105429267	longsleep__scz	rs11765899	rs6466056	7	104923002	1	1	0.9654465	0.9774475195452847	0.9554036534652298	503	0.34493041749502984	0.3558648111332008
placo_longsleep__scz_chr7_104429267_105429267	longsleep__scz	rs10953474	rs6466056	7	104923005	1	1	0.96548282	0.9774475195452847	0.9554036534652298	503	0.34493041749502984	0.3558648111332008
placo_longsleep__scz_chr7_104429267_105429267	longsleep__scz	rs12537307	rs6466056	7	104923134	1	1	0.61076894	0.7769286783891322	0.6036181713034835	503	0.4831013916500994	0.3558648111332008
placo_longsleep__scz_chr7_104429267_105429267	longsleep__scz	rs12532268	rs6466056	7	104923185	1	1	0.61073037	0.7754574608316349	0.6013342735594466	503	0.4840954274353877	0.3558648111332008
placo_longsleep__scz_chr7_104429267_105429267	longsleep__scz	rs6963624	rs6466056	7	104923811	1	1	0.61085403	0.7769286783891322	0.6036181713034835	503	0.4831013916500994	0.3558648111332008
placo_longsleep__scz_chr7_104429267_105429267	longsleep__scz	rs6466053	rs6466056	7	104923929	1	1	0.96517179	0.9774475195452847	0.9554036534652298	503	0.34493041749502984	0.3558648111332008
placo_longsleep__scz_chr7_104429267_105429267	longsleep__scz	rs6954777	rs6466056	7	104925921	1	1	0.6108882	0.7769286783891322	0.6036181713034835	503	0.4831013916500994	0.3558648111332008
placo_longsleep__scz_chr7_104429267_105429267	longsleep__scz	rs6954421	rs6466056	7	104925970	1	1	0.6108882	0.7769286783891322	0.6036181713034835	503	0.4831013916500994	0.3558648111332008
placo_longsleep__scz_chr7_104429267_105429267	longsleep__scz	rs6954844	rs6466056	7	104926183	1	1	0.61082918	0.7769286783891322	0.6036181713034835	503	0.4831013916500994	0.3558648111332008
placo_longsleep__scz_chr7_104429267_105429267	longsleep__scz	rs7806591	rs6466056	7	104927776	1	1	0.96885996	0.9774475195452847	0.9554036534652298	503	0.34493041749502984	0.3558648111332008
placo_longsleep__scz_chr7_104429267_105429267	longsleep__scz	rs7811681	rs6466056	7	104928869	1	1	0.99946015	1.0	1.0	503	0.3558648111332008	0.3558648111332008
placo_longsleep__scz_chr7_104429267_105429267	longsleep__scz	rs6466055	rs6466056	7	104929064	1	1	0.99842015	1.0	1.0	503	0.3558648111332008	0.3558648111332008
placo_longsleep__scz_chr7_104429267_105429267	longsleep__scz	rs12705304	rs6466056	7	104929633	1	1	1	1.0	1.0	503	0.3558648111332008	0.3558648111332008
placo_longsleep__scz_chr7_104429267_105429267	longsleep__scz	rs2057884	rs6466056	7	104930250	1	1	0.99902639	1.0	1.0	503	0.3558648111332008	0.3558648111332008
placo_longsleep__scz_chr7_104429267_105429267	longsleep__scz	rs66469172	rs6466056	7	104930875	1	1	0.61162564	0.7769286783891322	0.6036181713034835	503	0.4831013916500994	0.3558648111332008
placo_longsleep__scz_chr7_104429267_105429267	longsleep__scz	rs73186054	rs6466056	7	104930898	1	1	0.61162564	0.7769286783891322	0.6036181713034835	503	0.4831013916500994	0.3558648111332008
placo_longsleep__scz_chr7_104429267_105429267	longsleep__scz	rs7790653	rs6466056	7	104931545	1	1	0.61151379	0.7769286783891322	0.6036181713034835	503	0.4831013916500994	0.3558648111332008
placo_longsleep__scz_chr7_104429267_105429267	longsleep__scz	rs6958609	rs6466056	7	104932114	1	1	0.61155999	0.776501505197375	0.6029545875737891	503	0.4840954274353877	0.3558648111332008
placo_longsleep__scz_chr7_104429267_105429267	longsleep__scz	rs6963661	rs6466056	7	104932821	1	1	0.61158218	0.7769286783891322	0.6036181713034835	503	0.4831013916500994	0.3558648111332008
placo_longsleep__scz_chr7_104429267_105429267	longsleep__scz	rs7796274	rs6466056	7	104932936	1	1	0.61147156	0.7769286783891322	0.6036181713034835	503	0.4831013916500994	0.3558648111332008
placo_longsleep__scz_chr7_104429267_105429267	longsleep__scz	rs56338352	rs6466056	7	104933590	1	1	0.61144623	0.7769286783891322	0.6036181713034835	503	0.4831013916500994	0.3558648111332008
placo_longsleep__scz_chr7_104429267_105429267	longsleep__scz	rs66599006	rs6466056	7	104934271	1	1	0.96563545	0.9774475195452847	0.9554036534652298	503	0.34493041749502984	0.3558648111332008
placo_longsleep__scz_chr7_104429267_105429267	longsleep__scz	rs67154126	rs6466056	7	104934281	1	1	0.61114994	0.7769286783891322	0.6036181713034835	503	0.4831013916500994	0.3558648111332008
placo_longsleep__scz_chr7_104429267_105429267	longsleep__scz	rs7805928	rs6466056	7	104934662	1	1	0.61059996	0.7769286783891322	0.6036181713034835	503	0.4831013916500994	0.3558648111332008
placo_longsleep__scz_chr7_104429267_105429267	longsleep__scz	rs6974890	rs6466056	7	104935134	1	1	0.61055653	0.7769286783891322	0.6036181713034835	503	0.4831013916500994	0.3558648111332008
placo_longsleep__scz_chr7_104429267_105429267	longsleep__scz	rs6974780	rs6466056	7	104935248	1	1	0.61056467	0.7769286783891322	0.6036181713034835	503	0.4831013916500994	0.3558648111332008
placo_longsleep__scz_chr7_104429267_105429267	longsleep__scz	rs6978954	rs6466056	7	104935552	1	1	0.61048351	0.7769286783891322	0.6036181713034835	503	0.4831013916500994	0.3558648111332008
placo_longsleep__scz_chr7_104429267_105429267	longsleep__scz	rs9649275	rs6466056	7	104935801	1	1	0.99539317	1.0	1.0	503	0.3558648111332008	0.3558648111332008
placo_longsleep__scz_chr7_104429267_105429267	longsleep__scz	rs7780006	rs6466056	7	104936469	1	1	0.61046679	0.7769286783891322	0.6036181713034835	503	0.4831013916500994	0.3558648111332008
placo_longsleep__scz_chr7_104429267_105429267	longsleep__scz	rs66912872	rs6466056	7	104937147	1	1	0.61053508	0.7769286783891322	0.6036181713034835	503	0.4831013916500994	0.3558648111332008
placo_longsleep__scz_chr7_104429267_105429267	longsleep__scz	rs112510244	rs6466056	7	104941237	1	1	0.61144744	0.7769286783891322	0.6036181713034835	503	0.4831013916500994	0.3558648111332008
placo_longsleep__scz_chr7_104429267_105429267	longsleep__scz	rs12155184	rs6466056	7	104941798	1	1	0.61083785	0.7769286783891322	0.6036181713034835	503	0.4831013916500994	0.3558648111332008
placo_longsleep__scz_chr7_104429267_105429267	longsleep__scz	rs12155351	rs6466056	7	104943302	1	1	0.61088142	0.7769286783891322	0.6036181713034835	503	0.4831013916500994	0.3558648111332008
placo_longsleep__scz_chr7_104429267_105429267	longsleep__scz	rs12534381	rs6466056	7	104947195	1	1	0.57790841	0.7525217826040348	0.5662890332935542	503	0.47514910536779326	0.3558648111332008
placo_longsleep__scz_chr7_104429267_105429267	longsleep__scz	rs10241415	rs6466056	7	104948076	1	1	0.95970718	0.9710819171426424	0.9430000898014297	503	0.341948310139165	0.3558648111332008
placo_longsleep__scz_chr7_104429267_105429267	longsleep__scz	rs67162771	rs6466056	7	104951038	1	1	0.61067492	0.7769286783891322	0.6036181713034835	503	0.4831013916500994	0.3558648111332008
placo_longsleep__scz_chr7_104429267_105429267	longsleep__scz	rs6466057	rs6466056	7	104952483	1	1	0.93220266	0.9612595200120952	0.9240198648138838	503	0.33697813121272363	0.3558648111332008
placo_longsleep__scz_chr7_104429267_105429267	longsleep__scz	rs56251298	rs6466056	7	104956516	1	1	0.57740767	0.7525217826040348	0.5662890332935542	503	0.47514910536779326	0.3558648111332008
placo_longsleep__scz_chr7_104429267_105429267	longsleep__scz	rs1204056	rs6466056	7	104957761	1	1	0.92900542	0.9672328591076556	0.9355394037375698	503	0.3399602385685885	0.3558648111332008
placo_longsleep__scz_chr7_104429267_105429267	longsleep__scz	rs1204058	rs6466056	7	104958129	1	1	0.92898844	0.9612595200120952	0.9240198648138838	503	0.33697813121272363	0.3558648111332008
placo_longsleep__scz_chr7_104429267_105429267	longsleep__scz	rs17708070	rs6466056	7	104959297	1	1	0.57679023	0.7529584431278104	0.566946417077456	503	0.474155069582505	0.3558648111332008
placo_longsleep__scz_chr7_104429267_105429267	longsleep__scz	rs10953475	rs6466056	7	104961873	1	1	0.57769334	0.7540858603163015	0.5686454847289766	503	0.474155069582505	0.3558648111332008
placo_longsleep__scz_chr7_104429267_105429267	longsleep__scz	rs1204060	rs6466056	7	104963064	1	1	0.92989989	0.9612595200120952	0.9240198648138838	503	0.33697813121272363	0.3558648111332008
placo_longsleep__scz_chr7_104429267_105429267	longsleep__scz	rs67909511	rs6466056	7	104971848	1	1	0.57662095	0.7525217826040348	0.5662890332935542	503	0.47514910536779326	0.3558648111332008
placo_longsleep__scz_chr7_104429267_105429267	longsleep__scz	rs1204066	rs6466056	7	104971987	1	1	0.93138859	0.9612595200120952	0.9240198648138838	503	0.33697813121272363	0.3558648111332008
placo_longsleep__scz_chr7_104429267_105429267	longsleep__scz	rs2040914	rs6466056	7	104972174	1	1	0.93408664	0.9731625620777751	0.9470453722297795	503	0.3429423459244533	0.3558648111332008
placo_longsleep__scz_chr7_104429267_105429267	longsleep__scz	rs66482905	rs6466056	7	104974206	1	1	0.57653	0.7525217826040348	0.5662890332935542	503	0.47514910536779326	0.3558648111332008
placo_longsleep__scz_chr7_104429267_105429267	longsleep__scz	rs67780803	rs6466056	7	104977168	1	1	0.57669261	0.7525217826040348	0.5662890332935542	503	0.47514910536779326	0.3558648111332008
placo_longsleep__scz_chr7_104429267_105429267	longsleep__scz	rs113404406	rs6466056	7	104978010	1	1	0.57695178	0.7525217826040348	0.5662890332935542	503	0.47514910536779326	0.3558648111332008
placo_longsleep__scz_chr7_104429267_105429267	longsleep__scz	rs2040915	rs6466056	7	104979558	1	1	0.57653711	0.7525217826040348	0.5662890332935542	503	0.47514910536779326	0.3558648111332008
placo_longsleep__scz_chr7_104429267_105429267	longsleep__scz	rs1121194	rs6466056	7	104981133	1	1	0.93326083	0.9709184451532101	0.9426826271387271	503	0.34393638170974156	0.3558648111332008
placo_longsleep__scz_chr7_104429267_105429267	longsleep__scz	rs2385557	rs6466056	7	104982457	1	1	0.57699355	0.7529584431278104	0.566946417077456	503	0.474155069582505	0.3558648111332008
placo_longsleep__scz_chr7_104429267_105429267	longsleep__scz	rs1204077	rs6466056	7	104984019	1	1	0.93122106	0.9612595200120952	0.9240198648138838	503	0.33697813121272363	0.3558648111332008
placo_longsleep__scz_chr7_104429267_105429267	longsleep__scz	rs1204080	rs6466056	7	104988848	1	1	0.93115605	0.9649629842703825	0.9311535610120025	503	0.34095427435387676	0.3558648111332008
placo_longsleep__scz_chr7_104429267_105429267	longsleep__scz	rs12535338	rs6466056	7	104988948	1	1	0.57657422	0.7476229342659594	0.558940051840443	503	0.4731610337972167	0.3558648111332008
placo_longsleep__scz_chr7_104429267_105429267	longsleep__scz	rs111843196	rs6466056	7	104989119	1	1	0.57658289	0.7525217826040348	0.5662890332935542	503	0.47514910536779326	0.3558648111332008
placo_longsleep__scz_chr7_104429267_105429267	longsleep__scz	rs12536794	rs6466056	7	104990954	1	1	0.57666143	0.7525217826040348	0.5662890332935542	503	0.47514910536779326	0.3558648111332008
placo_longsleep__scz_chr7_104429267_105429267	longsleep__scz	rs113860003	rs6466056	7	104991190	1	1	0.57665464	0.7525217826040348	0.5662890332935542	503	0.47514910536779326	0.3558648111332008
placo_longsleep__scz_chr7_104429267_105429267	longsleep__scz	rs12334245	rs6466056	7	104995627	1	1	0.93020271	0.9612595200120952	0.9240198648138838	503	0.33697813121272363	0.3558648111332008
placo_longsleep__scz_chr7_104429267_105429267	longsleep__scz	rs12668097	rs6466056	7	104996472	1	1	0.93242154	0.9731625620777751	0.9470453722297795	503	0.3429423459244533	0.3558648111332008
placo_longsleep__scz_chr7_104429267_105429267	longsleep__scz	rs12705306	rs6466056	7	104997991	1	1	0.92933228	0.9612595200120952	0.9240198648138838	503	0.33697813121272363	0.3558648111332008
placo_longsleep__scz_chr7_104429267_105429267	longsleep__scz	rs12671047	rs6466056	7	104999535	1	1	0.91024806	0.9630789512698712	0.9275210663790749	503	0.3379721669980119	0.3558648111332008
placo_longsleep__scz_chr7_104429267_105429267	longsleep__scz	rs6466061	rs6466056	7	104999666	1	1	0.57608277	0.7448840369347159	0.5548522284801592	503	0.474155069582505	0.3558648111332008
placo_longsleep__scz_chr7_104429267_105429267	longsleep__scz	rs13226540	rs6466056	7	104999901	1	1	0.89837613	0.9541158065771452	0.9103369723603564	503	0.34393638170974156	0.3558648111332008
placo_longsleep__scz_chr7_104429267_105429267	longsleep__scz	rs57599523	rs6466056	7	105000811	1	1	0.57619124	0.7525217826040348	0.5662890332935542	503	0.47514910536779326	0.3558648111332008
placo_longsleep__scz_chr7_104429267_105429267	longsleep__scz	rs4730080	rs6466056	7	105001133	1	1	0.92897493	0.9672328591076556	0.9355394037375698	503	0.3399602385685885	0.3558648111332008
placo_longsleep__scz_chr7_104429267_105429267	longsleep__scz	rs10224539	rs6466056	7	105002002	1	1	0.57439232	0.7480536733280337	0.5595842981795646	503	0.4721669980119284	0.3558648111332008
placo_longsleep__scz_chr7_104429267_105429267	longsleep__scz	rs12705308	rs6466056	7	105004968	1	1	0.9307096	0.9612595200120952	0.9240198648138838	503	0.33697813121272363	0.3558648111332008
placo_longsleep__scz_chr7_104429267_105429267	longsleep__scz	rs12530690	rs6466056	7	105005566	1	1	0.57630916	0.7525217826040348	0.5662890332935542	503	0.47514910536779326	0.3558648111332008
placo_longsleep__scz_chr7_104429267_105429267	longsleep__scz	rs62484712	rs6466056	7	105005741	1	1	0.92944775	0.9672328591076556	0.9355394037375698	503	0.3399602385685885	0.3558648111332008
placo_longsleep__scz_chr7_104429267_105429267	longsleep__scz	rs4730081	rs6466056	7	105006850	1	1	0.92980352	0.9672328591076556	0.9355394037375698	503	0.3399602385685885	0.3558648111332008
placo_longsleep__scz_chr7_104429267_105429267	longsleep__scz	rs7800928	rs6466056	7	105007470	1	1	0.92945999	0.9612595200120952	0.9240198648138838	503	0.33697813121272363	0.3558648111332008
placo_longsleep__scz_chr7_104429267_105429267	longsleep__scz	rs7792628	rs6466056	7	105009612	1	1	0.57677924	0.7525217826040348	0.5662890332935542	503	0.47514910536779326	0.3558648111332008
placo_longsleep__scz_chr7_104429267_105429267	longsleep__scz	rs12533264	rs6466056	7	105010435	1	1	0.57684462	0.7525217826040348	0.5662890332935542	503	0.47514910536779326	0.3558648111332008
placo_longsleep__scz_chr7_104429267_105429267	longsleep__scz	rs17342493	rs6466056	7	105010684	1	1	0.57663637	0.7525217826040348	0.5662890332935542	503	0.47514910536779326	0.3558648111332008
placo_longsleep__scz_chr7_104429267_105429267	longsleep__scz	rs17270450	rs6466056	7	105013788	1	1	0.57643094	0.7509603075813308	0.563941383562647	503	0.4761431411530815	0.3558648111332008
placo_longsleep__scz_chr7_104429267_105429267	longsleep__scz	rs35757884	rs6466056	7	105020534	1	1	0.92138767	0.9572568829034459	0.9163407398660215	503	0.3349900596421471	0.3558648111332008
placo_longsleep__scz_chr7_104429267_105429267	longsleep__scz	rs34387062	rs6466056	7	105024117	1	1	0.92457096	0.9690937429281287	0.9391426825824499	503	0.34095427435387676	0.3558648111332008
placo_longsleep__scz_chr7_104429267_105429267	longsleep__scz	rs6466064	rs6466056	7	105024217	1	1	0.9218151	0.9609069786263935	0.9233422215729042	503	0.3389662027833002	0.3558648111332008
placo_longsleep__scz_chr7_104429267_105429267	longsleep__scz	rs4730082	rs6466056	7	105027509	1	1	0.92169301	0.9550934203198335	0.9122034415382381	503	0.3359840954274354	0.3558648111332008
placo_longsleep__scz_chr7_104429267_105429267	longsleep__scz	rs3801999	rs6466056	7	105027646	1	1	0.92426825	0.9607786058001699	0.9230955293633183	503	0.3389662027833002	0.3558648111332008
placo_longsleep__scz_chr7_104429267_105429267	longsleep__scz	rs4727621	rs6466056	7	105028370	1	1	0.92155651	0.9572568829034459	0.9163407398660215	503	0.3349900596421471	0.3558648111332008
placo_longsleep__scz_chr7_104429267_105429267	longsleep__scz	rs35601145	rs6466056	7	105031108	1	1	0.92073486	0.9572568829034459	0.9163407398660215	503	0.3349900596421471	0.3558648111332008
placo_longsleep__scz_chr7_104429267_105429267	longsleep__scz	rs7809847	rs6466056	7	105058488	1	1	0.80571702	0.8886652150394201	0.7897258644210587	503	0.3489065606361829	0.3558648111332008
placo_longsleep__scz_chr7_104429267_105429267	longsleep__scz	rs4266584	rs6466056	7	105059606	1	1	0.78102941	0.8598424127807187	0.7393289748165679	503	0.34493041749502984	0.3558648111332008
placo_longsleep__scz_chr7_104429267_105429267	longsleep__scz	rs4282505	rs6466056	7	105061779	1	1	0.6488985	0.7992659784046747	0.6388261042351819	503	0.3081510934393638	0.3558648111332008
placo_longsleep__scz_chr7_104429267_105429267	longsleep__scz	rs2385559	rs6466056	7	105062370	1	1	0.7804541	0.8719697018697276	0.7603311609787815	503	0.34095427435387676	0.3558648111332008
placo_longsleep__scz_chr11_112877488_113877488	longsleep__scz	rs7948028	rs7111031	11	113328681	1	1	0.95150488	0.9858105499955697	0.9718224404825677	503	0.36381709741550694	0.3588469184890656
placo_longsleep__scz_chr11_112877488_113877488	longsleep__scz	rs4337071	rs7111031	11	113334100	1	1	0.95199224	0.9918694295258428	0.9838049652279208	503	0.3628230616302187	0.3588469184890656
placo_longsleep__scz_chr11_112877488_113877488	longsleep__scz	rs4630328	rs7111031	11	113334209	1	1	0.95235593	0.9897629725513128	0.9796307418336109	503	0.36182902584493043	0.3588469184890656
placo_longsleep__scz_chr11_112877488_113877488	longsleep__scz	rs11601054	rs7111031	11	113336172	1	1	0.95338467	0.9897629725513128	0.9796307418336109	503	0.36182902584493043	0.3588469184890656
placo_longsleep__scz_chr11_112877488_113877488	longsleep__scz	rs61902787	rs7111031	11	113337058	1	1	0.95327837	0.9918694295258428	0.9838049652279208	503	0.3628230616302187	0.3588469184890656
placo_longsleep__scz_chr11_112877488_113877488	longsleep__scz	rs61902807	rs7111031	11	113344912	1	1	0.95327819	0.9938963429132008	0.987829940456235	503	0.36182902584493043	0.3588469184890656
placo_longsleep__scz_chr11_112877488_113877488	longsleep__scz	rs7110440	rs7111031	11	113349374	1	1	0.95326315	0.9938963429132008	0.987829940456235	503	0.36182902584493043	0.3588469184890656
placo_longsleep__scz_chr11_112877488_113877488	longsleep__scz	rs7121986	rs7111031	11	113355444	1	1	0.95225827	0.9938963429132008	0.987829940456235	503	0.36182902584493043	0.3588469184890656
placo_longsleep__scz_chr11_112877488_113877488	longsleep__scz	rs6589377	rs7111031	11	113355736	1	1	0.95225518	0.9878315003645888	0.9758110731125546	503	0.3628230616302187	0.3588469184890656
placo_longsleep__scz_chr11_112877488_113877488	longsleep__scz	rs7929453	rs7111031	11	113356179	1	1	0.95525286	0.9938963429132008	0.987829940456235	503	0.36182902584493043	0.3588469184890656
placo_longsleep__scz_chr11_112877488_113877488	longsleep__scz	rs4245150	rs7111031	11	113364647	1	1	0.9535165	0.9938963429132008	0.987829940456235	503	0.36182902584493043	0.3588469184890656
placo_longsleep__scz_chr11_112877488_113877488	longsleep__scz	rs17602038	rs7111031	11	113364691	1	1	0.95572536	0.9938963429132008	0.987829940456235	503	0.36182902584493043	0.3588469184890656
placo_longsleep__scz_chr11_112877488_113877488	longsleep__scz	rs4938021	rs7111031	11	113364803	1	1	0.95566241	0.9938963429132008	0.987829940456235	503	0.36182902584493043	0.3588469184890656
placo_longsleep__scz_chr11_112877488_113877488	longsleep__scz	rs4936275	rs7111031	11	113365084	1	1	0.95566241	0.9938963429132008	0.987829940456235	503	0.36182902584493043	0.3588469184890656
placo_longsleep__scz_chr11_112877488_113877488	longsleep__scz	rs61902811	rs7111031	11	113370758	1	1	0.9999461	0.9999999999999999	0.9999999999999998	503	0.3588469184890656	0.3588469184890656
placo_longsleep__scz_chr11_112877488_113877488	longsleep__scz	rs7934649	rs7111031	11	113372671	1	1	0.99994969	0.9999999999999999	0.9999999999999998	503	0.3588469184890656	0.3588469184890656
placo_longsleep__scz_chr11_112877488_113877488	longsleep__scz	rs6589379	rs7111031	11	113374567	1	1	0.99995608	0.9999999999999999	0.9999999999999998	503	0.3588469184890656	0.3588469184890656
placo_longsleep__scz_chr11_112877488_113877488	longsleep__scz	rs4938023	rs7111031	11	113374847	1	1	0.99995792	0.9999999999999999	0.9999999999999998	503	0.3588469184890656	0.3588469184890656
placo_longsleep__scz_chr11_112877488_113877488	longsleep__scz	rs6589381	rs7111031	11	113378952	1	1	0.76312461	0.8970387365838698	0.8046784949319853	503	0.41451292246520877	0.3588469184890656
placo_longsleep__scz_chr11_112877488_113877488	longsleep__scz	rs7949802	rs7111031	11	113381832	1	1	0.76197136	0.8993198892263066	0.8087762631580163	503	0.415506958250497	0.3588469184890656
placo_longsleep__scz_chr11_112877488_113877488	longsleep__scz	rs4479021	rs7111031	11	113383394	1	1	0.76122977	0.8993198892263066	0.8087762631580163	503	0.415506958250497	0.3588469184890656
placo_longsleep__scz_chr11_112877488_113877488	longsleep__scz	rs7107293	rs7111031	11	113384111	1	1	0.76074674	0.8993198892263066	0.8087762631580163	503	0.415506958250497	0.3588469184890656
placo_longsleep__scz_chr11_112877488_113877488	longsleep__scz	rs4534613	rs7111031	11	113386043	1	1	0.76007683	0.8993198892263066	0.8087762631580163	503	0.415506958250497	0.3588469184890656
placo_longsleep__scz_chr11_112877488_113877488	longsleep__scz	rs35738585	rs7111031	11	113386347	1	1	0.7601734	0.8993198892263066	0.8087762631580163	503	0.415506958250497	0.3588469184890656
placo_longsleep__scz_chr11_112877488_113877488	longsleep__scz	rs34216353	rs7111031	11	113386391	1	1	0.7601734	0.8993198892263066	0.8087762631580163	503	0.415506958250497	0.3588469184890656
placo_longsleep__scz_chr11_112877488_113877488	longsleep__scz	rs4245154	rs7111031	11	113388674	1	1	0.7603637	0.8993198892263066	0.8087762631580163	503	0.415506958250497	0.3588469184890656
placo_longsleep__scz_chr11_112877488_113877488	longsleep__scz	rs2514218	rs7111031	11	113392994	1	1	0.93181544	0.9610265547282013	0.9235720388927565	503	0.3518886679920477	0.3588469184890656
placo_longsleep__scz_chr15_84700520_85700520	longsleep__scz	rs12904605	rs1051168	15	85201419	1	1	0.99669659	0.9999999999999998	0.9999999999999996	503	0.2584493041749503	0.2584493041749503
placo_longsleep__scz_chr15_84700520_85700520	longsleep__scz	rs12908161	rs1051168	15	85207825	1	1	0.96187153	0.9811731136684233	0.9627006789857887	503	0.2644135188866799	0.2584493041749503
placo_longsleep__scz_chr15_84700520_85700520	longsleep__scz	rs35630683	rs1051168	15	85349231	1	1	0.92982668	0.9688873295823462	0.93874265742521	503	0.2614314115308151	0.2584493041749503
placo_longsleep__scz_chr15_84700520_85700520	longsleep__scz	rs56864281	rs1051168	15	85357649	1	1	0.92983309	0.9713155617258404	0.9434539204507849	503	0.2624254473161034	0.2584493041749503
placo_longsleep__scz_chr17_43325576_45343136	longsleep__scz	rs55793500	rs62054437	17	43479748	1	1	0.74071596	0.8412852799652124	0.7077609222861458	503	0.19383697813121273	0.24055666003976142
placo_longsleep__scz_chr17_43325576_45343136	longsleep__scz	rs62064600	rs62054437	17	43480701	1	1	0.74065215	0.8412852799652124	0.7077609222861458	503	0.19383697813121273	0.24055666003976142
placo_longsleep__scz_chr17_43325576_45343136	longsleep__scz	rs56236914	rs62054437	17	43483551	1	1	0.74110511	0.8412852799652124	0.7077609222861458	503	0.19383697813121273	0.24055666003976142
placo_longsleep__scz_chr17_43325576_45343136	longsleep__scz	rs62064603	rs62054437	17	43484496	1	1	0.74181123	0.8412852799652124	0.7077609222861458	503	0.19383697813121273	0.24055666003976142
placo_longsleep__scz_chr17_43325576_45343136	longsleep__scz	rs73984391	rs62054437	17	43484598	1	1	0.74111853	0.8412852799652124	0.7077609222861458	503	0.19383697813121273	0.24055666003976142
placo_longsleep__scz_chr17_43325576_45343136	longsleep__scz	rs62064637	rs62054437	17	43485551	1	1	0.74209713	0.8412852799652124	0.7077609222861458	503	0.19383697813121273	0.24055666003976142
placo_longsleep__scz_chr17_43325576_45343136	longsleep__scz	rs36078910	rs62054437	17	43487217	1	1	0.74389813	0.8427758738864463	0.7102711736050632	503	0.19681908548707752	0.24055666003976142
placo_longsleep__scz_chr17_43325576_45343136	longsleep__scz	rs35389313	rs62054437	17	43487424	1	1	0.74443662	0.8427758738864463	0.7102711736050632	503	0.19681908548707752	0.24055666003976142
placo_longsleep__scz_chr17_43325576_45343136	longsleep__scz	rs35327136	rs62054437	17	43487574	1	1	0.74673527	0.8435090857999747	0.7115075778271092	503	0.19284294234592445	0.24055666003976142
placo_longsleep__scz_chr17_43325576_45343136	longsleep__scz	rs8071011	rs62054437	17	43488382	1	1	0.74420028	0.8427758738864463	0.7102711736050632	503	0.19681908548707752	0.24055666003976142
placo_longsleep__scz_chr17_43325576_45343136	longsleep__scz	rs62064641	rs62054437	17	43488792	1	1	0.741731	0.8427758738864463	0.7102711736050632	503	0.19681908548707752	0.24055666003976142
placo_longsleep__scz_chr17_43325576_45343136	longsleep__scz	rs62064643	rs62054437	17	43490853	1	1	0.74764961	0.8493370311771882	0.7213733925288799	503	0.19483101391650098	0.24055666003976142
placo_longsleep__scz_chr17_43325576_45343136	longsleep__scz	rs34063617	rs62054437	17	43491003	1	1	0.74446267	0.8427758738864463	0.7102711736050632	503	0.19681908548707752	0.24055666003976142
placo_longsleep__scz_chr17_43325576_45343136	longsleep__scz	rs12940792	rs62054437	17	43492357	1	1	0.7446991	0.8427758738864463	0.7102711736050632	503	0.19681908548707752	0.24055666003976142
placo_longsleep__scz_chr17_43325576_45343136	longsleep__scz	rs12947718	rs62054437	17	43493101	1	1	0.74475486	0.8427758738864463	0.7102711736050632	503	0.19681908548707752	0.24055666003976142
placo_longsleep__scz_chr17_43325576_45343136	longsleep__scz	rs71373560	rs62054437	17	43493504	1	1	0.74480328	0.8427758738864463	0.7102711736050632	503	0.19681908548707752	0.24055666003976142
placo_longsleep__scz_chr17_43325576_45343136	longsleep__scz	rs12942951	rs62054437	17	43493835	1	1	0.74478535	0.8308981999881255	0.6903918187435071	503	0.1908548707753479	0.24055666003976142
placo_longsleep__scz_chr17_43325576_45343136	longsleep__scz	rs35884427	rs62054437	17	43495216	1	1	0.74470258	0.8427758738864463	0.7102711736050632	503	0.19681908548707752	0.24055666003976142
placo_longsleep__scz_chr17_43325576_45343136	longsleep__scz	rs34286926	rs62054437	17	43495852	1	1	0.74522362	0.8454928293681305	0.7148581245129266	503	0.19582504970178927	0.24055666003976142
placo_longsleep__scz_chr17_43325576_45343136	longsleep__scz	rs56378631	rs62054437	17	43496465	1	1	0.74510337	0.8454928293681305	0.7148581245129266	503	0.19582504970178927	0.24055666003976142
placo_longsleep__scz_chr17_43325576_45343136	longsleep__scz	rs12946723	rs62054437	17	43496828	1	1	0.74513712	0.8454928293681305	0.7148581245129266	503	0.19582504970178927	0.24055666003976142
placo_longsleep__scz_chr17_43325576_45343136	longsleep__scz	rs12952764	rs62054437	17	43497210	1	1	0.74513647	0.8454928293681305	0.7148581245129266	503	0.19582504970178927	0.24055666003976142
placo_longsleep__scz_chr17_43325576_45343136	longsleep__scz	rs35420583	rs62054437	17	43498180	1	1	0.74521371	0.8454928293681305	0.7148581245129266	503	0.19582504970178927	0.24055666003976142
placo_longsleep__scz_chr17_43325576_45343136	longsleep__scz	rs34792542	rs62054437	17	43498181	1	1	0.74208005	0.8454928293681305	0.7148581245129266	503	0.19582504970178927	0.24055666003976142
placo_longsleep__scz_chr17_43325576_45343136	longsleep__scz	rs35519908	rs62054437	17	43499328	1	1	0.74551267	0.8454928293681305	0.7148581245129266	503	0.19582504970178927	0.24055666003976142
placo_longsleep__scz_chr17_43325576_45343136	longsleep__scz	rs12942666	rs62054437	17	43499839	1	1	0.7456935	0.8454928293681305	0.7148581245129266	503	0.19582504970178927	0.24055666003976142
placo_longsleep__scz_chr17_43325576_45343136	longsleep__scz	rs62064645	rs62054437	17	43500477	1	1	0.74883472	0.8521301160537754	0.7261257346858208	503	0.19383697813121273	0.24055666003976142
placo_longsleep__scz_chr17_43325576_45343136	longsleep__scz	rs62064646	rs62054437	17	43500587	1	1	0.74530742	0.8454928293681305	0.7148581245129266	503	0.19582504970178927	0.24055666003976142
placo_longsleep__scz_chr17_43325576_45343136	longsleep__scz	rs62064647	rs62054437	17	43500621	1	1	0.74569773	0.8454928293681305	0.7148581245129266	503	0.19582504970178927	0.24055666003976142
placo_longsleep__scz_chr17_43325576_45343136	longsleep__scz	rs7222389	rs62054437	17	43501442	1	1	0.74569492	0.8454928293681305	0.7148581245129266	503	0.19582504970178927	0.24055666003976142
placo_longsleep__scz_chr17_43325576_45343136	longsleep__scz	rs55648326	rs62054437	17	43501591	1	1	0.74530349	0.8454928293681305	0.7148581245129266	503	0.19582504970178927	0.24055666003976142
placo_longsleep__scz_chr17_43325576_45343136	longsleep__scz	rs56212100	rs62054437	17	43501940	1	1	0.74569899	0.8421967717154439	0.7092954022879155	503	0.19681908548707752	0.24055666003976142
placo_longsleep__scz_chr17_43325576_45343136	longsleep__scz	rs62064649	rs62054437	17	43502111	1	1	0.74569899	0.8454928293681305	0.7148581245129266	503	0.19582504970178927	0.24055666003976142
placo_longsleep__scz_chr17_43325576_45343136	longsleep__scz	rs35626715	rs62054437	17	43502241	1	1	0.74570165	0.8454928293681305	0.7148581245129266	503	0.19582504970178927	0.24055666003976142
placo_longsleep__scz_chr17_43325576_45343136	longsleep__scz	rs62064651	rs62054437	17	43503000	0	1	0.74878456	nan	nan	nan	nan	nan
placo_longsleep__scz_chr17_43325576_45343136	longsleep__scz	rs76344126	rs62054437	17	43503284	1	1	0.74772621	0.8521301160537754	0.7261257346858208	503	0.19383697813121273	0.24055666003976142
placo_longsleep__scz_chr17_43325576_45343136	longsleep__scz	rs7209501	rs62054437	17	43503294	1	1	0.74562068	0.8488038852705785	0.7204680356504294	503	0.19483101391650098	0.24055666003976142
placo_longsleep__scz_chr17_43325576_45343136	longsleep__scz	rs12949256	rs62054437	17	43507297	1	1	0.74877155	0.8521301160537754	0.7261257346858208	503	0.19383697813121273	0.24055666003976142
placo_longsleep__scz_chr17_43325576_45343136	longsleep__scz	rs7220206	rs62054437	17	43507403	1	1	0.74847173	0.8521301160537754	0.7261257346858208	503	0.19383697813121273	0.24055666003976142
placo_longsleep__scz_chr17_43325576_45343136	longsleep__scz	rs7222444	rs62054437	17	43507649	1	1	0.74876851	0.8521301160537754	0.7261257346858208	503	0.19383697813121273	0.24055666003976142
placo_longsleep__scz_chr17_43325576_45343136	longsleep__scz	rs12939187	rs62054437	17	43508223	1	1	0.74805225	0.8521301160537754	0.7261257346858208	503	0.19383697813121273	0.24055666003976142
placo_longsleep__scz_chr17_43325576_45343136	longsleep__scz	rs34018943	rs62054437	17	43508303	1	1	0.74875011	0.8521301160537754	0.7261257346858208	503	0.19383697813121273	0.24055666003976142
placo_longsleep__scz_chr17_43325576_45343136	longsleep__scz	rs34104358	rs62054437	17	43508616	1	1	0.74876851	0.8521301160537754	0.7261257346858208	503	0.19383697813121273	0.24055666003976142
placo_longsleep__scz_chr17_43325576_45343136	longsleep__scz	rs62064652	rs62054437	17	43509310	1	1	0.74880074	0.8497557529888207	0.7220848397375976	503	0.19284294234592445	0.24055666003976142
placo_longsleep__scz_chr17_43325576_45343136	longsleep__scz	rs62064653	rs62054437	17	43509316	1	1	0.74881914	0.8497557529888207	0.7220848397375976	503	0.19284294234592445	0.24055666003976142
placo_longsleep__scz_chr17_43325576_45343136	longsleep__scz	rs56020833	rs62054437	17	43509778	1	1	0.74891355	0.8521301160537754	0.7261257346858208	503	0.19383697813121273	0.24055666003976142
placo_longsleep__scz_chr17_43325576_45343136	longsleep__scz	rs34465449	rs62054437	17	43511435	1	1	0.75353995	0.8521301160537754	0.7261257346858208	503	0.19383697813121273	0.24055666003976142
placo_longsleep__scz_chr17_43325576_45343136	longsleep__scz	rs12946900	rs62054437	17	43512206	1	1	0.75363803	0.8521301160537754	0.7261257346858208	503	0.19383697813121273	0.24055666003976142
placo_longsleep__scz_chr17_43325576_45343136	longsleep__scz	rs56168933	rs62054437	17	43512318	1	1	0.75363803	0.8521301160537754	0.7261257346858208	503	0.19383697813121273	0.24055666003976142
placo_longsleep__scz_chr17_43325576_45343136	longsleep__scz	rs11012	rs62054437	17	43513441	1	1	0.75379889	0.8488038852705785	0.7204680356504294	503	0.19483101391650098	0.24055666003976142
placo_longsleep__scz_chr17_43325576_45343136	longsleep__scz	rs62064654	rs62054437	17	43513896	1	1	0.75395683	0.8521301160537754	0.7261257346858208	503	0.19383697813121273	0.24055666003976142
placo_longsleep__scz_chr17_43325576_45343136	longsleep__scz	rs62064655	rs62054437	17	43514954	1	1	0.75394644	0.8521301160537754	0.7261257346858208	503	0.19383697813121273	0.24055666003976142
placo_longsleep__scz_chr17_43325576_45343136	longsleep__scz	rs36114997	rs62054437	17	43515885	1	1	0.7539683	0.8521301160537754	0.7261257346858208	503	0.19383697813121273	0.24055666003976142
placo_longsleep__scz_chr17_43325576_45343136	longsleep__scz	rs17631303	rs62054437	17	43516402	1	1	0.75404765	0.8521301160537754	0.7261257346858208	503	0.19383697813121273	0.24055666003976142
placo_longsleep__scz_chr17_43325576_45343136	longsleep__scz	rs62064657	rs62054437	17	43517054	1	1	0.75413436	0.8521301160537754	0.7261257346858208	503	0.19383697813121273	0.24055666003976142
placo_longsleep__scz_chr17_43325576_45343136	longsleep__scz	rs35489312	rs62054437	17	43517252	1	1	0.75406375	0.8521301160537754	0.7261257346858208	503	0.19383697813121273	0.24055666003976142
placo_longsleep__scz_chr17_43325576_45343136	longsleep__scz	rs2684641	rs62054437	17	43520118	1	1	0.73883678	0.8521301160537754	0.7261257346858208	503	0.19383697813121273	0.24055666003976142
placo_longsleep__scz_chr17_43325576_45343136	longsleep__scz	rs62065374	rs62054437	17	43520272	1	1	0.75413459	0.8521301160537754	0.7261257346858208	503	0.19383697813121273	0.24055666003976142
placo_longsleep__scz_chr17_43325576_45343136	longsleep__scz	rs62065377	rs62054437	17	43521193	1	1	0.75412936	0.8488038852705785	0.7204680356504294	503	0.19483101391650098	0.24055666003976142
placo_longsleep__scz_chr17_43325576_45343136	longsleep__scz	rs62065378	rs62054437	17	43522361	1	1	0.75438244	0.8521301160537754	0.7261257346858208	503	0.19383697813121273	0.24055666003976142
placo_longsleep__scz_chr17_43325576_45343136	longsleep__scz	rs113575082	rs62054437	17	43524526	1	1	0.75622607	0.8521301160537754	0.7261257346858208	503	0.19383697813121273	0.24055666003976142
placo_longsleep__scz_chr17_43325576_45343136	longsleep__scz	rs71373572	rs62054437	17	43525022	1	1	0.75622037	0.8521301160537754	0.7261257346858208	503	0.19383697813121273	0.24055666003976142
placo_longsleep__scz_chr17_43325576_45343136	longsleep__scz	rs62065379	rs62054437	17	43525365	1	1	0.75634001	0.8521301160537754	0.7261257346858208	503	0.19383697813121273	0.24055666003976142
placo_longsleep__scz_chr17_43325576_45343136	longsleep__scz	rs112538459	rs62054437	17	43527323	1	1	0.75631477	0.8521301160537754	0.7261257346858208	503	0.19383697813121273	0.24055666003976142
placo_longsleep__scz_chr17_43325576_45343136	longsleep__scz	rs2077606	rs62054437	17	43529293	1	1	0.75658027	0.8521301160537754	0.7261257346858208	503	0.19383697813121273	0.24055666003976142
placo_longsleep__scz_chr17_43325576_45343136	longsleep__scz	rs2960000	rs62054437	17	43534353	1	1	0.74383693	0.8457708464947743	0.715328324780487	503	0.1978131212723658	0.24055666003976142
placo_longsleep__scz_chr17_43325576_45343136	longsleep__scz	rs62065385	rs62054437	17	43534694	1	1	0.75661783	0.851197113362124	0.7245365257960126	503	0.19582504970178927	0.24055666003976142
placo_longsleep__scz_chr17_43325576_45343136	longsleep__scz	rs55703888	rs62054437	17	43536408	1	1	0.75689009	0.8521301160537754	0.7261257346858208	503	0.19383697813121273	0.24055666003976142
placo_longsleep__scz_chr17_43325576_45343136	longsleep__scz	rs56005713	rs62054437	17	43536743	1	1	0.75689009	0.8521301160537754	0.7261257346858208	503	0.19383697813121273	0.24055666003976142
placo_longsleep__scz_chr17_43325576_45343136	longsleep__scz	rs111423688	rs62054437	17	43538523	1	1	0.75729398	0.8521301160537754	0.7261257346858208	503	0.19383697813121273	0.24055666003976142
placo_longsleep__scz_chr17_43325576_45343136	longsleep__scz	rs62065389	rs62054437	17	43538807	1	1	0.75711444	0.8521301160537754	0.7261257346858208	503	0.19383697813121273	0.24055666003976142
placo_longsleep__scz_chr17_43325576_45343136	longsleep__scz	rs2139890	rs62054437	17	43541627	1	1	0.75720608	0.8521301160537754	0.7261257346858208	503	0.19383697813121273	0.24055666003976142
placo_longsleep__scz_chr17_43325576_45343136	longsleep__scz	rs3946526	rs62054437	17	43541656	1	1	0.75723655	0.8521301160537754	0.7261257346858208	503	0.19383697813121273	0.24055666003976142
placo_longsleep__scz_chr17_43325576_45343136	longsleep__scz	rs55663797	rs62054437	17	43544379	1	1	0.76608588	0.8687281951245677	0.7546886770043889	503	0.19582504970178927	0.24055666003976142
placo_longsleep__scz_chr17_43325576_45343136	longsleep__scz	rs1879581	rs62054437	17	43545893	1	1	0.76683473	0.8687281951245677	0.7546886770043889	503	0.19582504970178927	0.24055666003976142
placo_longsleep__scz_chr17_43325576_45343136	longsleep__scz	rs55671319	rs62054437	17	43548424	1	1	0.76633682	0.8687281951245677	0.7546886770043889	503	0.19582504970178927	0.24055666003976142
placo_longsleep__scz_chr17_43325576_45343136	longsleep__scz	rs55652155	rs62054437	17	43548481	1	1	0.76672119	0.8687281951245677	0.7546886770043889	503	0.19582504970178927	0.24055666003976142
placo_longsleep__scz_chr17_43325576_45343136	longsleep__scz	rs17631676	rs62054437	17	43549526	1	1	0.76631925	0.8687281951245677	0.7546886770043889	503	0.19582504970178927	0.24055666003976142
placo_longsleep__scz_chr17_43325576_45343136	longsleep__scz	rs149366495	rs62054437	17	43549608	1	1	0.76638648	0.8687281951245677	0.7546886770043889	503	0.19582504970178927	0.24055666003976142
placo_longsleep__scz_chr17_43325576_45343136	longsleep__scz	rs2090847	rs62054437	17	43550107	1	1	0.76631925	0.8687281951245677	0.7546886770043889	503	0.19582504970178927	0.24055666003976142
placo_longsleep__scz_chr17_43325576_45343136	longsleep__scz	rs55746869	rs62054437	17	43551083	1	1	0.76569195	0.8687281951245677	0.7546886770043889	503	0.19582504970178927	0.24055666003976142
placo_longsleep__scz_chr17_43325576_45343136	longsleep__scz	rs62065404	rs62054437	17	43551613	1	1	0.76642969	0.8687281951245677	0.7546886770043889	503	0.19582504970178927	0.24055666003976142
placo_longsleep__scz_chr17_43325576_45343136	longsleep__scz	rs71238846	rs62054437	17	43552537	1	1	0.76642969	0.8687281951245677	0.7546886770043889	503	0.19582504970178927	0.24055666003976142
placo_longsleep__scz_chr17_43325576_45343136	longsleep__scz	rs12452273	rs62054437	17	43552921	1	1	0.76684683	0.8687281951245677	0.7546886770043889	503	0.19582504970178927	0.24055666003976142
placo_longsleep__scz_chr17_43325576_45343136	longsleep__scz	rs56192752	rs62054437	17	43555253	1	1	0.76559932	0.8687281951245677	0.7546886770043889	503	0.19582504970178927	0.24055666003976142
placo_longsleep__scz_chr17_43325576_45343136	longsleep__scz	rs62065436	rs62054437	17	43556652	1	1	0.76676601	0.8687281951245677	0.7546886770043889	503	0.19582504970178927	0.24055666003976142
placo_longsleep__scz_chr17_43325576_45343136	longsleep__scz	rs55925547	rs62054437	17	43556807	1	1	0.76387134	0.8621674130243672	0.7433326480811298	503	0.1978131212723658	0.24055666003976142
placo_longsleep__scz_chr17_43325576_45343136	longsleep__scz	rs55643511	rs62054437	17	43556982	1	1	0.76672615	0.8687281951245677	0.7546886770043889	503	0.19582504970178927	0.24055666003976142
placo_longsleep__scz_chr17_43325576_45343136	longsleep__scz	rs62065437	rs62054437	17	43557612	1	1	0.76665079	0.8687281951245677	0.7546886770043889	503	0.19582504970178927	0.24055666003976142
placo_longsleep__scz_chr17_43325576_45343136	longsleep__scz	rs62065438	rs62054437	17	43558092	1	1	0.76673929	0.8687281951245677	0.7546886770043889	503	0.19582504970178927	0.24055666003976142
placo_longsleep__scz_chr17_43325576_45343136	longsleep__scz	rs62065442	rs62054437	17	43563894	1	1	0.76655808	0.8687281951245677	0.7546886770043889	503	0.19582504970178927	0.24055666003976142
placo_longsleep__scz_chr17_43325576_45343136	longsleep__scz	rs62065445	rs62054437	17	43565840	1	1	0.76633665	0.8687281951245677	0.7546886770043889	503	0.19582504970178927	0.24055666003976142
placo_longsleep__scz_chr17_43325576_45343136	longsleep__scz	rs1879585	rs62054437	17	43567175	1	1	0.76696458	0.8715399335907069	0.7595818558432939	503	0.19681908548707752	0.24055666003976142
placo_longsleep__scz_chr17_43325576_45343136	longsleep__scz	rs62065448	rs62054437	17	43569770	1	1	0.75660617	0.8669767573331736	0.7516486977559446	503	0.19980119284294234	0.24055666003976142
placo_longsleep__scz_chr17_43325576_45343136	longsleep__scz	rs62065449	rs62054437	17	43569909	1	1	0.76991349	0.8762972095441436	0.7678967994548527	503	0.1988071570576541	0.24055666003976142
placo_longsleep__scz_chr17_43325576_45343136	longsleep__scz	rs62065450	rs62054437	17	43570407	1	1	0.76989985	0.8762972095441436	0.7678967994548527	503	0.1988071570576541	0.24055666003976142
placo_longsleep__scz_chr17_43325576_45343136	longsleep__scz	rs1879583	rs62054437	17	43570893	1	1	0.76992673	0.8762972095441436	0.7678967994548527	503	0.1988071570576541	0.24055666003976142
placo_longsleep__scz_chr17_43325576_45343136	longsleep__scz	rs56328224	rs62054437	17	43572419	1	1	0.97987041	0.9865904087362025	0.9733606346102671	503	0.23956262425447317	0.24055666003976142
placo_longsleep__scz_chr17_43325576_45343136	longsleep__scz	rs62065453	rs62054437	17	43573419	1	1	0.97799337	0.9865904087362025	0.9733606346102671	503	0.23956262425447317	0.24055666003976142
placo_longsleep__scz_chr17_43325576_45343136	longsleep__scz	rs79742625	rs62054437	17	43657257	1	1	0.91665128	0.8698871638017481	0.7567036777470494	503	0.19383697813121273	0.24055666003976142
placo_longsleep__scz_chr17_43325576_45343136	longsleep__scz	rs1724390	rs62054437	17	43663247	1	1	0.98219095	0.9866644562535638	0.9735067492341407	503	0.24353876739562624	0.24055666003976142
NA	longsleep__scz	rs7502280	NA	17	43670221	0	0	NA	nan	nan	nan	nan	nan
placo_longsleep__scz_chr17_43325576_45343136	longsleep__scz	rs413519	rs62054437	17	43685826	1	1	0.99419452	0.9946543856252787	0.9893373468436008	503	0.24055666003976142	0.24055666003976142
placo_longsleep__scz_chr17_43325576_45343136	longsleep__scz	rs440778	rs62054437	17	43686420	1	1	0.9927935	0.9946543856252787	0.9893373468436008	503	0.24055666003976142	0.24055666003976142
NA	longsleep__scz	rs382362	NA	17	43691377	0	0	NA	nan	nan	nan	nan	nan
placo_longsleep__scz_chr17_43325576_45343136	longsleep__scz	rs611351	rs62054437	17	43692935	1	1	0.99588149	0.9946543856252787	0.9893373468436008	503	0.24055666003976142	0.24055666003976142
placo_longsleep__scz_chr17_43325576_45343136	longsleep__scz	rs383241	rs62054437	17	43705356	1	1	0.99656715	0.997339996556947	0.9946870687322111	503	0.23956262425447317	0.24055666003976142
placo_longsleep__scz_chr17_43325576_45343136	longsleep__scz	rs376120	rs62054437	17	43705518	1	1	0.99656715	0.997339996556947	0.9946870687322111	503	0.23956262425447317	0.24055666003976142
placo_longsleep__scz_chr17_43325576_45343136	longsleep__scz	rs365825	rs62054437	17	43705601	1	1	0.99097723	0.9920090764415049	0.9840820077423276	503	0.2415506958250497	0.24055666003976142
placo_longsleep__scz_chr17_43325576_45343136	longsleep__scz	rs681485	rs62054437	17	43707619	1	1	0.99582639	0.994675727649081	0.9893798031742287	503	0.23856858846918488	0.24055666003976142
placo_longsleep__scz_chr17_43325576_45343136	longsleep__scz	rs594591	rs62054437	17	43707620	1	1	0.99655341	0.997339996556947	0.9946870687322111	503	0.23956262425447317	0.24055666003976142
placo_longsleep__scz_chr17_43325576_45343136	longsleep__scz	rs444071	rs62054437	17	43707951	1	1	0.99650529	0.997339996556947	0.9946870687322111	503	0.23956262425447317	0.24055666003976142
placo_longsleep__scz_chr17_43325576_45343136	longsleep__scz	rs396593	rs62054437	17	43707955	1	1	0.99650529	0.997339996556947	0.9946870687322111	503	0.23956262425447317	0.24055666003976142
placo_longsleep__scz_chr17_43325576_45343136	longsleep__scz	rs436667	rs62054437	17	43709415	1	1	0.99591412	0.997339996556947	0.9946870687322111	503	0.23956262425447317	0.24055666003976142
placo_longsleep__scz_chr17_43325576_45343136	longsleep__scz	rs650927	rs62054437	17	43709867	1	1	0.99653369	0.997339996556947	0.9946870687322111	503	0.23956262425447317	0.24055666003976142
placo_longsleep__scz_chr17_43325576_45343136	longsleep__scz	rs671740	rs62054437	17	43709893	1	1	0.99653369	0.997339996556947	0.9946870687322111	503	0.23956262425447317	0.24055666003976142
placo_longsleep__scz_chr17_43325576_45343136	longsleep__scz	rs16940633	rs62054437	17	43710371	1	1	0.99650593	0.997339996556947	0.9946870687322111	503	0.23956262425447317	0.24055666003976142
placo_longsleep__scz_chr17_43325576_45343136	longsleep__scz	rs17686610	rs62054437	17	43710384	1	1	0.99650595	0.997339996556947	0.9946870687322111	503	0.23956262425447317	0.24055666003976142
placo_longsleep__scz_chr17_43325576_45343136	longsleep__scz	rs2942170	rs62054437	17	43711312	1	1	0.99653369	0.997339996556947	0.9946870687322111	503	0.23956262425447317	0.24055666003976142
placo_longsleep__scz_chr17_43325576_45343136	longsleep__scz	rs241045	rs62054437	17	43712337	1	1	0.99653374	0.997339996556947	0.9946870687322111	503	0.23956262425447317	0.24055666003976142
placo_longsleep__scz_chr17_43325576_45343136	longsleep__scz	rs241044	rs62054437	17	43712464	1	1	0.99653374	0.997339996556947	0.9946870687322111	503	0.23956262425447317	0.24055666003976142
placo_longsleep__scz_chr17_43325576_45343136	longsleep__scz	rs241042	rs62054437	17	43712657	1	1	0.99653374	0.997339996556947	0.9946870687322111	503	0.23956262425447317	0.24055666003976142
placo_longsleep__scz_chr17_43325576_45343136	longsleep__scz	rs241041	rs62054437	17	43713925	1	1	0.99653374	0.997339996556947	0.9946870687322111	503	0.23956262425447317	0.24055666003976142
placo_longsleep__scz_chr17_43325576_45343136	longsleep__scz	rs2942168	rs62054437	17	43714850	1	1	0.99653374	0.997339996556947	0.9946870687322111	503	0.23956262425447317	0.24055666003976142
placo_longsleep__scz_chr17_43325576_45343136	longsleep__scz	rs2942167	rs62054437	17	43715018	1	1	0.99653374	0.997339996556947	0.9946870687322111	503	0.23956262425447317	0.24055666003976142
placo_longsleep__scz_chr17_43325576_45343136	longsleep__scz	rs2942166	rs62054437	17	43715427	1	1	0.99573797	0.9946543856252784	0.9893373468436001	503	0.24055666003976142	0.24055666003976142
placo_longsleep__scz_chr17_43325576_45343136	longsleep__scz	rs117368197	rs62054437	17	43715924	1	1	0.99653374	0.997339996556947	0.9946870687322111	503	0.23956262425447317	0.24055666003976142
placo_longsleep__scz_chr17_43325576_45343136	longsleep__scz	rs413778	rs62054437	17	43716885	1	1	0.99653374	0.997339996556947	0.9946870687322111	503	0.23956262425447317	0.24055666003976142
placo_longsleep__scz_chr17_43325576_45343136	longsleep__scz	rs389217	rs62054437	17	43717131	1	1	0.99653374	0.997339996556947	0.9946870687322111	503	0.23956262425447317	0.24055666003976142
placo_longsleep__scz_chr17_43325576_45343136	longsleep__scz	rs389978	rs62054437	17	43717415	1	1	0.99576884	0.9946543856252786	0.9893373468436005	503	0.24055666003976142	0.24055666003976142
placo_longsleep__scz_chr17_43325576_45343136	longsleep__scz	rs439558	rs62054437	17	43717803	1	1	0.99599452	0.9946543856252784	0.9893373468436001	503	0.24055666003976142	0.24055666003976142
placo_longsleep__scz_chr17_43325576_45343136	longsleep__scz	rs434805	rs62054437	17	43718336	1	1	0.99130645	0.9920090764415049	0.9840820077423276	503	0.2415506958250497	0.24055666003976142
placo_longsleep__scz_chr17_43325576_45343136	longsleep__scz	rs393152	rs62054437	17	43719143	1	1	0.98958523	0.9920090764415049	0.9840820077423276	503	0.2415506958250497	0.24055666003976142
placo_longsleep__scz_chr17_43325576_45343136	longsleep__scz	rs3108317	rs62054437	17	43719870	1	1	0.99655772	0.997339996556947	0.9946870687322111	503	0.23956262425447317	0.24055666003976142
placo_longsleep__scz_chr17_43325576_45343136	longsleep__scz	rs1706746	rs62054437	17	43721457	1	1	0.99655341	0.997339996556947	0.9946870687322111	503	0.23956262425447317	0.24055666003976142
placo_longsleep__scz_chr17_43325576_45343136	longsleep__scz	rs413917	rs62054437	17	43723189	1	1	0.99584778	0.997339996556947	0.9946870687322111	503	0.23956262425447317	0.24055666003976142
placo_longsleep__scz_chr17_43325576_45343136	longsleep__scz	rs3418	rs62054437	17	43723462	1	1	0.99655341	0.997339996556947	0.9946870687322111	503	0.23956262425447317	0.24055666003976142
placo_longsleep__scz_chr17_43325576_45343136	longsleep__scz	rs393675	rs62054437	17	43723605	1	1	0.996573	0.997339996556947	0.9946870687322111	503	0.23956262425447317	0.24055666003976142
placo_longsleep__scz_chr17_43325576_45343136	longsleep__scz	rs449501	rs62054437	17	43724555	1	1	0.996573	0.997339996556947	0.9946870687322111	503	0.23956262425447317	0.24055666003976142
placo_longsleep__scz_chr17_43325576_45343136	longsleep__scz	rs448830	rs62054437	17	43725212	1	1	0.996573	0.997339996556947	0.9946870687322111	503	0.23956262425447317	0.24055666003976142
placo_longsleep__scz_chr17_43325576_45343136	longsleep__scz	rs434428	rs62054437	17	43725684	1	1	0.996573	0.997339996556947	0.9946870687322111	503	0.23956262425447317	0.24055666003976142
placo_longsleep__scz_chr17_43325576_45343136	longsleep__scz	rs434598	rs62054437	17	43725762	1	1	0.996573	0.997339996556947	0.9946870687322111	503	0.23956262425447317	0.24055666003976142
placo_longsleep__scz_chr17_43325576_45343136	longsleep__scz	rs434971	rs62054437	17	43725992	1	1	0.996573	0.997339996556947	0.9946870687322111	503	0.23956262425447317	0.24055666003976142
placo_longsleep__scz_chr17_43325576_45343136	longsleep__scz	rs385691	rs62054437	17	43726125	1	1	0.996573	0.997339996556947	0.9946870687322111	503	0.23956262425447317	0.24055666003976142
placo_longsleep__scz_chr17_43325576_45343136	longsleep__scz	rs455028	rs62054437	17	43726574	1	1	0.99656715	0.997339996556947	0.9946870687322111	503	0.23956262425447317	0.24055666003976142
placo_longsleep__scz_chr17_43325576_45343136	longsleep__scz	rs366858	rs62054437	17	43726588	1	1	0.99656717	0.997339996556947	0.9946870687322111	503	0.23956262425447317	0.24055666003976142
placo_longsleep__scz_chr17_43325576_45343136	longsleep__scz	rs439945	rs62054437	17	43726659	1	1	0.83181589	0.9053440766025309	0.8196478970392893	503	0.27634194831013914	0.24055666003976142
placo_longsleep__scz_chr17_43325576_45343136	longsleep__scz	rs453997	rs62054437	17	43727061	1	1	0.99656941	0.997339996556947	0.9946870687322111	503	0.23956262425447317	0.24055666003976142
placo_longsleep__scz_chr17_43325576_45343136	longsleep__scz	rs422112	rs62054437	17	43728137	1	1	0.99656941	0.997339996556947	0.9946870687322111	503	0.23956262425447317	0.24055666003976142
placo_longsleep__scz_chr17_43325576_45343136	longsleep__scz	rs417968	rs62054437	17	43728376	1	1	0.83086402	0.9053440766025309	0.8196478970392893	503	0.27634194831013914	0.24055666003976142
placo_longsleep__scz_chr17_43325576_45343136	longsleep__scz	rs413844	rs62054437	17	43729384	1	1	0.99656941	0.997339996556947	0.9946870687322111	503	0.23956262425447317	0.24055666003976142
placo_longsleep__scz_chr17_43325576_45343136	longsleep__scz	rs647483	rs62054437	17	43729432	1	1	0.99656923	0.997339996556947	0.9946870687322111	503	0.23956262425447317	0.24055666003976142
placo_longsleep__scz_chr17_43325576_45343136	longsleep__scz	rs241038	rs62054437	17	43730598	1	1	0.99656941	0.997339996556947	0.9946870687322111	503	0.23956262425447317	0.24055666003976142
placo_longsleep__scz_chr17_43325576_45343136	longsleep__scz	rs241037	rs62054437	17	43730636	1	1	0.99656941	0.997339996556947	0.9946870687322111	503	0.23956262425447317	0.24055666003976142
placo_longsleep__scz_chr17_43325576_45343136	longsleep__scz	rs241036	rs62054437	17	43731719	1	1	0.99408805	0.997339996556947	0.9946870687322111	503	0.23956262425447317	0.24055666003976142
placo_longsleep__scz_chr17_43325576_45343136	longsleep__scz	rs241035	rs62054437	17	43731896	1	1	0.99656743	0.997339996556947	0.9946870687322111	503	0.23956262425447317	0.24055666003976142
placo_longsleep__scz_chr17_43325576_45343136	longsleep__scz	rs241033	rs62054437	17	43733983	1	1	0.99648397	0.997339996556947	0.9946870687322111	503	0.23956262425447317	0.24055666003976142
placo_longsleep__scz_chr17_43325576_45343136	longsleep__scz	rs241032	rs62054437	17	43734145	1	1	0.99620134	0.997339996556947	0.9946870687322111	503	0.23956262425447317	0.24055666003976142
placo_longsleep__scz_chr17_43325576_45343136	longsleep__scz	rs241031	rs62054437	17	43734304	1	1	0.99656865	0.997339996556947	0.9946870687322111	503	0.23956262425447317	0.24055666003976142
placo_longsleep__scz_chr17_43325576_45343136	longsleep__scz	rs241030	rs62054437	17	43734503	1	1	0.99656865	0.997339996556947	0.9946870687322111	503	0.23956262425447317	0.24055666003976142
placo_longsleep__scz_chr17_43325576_45343136	longsleep__scz	rs241029	rs62054437	17	43734643	1	1	0.99656865	0.997339996556947	0.9946870687322111	503	0.23956262425447317	0.24055666003976142
placo_longsleep__scz_chr17_43325576_45343136	longsleep__scz	rs241028	rs62054437	17	43735276	1	1	0.99656865	0.997339996556947	0.9946870687322111	503	0.23956262425447317	0.24055666003976142
placo_longsleep__scz_chr17_43325576_45343136	longsleep__scz	rs241027	rs62054437	17	43735478	1	1	0.99656865	0.997339996556947	0.9946870687322111	503	0.23956262425447317	0.24055666003976142
placo_longsleep__scz_chr17_43325576_45343136	longsleep__scz	rs241026	rs62054437	17	43735555	1	1	0.99656865	0.997339996556947	0.9946870687322111	503	0.23956262425447317	0.24055666003976142
placo_longsleep__scz_chr17_43325576_45343136	longsleep__scz	rs241024	rs62054437	17	43736763	1	1	0.99656837	0.997339996556947	0.9946870687322111	503	0.23956262425447317	0.24055666003976142
placo_longsleep__scz_chr17_43325576_45343136	longsleep__scz	rs241023	rs62054437	17	43737040	1	1	0.99656837	0.997339996556947	0.9946870687322111	503	0.23956262425447317	0.24055666003976142
placo_longsleep__scz_chr17_43325576_45343136	longsleep__scz	rs241022	rs62054437	17	43737730	1	1	0.99656837	0.997339996556947	0.9946870687322111	503	0.23956262425447317	0.24055666003976142
placo_longsleep__scz_chr17_43325576_45343136	longsleep__scz	rs241021	rs62054437	17	43738627	1	1	0.99656837	0.997339996556947	0.9946870687322111	503	0.23956262425447317	0.24055666003976142
placo_longsleep__scz_chr17_43325576_45343136	longsleep__scz	rs241020	rs62054437	17	43738676	1	1	0.99656837	0.997339996556947	0.9946870687322111	503	0.23956262425447317	0.24055666003976142
placo_longsleep__scz_chr17_43325576_45343136	longsleep__scz	rs1724409	rs62054437	17	43740565	1	1	0.8368063	0.9053440766025309	0.8196478970392893	503	0.27634194831013914	0.24055666003976142
placo_longsleep__scz_chr17_43325576_45343136	longsleep__scz	rs62053939	rs62054437	17	43740856	1	1	0.99603717	0.997339996556947	0.9946870687322111	503	0.23956262425447317	0.24055666003976142
placo_longsleep__scz_chr17_43325576_45343136	longsleep__scz	rs111273167	rs62054437	17	43740967	1	1	0.99654534	0.997339996556947	0.9946870687322111	503	0.23956262425447317	0.24055666003976142
placo_longsleep__scz_chr17_43325576_45343136	longsleep__scz	rs62053940	rs62054437	17	43741028	1	1	0.99654534	0.997339996556947	0.9946870687322111	503	0.23956262425447317	0.24055666003976142
placo_longsleep__scz_chr17_43325576_45343136	longsleep__scz	rs17760577	rs62054437	17	43741452	1	1	0.99654534	0.997339996556947	0.9946870687322111	503	0.23956262425447317	0.24055666003976142
placo_longsleep__scz_chr17_43325576_45343136	longsleep__scz	rs17760631	rs62054437	17	43743045	1	1	0.99654532	0.997339996556947	0.9946870687322111	503	0.23956262425447317	0.24055666003976142
placo_longsleep__scz_chr17_43325576_45343136	longsleep__scz	rs62053943	rs62054437	17	43744203	1	1	0.64371748	0.8034282214214996	0.6454969069765142	503	0.16998011928429424	0.24055666003976142
placo_longsleep__scz_chr17_43325576_45343136	longsleep__scz	rs17687462	rs62054437	17	43744990	1	1	0.99647278	0.997339996556947	0.9946870687322111	503	0.23956262425447317	0.24055666003976142
placo_longsleep__scz_chr17_43325576_45343136	longsleep__scz	rs17760733	rs62054437	17	43746276	1	1	0.99657842	0.994675727649081	0.9893798031742287	503	0.23856858846918488	0.24055666003976142
placo_longsleep__scz_chr17_43325576_45343136	longsleep__scz	rs17687504	rs62054437	17	43746721	1	1	0.99657842	0.997339996556947	0.9946870687322111	503	0.23956262425447317	0.24055666003976142
placo_longsleep__scz_chr17_43325576_45343136	longsleep__scz	rs62053945	rs62054437	17	43746839	1	1	0.99657842	0.997339996556947	0.9946870687322111	503	0.23956262425447317	0.24055666003976142
placo_longsleep__scz_chr17_43325576_45343136	longsleep__scz	rs1724407	rs62054437	17	43747615	1	1	0.88699911	0.9315037737223302	0.8676992804589421	503	0.2664015904572565	0.24055666003976142
placo_longsleep__scz_chr17_43325576_45343136	longsleep__scz	rs62053946	rs62054437	17	43747677	1	1	0.99657842	0.997339996556947	0.9946870687322111	503	0.23956262425447317	0.24055666003976142
placo_longsleep__scz_chr17_43325576_45343136	longsleep__scz	rs62053947	rs62054437	17	43747683	1	1	0.99657842	0.997339996556947	0.9946870687322111	503	0.23956262425447317	0.24055666003976142
placo_longsleep__scz_chr17_43325576_45343136	longsleep__scz	rs62053948	rs62054437	17	43748046	1	1	0.99654976	0.997339996556947	0.9946870687322111	503	0.23956262425447317	0.24055666003976142
placo_longsleep__scz_chr17_43325576_45343136	longsleep__scz	rs62053949	rs62054437	17	43748101	1	1	0.9965783	0.997339996556947	0.9946870687322111	503	0.23956262425447317	0.24055666003976142
placo_longsleep__scz_chr17_43325576_45343136	longsleep__scz	rs62053950	rs62054437	17	43748412	1	1	0.99657856	0.997339996556947	0.9946870687322111	503	0.23956262425447317	0.24055666003976142
placo_longsleep__scz_chr17_43325576_45343136	longsleep__scz	rs62053952	rs62054437	17	43749261	1	1	0.99653311	0.997339996556947	0.9946870687322111	503	0.23956262425447317	0.24055666003976142
placo_longsleep__scz_chr17_43325576_45343136	longsleep__scz	rs62053953	rs62054437	17	43749454	1	1	0.99606446	0.997339996556947	0.9946870687322111	503	0.23956262425447317	0.24055666003976142
placo_longsleep__scz_chr17_43325576_45343136	longsleep__scz	rs17687534	rs62054437	17	43749579	1	1	0.99653311	0.997339996556947	0.9946870687322111	503	0.23956262425447317	0.24055666003976142
placo_longsleep__scz_chr17_43325576_45343136	longsleep__scz	rs1631850	rs62054437	17	43749942	1	1	0.88670744	0.9315037737223302	0.8676992804589421	503	0.2664015904572565	0.24055666003976142
placo_longsleep__scz_chr17_43325576_45343136	longsleep__scz	rs62053954	rs62054437	17	43749949	1	1	0.99650606	0.997339996556947	0.9946870687322111	503	0.23956262425447317	0.24055666003976142
placo_longsleep__scz_chr17_43325576_45343136	longsleep__scz	rs62053955	rs62054437	17	43749980	1	1	0.99650583	0.997339996556947	0.9946870687322111	503	0.23956262425447317	0.24055666003976142
placo_longsleep__scz_chr17_43325576_45343136	longsleep__scz	rs17687571	rs62054437	17	43750010	1	1	0.99653311	0.997339996556947	0.9946870687322111	503	0.23956262425447317	0.24055666003976142
placo_longsleep__scz_chr17_43325576_45343136	longsleep__scz	rs1630095	rs62054437	17	43750172	1	1	0.88676104	0.9315037737223302	0.8676992804589421	503	0.2664015904572565	0.24055666003976142
placo_longsleep__scz_chr17_43325576_45343136	longsleep__scz	rs17687625	rs62054437	17	43750238	1	1	0.99650583	0.997339996556947	0.9946870687322111	503	0.23956262425447317	0.24055666003976142
placo_longsleep__scz_chr17_43325576_45343136	longsleep__scz	rs62053956	rs62054437	17	43750315	1	1	0.99650568	0.997339996556947	0.9946870687322111	503	0.23956262425447317	0.24055666003976142
placo_longsleep__scz_chr17_43325576_45343136	longsleep__scz	rs4792824	rs62054437	17	43750910	1	1	0.88686428	0.9315037737223302	0.8676992804589421	503	0.2664015904572565	0.24055666003976142
placo_longsleep__scz_chr17_43325576_45343136	longsleep__scz	rs62053957	rs62054437	17	43750939	1	1	0.99653296	0.997339996556947	0.9946870687322111	503	0.23956262425447317	0.24055666003976142
placo_longsleep__scz_chr17_43325576_45343136	longsleep__scz	rs1635291	rs62054437	17	43751913	1	1	0.8838512	0.9315037737223302	0.8676992804589421	503	0.2664015904572565	0.24055666003976142
placo_longsleep__scz_chr17_43325576_45343136	longsleep__scz	rs62055661	rs62054437	17	43752039	1	1	0.99647402	0.997339996556947	0.9946870687322111	503	0.23956262425447317	0.24055666003976142
placo_longsleep__scz_chr17_43325576_45343136	longsleep__scz	rs62055662	rs62054437	17	43752566	1	1	0.99653311	0.997339996556947	0.9946870687322111	503	0.23956262425447317	0.24055666003976142
placo_longsleep__scz_chr17_43325576_45343136	longsleep__scz	rs62055663	rs62054437	17	43753454	1	1	0.99653311	0.997339996556947	0.9946870687322111	503	0.23956262425447317	0.24055666003976142
placo_longsleep__scz_chr17_43325576_45343136	longsleep__scz	rs62055664	rs62054437	17	43753642	1	1	0.99653311	0.997339996556947	0.9946870687322111	503	0.23956262425447317	0.24055666003976142
placo_longsleep__scz_chr17_43325576_45343136	longsleep__scz	rs76717812	rs62054437	17	43754010	1	1	0.99653311	0.997339996556947	0.9946870687322111	503	0.23956262425447317	0.24055666003976142
placo_longsleep__scz_chr17_43325576_45343136	longsleep__scz	rs17687667	rs62054437	17	43754099	1	1	0.99653311	0.997339996556947	0.9946870687322111	503	0.23956262425447317	0.24055666003976142
placo_longsleep__scz_chr17_43325576_45343136	longsleep__scz	rs62055665	rs62054437	17	43754505	1	1	0.99653292	0.997339996556947	0.9946870687322111	503	0.23956262425447317	0.24055666003976142
placo_longsleep__scz_chr17_43325576_45343136	longsleep__scz	rs62055689	rs62054437	17	43754569	1	1	0.99653293	0.997339996556947	0.9946870687322111	503	0.23956262425447317	0.24055666003976142
placo_longsleep__scz_chr17_43325576_45343136	longsleep__scz	rs62055691	rs62054437	17	43754850	1	1	0.99653292	0.997339996556947	0.9946870687322111	503	0.23956262425447317	0.24055666003976142
placo_longsleep__scz_chr17_43325576_45343136	longsleep__scz	rs1724401	rs62054437	17	43755857	1	1	0.88666586	0.9315037737223302	0.8676992804589421	503	0.2664015904572565	0.24055666003976142
placo_longsleep__scz_chr17_43325576_45343136	longsleep__scz	rs1724400	rs62054437	17	43755871	1	1	0.88666586	0.9315037737223302	0.8676992804589421	503	0.2664015904572565	0.24055666003976142
placo_longsleep__scz_chr17_43325576_45343136	longsleep__scz	rs74398257	rs62054437	17	43756340	1	1	0.99653325	0.997339996556947	0.9946870687322111	503	0.23956262425447317	0.24055666003976142
placo_longsleep__scz_chr17_43325576_45343136	longsleep__scz	rs872972	rs62054437	17	43756458	1	1	0.99463419	0.997339996556947	0.9946870687322111	503	0.23956262425447317	0.24055666003976142
placo_longsleep__scz_chr17_43325576_45343136	longsleep__scz	rs757503	rs62054437	17	43756466	1	1	0.99475796	0.9946543856252786	0.9893373468436005	503	0.24055666003976142	0.24055666003976142
placo_longsleep__scz_chr17_43325576_45343136	longsleep__scz	rs757502	rs62054437	17	43756506	1	1	0.99642203	0.997339996556947	0.9946870687322111	503	0.23956262425447317	0.24055666003976142
placo_longsleep__scz_chr17_43325576_45343136	longsleep__scz	rs757501	rs62054437	17	43756685	1	1	0.99653482	0.997339996556947	0.9946870687322111	503	0.23956262425447317	0.24055666003976142
placo_longsleep__scz_chr17_43325576_45343136	longsleep__scz	rs757500	rs62054437	17	43756833	1	1	0.99649264	0.997339996556947	0.9946870687322111	503	0.23956262425447317	0.24055666003976142
placo_longsleep__scz_chr17_43325576_45343136	longsleep__scz	rs62055693	rs62054437	17	43756910	1	1	0.99649235	0.9946543856252784	0.9893373468436001	503	0.24055666003976142	0.24055666003976142
placo_longsleep__scz_chr17_43325576_45343136	longsleep__scz	rs1635288	rs62054437	17	43756969	1	1	0.88148296	0.9338435911973578	0.872063852820378	503	0.2654075546719682	0.24055666003976142
placo_longsleep__scz_chr17_43325576_45343136	longsleep__scz	rs78487840	rs62054437	17	43757161	1	1	0.99620883	0.997339996556947	0.9946870687322111	503	0.23956262425447317	0.24055666003976142
placo_longsleep__scz_chr17_43325576_45343136	longsleep__scz	rs55974014	rs62054437	17	43757450	1	1	0.98186988	0.965190355617749	0.9315924225775168	503	0.23161033797216699	0.24055666003976142
placo_longsleep__scz_chr17_43325576_45343136	longsleep__scz	rs112155389	rs62054437	17	43758078	1	1	0.9964929	0.997339996556947	0.9946870687322111	503	0.23956262425447317	0.24055666003976142
placo_longsleep__scz_chr17_43325576_45343136	longsleep__scz	rs62055697	rs62054437	17	43758148	1	1	0.99649294	0.997339996556947	0.9946870687322111	503	0.23956262425447317	0.24055666003976142
placo_longsleep__scz_chr17_43325576_45343136	longsleep__scz	rs62055698	rs62054437	17	43758238	1	1	0.99623629	0.997339996556947	0.9946870687322111	503	0.23956262425447317	0.24055666003976142
placo_longsleep__scz_chr17_43325576_45343136	longsleep__scz	rs17761046	rs62054437	17	43758382	1	1	0.9964928	0.997339996556947	0.9946870687322111	503	0.23956262425447317	0.24055666003976142
placo_longsleep__scz_chr17_43325576_45343136	longsleep__scz	rs62055700	rs62054437	17	43758742	1	1	0.99649286	0.997339996556947	0.9946870687322111	503	0.23956262425447317	0.24055666003976142
placo_longsleep__scz_chr17_43325576_45343136	longsleep__scz	rs62055701	rs62054437	17	43758787	1	1	0.99062183	0.997339996556947	0.9946870687322111	503	0.23956262425447317	0.24055666003976142
placo_longsleep__scz_chr17_43325576_45343136	longsleep__scz	rs62055702	rs62054437	17	43758790	1	1	0.99062183	0.997339996556947	0.9946870687322111	503	0.23956262425447317	0.24055666003976142
placo_longsleep__scz_chr17_43325576_45343136	longsleep__scz	rs112431991	rs62054437	17	43758885	1	1	0.9952732	0.997339996556947	0.9946870687322111	503	0.23956262425447317	0.24055666003976142
placo_longsleep__scz_chr17_43325576_45343136	longsleep__scz	rs57222984	rs62054437	17	43758898	1	1	0.8879524	0.9338435911973578	0.872063852820378	503	0.2654075546719682	0.24055666003976142
placo_longsleep__scz_chr17_43325576_45343136	longsleep__scz	rs17687838	rs62054437	17	43759048	1	1	0.9964929	0.997339996556947	0.9946870687322111	503	0.23956262425447317	0.24055666003976142
placo_longsleep__scz_chr17_43325576_45343136	longsleep__scz	rs76333921	rs62054437	17	43759426	1	1	0.9964929	0.997339996556947	0.9946870687322111	503	0.23956262425447317	0.24055666003976142
placo_longsleep__scz_chr17_43325576_45343136	longsleep__scz	rs76453925	rs62054437	17	43759431	1	1	0.99646352	0.997339996556947	0.9946870687322111	503	0.23956262425447317	0.24055666003976142
placo_longsleep__scz_chr17_43325576_45343136	longsleep__scz	rs17687849	rs62054437	17	43759719	1	1	0.99649243	0.997339996556947	0.9946870687322111	503	0.23956262425447317	0.24055666003976142
placo_longsleep__scz_chr17_43325576_45343136	longsleep__scz	rs56400821	rs62054437	17	43760080	1	1	0.99626696	0.9893145423999196	0.9787432638039623	503	0.23856858846918488	0.24055666003976142
placo_longsleep__scz_chr17_43325576_45343136	longsleep__scz	rs112169475	rs62054437	17	43760192	1	1	0.99649217	0.997339996556947	0.9946870687322111	503	0.23956262425447317	0.24055666003976142
placo_longsleep__scz_chr17_43325576_45343136	longsleep__scz	rs113728380	rs62054437	17	43760199	1	1	0.99649232	0.997339996556947	0.9946870687322111	503	0.23956262425447317	0.24055666003976142
placo_longsleep__scz_chr17_43325576_45343136	longsleep__scz	rs17761100	rs62054437	17	43760389	1	1	0.9964929	0.997339996556947	0.9946870687322111	503	0.23956262425447317	0.24055666003976142
placo_longsleep__scz_chr17_43325576_45343136	longsleep__scz	rs62055704	rs62054437	17	43760577	1	1	0.9964929	0.997339996556947	0.9946870687322111	503	0.23956262425447317	0.24055666003976142
placo_longsleep__scz_chr17_43325576_45343136	longsleep__scz	rs62055705	rs62054437	17	43760599	1	1	0.9964929	0.997339996556947	0.9946870687322111	503	0.23956262425447317	0.24055666003976142
placo_longsleep__scz_chr17_43325576_45343136	longsleep__scz	rs62055706	rs62054437	17	43760685	1	1	0.9964929	0.997339996556947	0.9946870687322111	503	0.23956262425447317	0.24055666003976142
placo_longsleep__scz_chr17_43325576_45343136	longsleep__scz	rs75115093	rs62054437	17	43761381	1	1	0.9964929	0.997339996556947	0.9946870687322111	503	0.23956262425447317	0.24055666003976142
placo_longsleep__scz_chr17_43325576_45343136	longsleep__scz	rs62055707	rs62054437	17	43761482	1	1	0.9964929	0.997339996556947	0.9946870687322111	503	0.23956262425447317	0.24055666003976142
placo_longsleep__scz_chr17_43325576_45343136	longsleep__scz	rs16941035	rs62054437	17	43761519	1	1	0.89087554	0.9338435911973578	0.872063852820378	503	0.2654075546719682	0.24055666003976142
placo_longsleep__scz_chr17_43325576_45343136	longsleep__scz	rs16941038	rs62054437	17	43761565	1	1	0.89087759	0.9338435911973578	0.872063852820378	503	0.2654075546719682	0.24055666003976142
placo_longsleep__scz_chr17_43325576_45343136	longsleep__scz	rs2049515	rs62054437	17	43761856	1	1	0.9964929	0.997339996556947	0.9946870687322111	503	0.23956262425447317	0.24055666003976142
placo_longsleep__scz_chr17_43325576_45343136	longsleep__scz	rs62055708	rs62054437	17	43761974	1	1	0.99649275	0.997339996556947	0.9946870687322111	503	0.23956262425447317	0.24055666003976142
placo_longsleep__scz_chr17_43325576_45343136	longsleep__scz	rs17761207	rs62054437	17	43762255	1	1	0.99647253	0.997339996556947	0.9946870687322111	503	0.23956262425447317	0.24055666003976142
placo_longsleep__scz_chr17_43325576_45343136	longsleep__scz	rs62055709	rs62054437	17	43762429	1	1	0.99647247	0.997339996556947	0.9946870687322111	503	0.23956262425447317	0.24055666003976142
placo_longsleep__scz_chr17_43325576_45343136	longsleep__scz	rs62055711	rs62054437	17	43762554	1	1	0.99647247	0.997339996556947	0.9946870687322111	503	0.23956262425447317	0.24055666003976142
placo_longsleep__scz_chr17_43325576_45343136	longsleep__scz	rs2040846	rs62054437	17	43762846	1	1	0.99647247	0.997339996556947	0.9946870687322111	503	0.23956262425447317	0.24055666003976142
placo_longsleep__scz_chr17_43325576_45343136	longsleep__scz	rs4486953	rs62054437	17	43763007	1	1	0.99647247	0.997339996556947	0.9946870687322111	503	0.23956262425447317	0.24055666003976142
placo_longsleep__scz_chr17_43325576_45343136	longsleep__scz	rs17688032	rs62054437	17	43763202	1	1	0.99581584	0.997339996556947	0.9946870687322111	503	0.23956262425447317	0.24055666003976142
placo_longsleep__scz_chr17_43325576_45343136	longsleep__scz	rs17688056	rs62054437	17	43763241	1	1	0.99647305	0.997339996556947	0.9946870687322111	503	0.23956262425447317	0.24055666003976142
placo_longsleep__scz_chr17_43325576_45343136	longsleep__scz	rs17688068	rs62054437	17	43763935	1	1	0.9964725	0.997339996556947	0.9946870687322111	503	0.23956262425447317	0.24055666003976142
placo_longsleep__scz_chr17_43325576_45343136	longsleep__scz	rs77220413	rs62054437	17	43764378	1	1	0.9964198	0.997339996556947	0.9946870687322111	503	0.23956262425447317	0.24055666003976142
placo_longsleep__scz_chr17_43325576_45343136	longsleep__scz	rs62055712	rs62054437	17	43764565	1	1	0.9964725	0.997339996556947	0.9946870687322111	503	0.23956262425447317	0.24055666003976142
placo_longsleep__scz_chr17_43325576_45343136	longsleep__scz	rs62055713	rs62054437	17	43764685	1	1	0.9964725	0.997339996556947	0.9946870687322111	503	0.23956262425447317	0.24055666003976142
placo_longsleep__scz_chr17_43325576_45343136	longsleep__scz	rs62055714	rs62054437	17	43764796	1	1	0.99647234	0.9946686734218004	0.9893657698866842	503	0.24055666003976142	0.24055666003976142
placo_longsleep__scz_chr17_43325576_45343136	longsleep__scz	rs62055715	rs62054437	17	43764847	1	1	0.99647234	0.997339996556947	0.9946870687322111	503	0.23956262425447317	0.24055666003976142
placo_longsleep__scz_chr17_43325576_45343136	longsleep__scz	rs17688090	rs62054437	17	43764987	1	1	0.9964725	0.997339996556947	0.9946870687322111	503	0.23956262425447317	0.24055666003976142
placo_longsleep__scz_chr17_43325576_45343136	longsleep__scz	rs17688126	rs62054437	17	43765080	1	1	0.99635872	0.997339996556947	0.9946870687322111	503	0.23956262425447317	0.24055666003976142
placo_longsleep__scz_chr17_43325576_45343136	longsleep__scz	rs17761387	rs62054437	17	43765450	1	1	0.9964729	0.997339996556947	0.9946870687322111	503	0.23956262425447317	0.24055666003976142
placo_longsleep__scz_chr17_43325576_45343136	longsleep__scz	rs62055716	rs62054437	17	43765778	1	1	0.99647343	0.997339996556947	0.9946870687322111	503	0.23956262425447317	0.24055666003976142
placo_longsleep__scz_chr17_43325576_45343136	longsleep__scz	rs6503443	rs62054437	17	43765881	1	1	0.8907918	0.9338435911973578	0.872063852820378	503	0.2654075546719682	0.24055666003976142
placo_longsleep__scz_chr17_43325576_45343136	longsleep__scz	rs62055717	rs62054437	17	43766415	1	1	0.9945308	0.994675727649081	0.9893798031742287	503	0.23856858846918488	0.24055666003976142
placo_longsleep__scz_chr17_43325576_45343136	longsleep__scz	rs62055718	rs62054437	17	43766418	1	1	0.9945308	0.994675727649081	0.9893798031742287	503	0.23856858846918488	0.24055666003976142
placo_longsleep__scz_chr17_43325576_45343136	longsleep__scz	rs17688249	rs62054437	17	43766754	1	1	0.99647343	0.997339996556947	0.9946870687322111	503	0.23956262425447317	0.24055666003976142
placo_longsleep__scz_chr17_43325576_45343136	longsleep__scz	rs2040844	rs62054437	17	43767219	1	1	0.99647389	0.997339996556947	0.9946870687322111	503	0.23956262425447317	0.24055666003976142
placo_longsleep__scz_chr17_43325576_45343136	longsleep__scz	rs62055751	rs62054437	17	43767538	1	1	0.99647396	0.997339996556947	0.9946870687322111	503	0.23956262425447317	0.24055666003976142
placo_longsleep__scz_chr17_43325576_45343136	longsleep__scz	rs62055752	rs62054437	17	43767628	1	1	0.99641856	0.997339996556947	0.9946870687322111	503	0.23956262425447317	0.24055666003976142
placo_longsleep__scz_chr17_43325576_45343136	longsleep__scz	rs62055753	rs62054437	17	43767631	1	1	0.99647343	0.997339996556947	0.9946870687322111	503	0.23956262425447317	0.24055666003976142
placo_longsleep__scz_chr17_43325576_45343136	longsleep__scz	rs7215239	rs62054437	17	43767773	1	1	0.89076761	0.9338435911973578	0.872063852820378	503	0.2654075546719682	0.24055666003976142
placo_longsleep__scz_chr17_43325576_45343136	longsleep__scz	rs17688296	rs62054437	17	43767815	1	1	0.99647315	0.997339996556947	0.9946870687322111	503	0.23956262425447317	0.24055666003976142
placo_longsleep__scz_chr17_43325576_45343136	longsleep__scz	rs78471340	rs62054437	17	43768346	1	1	0.99514615	0.997339996556947	0.9946870687322111	503	0.23956262425447317	0.24055666003976142
placo_longsleep__scz_chr17_43325576_45343136	longsleep__scz	rs78052495	rs62054437	17	43768347	1	1	0.9951458	0.997339996556947	0.9946870687322111	503	0.23956262425447317	0.24055666003976142
placo_longsleep__scz_chr17_43325576_45343136	longsleep__scz	rs56100013	rs62054437	17	43768467	1	1	0.99627992	0.997339996556947	0.9946870687322111	503	0.23956262425447317	0.24055666003976142
placo_longsleep__scz_chr17_43325576_45343136	longsleep__scz	rs55980621	rs62054437	17	43768496	1	1	0.99625234	0.997339996556947	0.9946870687322111	503	0.23956262425447317	0.24055666003976142
placo_longsleep__scz_chr17_43325576_45343136	longsleep__scz	rs55669046	rs62054437	17	43768501	1	1	0.996281	0.997339996556947	0.9946870687322111	503	0.23956262425447317	0.24055666003976142
placo_longsleep__scz_chr17_43325576_45343136	longsleep__scz	rs56323832	rs62054437	17	43768633	1	1	0.99627506	0.997339996556947	0.9946870687322111	503	0.23956262425447317	0.24055666003976142
placo_longsleep__scz_chr17_43325576_45343136	longsleep__scz	rs55972157	rs62054437	17	43768703	1	1	0.99647322	0.997339996556947	0.9946870687322111	503	0.23956262425447317	0.24055666003976142
placo_longsleep__scz_chr17_43325576_45343136	longsleep__scz	rs56110538	rs62054437	17	43768727	1	1	0.99641587	0.997339996556947	0.9946870687322111	503	0.23956262425447317	0.24055666003976142
placo_longsleep__scz_chr17_43325576_45343136	longsleep__scz	rs17761581	rs62054437	17	43769088	1	1	0.99647343	0.997339996556947	0.9946870687322111	503	0.23956262425447317	0.24055666003976142
placo_longsleep__scz_chr17_43325576_45343136	longsleep__scz	rs56283089	rs62054437	17	43769321	1	1	0.99647343	0.997339996556947	0.9946870687322111	503	0.23956262425447317	0.24055666003976142
placo_longsleep__scz_chr17_43325576_45343136	longsleep__scz	rs56312737	rs62054437	17	43769516	1	1	0.99647343	0.997339996556947	0.9946870687322111	503	0.23956262425447317	0.24055666003976142
placo_longsleep__scz_chr17_43325576_45343136	longsleep__scz	rs74765707	rs62054437	17	43770416	1	1	0.99649515	0.997339996556947	0.9946870687322111	503	0.23956262425447317	0.24055666003976142
placo_longsleep__scz_chr17_43325576_45343136	longsleep__scz	rs62056861	rs62054437	17	43770443	1	1	0.99649515	0.997339996556947	0.9946870687322111	503	0.23956262425447317	0.24055666003976142
placo_longsleep__scz_chr17_43325576_45343136	longsleep__scz	rs62056862	rs62054437	17	43770525	1	1	0.99649495	0.997339996556947	0.9946870687322111	503	0.23956262425447317	0.24055666003976142
placo_longsleep__scz_chr17_43325576_45343136	longsleep__scz	rs62056863	rs62054437	17	43770595	1	1	0.99651538	0.997339996556947	0.9946870687322111	503	0.23956262425447317	0.24055666003976142
placo_longsleep__scz_chr17_43325576_45343136	longsleep__scz	rs7207373	rs62054437	17	43770712	1	1	0.893063	0.9357265187155326	0.8755841178274899	503	0.2644135188866799	0.24055666003976142
placo_longsleep__scz_chr17_43325576_45343136	longsleep__scz	rs62056864	rs62054437	17	43770995	1	1	0.99653534	0.997339996556947	0.9946870687322111	503	0.23956262425447317	0.24055666003976142
placo_longsleep__scz_chr17_43325576_45343136	longsleep__scz	rs62056865	rs62054437	17	43771193	1	1	0.99653923	0.997339996556947	0.9946870687322111	503	0.23956262425447317	0.24055666003976142
placo_longsleep__scz_chr17_43325576_45343136	longsleep__scz	rs62056866	rs62054437	17	43771493	1	1	0.99656358	0.997339996556947	0.9946870687322111	503	0.23956262425447317	0.24055666003976142
placo_longsleep__scz_chr17_43325576_45343136	longsleep__scz	rs62056867	rs62054437	17	43771627	1	1	0.99656358	0.997339996556947	0.9946870687322111	503	0.23956262425447317	0.24055666003976142
placo_longsleep__scz_chr17_43325576_45343136	longsleep__scz	rs56200760	rs62054437	17	43772018	1	1	0.99658428	0.997339996556947	0.9946870687322111	503	0.23956262425447317	0.24055666003976142
placo_longsleep__scz_chr17_43325576_45343136	longsleep__scz	rs17688391	rs62054437	17	43772109	1	1	0.99658428	0.997339996556947	0.9946870687322111	503	0.23956262425447317	0.24055666003976142
placo_longsleep__scz_chr17_43325576_45343136	longsleep__scz	rs17688410	rs62054437	17	43772251	1	1	0.99655555	0.997339996556947	0.9946870687322111	503	0.23956262425447317	0.24055666003976142
placo_longsleep__scz_chr17_43325576_45343136	longsleep__scz	rs55927630	rs62054437	17	43772407	1	1	0.99658428	0.997339996556947	0.9946870687322111	503	0.23956262425447317	0.24055666003976142
placo_longsleep__scz_chr17_43325576_45343136	longsleep__scz	rs17688434	rs62054437	17	43772540	1	1	0.99658428	0.997339996556947	0.9946870687322111	503	0.23956262425447317	0.24055666003976142
placo_longsleep__scz_chr17_43325576_45343136	longsleep__scz	rs17688452	rs62054437	17	43773085	1	1	0.99658428	0.997339996556947	0.9946870687322111	503	0.23956262425447317	0.24055666003976142
placo_longsleep__scz_chr17_43325576_45343136	longsleep__scz	rs10491144	rs62054437	17	43773124	1	1	0.99658428	0.997339996556947	0.9946870687322111	503	0.23956262425447317	0.24055666003976142
placo_longsleep__scz_chr17_43325576_45343136	longsleep__scz	rs62056869	rs62054437	17	43773447	1	1	0.99660408	0.997339996556947	0.9946870687322111	503	0.23956262425447317	0.24055666003976142
placo_longsleep__scz_chr17_43325576_45343136	longsleep__scz	rs17688511	rs62054437	17	43773607	1	1	0.99660408	0.9946686734218002	0.9893657698866838	503	0.24055666003976142	0.24055666003976142
placo_longsleep__scz_chr17_43325576_45343136	longsleep__scz	rs62056870	rs62054437	17	43773784	1	1	0.99660454	0.997339996556947	0.9946870687322111	503	0.23956262425447317	0.24055666003976142
placo_longsleep__scz_chr17_43325576_45343136	longsleep__scz	rs17688558	rs62054437	17	43773943	1	1	0.99660408	0.997339996556947	0.9946870687322111	503	0.23956262425447317	0.24055666003976142
placo_longsleep__scz_chr17_43325576_45343136	longsleep__scz	rs56391096	rs62054437	17	43774845	1	1	0.99660487	0.997339996556947	0.9946870687322111	503	0.23956262425447317	0.24055666003976142
placo_longsleep__scz_chr17_43325576_45343136	longsleep__scz	rs17761838	rs62054437	17	43774959	1	1	0.99660487	0.997339996556947	0.9946870687322111	503	0.23956262425447317	0.24055666003976142
placo_longsleep__scz_chr17_43325576_45343136	longsleep__scz	rs62056872	rs62054437	17	43775015	1	1	0.99660487	0.997339996556947	0.9946870687322111	503	0.23956262425447317	0.24055666003976142
placo_longsleep__scz_chr17_43325576_45343136	longsleep__scz	rs12150141	rs62054437	17	43775145	1	1	0.99660588	0.997339996556947	0.9946870687322111	503	0.23956262425447317	0.24055666003976142
placo_longsleep__scz_chr17_43325576_45343136	longsleep__scz	rs12150608	rs62054437	17	43775402	1	1	0.99660541	0.997339996556947	0.9946870687322111	503	0.23956262425447317	0.24055666003976142
placo_longsleep__scz_chr17_43325576_45343136	longsleep__scz	rs12150610	rs62054437	17	43775479	1	1	0.99586519	0.997339996556947	0.9946870687322111	503	0.23956262425447317	0.24055666003976142
placo_longsleep__scz_chr17_43325576_45343136	longsleep__scz	rs12150547	rs62054437	17	43775546	1	1	0.99660459	0.997339996556947	0.9946870687322111	503	0.23956262425447317	0.24055666003976142
placo_longsleep__scz_chr17_43325576_45343136	longsleep__scz	rs12150454	rs62054437	17	43776061	1	1	0.99657729	0.997339996556947	0.9946870687322111	503	0.23956262425447317	0.24055666003976142
placo_longsleep__scz_chr17_43325576_45343136	longsleep__scz	rs12150091	rs62054437	17	43776242	1	1	0.99657756	0.997339996556947	0.9946870687322111	503	0.23956262425447317	0.24055666003976142
placo_longsleep__scz_chr17_43325576_45343136	longsleep__scz	rs12150464	rs62054437	17	43776371	1	1	0.99657756	0.997339996556947	0.9946870687322111	503	0.23956262425447317	0.24055666003976142
placo_longsleep__scz_chr17_43325576_45343136	longsleep__scz	rs76761706	rs62054437	17	43776741	1	1	0.99594821	0.997339996556947	0.9946870687322111	503	0.23956262425447317	0.24055666003976142
placo_longsleep__scz_chr17_43325576_45343136	longsleep__scz	rs80143279	rs62054437	17	43776742	1	1	0.99594706	0.997339996556947	0.9946870687322111	503	0.23956262425447317	0.24055666003976142
placo_longsleep__scz_chr17_43325576_45343136	longsleep__scz	rs17761985	rs62054437	17	43776787	1	1	0.99660559	0.997339996556947	0.9946870687322111	503	0.23956262425447317	0.24055666003976142
placo_longsleep__scz_chr17_43325576_45343136	longsleep__scz	rs62056873	rs62054437	17	43776945	1	1	0.99660589	0.997339996556947	0.9946870687322111	503	0.23956262425447317	0.24055666003976142
placo_longsleep__scz_chr17_43325576_45343136	longsleep__scz	rs17688767	rs62054437	17	43777542	1	1	0.99660589	0.997339996556947	0.9946870687322111	503	0.23956262425447317	0.24055666003976142
placo_longsleep__scz_chr17_43325576_45343136	longsleep__scz	rs62056874	rs62054437	17	43777578	1	1	0.99660589	0.997339996556947	0.9946870687322111	503	0.23956262425447317	0.24055666003976142
placo_longsleep__scz_chr17_43325576_45343136	longsleep__scz	rs17688773	rs62054437	17	43777710	1	1	0.99660589	0.997339996556947	0.9946870687322111	503	0.23956262425447317	0.24055666003976142
placo_longsleep__scz_chr17_43325576_45343136	longsleep__scz	rs17762073	rs62054437	17	43777745	0	1	0.99660593	nan	nan	nan	nan	nan
placo_longsleep__scz_chr17_43325576_45343136	longsleep__scz	rs17688875	rs62054437	17	43778406	1	1	0.9965759	0.997339996556947	0.9946870687322111	503	0.23956262425447317	0.24055666003976142
placo_longsleep__scz_chr17_43325576_45343136	longsleep__scz	rs17762165	rs62054437	17	43778602	1	1	0.9966069	0.997339996556947	0.9946870687322111	503	0.23956262425447317	0.24055666003976142
placo_longsleep__scz_chr17_43325576_45343136	longsleep__scz	rs62056876	rs62054437	17	43778752	1	1	0.9956138	0.9946543856252786	0.9893373468436005	503	0.24055666003976142	0.24055666003976142
placo_longsleep__scz_chr17_43325576_45343136	longsleep__scz	rs62056877	rs62054437	17	43778828	1	1	0.99526909	0.9946543856252786	0.9893373468436005	503	0.24055666003976142	0.24055666003976142
placo_longsleep__scz_chr17_43325576_45343136	longsleep__scz	rs17688922	rs62054437	17	43779351	1	1	0.99684923	0.997339996556947	0.9946870687322111	503	0.23956262425447317	0.24055666003976142
placo_longsleep__scz_chr17_43325576_45343136	longsleep__scz	rs1526128	rs62054437	17	43779624	1	1	0.99290061	0.9841180881507451	0.9684884114254777	503	0.2345924453280318	0.24055666003976142
placo_longsleep__scz_chr17_43325576_45343136	longsleep__scz	rs1526129	rs62054437	17	43779657	1	1	0.99690006	0.997339996556947	0.9946870687322111	503	0.23956262425447317	0.24055666003976142
placo_longsleep__scz_chr17_43325576_45343136	longsleep__scz	rs62056878	rs62054437	17	43780561	1	1	0.99684427	0.997339996556947	0.9946870687322111	503	0.23956262425447317	0.24055666003976142
placo_longsleep__scz_chr17_43325576_45343136	longsleep__scz	rs17762308	rs62054437	17	43780948	1	1	0.99610958	0.997339996556947	0.9946870687322111	503	0.23956262425447317	0.24055666003976142
placo_longsleep__scz_chr17_43325576_45343136	longsleep__scz	rs968028	rs62054437	17	43781105	1	1	0.9965345	0.997339996556947	0.9946870687322111	503	0.23956262425447317	0.24055666003976142
placo_longsleep__scz_chr17_43325576_45343136	longsleep__scz	rs968027	rs62054437	17	43781250	1	1	0.99617135	0.997339996556947	0.9946870687322111	503	0.23956262425447317	0.24055666003976142
placo_longsleep__scz_chr17_43325576_45343136	longsleep__scz	rs62056879	rs62054437	17	43781426	1	1	0.99684558	0.997339996556947	0.9946870687322111	503	0.23956262425447317	0.24055666003976142
placo_longsleep__scz_chr17_43325576_45343136	longsleep__scz	rs79892630	rs62054437	17	43781505	1	1	0.9969035	0.997339996556947	0.9946870687322111	503	0.23956262425447317	0.24055666003976142
placo_longsleep__scz_chr17_43325576_45343136	longsleep__scz	rs17762361	rs62054437	17	43781778	1	1	0.99684595	0.997339996556947	0.9946870687322111	503	0.23956262425447317	0.24055666003976142
placo_longsleep__scz_chr17_43325576_45343136	longsleep__scz	rs62056880	rs62054437	17	43782304	1	1	0.99691119	0.997339996556947	0.9946870687322111	503	0.23956262425447317	0.24055666003976142
placo_longsleep__scz_chr17_43325576_45343136	longsleep__scz	rs62056881	rs62054437	17	43782455	1	1	0.99674642	0.997339996556947	0.9946870687322111	503	0.23956262425447317	0.24055666003976142
placo_longsleep__scz_chr17_43325576_45343136	longsleep__scz	rs17689104	rs62054437	17	43782492	1	1	0.99674616	0.997339996556947	0.9946870687322111	503	0.23956262425447317	0.24055666003976142
placo_longsleep__scz_chr17_43325576_45343136	longsleep__scz	rs17689116	rs62054437	17	43782558	1	1	0.99674666	0.997339996556947	0.9946870687322111	503	0.23956262425447317	0.24055666003976142
placo_longsleep__scz_chr17_43325576_45343136	longsleep__scz	rs62056905	rs62054437	17	43782693	1	1	0.9943901	0.9919799866319639	0.9840242938783512	503	0.2415506958250497	0.24055666003976142
placo_longsleep__scz_chr17_43325576_45343136	longsleep__scz	rs62056906	rs62054437	17	43782708	1	1	0.99666437	0.997339996556947	0.9946870687322111	503	0.23956262425447317	0.24055666003976142
placo_longsleep__scz_chr17_43325576_45343136	longsleep__scz	rs62056909	rs62054437	17	43783803	1	1	0.99456336	0.9893657633471631	0.9788446136835147	503	0.23658051689860835	0.24055666003976142
placo_longsleep__scz_chr17_43325576_45343136	longsleep__scz	rs62056910	rs62054437	17	43784222	1	1	0.99651983	0.997339996556947	0.9946870687322111	503	0.23956262425447317	0.24055666003976142
placo_longsleep__scz_chr17_43325576_45343136	longsleep__scz	rs62056911	rs62054437	17	43784624	1	1	0.9971118	0.997339996556947	0.9946870687322111	503	0.23956262425447317	0.24055666003976142
placo_longsleep__scz_chr17_43325576_45343136	longsleep__scz	rs62056912	rs62054437	17	43784948	1	1	0.99705745	0.997339996556947	0.9946870687322111	503	0.23956262425447317	0.24055666003976142
placo_longsleep__scz_chr17_43325576_45343136	longsleep__scz	rs62056913	rs62054437	17	43784994	1	1	0.99666651	0.997339996556947	0.9946870687322111	503	0.23956262425447317	0.24055666003976142
placo_longsleep__scz_chr17_43325576_45343136	longsleep__scz	rs61667602	rs62054437	17	43785349	1	1	0.99696376	0.9946543856252784	0.9893373468436001	503	0.24055666003976142	0.24055666003976142
placo_longsleep__scz_chr17_43325576_45343136	longsleep__scz	rs17689218	rs62054437	17	43785808	1	1	0.99711201	0.997339996556947	0.9946870687322111	503	0.23956262425447317	0.24055666003976142
placo_longsleep__scz_chr17_43325576_45343136	longsleep__scz	rs62056916	rs62054437	17	43785938	1	1	0.99711201	0.997339996556947	0.9946870687322111	503	0.23956262425447317	0.24055666003976142
placo_longsleep__scz_chr17_43325576_45343136	longsleep__scz	rs62056917	rs62054437	17	43786013	1	1	0.99711197	0.997339996556947	0.9946870687322111	503	0.23956262425447317	0.24055666003976142
placo_longsleep__scz_chr17_43325576_45343136	longsleep__scz	rs62056918	rs62054437	17	43786676	1	1	0.99703452	0.997339996556947	0.9946870687322111	503	0.23956262425447317	0.24055666003976142
placo_longsleep__scz_chr17_43325576_45343136	longsleep__scz	rs62056919	rs62054437	17	43786698	1	1	0.99703424	0.997339996556947	0.9946870687322111	503	0.23956262425447317	0.24055666003976142
placo_longsleep__scz_chr17_43325576_45343136	longsleep__scz	rs17762535	rs62054437	17	43787130	1	1	0.99710996	0.997339996556947	0.9946870687322111	503	0.23956262425447317	0.24055666003976142
placo_longsleep__scz_chr17_43325576_45343136	longsleep__scz	rs62056920	rs62054437	17	43787226	1	1	0.99711018	0.997339996556947	0.9946870687322111	503	0.23956262425447317	0.24055666003976142
placo_longsleep__scz_chr17_43325576_45343136	longsleep__scz	rs62056921	rs62054437	17	43787306	1	1	0.99711018	0.997339996556947	0.9946870687322111	503	0.23956262425447317	0.24055666003976142
placo_longsleep__scz_chr17_43325576_45343136	longsleep__scz	rs56290582	rs62054437	17	43788371	1	1	0.99711032	0.997339996556947	0.9946870687322111	503	0.23956262425447317	0.24055666003976142
placo_longsleep__scz_chr17_43325576_45343136	longsleep__scz	rs56397077	rs62054437	17	43788419	1	1	0.99711049	0.997339996556947	0.9946870687322111	503	0.23956262425447317	0.24055666003976142
placo_longsleep__scz_chr17_43325576_45343136	longsleep__scz	rs62056925	rs62054437	17	43788649	1	1	0.99711049	0.997339996556947	0.9946870687322111	503	0.23956262425447317	0.24055666003976142
placo_longsleep__scz_chr17_43325576_45343136	longsleep__scz	rs62056927	rs62054437	17	43788767	1	1	0.99711049	0.997339996556947	0.9946870687322111	503	0.23956262425447317	0.24055666003976142
placo_longsleep__scz_chr17_43325576_45343136	longsleep__scz	rs62056928	rs62054437	17	43788782	1	1	0.99710997	0.997339996556947	0.9946870687322111	503	0.23956262425447317	0.24055666003976142
placo_longsleep__scz_chr17_43325576_45343136	longsleep__scz	rs62056929	rs62054437	17	43789144	1	1	0.99711029	0.997339996556947	0.9946870687322111	503	0.23956262425447317	0.24055666003976142
placo_longsleep__scz_chr17_43325576_45343136	longsleep__scz	rs62056930	rs62054437	17	43789640	1	1	0.99630151	0.9946543856252786	0.9893373468436005	503	0.24055666003976142	0.24055666003976142
placo_longsleep__scz_chr17_43325576_45343136	longsleep__scz	rs62056931	rs62054437	17	43789698	1	1	0.98253952	0.989383808262259	0.9788803200515305	503	0.23658051689860835	0.24055666003976142
placo_longsleep__scz_chr17_43325576_45343136	longsleep__scz	rs62056933	rs62054437	17	43789978	1	1	0.9955784	0.994675727649081	0.9893798031742287	503	0.23856858846918488	0.24055666003976142
placo_longsleep__scz_chr17_43325576_45343136	longsleep__scz	rs62056934	rs62054437	17	43790005	1	1	0.99578902	0.994675727649081	0.9893798031742287	503	0.23856858846918488	0.24055666003976142
placo_longsleep__scz_chr17_43325576_45343136	longsleep__scz	rs79322350	rs62054437	17	43790401	1	1	0.99710822	0.997339996556947	0.9946870687322111	503	0.23956262425447317	0.24055666003976142
placo_longsleep__scz_chr17_43325576_45343136	longsleep__scz	rs62056935	rs62054437	17	43790446	1	1	0.99710756	0.997339996556947	0.9946870687322111	503	0.23956262425447317	0.24055666003976142
placo_longsleep__scz_chr17_43325576_45343136	longsleep__scz	rs75076131	rs62054437	17	43790649	1	1	0.99710668	0.997339996556947	0.9946870687322111	503	0.23956262425447317	0.24055666003976142
placo_longsleep__scz_chr17_43325576_45343136	longsleep__scz	rs62056937	rs62054437	17	43791181	1	1	0.997109	0.997339996556947	0.9946870687322111	503	0.23956262425447317	0.24055666003976142
placo_longsleep__scz_chr17_43325576_45343136	longsleep__scz	rs62056939	rs62054437	17	43791332	1	1	0.99702948	0.997339996556947	0.9946870687322111	503	0.23956262425447317	0.24055666003976142
placo_longsleep__scz_chr17_43325576_45343136	longsleep__scz	rs78803763	rs62054437	17	43791405	0	1	0.99702948	nan	nan	nan	nan	nan
placo_longsleep__scz_chr17_43325576_45343136	longsleep__scz	rs77387379	rs62054437	17	43791429	1	1	0.99702948	0.997339996556947	0.9946870687322111	503	0.23956262425447317	0.24055666003976142
placo_longsleep__scz_chr17_43325576_45343136	longsleep__scz	rs75990322	rs62054437	17	43791468	1	1	0.99702948	0.997339996556947	0.9946870687322111	503	0.23956262425447317	0.24055666003976142
placo_longsleep__scz_chr17_43325576_45343136	longsleep__scz	rs113661667	rs62054437	17	43791610	1	1	0.9971081	0.997339996556947	0.9946870687322111	503	0.23956262425447317	0.24055666003976142
placo_longsleep__scz_chr17_43325576_45343136	longsleep__scz	rs74579538	rs62054437	17	43791652	1	1	0.9971081	0.997339996556947	0.9946870687322111	503	0.23956262425447317	0.24055666003976142
placo_longsleep__scz_chr17_43325576_45343136	longsleep__scz	rs55973918	rs62054437	17	43792252	1	1	0.99697427	0.997339996556947	0.9946870687322111	503	0.23956262425447317	0.24055666003976142
placo_longsleep__scz_chr17_43325576_45343136	longsleep__scz	rs56220242	rs62054437	17	43792326	1	1	0.99677571	0.997339996556947	0.9946870687322111	503	0.23956262425447317	0.24055666003976142
placo_longsleep__scz_chr17_43325576_45343136	longsleep__scz	rs56160448	rs62054437	17	43792358	1	1	0.99674773	0.997339996556947	0.9946870687322111	503	0.23956262425447317	0.24055666003976142
placo_longsleep__scz_chr17_43325576_45343136	longsleep__scz	rs56167560	rs62054437	17	43792411	1	1	0.99470727	0.997339996556947	0.9946870687322111	503	0.23956262425447317	0.24055666003976142
placo_longsleep__scz_chr17_43325576_45343136	longsleep__scz	rs55849973	rs62054437	17	43792418	1	1	0.99470411	0.997339996556947	0.9946870687322111	503	0.23956262425447317	0.24055666003976142
placo_longsleep__scz_chr17_43325576_45343136	longsleep__scz	rs1880749	rs62054437	17	43792586	1	1	0.99696362	0.997339996556947	0.9946870687322111	503	0.23956262425447317	0.24055666003976142
placo_longsleep__scz_chr17_43325576_45343136	longsleep__scz	rs1568951	rs62054437	17	43792895	1	1	0.9969889	0.997339996556947	0.9946870687322111	503	0.23956262425447317	0.24055666003976142
placo_longsleep__scz_chr17_43325576_45343136	longsleep__scz	rs1568950	rs62054437	17	43792896	1	1	0.9969889	0.997339996556947	0.9946870687322111	503	0.23956262425447317	0.24055666003976142
placo_longsleep__scz_chr17_43325576_45343136	longsleep__scz	rs1568949	rs62054437	17	43792975	1	1	0.99710802	0.9946543856252786	0.9893373468436005	503	0.24055666003976142	0.24055666003976142
placo_longsleep__scz_chr17_43325576_45343136	longsleep__scz	rs1105570	rs62054437	17	43793342	1	1	0.99710738	0.997339996556947	0.9946870687322111	503	0.23956262425447317	0.24055666003976142
placo_longsleep__scz_chr17_43325576_45343136	longsleep__scz	rs1105569	rs62054437	17	43793388	1	1	0.99710738	0.997339996556947	0.9946870687322111	503	0.23956262425447317	0.24055666003976142
placo_longsleep__scz_chr17_43325576_45343136	longsleep__scz	rs7502718	rs62054437	17	43793651	1	1	0.99710698	0.997339996556947	0.9946870687322111	503	0.23956262425447317	0.24055666003976142
placo_longsleep__scz_chr17_43325576_45343136	longsleep__scz	rs7502937	rs62054437	17	43793665	1	1	0.9971052	0.997339996556947	0.9946870687322111	503	0.23956262425447317	0.24055666003976142
placo_longsleep__scz_chr17_43325576_45343136	longsleep__scz	rs4479288	rs62054437	17	43793828	1	1	0.99696224	0.9946543856252786	0.9893373468436005	503	0.24055666003976142	0.24055666003976142
placo_longsleep__scz_chr17_43325576_45343136	longsleep__scz	rs4479289	rs62054437	17	43793951	1	1	0.99710342	0.997339996556947	0.9946870687322111	503	0.23956262425447317	0.24055666003976142
placo_longsleep__scz_chr17_43325576_45343136	longsleep__scz	rs4609898	rs62054437	17	43794182	1	1	0.99710566	0.997339996556947	0.9946870687322111	503	0.23956262425447317	0.24055666003976142
placo_longsleep__scz_chr17_43325576_45343136	longsleep__scz	rs75310534	rs62054437	17	43794286	1	1	0.99710579	0.997339996556947	0.9946870687322111	503	0.23956262425447317	0.24055666003976142
placo_longsleep__scz_chr17_43325576_45343136	longsleep__scz	rs76007856	rs62054437	17	43795238	1	1	0.99710251	0.997339996556947	0.9946870687322111	503	0.23956262425447317	0.24055666003976142
placo_longsleep__scz_chr17_43325576_45343136	longsleep__scz	rs111415173	rs62054437	17	43795573	1	1	0.99710251	0.997339996556947	0.9946870687322111	503	0.23956262425447317	0.24055666003976142
placo_longsleep__scz_chr17_43325576_45343136	longsleep__scz	rs113991678	rs62054437	17	43795634	1	1	0.99710251	0.994675727649081	0.9893798031742287	503	0.23856858846918488	0.24055666003976142
placo_longsleep__scz_chr17_43325576_45343136	longsleep__scz	rs112995313	rs62054437	17	43795768	1	1	0.99710251	0.997339996556947	0.9946870687322111	503	0.23956262425447317	0.24055666003976142
placo_longsleep__scz_chr17_43325576_45343136	longsleep__scz	rs56046792	rs62054437	17	43797246	1	1	0.99710254	0.997339996556947	0.9946870687322111	503	0.23956262425447317	0.24055666003976142
placo_longsleep__scz_chr17_43325576_45343136	longsleep__scz	rs56323722	rs62054437	17	43798015	1	1	0.99709925	0.997339996556947	0.9946870687322111	503	0.23956262425447317	0.24055666003976142
placo_longsleep__scz_chr17_43325576_45343136	longsleep__scz	rs55989971	rs62054437	17	43798160	1	1	0.99709903	0.997339996556947	0.9946870687322111	503	0.23956262425447317	0.24055666003976142
placo_longsleep__scz_chr17_43325576_45343136	longsleep__scz	rs55938136	rs62054437	17	43798360	1	1	0.99709903	0.04932374084969627	0.0024328314114079965	503	0.017892644135188873	0.24055666003976142
placo_longsleep__scz_chr17_43325576_45343136	longsleep__scz	rs62056946	rs62054437	17	43798401	1	1	0.99707184	0.997339996556947	0.9946870687322111	503	0.23956262425447317	0.24055666003976142
placo_longsleep__scz_chr17_43325576_45343136	longsleep__scz	rs75403953	rs62054437	17	43798546	1	1	0.9998288	0.997339996556947	0.9946870687322111	503	0.23956262425447317	0.24055666003976142
placo_longsleep__scz_chr17_43325576_45343136	longsleep__scz	rs55838058	rs62054437	17	43798902	1	1	0.99981264	0.997339996556947	0.9946870687322111	503	0.23956262425447317	0.24055666003976142
placo_longsleep__scz_chr17_43325576_45343136	longsleep__scz	rs56062621	rs62054437	17	43798903	1	1	0.9998046	0.997339996556947	0.9946870687322111	503	0.23956262425447317	0.24055666003976142
placo_longsleep__scz_chr17_43325576_45343136	longsleep__scz	rs55962674	rs62054437	17	43799033	1	1	0.99984984	0.997339996556947	0.9946870687322111	503	0.23956262425447317	0.24055666003976142
placo_longsleep__scz_chr17_43325576_45343136	longsleep__scz	rs55896111	rs62054437	17	43799048	1	1	0.99986108	0.997339996556947	0.9946870687322111	503	0.23956262425447317	0.24055666003976142
placo_longsleep__scz_chr17_43325576_45343136	longsleep__scz	rs55787734	rs62054437	17	43799052	1	1	0.9999076	0.997339996556947	0.9946870687322111	503	0.23956262425447317	0.24055666003976142
placo_longsleep__scz_chr17_43325576_45343136	longsleep__scz	rs55653963	rs62054437	17	43799509	1	1	0.99983964	0.997339996556947	0.9946870687322111	503	0.23956262425447317	0.24055666003976142
placo_longsleep__scz_chr17_43325576_45343136	longsleep__scz	rs62054378	rs62054437	17	43799667	1	1	0.99985058	0.997339996556947	0.9946870687322111	503	0.23956262425447317	0.24055666003976142
placo_longsleep__scz_chr17_43325576_45343136	longsleep__scz	rs77819001	rs62054437	17	43799804	1	1	0.99985058	0.997339996556947	0.9946870687322111	503	0.23956262425447317	0.24055666003976142
placo_longsleep__scz_chr17_43325576_45343136	longsleep__scz	rs17563433	rs62054437	17	43800351	1	1	0.99983438	0.997339996556947	0.9946870687322111	503	0.23956262425447317	0.24055666003976142
placo_longsleep__scz_chr17_43325576_45343136	longsleep__scz	rs77370070	rs62054437	17	43800404	1	1	0.99983438	0.997339996556947	0.9946870687322111	503	0.23956262425447317	0.24055666003976142
placo_longsleep__scz_chr17_43325576_45343136	longsleep__scz	rs62054380	rs62054437	17	43800987	1	1	0.999843	0.997339996556947	0.9946870687322111	503	0.23956262425447317	0.24055666003976142
placo_longsleep__scz_chr17_43325576_45343136	longsleep__scz	rs112570965	rs62054437	17	43801092	1	1	0.99983221	0.997339996556947	0.9946870687322111	503	0.23956262425447317	0.24055666003976142
placo_longsleep__scz_chr17_43325576_45343136	longsleep__scz	rs62054381	rs62054437	17	43801185	1	1	0.99982642	0.9946543856252784	0.9893373468436001	503	0.24055666003976142	0.24055666003976142
placo_longsleep__scz_chr17_43325576_45343136	longsleep__scz	rs17649019	rs62054437	17	43801593	1	1	0.99983216	0.997339996556947	0.9946870687322111	503	0.23956262425447317	0.24055666003976142
placo_longsleep__scz_chr17_43325576_45343136	longsleep__scz	rs17563501	rs62054437	17	43801695	1	1	0.99984295	0.997339996556947	0.9946870687322111	503	0.23956262425447317	0.24055666003976142
placo_longsleep__scz_chr17_43325576_45343136	longsleep__scz	rs62054382	rs62054437	17	43802525	1	1	0.999829	0.997339996556947	0.9946870687322111	503	0.23956262425447317	0.24055666003976142
placo_longsleep__scz_chr17_43325576_45343136	longsleep__scz	rs62054383	rs62054437	17	43802907	1	1	0.99982604	0.997339996556947	0.9946870687322111	503	0.23956262425447317	0.24055666003976142
placo_longsleep__scz_chr17_43325576_45343136	longsleep__scz	rs10514879	rs62054437	17	43802971	1	1	0.99982587	0.997339996556947	0.9946870687322111	503	0.23956262425447317	0.24055666003976142
placo_longsleep__scz_chr17_43325576_45343136	longsleep__scz	rs56280222	rs62054437	17	43803788	1	1	0.99983091	0.997339996556947	0.9946870687322111	503	0.23956262425447317	0.24055666003976142
placo_longsleep__scz_chr17_43325576_45343136	longsleep__scz	rs62054384	rs62054437	17	43804306	1	1	0.99984306	0.997339996556947	0.9946870687322111	503	0.23956262425447317	0.24055666003976142
placo_longsleep__scz_chr17_43325576_45343136	longsleep__scz	rs9897399	rs62054437	17	43804317	1	1	0.99892785	0.9946686734218004	0.9893657698866842	503	0.24055666003976142	0.24055666003976142
placo_longsleep__scz_chr17_43325576_45343136	longsleep__scz	rs56380663	rs62054437	17	43804619	1	1	0.99982314	0.997339996556947	0.9946870687322111	503	0.23956262425447317	0.24055666003976142
placo_longsleep__scz_chr17_43325576_45343136	longsleep__scz	rs62054387	rs62054437	17	43805525	1	1	0.99986794	0.997339996556947	0.9946870687322111	503	0.23956262425447317	0.24055666003976142
placo_longsleep__scz_chr17_43325576_45343136	longsleep__scz	rs62054388	rs62054437	17	43805590	1	1	0.99988406	0.997339996556947	0.9946870687322111	503	0.23956262425447317	0.24055666003976142
placo_longsleep__scz_chr17_43325576_45343136	longsleep__scz	rs4401083	rs62054437	17	43806015	1	1	0.99987036	0.997339996556947	0.9946870687322111	503	0.23956262425447317	0.24055666003976142
placo_longsleep__scz_chr17_43325576_45343136	longsleep__scz	rs1880752	rs62054437	17	43806264	1	1	0.99987047	0.997339996556947	0.9946870687322111	503	0.23956262425447317	0.24055666003976142
placo_longsleep__scz_chr17_43325576_45343136	longsleep__scz	rs4617909	rs62054437	17	43806451	1	1	0.99987031	0.997339996556947	0.9946870687322111	503	0.23956262425447317	0.24055666003976142
placo_longsleep__scz_chr17_43325576_45343136	longsleep__scz	rs2902662	rs62054437	17	43806925	1	1	0.99987047	0.997339996556947	0.9946870687322111	503	0.23956262425447317	0.24055666003976142
placo_longsleep__scz_chr17_43325576_45343136	longsleep__scz	rs2864087	rs62054437	17	43807063	1	1	0.99987047	0.997339996556947	0.9946870687322111	503	0.23956262425447317	0.24055666003976142
placo_longsleep__scz_chr17_43325576_45343136	longsleep__scz	rs2902661	rs62054437	17	43807099	1	1	0.99983934	0.997339996556947	0.9946870687322111	503	0.23956262425447317	0.24055666003976142
placo_longsleep__scz_chr17_43325576_45343136	longsleep__scz	rs4609899	rs62054437	17	43807113	1	1	0.99990221	0.997339996556947	0.9946870687322111	503	0.23956262425447317	0.24055666003976142
placo_longsleep__scz_chr17_43325576_45343136	longsleep__scz	rs4471726	rs62054437	17	43807134	1	1	0.99990135	0.997339996556947	0.9946870687322111	503	0.23956262425447317	0.24055666003976142
placo_longsleep__scz_chr17_43325576_45343136	longsleep__scz	rs79226879	rs62054437	17	43807485	1	1	0.99987047	0.997339996556947	0.9946870687322111	503	0.23956262425447317	0.24055666003976142
placo_longsleep__scz_chr17_43325576_45343136	longsleep__scz	rs17563599	rs62054437	17	43807955	1	1	0.99987047	0.997339996556947	0.9946870687322111	503	0.23956262425447317	0.24055666003976142
placo_longsleep__scz_chr17_43325576_45343136	longsleep__scz	rs17649138	rs62054437	17	43808067	1	1	0.99987047	0.997339996556947	0.9946870687322111	503	0.23956262425447317	0.24055666003976142
placo_longsleep__scz_chr17_43325576_45343136	longsleep__scz	rs62054389	rs62054437	17	43808321	1	1	0.99987047	0.997339996556947	0.9946870687322111	503	0.23956262425447317	0.24055666003976142
placo_longsleep__scz_chr17_43325576_45343136	longsleep__scz	rs62054390	rs62054437	17	43808443	1	1	0.99987047	0.9919794432757436	0.9840232158816542	503	0.23956262425447317	0.24055666003976142
placo_longsleep__scz_chr17_43325576_45343136	longsleep__scz	rs55947210	rs62054437	17	43808763	1	1	0.99987047	0.997339996556947	0.9946870687322111	503	0.23956262425447317	0.24055666003976142
placo_longsleep__scz_chr17_43325576_45343136	longsleep__scz	rs62054392	rs62054437	17	43808945	1	1	0.99987047	0.997339996556947	0.9946870687322111	503	0.23956262425447317	0.24055666003976142
placo_longsleep__scz_chr17_43325576_45343136	longsleep__scz	rs4390635	rs62054437	17	43809016	1	1	0.99987047	0.997339996556947	0.9946870687322111	503	0.23956262425447317	0.24055666003976142
placo_longsleep__scz_chr17_43325576_45343136	longsleep__scz	rs62054393	rs62054437	17	43809264	1	1	0.99987047	0.997339996556947	0.9946870687322111	503	0.23956262425447317	0.24055666003976142
placo_longsleep__scz_chr17_43325576_45343136	longsleep__scz	rs75986348	rs62054437	17	43809328	1	1	0.99987047	0.997339996556947	0.9946870687322111	503	0.23956262425447317	0.24055666003976142
placo_longsleep__scz_chr17_43325576_45343136	longsleep__scz	rs77804065	rs62054437	17	43810896	1	1	0.97626651	0.968739808105347	0.9384568158079845	503	0.2504970178926441	0.24055666003976142
placo_longsleep__scz_chr17_43325576_45343136	longsleep__scz	rs77301847	rs62054437	17	43810902	1	1	0.99578905	0.997339996556947	0.9946870687322111	503	0.23956262425447317	0.24055666003976142
placo_longsleep__scz_chr17_43325576_45343136	longsleep__scz	rs62054395	rs62054437	17	43811060	1	1	0.99987047	0.997339996556947	0.9946870687322111	503	0.23956262425447317	0.24055666003976142
placo_longsleep__scz_chr17_43325576_45343136	longsleep__scz	rs17563683	rs62054437	17	43811072	1	1	0.99987111	0.997339996556947	0.9946870687322111	503	0.23956262425447317	0.24055666003976142
placo_longsleep__scz_chr17_43325576_45343136	longsleep__scz	rs62054396	rs62054437	17	43811510	1	1	0.99987253	0.997339996556947	0.9946870687322111	503	0.23956262425447317	0.24055666003976142
placo_longsleep__scz_chr17_43325576_45343136	longsleep__scz	rs17563718	rs62054437	17	43811673	1	1	0.99987253	0.997339996556947	0.9946870687322111	503	0.23956262425447317	0.24055666003976142
placo_longsleep__scz_chr17_43325576_45343136	longsleep__scz	rs62054397	rs62054437	17	43811792	1	1	0.99987253	0.997339996556947	0.9946870687322111	503	0.23956262425447317	0.24055666003976142
placo_longsleep__scz_chr17_43325576_45343136	longsleep__scz	rs4569335	rs62054437	17	43811950	1	1	0.99987253	0.997339996556947	0.9946870687322111	503	0.23956262425447317	0.24055666003976142
placo_longsleep__scz_chr17_43325576_45343136	longsleep__scz	rs1526125	rs62054437	17	43812177	1	1	0.99987253	0.997339996556947	0.9946870687322111	503	0.23956262425447317	0.24055666003976142
placo_longsleep__scz_chr17_43325576_45343136	longsleep__scz	rs1526126	rs62054437	17	43812218	1	1	0.99988086	0.997339996556947	0.9946870687322111	503	0.23956262425447317	0.24055666003976142
placo_longsleep__scz_chr17_43325576_45343136	longsleep__scz	rs62054398	rs62054437	17	43812599	1	1	0.99986592	0.997339996556947	0.9946870687322111	503	0.23956262425447317	0.24055666003976142
placo_longsleep__scz_chr17_43325576_45343136	longsleep__scz	rs62054399	rs62054437	17	43812624	1	1	0.99986592	0.997339996556947	0.9946870687322111	503	0.23956262425447317	0.24055666003976142
placo_longsleep__scz_chr17_43325576_45343136	longsleep__scz	rs62054400	rs62054437	17	43812649	1	1	0.99986592	0.997339996556947	0.9946870687322111	503	0.23956262425447317	0.24055666003976142
placo_longsleep__scz_chr17_43325576_45343136	longsleep__scz	rs62054411	rs62054437	17	43812684	1	1	0.99986592	0.997339996556947	0.9946870687322111	503	0.23956262425447317	0.24055666003976142
placo_longsleep__scz_chr17_43325576_45343136	longsleep__scz	rs62054412	rs62054437	17	43813002	1	1	0.99986592	0.997339996556947	0.9946870687322111	503	0.23956262425447317	0.24055666003976142
placo_longsleep__scz_chr17_43325576_45343136	longsleep__scz	rs62054414	rs62054437	17	43813415	1	1	0.99986592	0.997339996556947	0.9946870687322111	503	0.23956262425447317	0.24055666003976142
placo_longsleep__scz_chr17_43325576_45343136	longsleep__scz	rs10451283	rs62054437	17	43814020	1	1	0.99935365	0.9946543856252784	0.9893373468436001	503	0.24055666003976142	0.24055666003976142
placo_longsleep__scz_chr17_43325576_45343136	longsleep__scz	rs76421814	rs62054437	17	43814427	1	1	0.99986592	0.997339996556947	0.9946870687322111	503	0.23956262425447317	0.24055666003976142
placo_longsleep__scz_chr17_43325576_45343136	longsleep__scz	rs56006248	rs62054437	17	43815141	1	1	0.99986592	0.997339996556947	0.9946870687322111	503	0.23956262425447317	0.24055666003976142
placo_longsleep__scz_chr17_43325576_45343136	longsleep__scz	rs56298110	rs62054437	17	43815336	1	1	0.9998662	0.997339996556947	0.9946870687322111	503	0.23956262425447317	0.24055666003976142
placo_longsleep__scz_chr17_43325576_45343136	longsleep__scz	rs1608955	rs62054437	17	43815713	1	1	0.99986237	0.997339996556947	0.9946870687322111	503	0.23956262425447317	0.24055666003976142
placo_longsleep__scz_chr17_43325576_45343136	longsleep__scz	rs62054417	rs62054437	17	43815859	1	1	0.9998662	0.997339996556947	0.9946870687322111	503	0.23956262425447317	0.24055666003976142
placo_longsleep__scz_chr17_43325576_45343136	longsleep__scz	rs78440279	rs62054437	17	43816052	1	1	0.99986602	0.9946543856252786	0.9893373468436005	503	0.24055666003976142	0.24055666003976142
placo_longsleep__scz_chr17_43325576_45343136	longsleep__scz	rs75500942	rs62054437	17	43816106	1	1	0.99986893	0.997339996556947	0.9946870687322111	503	0.23956262425447317	0.24055666003976142
placo_longsleep__scz_chr17_43325576_45343136	longsleep__scz	rs62054418	rs62054437	17	43816306	1	1	0.99986893	0.997339996556947	0.9946870687322111	503	0.23956262425447317	0.24055666003976142
placo_longsleep__scz_chr17_43325576_45343136	longsleep__scz	rs62054419	rs62054437	17	43816605	1	1	0.9998662	0.997339996556947	0.9946870687322111	503	0.23956262425447317	0.24055666003976142
placo_longsleep__scz_chr17_43325576_45343136	longsleep__scz	rs62054421	rs62054437	17	43816657	1	1	0.9998662	0.9946543856252786	0.9893373468436005	503	0.24055666003976142	0.24055666003976142
placo_longsleep__scz_chr17_43325576_45343136	longsleep__scz	rs17563800	rs62054437	17	43817459	1	1	0.9998662	0.997339996556947	0.9946870687322111	503	0.23956262425447317	0.24055666003976142
placo_longsleep__scz_chr17_43325576_45343136	longsleep__scz	rs56295996	rs62054437	17	43817557	1	1	0.9998662	0.997339996556947	0.9946870687322111	503	0.23956262425447317	0.24055666003976142
placo_longsleep__scz_chr17_43325576_45343136	longsleep__scz	rs56384960	rs62054437	17	43817608	1	1	0.9998662	0.997339996556947	0.9946870687322111	503	0.23956262425447317	0.24055666003976142
placo_longsleep__scz_chr17_43325576_45343136	longsleep__scz	rs56178230	rs62054437	17	43817832	1	1	0.9998662	0.997339996556947	0.9946870687322111	503	0.23956262425447317	0.24055666003976142
placo_longsleep__scz_chr17_43325576_45343136	longsleep__scz	rs80157557	rs62054437	17	43817898	1	1	0.9998662	0.997339996556947	0.9946870687322111	503	0.23956262425447317	0.24055666003976142
placo_longsleep__scz_chr17_43325576_45343136	longsleep__scz	rs76728632	rs62054437	17	43818160	1	1	0.99986571	0.997339996556947	0.9946870687322111	503	0.23956262425447317	0.24055666003976142
placo_longsleep__scz_chr17_43325576_45343136	longsleep__scz	rs17563827	rs62054437	17	43818222	1	1	0.9998662	0.997339996556947	0.9946870687322111	503	0.23956262425447317	0.24055666003976142
placo_longsleep__scz_chr17_43325576_45343136	longsleep__scz	rs80072429	rs62054437	17	43818611	1	1	0.9998662	0.997339996556947	0.9946870687322111	503	0.23956262425447317	0.24055666003976142
placo_longsleep__scz_chr17_43325576_45343136	longsleep__scz	rs77114624	rs62054437	17	43818657	1	1	0.9998662	0.997339996556947	0.9946870687322111	503	0.23956262425447317	0.24055666003976142
placo_longsleep__scz_chr17_43325576_45343136	longsleep__scz	rs76311426	rs62054437	17	43818690	1	1	0.9998662	0.997339996556947	0.9946870687322111	503	0.23956262425447317	0.24055666003976142
placo_longsleep__scz_chr17_43325576_45343136	longsleep__scz	rs17563861	rs62054437	17	43818906	1	1	0.9998662	0.997339996556947	0.9946870687322111	503	0.23956262425447317	0.24055666003976142
placo_longsleep__scz_chr17_43325576_45343136	longsleep__scz	rs62054424	rs62054437	17	43819384	1	1	0.99986619	0.997339996556947	0.9946870687322111	503	0.23956262425447317	0.24055666003976142
placo_longsleep__scz_chr17_43325576_45343136	longsleep__scz	rs17563923	rs62054437	17	43819450	1	1	0.99986626	0.997339996556947	0.9946870687322111	503	0.23956262425447317	0.24055666003976142
placo_longsleep__scz_chr17_43325576_45343136	longsleep__scz	rs62054425	rs62054437	17	43819480	1	1	0.99986637	0.997339996556947	0.9946870687322111	503	0.23956262425447317	0.24055666003976142
placo_longsleep__scz_chr17_43325576_45343136	longsleep__scz	rs62054427	rs62054437	17	43821062	1	1	0.99986666	0.997339996556947	0.9946870687322111	503	0.23956262425447317	0.24055666003976142
placo_longsleep__scz_chr17_43325576_45343136	longsleep__scz	rs74464991	rs62054437	17	43821685	1	1	0.99986666	0.997339996556947	0.9946870687322111	503	0.23956262425447317	0.24055666003976142
placo_longsleep__scz_chr17_43325576_45343136	longsleep__scz	rs2004260	rs62054437	17	43822398	1	1	0.99986656	0.997339996556947	0.9946870687322111	503	0.23956262425447317	0.24055666003976142
placo_longsleep__scz_chr17_43325576_45343136	longsleep__scz	rs62054428	rs62054437	17	43822511	1	1	0.99986678	0.997339996556947	0.9946870687322111	503	0.23956262425447317	0.24055666003976142
placo_longsleep__scz_chr17_43325576_45343136	longsleep__scz	rs62054429	rs62054437	17	43823125	1	1	0.99987409	0.997339996556947	0.9946870687322111	503	0.23956262425447317	0.24055666003976142
placo_longsleep__scz_chr17_43325576_45343136	longsleep__scz	rs76171147	rs62054437	17	43823229	1	1	0.99982861	0.997339996556947	0.9946870687322111	503	0.23956262425447317	0.24055666003976142
placo_longsleep__scz_chr17_43325576_45343136	longsleep__scz	rs75643244	rs62054437	17	43823326	1	1	0.99986701	0.997339996556947	0.9946870687322111	503	0.23956262425447317	0.24055666003976142
placo_longsleep__scz_chr17_43325576_45343136	longsleep__scz	rs62054431	rs62054437	17	43823880	1	1	0.99986666	0.997339996556947	0.9946870687322111	503	0.23956262425447317	0.24055666003976142
placo_longsleep__scz_chr17_43325576_45343136	longsleep__scz	rs62054432	rs62054437	17	43823889	1	1	0.99986666	0.997339996556947	0.9946870687322111	503	0.23956262425447317	0.24055666003976142
placo_longsleep__scz_chr17_43325576_45343136	longsleep__scz	rs111497072	rs62054437	17	43824201	1	1	0.99986666	0.997339996556947	0.9946870687322111	503	0.23956262425447317	0.24055666003976142
placo_longsleep__scz_chr17_43325576_45343136	longsleep__scz	rs62054433	rs62054437	17	43824348	1	1	0.99986666	0.997339996556947	0.9946870687322111	503	0.23956262425447317	0.24055666003976142
placo_longsleep__scz_chr17_43325576_45343136	longsleep__scz	rs62054434	rs62054437	17	43824382	1	1	0.99986666	0.997339996556947	0.9946870687322111	503	0.23956262425447317	0.24055666003976142
placo_longsleep__scz_chr17_43325576_45343136	longsleep__scz	rs12150683	rs62054437	17	43824848	1	1	0.99986666	0.997339996556947	0.9946870687322111	503	0.23956262425447317	0.24055666003976142
placo_longsleep__scz_chr17_43325576_45343136	longsleep__scz	rs12150332	rs62054437	17	43824908	1	1	0.99986666	0.997339996556947	0.9946870687322111	503	0.23956262425447317	0.24055666003976142
placo_longsleep__scz_chr17_43325576_45343136	longsleep__scz	rs75715199	rs62054437	17	43825478	1	1	0.99986637	0.997339996556947	0.9946870687322111	503	0.23956262425447317	0.24055666003976142
placo_longsleep__scz_chr17_43325576_45343136	longsleep__scz	rs62054436	rs62054437	17	43825568	1	1	1	0.997339996556947	0.9946870687322111	503	0.23956262425447317	0.24055666003976142
placo_longsleep__scz_chr17_43325576_45343136	longsleep__scz	rs62054438	rs62054437	17	43825711	1	1	0.99986637	0.997339996556947	0.9946870687322111	503	0.23956262425447317	0.24055666003976142
placo_longsleep__scz_chr17_43325576_45343136	longsleep__scz	rs62054439	rs62054437	17	43825725	1	1	0.99986637	0.997339996556947	0.9946870687322111	503	0.23956262425447317	0.24055666003976142
placo_longsleep__scz_chr17_43325576_45343136	longsleep__scz	rs17334797	rs62054437	17	43825912	1	1	0.99986637	0.997339996556947	0.9946870687322111	503	0.23956262425447317	0.24055666003976142
placo_longsleep__scz_chr17_43325576_45343136	longsleep__scz	rs12150658	rs62054437	17	43826305	1	1	0.99986536	0.997339996556947	0.9946870687322111	503	0.23956262425447317	0.24055666003976142
placo_longsleep__scz_chr17_43325576_45343136	longsleep__scz	rs12150363	rs62054437	17	43826351	1	1	0.99986666	0.997339996556947	0.9946870687322111	503	0.23956262425447317	0.24055666003976142
placo_longsleep__scz_chr17_43325576_45343136	longsleep__scz	rs12150672	rs62054437	17	43826637	1	1	0.99986666	0.997339996556947	0.9946870687322111	503	0.23956262425447317	0.24055666003976142
placo_longsleep__scz_chr17_43325576_45343136	longsleep__scz	rs17334894	rs62054437	17	43827209	1	1	0.99986666	0.997339996556947	0.9946870687322111	503	0.23956262425447317	0.24055666003976142
placo_longsleep__scz_chr17_43325576_45343136	longsleep__scz	rs17334923	rs62054437	17	43827244	1	1	0.99982319	0.997339996556947	0.9946870687322111	503	0.23956262425447317	0.24055666003976142
placo_longsleep__scz_chr17_43325576_45343136	longsleep__scz	rs12150451	rs62054437	17	43827431	1	1	0.9998535	0.997339996556947	0.9946870687322111	503	0.23956262425447317	0.24055666003976142
placo_longsleep__scz_chr17_43325576_45343136	longsleep__scz	rs12150455	rs62054437	17	43827508	1	1	0.99986497	0.997339996556947	0.9946870687322111	503	0.23956262425447317	0.24055666003976142
placo_longsleep__scz_chr17_43325576_45343136	longsleep__scz	rs17334944	rs62054437	17	43828617	1	1	0.99986713	0.9946686734218001	0.9893657698866836	503	0.24055666003976142	0.24055666003976142
placo_longsleep__scz_chr17_43325576_45343136	longsleep__scz	rs17426064	rs62054437	17	43828698	1	1	0.99986651	0.997339996556947	0.9946870687322111	503	0.23956262425447317	0.24055666003976142
placo_longsleep__scz_chr17_43325576_45343136	longsleep__scz	rs79172804	rs62054437	17	43828764	1	1	0.85784451	0.9300986332565334	0.8650834675856715	503	0.21371769383697814	0.24055666003976142
placo_longsleep__scz_chr17_43325576_45343136	longsleep__scz	rs62054442	rs62054437	17	43829353	1	1	0.99984576	0.9946543856252786	0.9893373468436005	503	0.24055666003976142	0.24055666003976142
placo_longsleep__scz_chr17_43325576_45343136	longsleep__scz	rs35879086	rs62054437	17	43830382	1	1	0.99984966	0.997339996556947	0.9946870687322111	503	0.23956262425447317	0.24055666003976142
placo_longsleep__scz_chr17_43325576_45343136	longsleep__scz	rs62055868	rs62054437	17	43830640	1	1	0.99983946	0.997339996556947	0.9946870687322111	503	0.23956262425447317	0.24055666003976142
placo_longsleep__scz_chr17_43325576_45343136	longsleep__scz	rs62055869	rs62054437	17	43830685	1	1	0.99984183	0.997339996556947	0.9946870687322111	503	0.23956262425447317	0.24055666003976142
placo_longsleep__scz_chr17_43325576_45343136	longsleep__scz	rs62055871	rs62054437	17	43831112	1	1	0.99984192	0.997339996556947	0.9946870687322111	503	0.23956262425447317	0.24055666003976142
placo_longsleep__scz_chr17_43325576_45343136	longsleep__scz	rs55645418	rs62054437	17	43832115	1	1	0.99983892	0.997339996556947	0.9946870687322111	503	0.23956262425447317	0.24055666003976142
placo_longsleep__scz_chr17_43325576_45343136	longsleep__scz	rs35631660	rs62054437	17	43832337	1	1	0.99988445	0.997339996556947	0.9946870687322111	503	0.23956262425447317	0.24055666003976142
placo_longsleep__scz_chr17_43325576_45343136	longsleep__scz	rs17426195	rs62054437	17	43832367	1	1	0.99988002	0.997339996556947	0.9946870687322111	503	0.23956262425447317	0.24055666003976142
placo_longsleep__scz_chr17_43325576_45343136	longsleep__scz	rs35282504	rs62054437	17	43832618	1	1	0.99985235	0.997339996556947	0.9946870687322111	503	0.23956262425447317	0.24055666003976142
placo_longsleep__scz_chr17_43325576_45343136	longsleep__scz	rs62055875	rs62054437	17	43832864	1	1	0.99984148	0.997339996556947	0.9946870687322111	503	0.23956262425447317	0.24055666003976142
placo_longsleep__scz_chr17_43325576_45343136	longsleep__scz	rs62055876	rs62054437	17	43832940	1	1	0.99991721	0.9946543856252787	0.9893373468436008	503	0.24055666003976142	0.24055666003976142
placo_longsleep__scz_chr17_43325576_45343136	longsleep__scz	rs34195569	rs62054437	17	43833921	1	1	0.99980888	0.997339996556947	0.9946870687322111	503	0.23956262425447317	0.24055666003976142
placo_longsleep__scz_chr17_43325576_45343136	longsleep__scz	rs34579278	rs62054437	17	43833981	1	1	0.99981756	0.997339996556947	0.9946870687322111	503	0.23956262425447317	0.24055666003976142
placo_longsleep__scz_chr17_43325576_45343136	longsleep__scz	rs34008514	rs62073157	17	43834314	1	1	0.98489001	0.9891989058355038	0.978514475306158	503	0.23956262425447317	0.2415506958250497
placo_longsleep__scz_chr17_43325576_45343136	longsleep__scz	rs12943085	rs62073157	17	43834482	1	1	0.98490319	0.9891989058355038	0.978514475306158	503	0.23956262425447317	0.2415506958250497
placo_longsleep__scz_chr17_43325576_45343136	longsleep__scz	rs7350923	rs62073157	17	43834970	1	1	0.98491614	0.9891989058355038	0.978514475306158	503	0.23956262425447317	0.2415506958250497
placo_longsleep__scz_chr17_43325576_45343136	longsleep__scz	rs11079717	rs62073157	17	43835351	1	1	0.98491614	0.9891989058355038	0.978514475306158	503	0.23956262425447317	0.2415506958250497
placo_longsleep__scz_chr17_43325576_45343136	longsleep__scz	rs62055878	rs62073157	17	43835854	1	1	0.98492344	0.9891989058355038	0.978514475306158	503	0.23956262425447317	0.2415506958250497
placo_longsleep__scz_chr17_43325576_45343136	longsleep__scz	rs74514268	rs62073157	17	43836191	1	1	0.98487215	0.9891989058355038	0.978514475306158	503	0.23956262425447317	0.2415506958250497
placo_longsleep__scz_chr17_43325576_45343136	longsleep__scz	rs12948216	rs62073157	17	43836673	1	1	0.98493309	0.9891989058355038	0.978514475306158	503	0.23956262425447317	0.2415506958250497
placo_longsleep__scz_chr17_43325576_45343136	longsleep__scz	rs56013908	rs62073157	17	43836920	1	1	0.98490835	0.9891989058355038	0.978514475306158	503	0.23956262425447317	0.2415506958250497
placo_longsleep__scz_chr17_43325576_45343136	longsleep__scz	rs56214516	rs62073157	17	43836953	1	1	0.85628146	0.8706613882957088	0.7580512530690111	503	0.1988071570576541	0.2415506958250497
placo_longsleep__scz_chr17_43325576_45343136	longsleep__scz	rs56168907	rs62073157	17	43837091	1	1	0.98488019	0.9891989058355038	0.978514475306158	503	0.23956262425447317	0.2415506958250497
placo_longsleep__scz_chr17_43325576_45343136	longsleep__scz	rs55747440	rs62073157	17	43837115	1	1	0.98490069	0.9891989058355038	0.978514475306158	503	0.23956262425447317	0.2415506958250497
placo_longsleep__scz_chr17_43325576_45343136	longsleep__scz	rs55801356	rs62073157	17	43837237	1	1	0.98487199	0.9891989058355038	0.978514475306158	503	0.23956262425447317	0.2415506958250497
placo_longsleep__scz_chr17_43325576_45343136	longsleep__scz	rs62055884	rs62073157	17	43837567	1	1	0.98486922	0.9891989058355038	0.978514475306158	503	0.23956262425447317	0.2415506958250497
placo_longsleep__scz_chr17_43325576_45343136	longsleep__scz	rs79882507	rs62073157	17	43837782	1	1	0.98492234	0.9891989058355038	0.978514475306158	503	0.23956262425447317	0.2415506958250497
placo_longsleep__scz_chr17_43325576_45343136	longsleep__scz	rs62055885	rs62073157	17	43838014	1	1	0.98497346	0.9891989058355038	0.978514475306158	503	0.23956262425447317	0.2415506958250497
placo_longsleep__scz_chr17_43325576_45343136	longsleep__scz	rs28439278	rs62073157	17	43838071	1	1	0.98497824	0.9891989058355038	0.978514475306158	503	0.23956262425447317	0.2415506958250497
placo_longsleep__scz_chr17_43325576_45343136	longsleep__scz	rs12150621	rs62073157	17	43838482	1	1	0.98503462	0.9891989058355038	0.978514475306158	503	0.23956262425447317	0.2415506958250497
placo_longsleep__scz_chr17_43325576_45343136	longsleep__scz	rs62055886	rs62073157	17	43838678	1	1	0.985214	0.9891989058355038	0.978514475306158	503	0.23956262425447317	0.2415506958250497
placo_longsleep__scz_chr17_43325576_45343136	longsleep__scz	rs62055887	rs62073157	17	43838710	1	1	0.98522435	0.9891989058355038	0.978514475306158	503	0.23956262425447317	0.2415506958250497
placo_longsleep__scz_chr17_43325576_45343136	longsleep__scz	rs62055888	rs62073157	17	43838720	1	1	0.97412239	0.9809191065167401	0.9622022935295996	503	0.23658051689860835	0.2415506958250497
placo_longsleep__scz_chr17_43325576_45343136	longsleep__scz	rs62055889	rs62073157	17	43838919	1	1	0.98493199	0.9891989058355038	0.978514475306158	503	0.23956262425447317	0.2415506958250497
placo_longsleep__scz_chr17_43325576_45343136	longsleep__scz	rs71375313	rs62073157	17	43839253	1	1	0.98506345	0.9891989058355038	0.978514475306158	503	0.23956262425447317	0.2415506958250497
placo_longsleep__scz_chr17_43325576_45343136	longsleep__scz	rs11079719	rs62073157	17	43840006	1	1	0.9822352	0.9837886680885792	0.9678401434595008	503	0.24353876739562624	0.2415506958250497
placo_longsleep__scz_chr17_43325576_45343136	longsleep__scz	rs11079720	rs62073157	17	43840016	1	1	0.98319177	0.9865145791895938	0.9732110149536214	503	0.23856858846918488	0.2415506958250497
placo_longsleep__scz_chr17_43325576_45343136	longsleep__scz	rs11079721	rs62073157	17	43840107	1	1	0.98416785	0.9891989058355038	0.978514475306158	503	0.23956262425447317	0.2415506958250497
placo_longsleep__scz_chr17_43325576_45343136	longsleep__scz	rs62055890	rs62073157	17	43840681	1	1	0.98495616	0.9891989058355038	0.978514475306158	503	0.23956262425447317	0.2415506958250497
placo_longsleep__scz_chr17_43325576_45343136	longsleep__scz	rs77849344	rs62073157	17	43840864	1	1	0.9851809	0.9891989058355038	0.978514475306158	503	0.23956262425447317	0.2415506958250497
placo_longsleep__scz_chr17_43325576_45343136	longsleep__scz	rs79545140	rs62073157	17	43840935	1	1	0.98513273	0.9891989058355038	0.978514475306158	503	0.23956262425447317	0.2415506958250497
placo_longsleep__scz_chr17_43325576_45343136	longsleep__scz	rs11079723	rs62073157	17	43841729	1	1	0.98526266	0.9864757065888051	0.9731343196898823	503	0.24055666003976142	0.2415506958250497
placo_longsleep__scz_chr17_43325576_45343136	longsleep__scz	rs11079724	rs62073157	17	43841912	1	1	0.98509063	0.9891989058355038	0.978514475306158	503	0.23956262425447317	0.2415506958250497
placo_longsleep__scz_chr17_43325576_45343136	longsleep__scz	rs55707339	rs62073157	17	43842462	1	1	0.98493229	0.9865909609964314	0.973361724319862	503	0.24055666003976142	0.2415506958250497
placo_longsleep__scz_chr17_43325576_45343136	longsleep__scz	rs62055893	rs62073157	17	43842494	1	1	0.98494958	0.9891989058355038	0.978514475306158	503	0.23956262425447317	0.2415506958250497
placo_longsleep__scz_chr17_43325576_45343136	longsleep__scz	rs75257002	rs62073157	17	43843395	1	1	0.98544422	0.9864757065888049	0.9731343196898818	503	0.24055666003976142	0.2415506958250497
placo_longsleep__scz_chr17_43325576_45343136	longsleep__scz	rs62055894	rs62073157	17	43843943	1	1	0.98522929	0.9891989058355038	0.978514475306158	503	0.23956262425447317	0.2415506958250497
placo_longsleep__scz_chr17_43325576_45343136	longsleep__scz	rs62055895	rs62073157	17	43844044	1	1	0.98522705	0.9891989058355038	0.978514475306158	503	0.23956262425447317	0.2415506958250497
placo_longsleep__scz_chr17_43325576_45343136	longsleep__scz	rs62055896	rs62073157	17	43844201	1	1	0.98522705	0.9891989058355038	0.978514475306158	503	0.23956262425447317	0.2415506958250497
placo_longsleep__scz_chr17_43325576_45343136	longsleep__scz	rs56194509	rs62073157	17	43844559	1	1	0.98140367	0.9891989058355038	0.978514475306158	503	0.23956262425447317	0.2415506958250497
placo_longsleep__scz_chr17_43325576_45343136	longsleep__scz	rs55657917	rs62073157	17	43844560	1	1	0.98141999	0.9891989058355038	0.978514475306158	503	0.23956262425447317	0.2415506958250497
placo_longsleep__scz_chr17_43325576_45343136	longsleep__scz	rs56082319	rs62073157	17	43844798	1	1	0.98475247	0.9865909609964312	0.9733617243198616	503	0.24055666003976142	0.2415506958250497
placo_longsleep__scz_chr17_43325576_45343136	longsleep__scz	rs56109643	rs62073157	17	43844859	1	1	0.98522928	0.9891989058355038	0.978514475306158	503	0.23956262425447317	0.2415506958250497
placo_longsleep__scz_chr17_43325576_45343136	longsleep__scz	rs62055901	rs62073157	17	43845041	1	1	0.98517253	0.9891989058355038	0.978514475306158	503	0.23956262425447317	0.2415506958250497
placo_longsleep__scz_chr17_43325576_45343136	longsleep__scz	rs62055903	rs62073157	17	43846668	1	1	0.98521019	0.9891989058355038	0.978514475306158	503	0.23956262425447317	0.2415506958250497
placo_longsleep__scz_chr17_43325576_45343136	longsleep__scz	rs111374028	rs62073157	17	43846820	1	1	0.98521019	0.9891989058355038	0.978514475306158	503	0.23956262425447317	0.2415506958250497
placo_longsleep__scz_chr17_43325576_45343136	longsleep__scz	rs113934115	rs62073157	17	43847039	1	1	0.98521102	0.9891989058355038	0.978514475306158	503	0.23956262425447317	0.2415506958250497
placo_longsleep__scz_chr17_43325576_45343136	longsleep__scz	rs62055928	rs62073157	17	43847374	1	1	0.98521389	0.9891989058355038	0.978514475306158	503	0.23956262425447317	0.2415506958250497
placo_longsleep__scz_chr17_43325576_45343136	longsleep__scz	rs56268325	rs62073157	17	43847741	1	1	0.98518754	0.9891989058355038	0.978514475306158	503	0.23956262425447317	0.2415506958250497
placo_longsleep__scz_chr17_43325576_45343136	longsleep__scz	rs56070245	rs62073157	17	43847868	1	1	0.98518247	0.9891989058355038	0.978514475306158	503	0.23956262425447317	0.2415506958250497
placo_longsleep__scz_chr17_43325576_45343136	longsleep__scz	rs56387266	rs62073157	17	43847912	1	1	0.98518334	0.9891989058355038	0.978514475306158	503	0.23956262425447317	0.2415506958250497
placo_longsleep__scz_chr17_43325576_45343136	longsleep__scz	rs34303488	rs62073157	17	43848181	1	1	0.98518578	0.9891989058355038	0.978514475306158	503	0.23956262425447317	0.2415506958250497
placo_longsleep__scz_chr17_43325576_45343136	longsleep__scz	rs62055932	rs62073157	17	43848412	1	1	0.98466312	0.9891989058355038	0.978514475306158	503	0.23956262425447317	0.2415506958250497
placo_longsleep__scz_chr17_43325576_45343136	longsleep__scz	rs62055933	rs62073157	17	43848461	1	1	0.9854654	0.9891989058355038	0.978514475306158	503	0.23956262425447317	0.2415506958250497
placo_longsleep__scz_chr17_43325576_45343136	longsleep__scz	rs62055935	rs62073157	17	43848750	1	1	0.98244923	0.9891989058355038	0.978514475306158	503	0.23956262425447317	0.2415506958250497
placo_longsleep__scz_chr17_43325576_45343136	longsleep__scz	rs62055937	rs62073157	17	43848968	1	1	0.98457832	0.9891989058355038	0.978514475306158	503	0.23956262425447317	0.2415506958250497
placo_longsleep__scz_chr17_43325576_45343136	longsleep__scz	rs76294809	rs62073157	17	43849327	1	1	0.98489336	0.9891989058355038	0.978514475306158	503	0.23956262425447317	0.2415506958250497
placo_longsleep__scz_chr17_43325576_45343136	longsleep__scz	rs75916678	rs62073157	17	43849366	1	1	0.98477299	0.9891989058355038	0.978514475306158	503	0.23956262425447317	0.2415506958250497
placo_longsleep__scz_chr17_43325576_45343136	longsleep__scz	rs79730878	rs62073157	17	43849415	1	1	0.96739113	0.9678272865212587	0.9366896565351026	503	0.24552683896620278	0.2415506958250497
placo_longsleep__scz_chr17_43325576_45343136	longsleep__scz	rs62055938	rs62073157	17	43849656	1	1	0.98499158	0.9891989058355038	0.978514475306158	503	0.23956262425447317	0.2415506958250497
placo_longsleep__scz_chr17_43325576_45343136	longsleep__scz	rs62055940	rs62073157	17	43849896	1	1	0.98483963	0.9891989058355038	0.978514475306158	503	0.23956262425447317	0.2415506958250497
placo_longsleep__scz_chr17_43325576_45343136	longsleep__scz	rs76885724	rs62073157	17	43850519	1	1	0.98483963	0.9891989058355038	0.978514475306158	503	0.23956262425447317	0.2415506958250497
placo_longsleep__scz_chr17_43325576_45343136	longsleep__scz	rs60814418	rs62073157	17	43850645	1	1	0.97717733	0.9785323945831543	0.9575256472486421	503	0.24353876739562624	0.2415506958250497
placo_longsleep__scz_chr17_43325576_45343136	longsleep__scz	rs62055942	rs62073157	17	43850966	1	1	0.98485168	0.9891989058355038	0.978514475306158	503	0.23956262425447317	0.2415506958250497
placo_longsleep__scz_chr17_43325576_45343136	longsleep__scz	rs62055943	rs62073157	17	43851018	1	1	0.98483963	0.9891989058355038	0.978514475306158	503	0.23956262425447317	0.2415506958250497
placo_longsleep__scz_chr17_43325576_45343136	longsleep__scz	rs62055945	rs62073157	17	43851851	1	1	0.98490565	0.9891989058355038	0.978514475306158	503	0.23956262425447317	0.2415506958250497
placo_longsleep__scz_chr17_43325576_45343136	longsleep__scz	rs62055946	rs62073157	17	43851971	1	1	0.98490565	0.9891989058355038	0.978514475306158	503	0.23956262425447317	0.2415506958250497
placo_longsleep__scz_chr17_43325576_45343136	longsleep__scz	rs62055947	rs62073157	17	43852605	1	1	0.98430615	0.9891989058355038	0.978514475306158	503	0.23956262425447317	0.2415506958250497
placo_longsleep__scz_chr17_43325576_45343136	longsleep__scz	rs62055948	rs62073157	17	43852621	1	1	0.98432844	0.9891989058355038	0.978514475306158	503	0.23956262425447317	0.2415506958250497
placo_longsleep__scz_chr17_43325576_45343136	longsleep__scz	rs113871181	rs62073157	17	43852733	1	1	0.98343286	0.9891989058355038	0.978514475306158	503	0.23956262425447317	0.2415506958250497
placo_longsleep__scz_chr17_43325576_45343136	longsleep__scz	rs111370985	rs62073157	17	43852742	1	1	0.98330985	0.9891989058355038	0.978514475306158	503	0.23956262425447317	0.2415506958250497
placo_longsleep__scz_chr17_43325576_45343136	longsleep__scz	rs55787105	rs62073157	17	43853109	1	1	0.98485425	0.9891989058355038	0.978514475306158	503	0.23956262425447317	0.2415506958250497
placo_longsleep__scz_chr17_43325576_45343136	longsleep__scz	rs62055950	rs62073157	17	43853133	1	1	0.98491097	0.9891989058355038	0.978514475306158	503	0.23956262425447317	0.2415506958250497
placo_longsleep__scz_chr17_43325576_45343136	longsleep__scz	rs56043078	rs62073157	17	43853235	1	1	0.9849061	0.9891989058355038	0.978514475306158	503	0.23956262425447317	0.2415506958250497
placo_longsleep__scz_chr17_43325576_45343136	longsleep__scz	rs77965652	rs62073157	17	43853457	1	1	0.9849061	0.9891989058355038	0.978514475306158	503	0.23956262425447317	0.2415506958250497
placo_longsleep__scz_chr17_43325576_45343136	longsleep__scz	rs55849949	rs62073157	17	43853526	1	1	0.9849061	0.9891989058355038	0.978514475306158	503	0.23956262425447317	0.2415506958250497
placo_longsleep__scz_chr17_43325576_45343136	longsleep__scz	rs56303031	rs62073157	17	43853922	1	1	0.98417722	0.9891989058355038	0.978514475306158	503	0.23956262425447317	0.2415506958250497
placo_longsleep__scz_chr17_43325576_45343136	longsleep__scz	rs55991914	rs62073157	17	43854267	1	1	0.9849061	0.9891989058355038	0.978514475306158	503	0.23956262425447317	0.2415506958250497
placo_longsleep__scz_chr17_43325576_45343136	longsleep__scz	rs62055955	rs62073157	17	43854340	1	1	0.98479984	0.9865909609964312	0.9733617243198616	503	0.24055666003976142	0.2415506958250497
placo_longsleep__scz_chr17_43325576_45343136	longsleep__scz	rs62055956	rs62073157	17	43854449	1	1	0.984136	0.9865909609964312	0.9733617243198616	503	0.24055666003976142	0.2415506958250497
placo_longsleep__scz_chr17_43325576_45343136	longsleep__scz	rs62055957	rs62073157	17	43854536	1	1	0.984734	0.9865909609964312	0.9733617243198616	503	0.24055666003976142	0.2415506958250497
placo_longsleep__scz_chr17_43325576_45343136	longsleep__scz	rs4074462	rs62073157	17	43855228	1	1	0.98399851	0.9865909609964312	0.9733617243198616	503	0.24055666003976142	0.2415506958250497
placo_longsleep__scz_chr17_43325576_45343136	longsleep__scz	rs35076622	rs62073157	17	43856458	1	1	0.48362987	0.7227522457406748	0.5223708087231888	503	0.37673956262425445	0.2415506958250497
placo_longsleep__scz_chr17_43325576_45343136	longsleep__scz	rs62057062	rs62073157	17	43856710	1	1	0.98485652	0.9891989058355038	0.978514475306158	503	0.23956262425447317	0.2415506958250497
placo_longsleep__scz_chr17_43325576_45343136	longsleep__scz	rs62057063	rs62073157	17	43856730	1	1	0.98503617	0.9891989058355038	0.978514475306158	503	0.23956262425447317	0.2415506958250497
placo_longsleep__scz_chr17_43325576_45343136	longsleep__scz	rs62057064	rs62073157	17	43857033	1	1	0.98490195	0.9891989058355038	0.978514475306158	503	0.23956262425447317	0.2415506958250497
placo_longsleep__scz_chr17_43325576_45343136	longsleep__scz	rs76830096	rs62073157	17	43857129	1	1	0.98493487	0.9891989058355038	0.978514475306158	503	0.23956262425447317	0.2415506958250497
placo_longsleep__scz_chr17_43325576_45343136	longsleep__scz	rs62057065	rs62073157	17	43858187	1	1	0.98498063	0.9891989058355038	0.978514475306158	503	0.23956262425447317	0.2415506958250497
placo_longsleep__scz_chr17_43325576_45343136	longsleep__scz	rs62057067	rs62073157	17	43858326	1	1	0.98490957	0.9891989058355038	0.978514475306158	503	0.23956262425447317	0.2415506958250497
placo_longsleep__scz_chr17_43325576_45343136	longsleep__scz	rs78917495	rs62073157	17	43858482	1	1	0.98487295	0.9891989058355038	0.978514475306158	503	0.23956262425447317	0.2415506958250497
placo_longsleep__scz_chr17_43325576_45343136	longsleep__scz	rs62057068	rs62073157	17	43858629	1	1	0.984878	0.9891989058355038	0.978514475306158	503	0.23956262425447317	0.2415506958250497
placo_longsleep__scz_chr17_43325576_45343136	longsleep__scz	rs62057069	rs62073157	17	43859065	1	1	0.98484762	0.9891989058355038	0.978514475306158	503	0.23956262425447317	0.2415506958250497
placo_longsleep__scz_chr17_43325576_45343136	longsleep__scz	rs62057070	rs62073157	17	43859640	1	1	0.98483937	0.9891989058355038	0.978514475306158	503	0.23956262425447317	0.2415506958250497
placo_longsleep__scz_chr17_43325576_45343136	longsleep__scz	rs62057073	rs62073157	17	43861117	1	1	0.98243562	0.9891989058355038	0.978514475306158	503	0.23956262425447317	0.2415506958250497
placo_longsleep__scz_chr17_43325576_45343136	longsleep__scz	rs56319902	rs62073157	17	43871982	1	1	0.97818722	0.9891989058355038	0.978514475306158	503	0.23956262425447317	0.2415506958250497
placo_longsleep__scz_chr17_43325576_45343136	longsleep__scz	rs55943044	rs62073157	17	43872228	1	1	0.98087657	0.9891989058355038	0.978514475306158	503	0.23956262425447317	0.2415506958250497
placo_longsleep__scz_chr17_43325576_45343136	longsleep__scz	rs80184151	rs62073157	17	43879308	1	1	0.98366974	0.9891989058355038	0.978514475306158	503	0.23956262425447317	0.2415506958250497
placo_longsleep__scz_chr17_43325576_45343136	longsleep__scz	rs17689378	rs62073157	17	43881790	1	1	0.98363036	0.9837807921778688	0.9678246470581152	503	0.23956262425447317	0.2415506958250497
placo_longsleep__scz_chr17_43325576_45343136	longsleep__scz	rs62057101	rs62073157	17	43885291	1	1	0.98401309	0.9891989058355038	0.978514475306158	503	0.23956262425447317	0.2415506958250497
placo_longsleep__scz_chr17_43325576_45343136	longsleep__scz	rs62057103	rs62073157	17	43887480	1	1	0.98346403	0.9891989058355038	0.978514475306158	503	0.23956262425447317	0.2415506958250497
placo_longsleep__scz_chr17_43325576_45343136	longsleep__scz	rs55915917	rs62073157	17	43892784	1	1	0.98132524	0.951231938151802	0.9048422001600336	503	0.22564612326043737	0.2415506958250497
placo_longsleep__scz_chr17_43325576_45343136	longsleep__scz	rs55668363	rs62073157	17	43892788	1	1	0.98300339	0.9543201199898818	0.9107268914175023	503	0.22465208747514911	0.2415506958250497
placo_longsleep__scz_chr17_43325576_45343136	longsleep__scz	rs17689471	rs62073157	17	43892973	1	1	0.98382165	0.9891989058355038	0.978514475306158	503	0.23956262425447317	0.2415506958250497
placo_longsleep__scz_chr17_43325576_45343136	longsleep__scz	rs117365970	rs62073157	17	43893259	1	1	0.98394669	0.9891989058355038	0.978514475306158	503	0.23956262425447317	0.2415506958250497
placo_longsleep__scz_chr17_43325576_45343136	longsleep__scz	rs117646503	rs62073157	17	43893260	1	1	0.98382606	0.9891989058355038	0.978514475306158	503	0.23956262425447317	0.2415506958250497
placo_longsleep__scz_chr17_43325576_45343136	longsleep__scz	rs17762769	rs62073157	17	43893403	1	1	0.98380574	0.9891989058355038	0.978514475306158	503	0.23956262425447317	0.2415506958250497
placo_longsleep__scz_chr17_43325576_45343136	longsleep__scz	rs8072451	rs62073157	17	43893716	1	1	0.98293584	0.9891989058355038	0.978514475306158	503	0.23956262425447317	0.2415506958250497
placo_longsleep__scz_chr17_43325576_45343136	longsleep__scz	rs8073146	rs62073157	17	43893751	1	1	0.98305048	0.9891989058355038	0.978514475306158	503	0.23956262425447317	0.2415506958250497
placo_longsleep__scz_chr17_43325576_45343136	longsleep__scz	rs28364025	rs62073157	17	43894102	1	1	0.98377374	0.9891989058355038	0.978514475306158	503	0.23956262425447317	0.2415506958250497
placo_longsleep__scz_chr17_43325576_45343136	longsleep__scz	rs28364023	rs62073157	17	43894159	1	1	0.98380284	0.9891989058355038	0.978514475306158	503	0.23956262425447317	0.2415506958250497
placo_longsleep__scz_chr17_43325576_45343136	longsleep__scz	rs55779147	rs62073157	17	43894510	1	1	0.98381757	0.9891989058355038	0.978514475306158	503	0.23956262425447317	0.2415506958250497
placo_longsleep__scz_chr17_43325576_45343136	longsleep__scz	rs56357543	rs62073157	17	43894547	1	1	0.98327203	0.9891989058355038	0.978514475306158	503	0.23956262425447317	0.2415506958250497
placo_longsleep__scz_chr17_43325576_45343136	longsleep__scz	rs56099546	rs62073157	17	43894609	1	1	0.98326894	0.9891989058355038	0.978514475306158	503	0.23956262425447317	0.2415506958250497
placo_longsleep__scz_chr17_43325576_45343136	longsleep__scz	rs739645	rs62073157	17	43894990	1	1	0.98379588	0.9891989058355038	0.978514475306158	503	0.23956262425447317	0.2415506958250497
placo_longsleep__scz_chr17_43325576_45343136	longsleep__scz	rs2316763	rs62073157	17	43895530	1	1	0.98383971	0.9891989058355038	0.978514475306158	503	0.23956262425447317	0.2415506958250497
placo_longsleep__scz_chr17_43325576_45343136	longsleep__scz	rs2316764	rs62073157	17	43895602	1	1	0.98390858	0.9891989058355038	0.978514475306158	503	0.23956262425447317	0.2415506958250497
placo_longsleep__scz_chr17_43325576_45343136	longsleep__scz	rs4277389	rs62073157	17	43895653	1	1	0.98392805	0.9891989058355038	0.978514475306158	503	0.23956262425447317	0.2415506958250497
placo_longsleep__scz_chr17_43325576_45343136	longsleep__scz	rs4566211	rs62073157	17	43895696	1	1	0.98384538	0.9891989058355038	0.978514475306158	503	0.23956262425447317	0.2415506958250497
placo_longsleep__scz_chr17_43325576_45343136	longsleep__scz	rs4566212	rs62073157	17	43895751	1	1	0.98383263	0.9891989058355038	0.978514475306158	503	0.23956262425447317	0.2415506958250497
placo_longsleep__scz_chr17_43325576_45343136	longsleep__scz	rs4309444	rs62073157	17	43895797	1	1	0.98388978	0.9891989058355038	0.978514475306158	503	0.23956262425447317	0.2415506958250497
placo_longsleep__scz_chr17_43325576_45343136	longsleep__scz	rs62057107	rs62073157	17	43896032	1	1	0.98364866	0.9891989058355038	0.978514475306158	503	0.23956262425447317	0.2415506958250497
placo_longsleep__scz_chr17_43325576_45343136	longsleep__scz	rs12150390	rs62073157	17	43896228	1	1	0.98379588	0.9891989058355038	0.978514475306158	503	0.23956262425447317	0.2415506958250497
placo_longsleep__scz_chr17_43325576_45343136	longsleep__scz	rs62057108	rs62073157	17	43896616	1	1	0.98386469	0.9891989058355038	0.978514475306158	503	0.23956262425447317	0.2415506958250497
placo_longsleep__scz_chr17_43325576_45343136	longsleep__scz	rs62057109	rs62073157	17	43896637	1	1	0.98386469	0.9891989058355038	0.978514475306158	503	0.23956262425447317	0.2415506958250497
placo_longsleep__scz_chr17_43325576_45343136	longsleep__scz	rs78074121	rs62073157	17	43896690	1	1	0.9833195	0.9891989058355038	0.978514475306158	503	0.23956262425447317	0.2415506958250497
placo_longsleep__scz_chr17_43325576_45343136	longsleep__scz	rs62057110	rs62073157	17	43896734	1	1	0.98386469	0.9891989058355038	0.978514475306158	503	0.23956262425447317	0.2415506958250497
placo_longsleep__scz_chr17_43325576_45343136	longsleep__scz	rs62057111	rs62073157	17	43897130	1	1	0.98363256	0.9891989058355038	0.978514475306158	503	0.23956262425447317	0.2415506958250497
placo_longsleep__scz_chr17_43325576_45343136	longsleep__scz	rs78587102	rs62073157	17	43897246	1	1	0.98382235	0.9891989058355038	0.978514475306158	503	0.23956262425447317	0.2415506958250497
placo_longsleep__scz_chr17_43325576_45343136	longsleep__scz	rs78506181	rs62073157	17	43897480	1	1	0.98369841	0.9891989058355038	0.978514475306158	503	0.23956262425447317	0.2415506958250497
placo_longsleep__scz_chr17_43325576_45343136	longsleep__scz	rs79600142	rs62073157	17	43897722	1	1	0.9845127	0.9891989058355038	0.978514475306158	503	0.23956262425447317	0.2415506958250497
placo_longsleep__scz_chr17_43325576_45343136	longsleep__scz	rs111739681	rs62073157	17	43898459	1	1	0.98458368	0.9891989058355038	0.978514475306158	503	0.23956262425447317	0.2415506958250497
placo_longsleep__scz_chr17_43325576_45343136	longsleep__scz	rs17762882	rs62073157	17	43898887	1	1	0.98362951	0.9891989058355038	0.978514475306158	503	0.23956262425447317	0.2415506958250497
placo_longsleep__scz_chr17_43325576_45343136	longsleep__scz	rs17762912	rs62073157	17	43899161	1	1	0.98345205	0.9891989058355038	0.978514475306158	503	0.23956262425447317	0.2415506958250497
placo_longsleep__scz_chr17_43325576_45343136	longsleep__scz	rs62057114	rs62073157	17	43899401	1	1	0.98345483	0.9891989058355038	0.978514475306158	503	0.23956262425447317	0.2415506958250497
placo_longsleep__scz_chr17_43325576_45343136	longsleep__scz	rs78917479	rs62073157	17	43899611	1	1	0.98345483	0.9891989058355038	0.978514475306158	503	0.23956262425447317	0.2415506958250497
placo_longsleep__scz_chr17_43325576_45343136	longsleep__scz	rs62057116	rs62073157	17	43899655	1	1	0.98350187	0.9891989058355038	0.978514475306158	503	0.23956262425447317	0.2415506958250497
placo_longsleep__scz_chr17_43325576_45343136	longsleep__scz	rs62057118	rs62073157	17	43899727	1	1	0.98350243	0.9891989058355038	0.978514475306158	503	0.23956262425447317	0.2415506958250497
placo_longsleep__scz_chr17_43325576_45343136	longsleep__scz	rs62057119	rs62073157	17	43899736	1	1	0.98345428	0.9891989058355038	0.978514475306158	503	0.23956262425447317	0.2415506958250497
placo_longsleep__scz_chr17_43325576_45343136	longsleep__scz	rs17762954	rs62073157	17	43899786	1	1	0.983417	0.9891989058355038	0.978514475306158	503	0.23956262425447317	0.2415506958250497
placo_longsleep__scz_chr17_43325576_45343136	longsleep__scz	rs55638417	rs62073157	17	43900434	1	1	0.98350256	0.9891989058355038	0.978514475306158	503	0.23956262425447317	0.2415506958250497
placo_longsleep__scz_chr17_43325576_45343136	longsleep__scz	rs79501144	rs62073157	17	43900697	1	1	0.98367482	0.9891989058355038	0.978514475306158	503	0.23956262425447317	0.2415506958250497
placo_longsleep__scz_chr17_43325576_45343136	longsleep__scz	rs112137135	rs62073157	17	43900817	1	1	0.98367482	0.9891989058355038	0.978514475306158	503	0.23956262425447317	0.2415506958250497
placo_longsleep__scz_chr17_43325576_45343136	longsleep__scz	rs62057122	rs62073157	17	43901001	1	1	0.98329613	0.9891989058355038	0.978514475306158	503	0.23956262425447317	0.2415506958250497
placo_longsleep__scz_chr17_43325576_45343136	longsleep__scz	rs62057123	rs62073157	17	43901238	1	1	0.98367482	0.9891989058355038	0.978514475306158	503	0.23956262425447317	0.2415506958250497
placo_longsleep__scz_chr17_43325576_45343136	longsleep__scz	rs62057143	rs62073157	17	43901528	1	1	0.98360633	0.9891989058355038	0.978514475306158	503	0.23956262425447317	0.2415506958250497
placo_longsleep__scz_chr17_43325576_45343136	longsleep__scz	rs62057144	rs62073157	17	43901558	1	1	0.98343168	0.9891989058355038	0.978514475306158	503	0.23956262425447317	0.2415506958250497
placo_longsleep__scz_chr17_43325576_45343136	longsleep__scz	rs4335809	rs62073157	17	43902216	1	1	0.98360797	0.9891989058355038	0.978514475306158	503	0.23956262425447317	0.2415506958250497
placo_longsleep__scz_chr17_43325576_45343136	longsleep__scz	rs4341787	rs62073157	17	43902505	1	1	0.98360797	0.9864757065888051	0.9731343196898823	503	0.24055666003976142	0.2415506958250497
placo_longsleep__scz_chr17_43325576_45343136	longsleep__scz	rs4523962	rs62073157	17	43902522	1	1	0.98360797	0.9891989058355038	0.978514475306158	503	0.23956262425447317	0.2415506958250497
placo_longsleep__scz_chr17_43325576_45343136	longsleep__scz	rs4327090	rs62073157	17	43902541	1	1	0.88087319	0.88910381855008	0.7905056001603337	503	0.20377733598409542	0.2415506958250497
placo_longsleep__scz_chr17_43325576_45343136	longsleep__scz	rs3885074	rs62073157	17	43902738	1	1	0.98360613	0.9891989058355038	0.978514475306158	503	0.23956262425447317	0.2415506958250497
placo_longsleep__scz_chr17_43325576_45343136	longsleep__scz	rs3885075	rs62073157	17	43902799	1	1	0.98360797	0.9891989058355038	0.978514475306158	503	0.23956262425447317	0.2415506958250497
placo_longsleep__scz_chr17_43325576_45343136	longsleep__scz	rs41280116	rs62073157	17	43902842	1	1	0.98360797	0.9891989058355038	0.978514475306158	503	0.23956262425447317	0.2415506958250497
placo_longsleep__scz_chr17_43325576_45343136	longsleep__scz	rs34283254	rs62073157	17	43902861	1	1	0.98360797	0.9891989058355038	0.978514475306158	503	0.23956262425447317	0.2415506958250497
placo_longsleep__scz_chr17_43325576_45343136	longsleep__scz	rs1912151	rs62073157	17	43902944	1	1	0.98360379	0.9891989058355038	0.978514475306158	503	0.23956262425447317	0.2415506958250497
placo_longsleep__scz_chr17_43325576_45343136	longsleep__scz	rs1396862	rs62073157	17	43902997	1	1	0.98360526	0.9891989058355038	0.978514475306158	503	0.23956262425447317	0.2415506958250497
placo_longsleep__scz_chr17_43325576_45343136	longsleep__scz	rs41280118	rs62073157	17	43903089	1	1	0.98360544	0.9891989058355038	0.978514475306158	503	0.23956262425447317	0.2415506958250497
placo_longsleep__scz_chr17_43325576_45343136	longsleep__scz	rs62057146	rs62073157	17	43903106	1	1	0.98363595	0.9891989058355038	0.978514475306158	503	0.23956262425447317	0.2415506958250497
placo_longsleep__scz_chr17_43325576_45343136	longsleep__scz	rs62057147	rs62073157	17	43903298	1	1	0.98205787	0.9891989058355038	0.978514475306158	503	0.23956262425447317	0.2415506958250497
placo_longsleep__scz_chr17_43325576_45343136	longsleep__scz	rs17763050	rs62073157	17	43903336	1	1	0.98350449	0.9891989058355038	0.978514475306158	503	0.23956262425447317	0.2415506958250497
placo_longsleep__scz_chr17_43325576_45343136	longsleep__scz	rs62057149	rs62073157	17	43903546	1	1	0.98360484	0.9891989058355038	0.978514475306158	503	0.23956262425447317	0.2415506958250497
placo_longsleep__scz_chr17_43325576_45343136	longsleep__scz	rs62057150	rs62073157	17	43903548	1	1	0.98360484	0.9891989058355038	0.978514475306158	503	0.23956262425447317	0.2415506958250497
placo_longsleep__scz_chr17_43325576_45343136	longsleep__scz	rs62057151	rs62073157	17	43903842	1	1	0.9478291	0.9710522660320858	0.9429425033660488	503	0.24652087475149106	0.2415506958250497
placo_longsleep__scz_chr17_43325576_45343136	longsleep__scz	rs17689824	rs62073157	17	43904397	1	1	0.98360971	0.9891989058355038	0.978514475306158	503	0.23956262425447317	0.2415506958250497
placo_longsleep__scz_chr17_43325576_45343136	longsleep__scz	rs62057153	rs62073157	17	43904528	1	1	0.98360971	0.9891989058355038	0.978514475306158	503	0.23956262425447317	0.2415506958250497
placo_longsleep__scz_chr17_43325576_45343136	longsleep__scz	rs62057154	rs62073157	17	43904610	1	1	0.98360971	0.9891989058355038	0.978514475306158	503	0.23956262425447317	0.2415506958250497
placo_longsleep__scz_chr17_43325576_45343136	longsleep__scz	rs62057155	rs62073157	17	43904673	1	1	0.98360971	0.9891989058355038	0.978514475306158	503	0.23956262425447317	0.2415506958250497
placo_longsleep__scz_chr17_43325576_45343136	longsleep__scz	rs78872653	rs62073157	17	43905134	1	1	0.98361481	0.9891989058355038	0.978514475306158	503	0.23956262425447317	0.2415506958250497
placo_longsleep__scz_chr17_43325576_45343136	longsleep__scz	rs17763086	rs62073157	17	43905481	1	1	0.98363507	0.9891989058355038	0.978514475306158	503	0.23956262425447317	0.2415506958250497
placo_longsleep__scz_chr17_43325576_45343136	longsleep__scz	rs17425752	rs62073157	17	43906726	1	1	0.98289457	0.9865145791895938	0.9732110149536214	503	0.23856858846918488	0.2415506958250497
placo_longsleep__scz_chr17_43325576_45343136	longsleep__scz	rs17689882	rs62073157	17	43906828	1	1	0.98190526	0.9865145791895938	0.9732110149536214	503	0.23856858846918488	0.2415506958250497
placo_longsleep__scz_chr17_43325576_45343136	longsleep__scz	rs62057158	rs62073157	17	43907143	1	1	0.9836295	0.9891989058355038	0.978514475306158	503	0.23956262425447317	0.2415506958250497
placo_longsleep__scz_chr17_43325576_45343136	longsleep__scz	rs1876831	rs62073157	17	43907745	1	1	0.98361621	0.9891989058355038	0.978514475306158	503	0.23956262425447317	0.2415506958250497
placo_longsleep__scz_chr17_43325576_45343136	longsleep__scz	rs16940665	rs62073157	17	43907896	1	1	0.98361621	0.9891989058355038	0.978514475306158	503	0.23956262425447317	0.2415506958250497
placo_longsleep__scz_chr17_43325576_45343136	longsleep__scz	rs16940668	rs62073157	17	43907966	1	1	0.98364852	0.9891989058355038	0.978514475306158	503	0.23956262425447317	0.2415506958250497
placo_longsleep__scz_chr17_43325576_45343136	longsleep__scz	rs16940671	rs62073157	17	43908151	1	1	0.98188666	0.9891989058355038	0.978514475306158	503	0.23956262425447317	0.2415506958250497
placo_longsleep__scz_chr17_43325576_45343136	longsleep__scz	rs16940672	rs62073157	17	43908152	1	1	0.98210176	0.9891989058355038	0.978514475306158	503	0.23956262425447317	0.2415506958250497
placo_longsleep__scz_chr17_43325576_45343136	longsleep__scz	rs55865707	rs62073157	17	43908826	1	1	0.98361734	0.9891989058355038	0.978514475306158	503	0.23956262425447317	0.2415506958250497
placo_longsleep__scz_chr17_43325576_45343136	longsleep__scz	rs62054760	rs62073157	17	43908989	1	1	0.98405124	0.9811756320590459	0.9627056209464682	503	0.23658051689860835	0.2415506958250497
placo_longsleep__scz_chr17_43325576_45343136	longsleep__scz	rs62054761	rs62073157	17	43909008	1	1	0.98404494	0.9811756320590459	0.9627056209464682	503	0.23658051689860835	0.2415506958250497
placo_longsleep__scz_chr17_43325576_45343136	longsleep__scz	rs62054762	rs62073157	17	43909022	1	1	0.98405662	0.9811756320590459	0.9627056209464682	503	0.23658051689860835	0.2415506958250497
placo_longsleep__scz_chr17_43325576_45343136	longsleep__scz	rs17689918	rs62073157	17	43910088	1	1	0.98345825	0.9891989058355038	0.978514475306158	503	0.23956262425447317	0.2415506958250497
placo_longsleep__scz_chr17_43325576_45343136	longsleep__scz	rs17763199	rs62073157	17	43910183	1	1	0.98367156	0.9864282830898637	0.9730407576796164	503	0.23856858846918488	0.2415506958250497
placo_longsleep__scz_chr17_43325576_45343136	longsleep__scz	rs16940674	rs62073157	17	43910507	1	1	0.98361239	0.9891989058355038	0.978514475306158	503	0.23956262425447317	0.2415506958250497
placo_longsleep__scz_chr17_43325576_45343136	longsleep__scz	rs16940676	rs62073157	17	43911036	1	1	0.98358101	0.9865145791895938	0.9732110149536214	503	0.23856858846918488	0.2415506958250497
placo_longsleep__scz_chr17_43325576_45343136	longsleep__scz	rs1876830	rs62073157	17	43911352	1	1	0.98361239	0.9891989058355038	0.978514475306158	503	0.23956262425447317	0.2415506958250497
placo_longsleep__scz_chr17_43325576_45343136	longsleep__scz	rs41457044	rs62073157	17	43911424	1	1	0.98361183	0.9837807921778688	0.9678246470581152	503	0.23956262425447317	0.2415506958250497
placo_longsleep__scz_chr17_43325576_45343136	longsleep__scz	rs1876829	rs62073157	17	43911443	1	1	0.98361239	0.9891989058355038	0.978514475306158	503	0.23956262425447317	0.2415506958250497
placo_longsleep__scz_chr17_43325576_45343136	longsleep__scz	rs1876828	rs62073157	17	43911525	1	1	0.98361239	0.9891989058355038	0.978514475306158	503	0.23956262425447317	0.2415506958250497
placo_longsleep__scz_chr17_43325576_45343136	longsleep__scz	rs1876827	rs62073157	17	43911832	1	1	0.98361239	0.9891989058355038	0.978514475306158	503	0.23956262425447317	0.2415506958250497
placo_longsleep__scz_chr17_43325576_45343136	longsleep__scz	rs16940677	rs62073157	17	43911898	1	1	0.98359629	0.9891989058355038	0.978514475306158	503	0.23956262425447317	0.2415506958250497
placo_longsleep__scz_chr17_43325576_45343136	longsleep__scz	rs28364021	rs62073157	17	43912282	1	1	0.98358785	0.9891989058355038	0.978514475306158	503	0.23956262425447317	0.2415506958250497
placo_longsleep__scz_chr17_43325576_45343136	longsleep__scz	rs2316765	rs62073157	17	43912454	1	1	0.98360064	0.9891989058355038	0.978514475306158	503	0.23956262425447317	0.2415506958250497
placo_longsleep__scz_chr17_43325576_45343136	longsleep__scz	rs878887	rs62073157	17	43912582	1	1	0.98362409	0.9891989058355038	0.978514475306158	503	0.23956262425447317	0.2415506958250497
placo_longsleep__scz_chr17_43325576_45343136	longsleep__scz	rs878888	rs62073157	17	43912635	1	1	0.98362409	0.9891989058355038	0.978514475306158	503	0.23956262425447317	0.2415506958250497
placo_longsleep__scz_chr17_43325576_45343136	longsleep__scz	rs4525537	rs62073157	17	43912723	1	1	0.98362409	0.9891989058355038	0.978514475306158	503	0.23956262425447317	0.2415506958250497
placo_longsleep__scz_chr17_43325576_45343136	longsleep__scz	rs4482334	rs62073157	17	43912830	1	1	0.98362409	0.9891989058355038	0.978514475306158	503	0.23956262425447317	0.2415506958250497
placo_longsleep__scz_chr17_43325576_45343136	longsleep__scz	rs56127111	rs62073157	17	43913315	1	1	0.98360013	0.9891989058355038	0.978514475306158	503	0.23956262425447317	0.2415506958250497
placo_longsleep__scz_chr17_43325576_45343136	longsleep__scz	rs75104593	rs62073157	17	43913557	1	1	0.98436052	0.9838938831546457	0.9680471733091275	503	0.2415506958250497	0.2415506958250497
placo_longsleep__scz_chr17_43325576_45343136	longsleep__scz	rs74998289	rs62073157	17	43913558	1	1	0.98436686	0.9838938831546457	0.9680471733091275	503	0.2415506958250497	0.2415506958250497
placo_longsleep__scz_chr17_43325576_45343136	longsleep__scz	rs10445362	rs62073157	17	43914554	1	1	0.98357739	0.9891989058355038	0.978514475306158	503	0.23956262425447317	0.2415506958250497
placo_longsleep__scz_chr17_43325576_45343136	longsleep__scz	rs10445363	rs62073157	17	43914558	1	1	0.98357739	0.9891989058355038	0.978514475306158	503	0.23956262425447317	0.2415506958250497
placo_longsleep__scz_chr17_43325576_45343136	longsleep__scz	rs62054803	rs62073157	17	43914728	1	1	0.98354959	0.9891989058355038	0.978514475306158	503	0.23956262425447317	0.2415506958250497
placo_longsleep__scz_chr17_43325576_45343136	longsleep__scz	rs62054804	rs62073157	17	43914809	1	1	0.98221313	0.9891989058355038	0.978514475306158	503	0.23956262425447317	0.2415506958250497
placo_longsleep__scz_chr17_43325576_45343136	longsleep__scz	rs62054805	rs62073157	17	43915054	1	1	0.98357739	0.9891989058355038	0.978514475306158	503	0.23956262425447317	0.2415506958250497
placo_longsleep__scz_chr17_43325576_45343136	longsleep__scz	rs62054806	rs62073157	17	43915312	1	1	0.98357739	0.9891989058355038	0.978514475306158	503	0.23956262425447317	0.2415506958250497
placo_longsleep__scz_chr17_43325576_45343136	longsleep__scz	rs10445364	rs62073157	17	43916356	1	1	0.9835742	0.9891989058355038	0.978514475306158	503	0.23956262425447317	0.2415506958250497
placo_longsleep__scz_chr17_43325576_45343136	longsleep__scz	rs10445333	rs62073157	17	43916509	1	1	0.98386306	0.9891989058355038	0.978514475306158	503	0.23956262425447317	0.2415506958250497
placo_longsleep__scz_chr17_43325576_45343136	longsleep__scz	rs17690176	rs62073157	17	43916773	1	1	0.98380068	0.9865909609964312	0.9733617243198616	503	0.24055666003976142	0.2415506958250497
placo_longsleep__scz_chr17_43325576_45343136	longsleep__scz	rs78328427	rs62073157	17	43916932	1	1	0.98389758	0.9891989058355038	0.978514475306158	503	0.23956262425447317	0.2415506958250497
placo_longsleep__scz_chr17_43325576_45343136	longsleep__scz	rs77692262	rs62073157	17	43917086	1	1	0.98385877	0.9891989058355038	0.978514475306158	503	0.23956262425447317	0.2415506958250497
placo_longsleep__scz_chr17_43325576_45343136	longsleep__scz	rs56023973	rs62073157	17	43917776	1	1	0.9838655	0.9891989058355038	0.978514475306158	503	0.23956262425447317	0.2415506958250497
placo_longsleep__scz_chr17_43325576_45343136	longsleep__scz	rs17763515	rs62073157	17	43917818	1	1	0.98386564	0.9891989058355038	0.978514475306158	503	0.23956262425447317	0.2415506958250497
placo_longsleep__scz_chr17_43325576_45343136	longsleep__scz	rs17763533	rs62073157	17	43918190	1	1	0.98386188	0.9891989058355038	0.978514475306158	503	0.23956262425447317	0.2415506958250497
placo_longsleep__scz_chr17_43325576_45343136	longsleep__scz	rs62054809	rs62073157	17	43918239	1	1	0.98383475	0.9891989058355038	0.978514475306158	503	0.23956262425447317	0.2415506958250497
placo_longsleep__scz_chr17_43325576_45343136	longsleep__scz	rs112583797	rs62073157	17	43918418	1	1	0.98386569	0.9891989058355038	0.978514475306158	503	0.23956262425447317	0.2415506958250497
placo_longsleep__scz_chr17_43325576_45343136	longsleep__scz	rs74922289	rs62073157	17	43918524	1	1	0.98386188	0.9891989058355038	0.978514475306158	503	0.23956262425447317	0.2415506958250497
placo_longsleep__scz_chr17_43325576_45343136	longsleep__scz	rs56971664	rs62073157	17	43918613	1	1	0.98375019	0.9891989058355038	0.978514475306158	503	0.23956262425447317	0.2415506958250497
placo_longsleep__scz_chr17_43325576_45343136	longsleep__scz	rs2106785	rs62073157	17	43919105	1	1	0.98096055	0.9865145791895938	0.9732110149536214	503	0.23856858846918488	0.2415506958250497
placo_longsleep__scz_chr17_43325576_45343136	longsleep__scz	rs56150806	rs62073157	17	43919301	1	1	0.98386404	0.9891989058355038	0.978514475306158	503	0.23956262425447317	0.2415506958250497
placo_longsleep__scz_chr17_43325576_45343136	longsleep__scz	rs17690314	rs62073157	17	43919884	1	1	0.98386188	0.9891989058355038	0.978514475306158	503	0.23956262425447317	0.2415506958250497
placo_longsleep__scz_chr17_43325576_45343136	longsleep__scz	rs56233672	rs62073157	17	43920300	1	1	0.98386153	0.9891989058355038	0.978514475306158	503	0.23956262425447317	0.2415506958250497
placo_longsleep__scz_chr17_43325576_45343136	longsleep__scz	rs56354807	rs62073157	17	43920378	1	1	0.98386153	0.9891989058355038	0.978514475306158	503	0.23956262425447317	0.2415506958250497
placo_longsleep__scz_chr17_43325576_45343136	longsleep__scz	rs55718212	rs62073157	17	43920411	1	1	0.9838317	0.9891989058355038	0.978514475306158	503	0.23956262425447317	0.2415506958250497
placo_longsleep__scz_chr17_43325576_45343136	longsleep__scz	rs17690326	rs62073157	17	43920974	1	1	0.98386088	0.9891989058355038	0.978514475306158	503	0.23956262425447317	0.2415506958250497
placo_longsleep__scz_chr17_43325576_45343136	longsleep__scz	rs17763596	rs62073157	17	43921210	1	1	0.98386102	0.9891989058355038	0.978514475306158	503	0.23956262425447317	0.2415506958250497
placo_longsleep__scz_chr17_43325576_45343136	longsleep__scz	rs17763634	rs62073157	17	43921754	1	1	0.98387753	0.9891989058355038	0.978514475306158	503	0.23956262425447317	0.2415506958250497
placo_longsleep__scz_chr17_43325576_45343136	longsleep__scz	rs62621252	rs62073157	17	43922942	1	1	0.97914467	0.9891989058355038	0.978514475306158	503	0.23956262425447317	0.2415506958250497
placo_longsleep__scz_chr17_43325576_45343136	longsleep__scz	rs62054815	rs62073157	17	43923266	1	1	0.98355089	0.9891989058355038	0.978514475306158	503	0.23956262425447317	0.2415506958250497
placo_longsleep__scz_chr17_43325576_45343136	longsleep__scz	rs12185268	rs62073157	17	43923683	1	1	0.98312137	0.9891989058355038	0.978514475306158	503	0.23956262425447317	0.2415506958250497
placo_longsleep__scz_chr17_43325576_45343136	longsleep__scz	rs12185235	rs62073157	17	43923703	1	1	0.98377018	0.9891989058355038	0.978514475306158	503	0.23956262425447317	0.2415506958250497
placo_longsleep__scz_chr17_43325576_45343136	longsleep__scz	rs11079725	rs62073157	17	43923934	1	1	0.98386466	0.9891989058355038	0.978514475306158	503	0.23956262425447317	0.2415506958250497
placo_longsleep__scz_chr17_43325576_45343136	longsleep__scz	rs12373123	rs62073157	17	43924073	1	1	0.98364062	0.9891989058355038	0.978514475306158	503	0.23956262425447317	0.2415506958250497
placo_longsleep__scz_chr17_43325576_45343136	longsleep__scz	rs12373139	rs62073157	17	43924130	1	1	0.98386491	0.9891989058355038	0.978514475306158	503	0.23956262425447317	0.2415506958250497
placo_longsleep__scz_chr17_43325576_45343136	longsleep__scz	rs12373124	rs62073157	17	43924219	1	1	0.98209553	0.9891989058355038	0.978514475306158	503	0.23956262425447317	0.2415506958250497
placo_longsleep__scz_chr17_43325576_45343136	longsleep__scz	rs12373140	rs62073157	17	43924231	1	1	0.98206719	0.9891989058355038	0.978514475306158	503	0.23956262425447317	0.2415506958250497
placo_longsleep__scz_chr17_43325576_45343136	longsleep__scz	rs12373168	rs62073157	17	43924337	1	1	0.9769988	0.9813790228662154	0.9631047865218476	503	0.24254473161033796	0.2415506958250497
placo_longsleep__scz_chr17_43325576_45343136	longsleep__scz	rs17690661	rs62073157	17	43924521	1	1	0.98388519	0.9891989058355038	0.978514475306158	503	0.23956262425447317	0.2415506958250497
placo_longsleep__scz_chr17_43325576_45343136	longsleep__scz	rs55943825	rs62073157	17	43924776	1	1	0.9838852	0.9891989058355038	0.978514475306158	503	0.23956262425447317	0.2415506958250497
placo_longsleep__scz_chr17_43325576_45343136	longsleep__scz	rs17690679	rs62073157	17	43924803	1	1	0.98387003	0.9891989058355038	0.978514475306158	503	0.23956262425447317	0.2415506958250497
placo_longsleep__scz_chr17_43325576_45343136	longsleep__scz	rs17690703	rs62073157	17	43925297	1	1	0.79849925	0.8997058713382589	0.8094706549205356	503	0.27634194831013914	0.2415506958250497
placo_longsleep__scz_chr17_43325576_45343136	longsleep__scz	rs17769490	rs62073157	17	43925605	1	1	0.98092619	0.9865909609964312	0.9733617243198616	503	0.24055666003976142	0.2415506958250497
placo_longsleep__scz_chr17_43325576_45343136	longsleep__scz	rs77063768	rs62073157	17	43925729	1	1	0.98092619	0.9865909609964312	0.9733617243198616	503	0.24055666003976142	0.2415506958250497
placo_longsleep__scz_chr17_43325576_45343136	longsleep__scz	rs62054817	rs62073157	17	43925966	1	1	0.98082487	0.9865909609964312	0.9733617243198616	503	0.24055666003976142	0.2415506958250497
placo_longsleep__scz_chr17_43325576_45343136	longsleep__scz	rs62054818	rs62073157	17	43926056	1	1	0.98092554	0.9865909609964312	0.9733617243198616	503	0.24055666003976142	0.2415506958250497
placo_longsleep__scz_chr17_43325576_45343136	longsleep__scz	rs62054819	rs62073157	17	43926149	1	1	0.98069056	0.9865909609964312	0.9733617243198616	503	0.24055666003976142	0.2415506958250497
placo_longsleep__scz_chr17_43325576_45343136	longsleep__scz	rs62054820	rs62073157	17	43926755	1	1	0.98112762	0.9865909609964312	0.9733617243198616	503	0.24055666003976142	0.2415506958250497
placo_longsleep__scz_chr17_43325576_45343136	longsleep__scz	rs56113217	rs62073157	17	43926948	1	1	0.9810076	0.9865909609964312	0.9733617243198616	503	0.24055666003976142	0.2415506958250497
placo_longsleep__scz_chr17_43325576_45343136	longsleep__scz	rs56269136	rs62073157	17	43926992	1	1	0.9808822	0.9865909609964312	0.9733617243198616	503	0.24055666003976142	0.2415506958250497
placo_longsleep__scz_chr17_43325576_45343136	longsleep__scz	rs56385754	rs62073157	17	43927255	1	1	0.98112747	0.9865909609964312	0.9733617243198616	503	0.24055666003976142	0.2415506958250497
placo_longsleep__scz_chr17_43325576_45343136	longsleep__scz	rs17769552	rs62073157	17	43927290	1	1	0.97047988	0.9649931329933008	0.9312117467242264	503	0.23260437375745527	0.2415506958250497
placo_longsleep__scz_chr17_43325576_45343136	longsleep__scz	rs62054822	rs62073157	17	43927708	1	1	0.98087077	0.9865909609964312	0.9733617243198616	503	0.24055666003976142	0.2415506958250497
placo_longsleep__scz_chr17_43325576_45343136	longsleep__scz	rs885639	rs62073157	17	43928614	1	1	0.98134321	0.9865909609964312	0.9733617243198616	503	0.24055666003976142	0.2415506958250497
placo_longsleep__scz_chr17_43325576_45343136	longsleep__scz	rs62054823	rs62073157	17	43929029	1	1	0.98033276	0.9812023878713504	0.9627581259644399	503	0.24055666003976142	0.2415506958250497
placo_longsleep__scz_chr17_43325576_45343136	longsleep__scz	rs62054824	rs62073157	17	43929992	1	1	0.98487539	0.9891989058355038	0.978514475306158	503	0.23956262425447317	0.2415506958250497
placo_longsleep__scz_chr17_43325576_45343136	longsleep__scz	rs62054825	rs62073157	17	43930033	1	1	0.98487475	0.9864757065888049	0.9731343196898818	503	0.24055666003976142	0.2415506958250497
placo_longsleep__scz_chr17_43325576_45343136	longsleep__scz	rs79589869	rs62073157	17	43930238	1	1	0.98515891	0.9891989058355038	0.978514475306158	503	0.23956262425447317	0.2415506958250497
placo_longsleep__scz_chr17_43325576_45343136	longsleep__scz	rs2316769	rs62073157	17	43930798	1	1	0.98509466	0.9891989058355038	0.978514475306158	503	0.23956262425447317	0.2415506958250497
placo_longsleep__scz_chr17_43325576_45343136	longsleep__scz	rs2873268	rs62073157	17	43930955	1	1	0.98458263	0.9891989058355038	0.978514475306158	503	0.23956262425447317	0.2415506958250497
placo_longsleep__scz_chr17_43325576_45343136	longsleep__scz	rs4340365	rs62073157	17	43930980	1	1	0.98441861	0.9891989058355038	0.978514475306158	503	0.23956262425447317	0.2415506958250497
placo_longsleep__scz_chr17_43325576_45343136	longsleep__scz	rs2873269	rs62073157	17	43931122	1	1	0.98512509	0.9891989058355038	0.978514475306158	503	0.23956262425447317	0.2415506958250497
placo_longsleep__scz_chr17_43325576_45343136	longsleep__scz	rs56329743	rs62073157	17	43931245	1	1	0.98532496	0.9891989058355038	0.978514475306158	503	0.23956262425447317	0.2415506958250497
placo_longsleep__scz_chr17_43325576_45343136	longsleep__scz	rs56288604	rs62073157	17	43931380	1	1	0.98536081	0.9891989058355038	0.978514475306158	503	0.23956262425447317	0.2415506958250497
placo_longsleep__scz_chr17_43325576_45343136	longsleep__scz	rs17690987	rs62073157	17	43931626	1	1	0.9852007	0.9891989058355038	0.978514475306158	503	0.23956262425447317	0.2415506958250497
placo_longsleep__scz_chr17_43325576_45343136	longsleep__scz	rs56146262	rs62073157	17	43931907	1	1	0.98513227	0.9891989058355038	0.978514475306158	503	0.23956262425447317	0.2415506958250497
placo_longsleep__scz_chr17_43325576_45343136	longsleep__scz	rs55942528	rs62073157	17	43932028	1	1	0.9838625	0.9891989058355038	0.978514475306158	503	0.23956262425447317	0.2415506958250497
placo_longsleep__scz_chr17_43325576_45343136	longsleep__scz	rs56254732	rs62073157	17	43932049	1	1	0.98396799	0.9891989058355038	0.978514475306158	503	0.23956262425447317	0.2415506958250497
placo_longsleep__scz_chr17_43325576_45343136	longsleep__scz	rs56323304	rs62073157	17	43932129	1	1	0.98203602	0.9865909609964314	0.973361724319862	503	0.24055666003976142	0.2415506958250497
placo_longsleep__scz_chr17_43325576_45343136	longsleep__scz	rs55751924	rs62073157	17	43932155	1	1	0.98378515	0.9891989058355038	0.978514475306158	503	0.23956262425447317	0.2415506958250497
placo_longsleep__scz_chr17_43325576_45343136	longsleep__scz	rs55660209	rs62073157	17	43932173	1	1	0.9826226	0.9467489387677894	0.8963335530579355	503	0.2216699801192843	0.2415506958250497
placo_longsleep__scz_chr17_43325576_45343136	longsleep__scz	rs113856644	rs62073157	17	43932277	1	1	0.98527551	0.9891989058355038	0.978514475306158	503	0.23956262425447317	0.2415506958250497
placo_longsleep__scz_chr17_43325576_45343136	longsleep__scz	rs62054831	rs62073157	17	43932381	1	1	0.98486372	0.9891989058355038	0.978514475306158	503	0.23956262425447317	0.2415506958250497
placo_longsleep__scz_chr17_43325576_45343136	longsleep__scz	rs4627402	rs62073157	17	43932741	1	1	0.98106204	0.983840180677677	0.9679415011158841	503	0.23757455268389663	0.2415506958250497
NA	longsleep__scz	rs10445367	NA	17	43932798	0	0	NA	nan	nan	nan	nan	nan
placo_longsleep__scz_chr17_43325576_45343136	longsleep__scz	rs62054832	rs62073157	17	43933579	1	1	0.98679178	0.9811756320590459	0.9627056209464682	503	0.23658051689860835	0.2415506958250497
placo_longsleep__scz_chr17_43325576_45343136	longsleep__scz	rs62054833	rs62073157	17	43933673	1	1	0.98702223	0.9864757065888049	0.9731343196898818	503	0.24055666003976142	0.2415506958250497
placo_longsleep__scz_chr17_43325576_45343136	longsleep__scz	rs62054834	rs62073157	17	43934314	1	1	0.98687425	0.9891989058355038	0.978514475306158	503	0.23956262425447317	0.2415506958250497
placo_longsleep__scz_chr17_43325576_45343136	longsleep__scz	rs62054835	rs62073157	17	43934672	1	1	0.98694857	0.9891989058355038	0.978514475306158	503	0.23956262425447317	0.2415506958250497
placo_longsleep__scz_chr17_43325576_45343136	longsleep__scz	rs10445369	rs62073157	17	43934776	1	1	0.98691251	0.9891989058355038	0.978514475306158	503	0.23956262425447317	0.2415506958250497
placo_longsleep__scz_chr17_43325576_45343136	longsleep__scz	rs10445334	rs62073157	17	43934826	1	1	0.98677152	0.9891989058355038	0.978514475306158	503	0.23956262425447317	0.2415506958250497
placo_longsleep__scz_chr17_43325576_45343136	longsleep__scz	rs10445336	rs62073157	17	43934948	1	1	0.98667747	0.9891989058355038	0.978514475306158	503	0.23956262425447317	0.2415506958250497
placo_longsleep__scz_chr17_43325576_45343136	longsleep__scz	rs10445370	rs62073157	17	43935118	1	1	0.986931	0.9891989058355038	0.978514475306158	503	0.23956262425447317	0.2415506958250497
placo_longsleep__scz_chr17_43325576_45343136	longsleep__scz	rs55996632	rs62073157	17	43935888	1	1	0.98613116	0.9891989058355038	0.978514475306158	503	0.23956262425447317	0.2415506958250497
placo_longsleep__scz_chr17_43325576_45343136	longsleep__scz	rs55886302	rs62073157	17	43936011	1	1	0.98695438	0.9891989058355038	0.978514475306158	503	0.23956262425447317	0.2415506958250497
placo_longsleep__scz_chr17_43325576_45343136	longsleep__scz	rs56136075	rs62073157	17	43936298	1	1	0.98695438	0.9891989058355038	0.978514475306158	503	0.23956262425447317	0.2415506958250497
placo_longsleep__scz_chr17_43325576_45343136	longsleep__scz	rs62054841	rs62073157	17	43937104	1	1	0.98696249	0.9891989058355038	0.978514475306158	503	0.23956262425447317	0.2415506958250497
placo_longsleep__scz_chr17_43325576_45343136	longsleep__scz	rs62054842	rs62073157	17	43937162	1	1	0.98696249	0.9891989058355038	0.978514475306158	503	0.23956262425447317	0.2415506958250497
placo_longsleep__scz_chr17_43325576_45343136	longsleep__scz	rs62054843	rs62073157	17	43937184	1	1	0.98695483	0.9891989058355038	0.978514475306158	503	0.23956262425447317	0.2415506958250497
placo_longsleep__scz_chr17_43325576_45343136	longsleep__scz	rs62054844	rs62073157	17	43937333	1	1	0.98695438	0.9891989058355038	0.978514475306158	503	0.23956262425447317	0.2415506958250497
placo_longsleep__scz_chr17_43325576_45343136	longsleep__scz	rs76627340	rs62073157	17	43937460	1	1	0.98687298	0.9891989058355038	0.978514475306158	503	0.23956262425447317	0.2415506958250497
placo_longsleep__scz_chr17_43325576_45343136	longsleep__scz	rs75945623	rs62073157	17	43937505	1	1	0.98669966	0.9891989058355038	0.978514475306158	503	0.23956262425447317	0.2415506958250497
placo_longsleep__scz_chr17_43325576_45343136	longsleep__scz	rs79889833	rs62073157	17	43937633	1	1	0.98687298	0.9891989058355038	0.978514475306158	503	0.23956262425447317	0.2415506958250497
placo_longsleep__scz_chr17_43325576_45343136	longsleep__scz	rs77625338	rs62073157	17	43937671	1	1	0.98687298	0.9891989058355038	0.978514475306158	503	0.23956262425447317	0.2415506958250497
placo_longsleep__scz_chr17_43325576_45343136	longsleep__scz	rs77489223	rs62073157	17	43937736	1	1	0.98687298	0.9891989058355038	0.978514475306158	503	0.23956262425447317	0.2415506958250497
placo_longsleep__scz_chr17_43325576_45343136	longsleep__scz	rs55888391	rs62073157	17	43938107	1	1	0.98695438	0.9891989058355038	0.978514475306158	503	0.23956262425447317	0.2415506958250497
placo_longsleep__scz_chr17_43325576_45343136	longsleep__scz	rs76329216	rs62073157	17	43938499	1	1	0.98695438	0.9891989058355038	0.978514475306158	503	0.23956262425447317	0.2415506958250497
placo_longsleep__scz_chr17_43325576_45343136	longsleep__scz	rs62054846	rs62073157	17	43938634	1	1	0.98695438	0.9891989058355038	0.978514475306158	503	0.23956262425447317	0.2415506958250497
placo_longsleep__scz_chr17_43325576_45343136	longsleep__scz	rs55646970	rs62073157	17	43938796	1	1	0.98695438	0.9891989058355038	0.978514475306158	503	0.23956262425447317	0.2415506958250497
placo_longsleep__scz_chr17_43325576_45343136	longsleep__scz	rs55673092	rs62073157	17	43938882	1	1	0.98695429	0.9891989058355038	0.978514475306158	503	0.23956262425447317	0.2415506958250497
placo_longsleep__scz_chr17_43325576_45343136	longsleep__scz	rs56347602	rs62073157	17	43939255	1	1	0.98692583	0.9891989058355038	0.978514475306158	503	0.23956262425447317	0.2415506958250497
placo_longsleep__scz_chr17_43325576_45343136	longsleep__scz	rs56249080	rs62073157	17	43939432	1	1	0.98695421	0.9891989058355038	0.978514475306158	503	0.23956262425447317	0.2415506958250497
placo_longsleep__scz_chr17_43325576_45343136	longsleep__scz	rs55719714	rs62073157	17	43939638	1	1	0.98674065	0.9891989058355038	0.978514475306158	503	0.23956262425447317	0.2415506958250497
placo_longsleep__scz_chr17_43325576_45343136	longsleep__scz	rs56299858	rs62073157	17	43939659	1	1	0.98674115	0.9891989058355038	0.978514475306158	503	0.23956262425447317	0.2415506958250497
placo_longsleep__scz_chr17_43325576_45343136	longsleep__scz	rs62054857	rs62073157	17	43939936	1	1	0.9869564	0.9891989058355038	0.978514475306158	503	0.23956262425447317	0.2415506958250497
placo_longsleep__scz_chr17_43325576_45343136	longsleep__scz	rs75210307	rs62073157	17	43940012	1	1	0.98265213	0.9891989058355038	0.978514475306158	503	0.23956262425447317	0.2415506958250497
placo_longsleep__scz_chr17_43325576_45343136	longsleep__scz	rs74944644	rs62073157	17	43940020	1	1	0.98271816	0.9891989058355038	0.978514475306158	503	0.23956262425447317	0.2415506958250497
placo_longsleep__scz_chr17_43325576_45343136	longsleep__scz	rs79412431	rs62073157	17	43940021	1	1	0.98238945	0.9891989058355038	0.978514475306158	503	0.23956262425447317	0.2415506958250497
placo_longsleep__scz_chr17_43325576_45343136	longsleep__scz	rs62054858	rs62073157	17	43940188	1	1	0.9869564	0.9891989058355038	0.978514475306158	503	0.23956262425447317	0.2415506958250497
placo_longsleep__scz_chr17_43325576_45343136	longsleep__scz	rs79406732	rs62073157	17	43940497	1	1	0.98589715	0.9891989058355038	0.978514475306158	503	0.23956262425447317	0.2415506958250497
placo_longsleep__scz_chr17_43325576_45343136	longsleep__scz	rs62054859	rs62073157	17	43940685	1	1	0.9869564	0.9891989058355038	0.978514475306158	503	0.23956262425447317	0.2415506958250497
placo_longsleep__scz_chr17_43325576_45343136	longsleep__scz	rs62055461	rs62073157	17	43941350	1	1	0.9869564	0.9891989058355038	0.978514475306158	503	0.23956262425447317	0.2415506958250497
placo_longsleep__scz_chr17_43325576_45343136	longsleep__scz	rs62055462	rs62073157	17	43941476	1	1	0.9869564	0.9891989058355038	0.978514475306158	503	0.23956262425447317	0.2415506958250497
placo_longsleep__scz_chr17_43325576_45343136	longsleep__scz	rs62055463	rs62073157	17	43941491	1	1	0.9869564	0.9891989058355038	0.978514475306158	503	0.23956262425447317	0.2415506958250497
placo_longsleep__scz_chr17_43325576_45343136	longsleep__scz	rs75690239	rs62073157	17	43941710	1	1	0.9869564	0.9891989058355038	0.978514475306158	503	0.23956262425447317	0.2415506958250497
placo_longsleep__scz_chr17_43325576_45343136	longsleep__scz	rs62055464	rs62073157	17	43941858	1	1	0.9869564	0.9891989058355038	0.978514475306158	503	0.23956262425447317	0.2415506958250497
placo_longsleep__scz_chr17_43325576_45343136	longsleep__scz	rs62055466	rs62073157	17	43942656	1	1	0.9869564	0.9891989058355038	0.978514475306158	503	0.23956262425447317	0.2415506958250497
placo_longsleep__scz_chr17_43325576_45343136	longsleep__scz	rs62055467	rs62073157	17	43942820	1	1	0.9869564	0.9891989058355038	0.978514475306158	503	0.23956262425447317	0.2415506958250497
placo_longsleep__scz_chr17_43325576_45343136	longsleep__scz	rs62055468	rs62073157	17	43943000	1	1	0.98693043	0.9891989058355038	0.978514475306158	503	0.23956262425447317	0.2415506958250497
placo_longsleep__scz_chr17_43325576_45343136	longsleep__scz	rs62055469	rs62073157	17	43943655	1	1	0.98687494	0.9891989058355038	0.978514475306158	503	0.23956262425447317	0.2415506958250497
placo_longsleep__scz_chr17_43325576_45343136	longsleep__scz	rs62055470	rs62073157	17	43943657	1	1	0.98687494	0.9891989058355038	0.978514475306158	503	0.23956262425447317	0.2415506958250497
placo_longsleep__scz_chr17_43325576_45343136	longsleep__scz	rs62055471	rs62073157	17	43943755	1	1	0.98687494	0.9891989058355038	0.978514475306158	503	0.23956262425447317	0.2415506958250497
placo_longsleep__scz_chr17_43325576_45343136	longsleep__scz	rs56036719	rs62073157	17	43943974	1	1	0.98696042	0.9891989058355038	0.978514475306158	503	0.23956262425447317	0.2415506958250497
placo_longsleep__scz_chr17_43325576_45343136	longsleep__scz	rs55781174	rs62073157	17	43944158	1	1	0.98696042	0.9891989058355038	0.978514475306158	503	0.23956262425447317	0.2415506958250497
placo_longsleep__scz_chr17_43325576_45343136	longsleep__scz	rs12150223	rs62073157	17	43944204	1	1	0.98696042	0.9891989058355038	0.978514475306158	503	0.23956262425447317	0.2415506958250497
placo_longsleep__scz_chr17_43325576_45343136	longsleep__scz	rs12150516	rs62073157	17	43944519	1	1	0.98690541	0.9891989058355038	0.978514475306158	503	0.23956262425447317	0.2415506958250497
placo_longsleep__scz_chr17_43325576_45343136	longsleep__scz	rs62055475	rs62073157	17	43945106	1	1	0.98690541	0.9891989058355038	0.978514475306158	503	0.23956262425447317	0.2415506958250497
placo_longsleep__scz_chr17_43325576_45343136	longsleep__scz	rs62055477	rs62073157	17	43945687	0	1	0.98695747	nan	nan	nan	nan	nan
placo_longsleep__scz_chr17_43325576_45343136	longsleep__scz	rs78637438	rs62073157	17	43945855	1	1	0.98695747	0.9891989058355038	0.978514475306158	503	0.23956262425447317	0.2415506958250497
placo_longsleep__scz_chr17_43325576_45343136	longsleep__scz	rs2316771	rs62073157	17	43945931	1	1	0.98695747	0.9891989058355038	0.978514475306158	503	0.23956262425447317	0.2415506958250497
placo_longsleep__scz_chr17_43325576_45343136	longsleep__scz	rs62055478	rs62073157	17	43945938	1	1	0.98695747	0.9891989058355038	0.978514475306158	503	0.23956262425447317	0.2415506958250497
placo_longsleep__scz_chr17_43325576_45343136	longsleep__scz	rs1078830	rs62073157	17	43946112	1	1	0.9869564	0.9891989058355038	0.978514475306158	503	0.23956262425447317	0.2415506958250497
placo_longsleep__scz_chr17_43325576_45343136	longsleep__scz	rs753235	rs62073157	17	43946223	1	1	0.98296701	0.978532394583154	0.9575256472486414	503	0.24353876739562624	0.2415506958250497
placo_longsleep__scz_chr17_43325576_45343136	longsleep__scz	rs886249	rs62073157	17	43946291	1	1	0.91641795	0.9544386344231213	0.9109531068794725	503	0.22465208747514911	0.2415506958250497
placo_longsleep__scz_chr17_43325576_45343136	longsleep__scz	rs753236	rs62073157	17	43946318	1	1	0.98013728	0.9837807921778688	0.9678246470581152	503	0.23956262425447317	0.2415506958250497
placo_longsleep__scz_chr17_43325576_45343136	longsleep__scz	rs2316772	rs62073157	17	43946423	1	1	0.9866848	0.9837636392338927	0.9677908978787125	503	0.2415506958250497	0.2415506958250497
placo_longsleep__scz_chr17_43325576_45343136	longsleep__scz	rs2316773	rs62073157	17	43946536	1	1	0.98658587	0.9891989058355038	0.978514475306158	503	0.23956262425447317	0.2415506958250497
placo_longsleep__scz_chr17_43325576_45343136	longsleep__scz	rs2316774	rs62073157	17	43946642	1	1	0.98688955	0.9891989058355038	0.978514475306158	503	0.23956262425447317	0.2415506958250497
placo_longsleep__scz_chr17_43325576_45343136	longsleep__scz	rs739643	rs62073157	17	43946707	1	1	0.98694499	0.9891989058355038	0.978514475306158	503	0.23956262425447317	0.2415506958250497
placo_longsleep__scz_chr17_43325576_45343136	longsleep__scz	rs739642	rs62073157	17	43946838	1	1	0.98694892	0.9891989058355038	0.978514475306158	503	0.23956262425447317	0.2415506958250497
placo_longsleep__scz_chr17_43325576_45343136	longsleep__scz	rs757055	rs62073157	17	43946875	1	1	0.98698334	0.9891989058355038	0.978514475306158	503	0.23956262425447317	0.2415506958250497
placo_longsleep__scz_chr17_43325576_45343136	longsleep__scz	rs56398500	rs62073157	17	43947488	1	1	0.98694932	0.9891989058355038	0.978514475306158	503	0.23956262425447317	0.2415506958250497
placo_longsleep__scz_chr17_43325576_45343136	longsleep__scz	rs56289364	rs62073157	17	43947928	1	1	0.98694984	0.9891989058355038	0.978514475306158	503	0.23956262425447317	0.2415506958250497
placo_longsleep__scz_chr17_43325576_45343136	longsleep__scz	rs62055483	rs62073157	17	43948040	1	1	0.98694932	0.9891989058355038	0.978514475306158	503	0.23956262425447317	0.2415506958250497
placo_longsleep__scz_chr17_43325576_45343136	longsleep__scz	rs78238042	rs62073157	17	43948159	1	1	0.98694932	0.9891989058355038	0.978514475306158	503	0.23956262425447317	0.2415506958250497
placo_longsleep__scz_chr17_43325576_45343136	longsleep__scz	rs55673340	rs62073157	17	43948733	1	1	0.98694967	0.9891989058355038	0.978514475306158	503	0.23956262425447317	0.2415506958250497
placo_longsleep__scz_chr17_43325576_45343136	longsleep__scz	rs77092481	rs62073157	17	43949008	1	1	0.98694967	0.9891989058355038	0.978514475306158	503	0.23956262425447317	0.2415506958250497
placo_longsleep__scz_chr17_43325576_45343136	longsleep__scz	rs62055486	rs62073157	17	43949092	1	1	0.98688975	0.9891989058355038	0.978514475306158	503	0.23956262425447317	0.2415506958250497
placo_longsleep__scz_chr17_43325576_45343136	longsleep__scz	rs34739559	rs62073157	17	43949342	1	1	0.98577943	0.9836790157896081	0.9676244061048122	503	0.23956262425447317	0.2415506958250497
placo_longsleep__scz_chr17_43325576_45343136	longsleep__scz	rs34097347	rs62073157	17	43949448	1	1	0.98503971	0.9891989058355038	0.978514475306158	503	0.23956262425447317	0.2415506958250497
placo_longsleep__scz_chr17_43325576_45343136	longsleep__scz	rs2106784	rs62073157	17	43949892	1	1	0.98694702	0.9891989058355038	0.978514475306158	503	0.23956262425447317	0.2415506958250497
placo_longsleep__scz_chr17_43325576_45343136	longsleep__scz	rs2158072	rs62073157	17	43950195	1	1	0.98694967	0.9891989058355038	0.978514475306158	503	0.23956262425447317	0.2415506958250497
placo_longsleep__scz_chr17_43325576_45343136	longsleep__scz	rs62055488	rs62073157	17	43950394	1	1	0.98694914	0.9891989058355038	0.978514475306158	503	0.23956262425447317	0.2415506958250497
placo_longsleep__scz_chr17_43325576_45343136	longsleep__scz	rs62055490	rs62073157	17	43950533	1	1	0.98694914	0.9891989058355038	0.978514475306158	503	0.23956262425447317	0.2415506958250497
placo_longsleep__scz_chr17_43325576_45343136	longsleep__scz	rs62055491	rs62073157	17	43951120	1	1	0.98694914	0.9891989058355038	0.978514475306158	503	0.23956262425447317	0.2415506958250497
placo_longsleep__scz_chr17_43325576_45343136	longsleep__scz	rs34416056	rs62073157	17	43951220	1	1	0.98694914	0.9891989058355038	0.978514475306158	503	0.23956262425447317	0.2415506958250497
placo_longsleep__scz_chr17_43325576_45343136	longsleep__scz	rs62055492	rs62073157	17	43951345	1	1	0.98692069	0.9891989058355038	0.978514475306158	503	0.23956262425447317	0.2415506958250497
placo_longsleep__scz_chr17_43325576_45343136	longsleep__scz	rs2055794	rs62073157	17	43951717	1	1	0.98696727	0.9891989058355038	0.978514475306158	503	0.23956262425447317	0.2415506958250497
placo_longsleep__scz_chr17_43325576_45343136	longsleep__scz	rs2055795	rs62073157	17	43951995	1	1	0.98696727	0.9891989058355038	0.978514475306158	503	0.23956262425447317	0.2415506958250497
placo_longsleep__scz_chr17_43325576_45343136	longsleep__scz	rs62055493	rs62073157	17	43952944	1	1	0.98694873	0.9865909609964314	0.973361724319862	503	0.24055666003976142	0.2415506958250497
placo_longsleep__scz_chr17_43325576_45343136	longsleep__scz	rs62055494	rs62073157	17	43953016	1	1	0.98696685	0.9865909609964314	0.973361724319862	503	0.24055666003976142	0.2415506958250497
placo_longsleep__scz_chr17_43325576_45343136	longsleep__scz	rs62055495	rs62073157	17	43953043	1	1	0.98694873	0.9865909609964314	0.973361724319862	503	0.24055666003976142	0.2415506958250497
placo_longsleep__scz_chr17_43325576_45343136	longsleep__scz	rs62055496	rs62073157	17	43953307	1	1	0.98696685	0.9891989058355038	0.978514475306158	503	0.23956262425447317	0.2415506958250497
placo_longsleep__scz_chr17_43325576_45343136	longsleep__scz	rs62055497	rs62073157	17	43953529	1	1	0.98696685	0.9891989058355038	0.978514475306158	503	0.23956262425447317	0.2415506958250497
placo_longsleep__scz_chr17_43325576_45343136	longsleep__scz	rs2188888	rs62073157	17	43953695	1	1	0.98542811	0.9891989058355038	0.978514475306158	503	0.23956262425447317	0.2415506958250497
placo_longsleep__scz_chr17_43325576_45343136	longsleep__scz	rs3919455	rs62073157	17	43953707	1	1	0.98543533	0.9891989058355038	0.978514475306158	503	0.23956262425447317	0.2415506958250497
placo_longsleep__scz_chr17_43325576_45343136	longsleep__scz	rs62055498	rs62073157	17	43953814	1	1	0.98694873	0.9891989058355038	0.978514475306158	503	0.23956262425447317	0.2415506958250497
placo_longsleep__scz_chr17_43325576_45343136	longsleep__scz	rs62055500	rs62073157	17	43954134	1	1	0.98694873	0.9891989058355038	0.978514475306158	503	0.23956262425447317	0.2415506958250497
placo_longsleep__scz_chr17_43325576_45343136	longsleep__scz	rs62055501	rs62073157	17	43954227	1	1	0.98694873	0.9891989058355038	0.978514475306158	503	0.23956262425447317	0.2415506958250497
placo_longsleep__scz_chr17_43325576_45343136	longsleep__scz	rs62055502	rs62073157	17	43954284	1	1	0.98694873	0.9891989058355038	0.978514475306158	503	0.23956262425447317	0.2415506958250497
placo_longsleep__scz_chr17_43325576_45343136	longsleep__scz	rs916793	rs62073157	17	43954686	1	1	0.98694873	0.9891989058355038	0.978514475306158	503	0.23956262425447317	0.2415506958250497
placo_longsleep__scz_chr17_43325576_45343136	longsleep__scz	rs4441322	rs62073157	17	43955030	1	1	0.98694873	0.9891989058355038	0.978514475306158	503	0.23956262425447317	0.2415506958250497
placo_longsleep__scz_chr17_43325576_45343136	longsleep__scz	rs113414067	rs62073157	17	43955093	1	1	0.98694873	0.9891989058355038	0.978514475306158	503	0.23956262425447317	0.2415506958250497
placo_longsleep__scz_chr17_43325576_45343136	longsleep__scz	rs55905252	rs62073157	17	43955365	1	1	0.98694873	0.9891989058355038	0.978514475306158	503	0.23956262425447317	0.2415506958250497
placo_longsleep__scz_chr17_43325576_45343136	longsleep__scz	rs17691328	rs62073157	17	43955487	1	1	0.98619085	0.9837807921778688	0.9678246470581152	503	0.23956262425447317	0.2415506958250497
placo_longsleep__scz_chr17_43325576_45343136	longsleep__scz	rs62055515	rs62073157	17	43956370	1	1	0.9869385	0.9891989058355038	0.978514475306158	503	0.23956262425447317	0.2415506958250497
placo_longsleep__scz_chr17_43325576_45343136	longsleep__scz	rs62055516	rs62073157	17	43956390	1	1	0.9869385	0.9891989058355038	0.978514475306158	503	0.23956262425447317	0.2415506958250497
placo_longsleep__scz_chr17_43325576_45343136	longsleep__scz	rs62055517	rs62073157	17	43956425	1	1	0.9869385	0.9891989058355038	0.978514475306158	503	0.23956262425447317	0.2415506958250497
placo_longsleep__scz_chr17_43325576_45343136	longsleep__scz	rs62055518	rs62073157	17	43956505	1	1	0.9869385	0.9891989058355038	0.978514475306158	503	0.23956262425447317	0.2415506958250497
placo_longsleep__scz_chr17_43325576_45343136	longsleep__scz	rs56364632	rs62073157	17	43956642	1	1	0.9869385	0.9891989058355038	0.978514475306158	503	0.23956262425447317	0.2415506958250497
placo_longsleep__scz_chr17_43325576_45343136	longsleep__scz	rs55768605	rs62073157	17	43956734	1	1	0.98695272	0.9891989058355038	0.978514475306158	503	0.23956262425447317	0.2415506958250497
placo_longsleep__scz_chr17_43325576_45343136	longsleep__scz	rs55653657	rs62073157	17	43956778	1	1	0.98687544	0.9891989058355038	0.978514475306158	503	0.23956262425447317	0.2415506958250497
placo_longsleep__scz_chr17_43325576_45343136	longsleep__scz	rs55894109	rs62073157	17	43957221	1	1	0.98694865	0.9891989058355038	0.978514475306158	503	0.23956262425447317	0.2415506958250497
placo_longsleep__scz_chr17_43325576_45343136	longsleep__scz	rs56101773	rs62073157	17	43957269	1	1	0.98686725	0.9891989058355038	0.978514475306158	503	0.23956262425447317	0.2415506958250497
placo_longsleep__scz_chr17_43325576_45343136	longsleep__scz	rs56249780	rs62073157	17	43957328	1	1	0.98694865	0.9891989058355038	0.978514475306158	503	0.23956262425447317	0.2415506958250497
placo_longsleep__scz_chr17_43325576_45343136	longsleep__scz	rs56040418	rs62073157	17	43958079	1	1	0.98506851	0.9865909609964312	0.9733617243198616	503	0.24055666003976142	0.2415506958250497
placo_longsleep__scz_chr17_43325576_45343136	longsleep__scz	rs55721252	rs62073157	17	43958099	1	1	0.98691357	0.9891989058355038	0.978514475306158	503	0.23956262425447317	0.2415506958250497
placo_longsleep__scz_chr17_43325576_45343136	longsleep__scz	rs55876817	rs62073157	17	43958139	1	1	0.98691172	0.9891989058355038	0.978514475306158	503	0.23956262425447317	0.2415506958250497
placo_longsleep__scz_chr17_43325576_45343136	longsleep__scz	rs55944735	rs62073157	17	43958172	1	1	0.98689943	0.9891989058355038	0.978514475306158	503	0.23956262425447317	0.2415506958250497
placo_longsleep__scz_chr17_43325576_45343136	longsleep__scz	rs62055525	rs62073157	17	43958736	1	1	0.98658415	0.9891989058355038	0.978514475306158	503	0.23956262425447317	0.2415506958250497
placo_longsleep__scz_chr17_43325576_45343136	longsleep__scz	rs112915466	rs62073157	17	43958744	1	1	0.98663986	0.9891989058355038	0.978514475306158	503	0.23956262425447317	0.2415506958250497
placo_longsleep__scz_chr17_43325576_45343136	longsleep__scz	rs56343551	rs62073157	17	43959092	1	1	0.9869633	0.9891989058355038	0.978514475306158	503	0.23956262425447317	0.2415506958250497
placo_longsleep__scz_chr17_43325576_45343136	longsleep__scz	rs55975673	rs62073157	17	43959113	1	1	0.9869633	0.9891989058355038	0.978514475306158	503	0.23956262425447317	0.2415506958250497
placo_longsleep__scz_chr17_43325576_45343136	longsleep__scz	rs56387391	rs62073157	17	43959261	1	1	0.9869454	0.9891989058355038	0.978514475306158	503	0.23956262425447317	0.2415506958250497
placo_longsleep__scz_chr17_43325576_45343136	longsleep__scz	rs2019816	rs62073157	17	43959661	1	1	0.9869454	0.9891989058355038	0.978514475306158	503	0.23956262425447317	0.2415506958250497
placo_longsleep__scz_chr17_43325576_45343136	longsleep__scz	rs62055529	rs62073157	17	43960020	1	1	0.9869421	0.9891989058355038	0.978514475306158	503	0.23956262425447317	0.2415506958250497
placo_longsleep__scz_chr17_43325576_45343136	longsleep__scz	rs79580365	rs62073157	17	43960172	1	1	0.9869421	0.9891989058355038	0.978514475306158	503	0.23956262425447317	0.2415506958250497
placo_longsleep__scz_chr17_43325576_45343136	longsleep__scz	rs55937610	rs62073157	17	43960283	1	1	0.98694202	0.9891989058355038	0.978514475306158	503	0.23956262425447317	0.2415506958250497
placo_longsleep__scz_chr17_43325576_45343136	longsleep__scz	rs56365901	rs62073157	17	43960323	1	1	0.98606447	0.9891989058355038	0.978514475306158	503	0.23956262425447317	0.2415506958250497
placo_longsleep__scz_chr17_43325576_45343136	longsleep__scz	rs55767267	rs62073157	17	43960325	1	1	0.98615154	0.9891989058355038	0.978514475306158	503	0.23956262425447317	0.2415506958250497
placo_longsleep__scz_chr17_43325576_45343136	longsleep__scz	rs56127309	rs62073157	17	43960341	1	1	0.98902537	0.9865909609964314	0.973361724319862	503	0.24055666003976142	0.2415506958250497
placo_longsleep__scz_chr17_43325576_45343136	longsleep__scz	rs56194412	rs62073157	17	43960600	1	1	0.98689861	0.9891989058355038	0.978514475306158	503	0.23956262425447317	0.2415506958250497
placo_longsleep__scz_chr17_43325576_45343136	longsleep__scz	rs56180212	rs62073157	17	43960911	1	1	0.98565137	0.9865909609964312	0.9733617243198616	503	0.24055666003976142	0.2415506958250497
placo_longsleep__scz_chr17_43325576_45343136	longsleep__scz	rs56301449	rs62073157	17	43960918	1	1	0.98698973	0.9891989058355038	0.978514475306158	503	0.23956262425447317	0.2415506958250497
placo_longsleep__scz_chr17_43325576_45343136	longsleep__scz	rs62055538	rs62073157	17	43960997	1	1	0.98689861	0.9891989058355038	0.978514475306158	503	0.23956262425447317	0.2415506958250497
placo_longsleep__scz_chr17_43325576_45343136	longsleep__scz	rs62055539	rs62073157	17	43961044	1	1	0.98689861	0.9891989058355038	0.978514475306158	503	0.23956262425447317	0.2415506958250497
placo_longsleep__scz_chr17_43325576_45343136	longsleep__scz	rs62055540	rs62073157	17	43961142	1	1	0.98689861	0.9891989058355038	0.978514475306158	503	0.23956262425447317	0.2415506958250497
placo_longsleep__scz_chr17_43325576_45343136	longsleep__scz	rs17770108	rs62073157	17	43961292	1	1	0.98690068	0.9891989058355038	0.978514475306158	503	0.23956262425447317	0.2415506958250497
placo_longsleep__scz_chr17_43325576_45343136	longsleep__scz	rs77426526	rs62073157	17	43962982	1	1	0.98665764	0.9891989058355038	0.978514475306158	503	0.23956262425447317	0.2415506958250497
placo_longsleep__scz_chr17_43325576_45343136	longsleep__scz	rs77129180	rs62073157	17	43963046	1	1	0.98690068	0.9891989058355038	0.978514475306158	503	0.23956262425447317	0.2415506958250497
placo_longsleep__scz_chr17_43325576_45343136	longsleep__scz	rs74863825	rs62073157	17	43963120	1	1	0.98695188	0.9891989058355038	0.978514475306158	503	0.23956262425447317	0.2415506958250497
placo_longsleep__scz_chr17_43325576_45343136	longsleep__scz	rs62055542	rs62073157	17	43963844	1	1	0.98690068	0.9891989058355038	0.978514475306158	503	0.23956262425447317	0.2415506958250497
placo_longsleep__scz_chr17_43325576_45343136	longsleep__scz	rs17770120	rs62073157	17	43963943	1	1	0.98690068	0.9891989058355038	0.978514475306158	503	0.23956262425447317	0.2415506958250497
placo_longsleep__scz_chr17_43325576_45343136	longsleep__scz	rs17770150	rs62073157	17	43964163	1	1	0.98690068	0.9891989058355038	0.978514475306158	503	0.23956262425447317	0.2415506958250497
placo_longsleep__scz_chr17_43325576_45343136	longsleep__scz	rs17770186	rs62073157	17	43964191	1	1	0.98689706	0.9891989058355038	0.978514475306158	503	0.23956262425447317	0.2415506958250497
placo_longsleep__scz_chr17_43325576_45343136	longsleep__scz	rs62055544	rs62073157	17	43964539	1	1	0.97790043	0.9864757065888049	0.9731343196898818	503	0.24055666003976142	0.2415506958250497
placo_longsleep__scz_chr17_43325576_45343136	longsleep__scz	rs62055545	rs62073157	17	43964561	1	1	0.98541652	0.9891989058355038	0.978514475306158	503	0.23956262425447317	0.2415506958250497
placo_longsleep__scz_chr17_43325576_45343136	longsleep__scz	rs62055546	rs62073157	17	43964567	1	1	0.98646544	0.9891989058355038	0.978514475306158	503	0.23956262425447317	0.2415506958250497
placo_longsleep__scz_chr17_43325576_45343136	longsleep__scz	rs62055547	rs62073157	17	43964755	1	1	0.98686003	0.9891989058355038	0.978514475306158	503	0.23956262425447317	0.2415506958250497
placo_longsleep__scz_chr17_43325576_45343136	longsleep__scz	rs62055548	rs62073157	17	43964899	1	1	0.98690068	0.9891989058355038	0.978514475306158	503	0.23956262425447317	0.2415506958250497
placo_longsleep__scz_chr17_43325576_45343136	longsleep__scz	rs113327263	rs62073157	17	43965063	1	1	0.98690068	0.9891989058355038	0.978514475306158	503	0.23956262425447317	0.2415506958250497
placo_longsleep__scz_chr17_43325576_45343136	longsleep__scz	rs62055550	rs62073157	17	43965680	1	1	0.98422906	0.9891989058355038	0.978514475306158	503	0.23956262425447317	0.2415506958250497
placo_longsleep__scz_chr17_43325576_45343136	longsleep__scz	rs62055552	rs62073157	17	43965955	1	1	0.98690324	0.9891989058355038	0.978514475306158	503	0.23956262425447317	0.2415506958250497
placo_longsleep__scz_chr17_43325576_45343136	longsleep__scz	rs62055553	rs62073157	17	43966178	1	1	0.98690068	0.9891989058355038	0.978514475306158	503	0.23956262425447317	0.2415506958250497
placo_longsleep__scz_chr17_43325576_45343136	longsleep__scz	rs62055554	rs62073157	17	43966260	1	1	0.98690068	0.9891989058355038	0.978514475306158	503	0.23956262425447317	0.2415506958250497
placo_longsleep__scz_chr17_43325576_45343136	longsleep__scz	rs62055555	rs62073157	17	43966282	1	1	0.98690068	0.9891989058355038	0.978514475306158	503	0.23956262425447317	0.2415506958250497
placo_longsleep__scz_chr17_43325576_45343136	longsleep__scz	rs62055556	rs62073157	17	43966749	1	1	0.98690068	0.9891989058355038	0.978514475306158	503	0.23956262425447317	0.2415506958250497
placo_longsleep__scz_chr17_43325576_45343136	longsleep__scz	rs62055557	rs62073157	17	43966795	1	1	0.98690068	0.9891989058355038	0.978514475306158	503	0.23956262425447317	0.2415506958250497
placo_longsleep__scz_chr17_43325576_45343136	longsleep__scz	rs62055558	rs62073157	17	43966955	1	1	0.98690068	0.9891989058355038	0.978514475306158	503	0.23956262425447317	0.2415506958250497
placo_longsleep__scz_chr17_43325576_45343136	longsleep__scz	rs62055559	rs62073157	17	43967138	1	1	0.98690068	0.9891989058355038	0.978514475306158	503	0.23956262425447317	0.2415506958250497
placo_longsleep__scz_chr17_43325576_45343136	longsleep__scz	rs79193046	rs62073157	17	43967562	1	1	0.98659329	0.9891989058355038	0.978514475306158	503	0.23956262425447317	0.2415506958250497
placo_longsleep__scz_chr17_43325576_45343136	longsleep__scz	rs17691466	rs62073157	17	43968219	1	1	0.98690014	0.9891989058355038	0.978514475306158	503	0.23956262425447317	0.2415506958250497
placo_longsleep__scz_chr17_43325576_45343136	longsleep__scz	rs62056760	rs62073157	17	43968572	1	1	0.98687012	0.9891989058355038	0.978514475306158	503	0.23956262425447317	0.2415506958250497
placo_longsleep__scz_chr17_43325576_45343136	longsleep__scz	rs55943606	rs62073157	17	43968874	1	1	0.98690014	0.9891989058355038	0.978514475306158	503	0.23956262425447317	0.2415506958250497
placo_longsleep__scz_chr17_43325576_45343136	longsleep__scz	rs55895732	rs62073157	17	43968937	1	1	0.98690926	0.9891989058355038	0.978514475306158	503	0.23956262425447317	0.2415506958250497
placo_longsleep__scz_chr17_43325576_45343136	longsleep__scz	rs55960528	rs62073157	17	43968994	1	1	0.98695557	0.9891989058355038	0.978514475306158	503	0.23956262425447317	0.2415506958250497
placo_longsleep__scz_chr17_43325576_45343136	longsleep__scz	rs55877243	rs62073157	17	43969019	1	1	0.98695557	0.9891989058355038	0.978514475306158	503	0.23956262425447317	0.2415506958250497
placo_longsleep__scz_chr17_43325576_45343136	longsleep__scz	rs17770296	rs62073157	17	43969136	1	1	0.98690435	0.9891989058355038	0.978514475306158	503	0.23956262425447317	0.2415506958250497
placo_longsleep__scz_chr17_43325576_45343136	longsleep__scz	rs17770337	rs62073157	17	43969779	1	1	0.98695111	0.9891989058355038	0.978514475306158	503	0.23956262425447317	0.2415506958250497
placo_longsleep__scz_chr17_43325576_45343136	longsleep__scz	rs62056773	rs62073157	17	43969833	1	1	0.98695111	0.9891989058355038	0.978514475306158	503	0.23956262425447317	0.2415506958250497
placo_longsleep__scz_chr17_43325576_45343136	longsleep__scz	rs62056774	rs62073157	17	43969901	1	1	0.98695111	0.9891989058355038	0.978514475306158	503	0.23956262425447317	0.2415506958250497
placo_longsleep__scz_chr17_43325576_45343136	longsleep__scz	rs62056775	rs62073157	17	43969952	1	1	0.98699198	0.9891989058355038	0.978514475306158	503	0.23956262425447317	0.2415506958250497
placo_longsleep__scz_chr17_43325576_45343136	longsleep__scz	rs62056776	rs62073157	17	43969995	1	1	0.98699198	0.9891989058355038	0.978514475306158	503	0.23956262425447317	0.2415506958250497
placo_longsleep__scz_chr17_43325576_45343136	longsleep__scz	rs78729125	rs62073157	17	43970108	1	1	0.98692641	0.9891989058355038	0.978514475306158	503	0.23956262425447317	0.2415506958250497
placo_longsleep__scz_chr17_43325576_45343136	longsleep__scz	rs17770343	rs62073157	17	43970154	1	1	0.98699198	0.9891989058355038	0.978514475306158	503	0.23956262425447317	0.2415506958250497
placo_longsleep__scz_chr17_43325576_45343136	longsleep__scz	rs62056777	rs62073157	17	43970303	1	1	0.98695111	0.9891989058355038	0.978514475306158	503	0.23956262425447317	0.2415506958250497
placo_longsleep__scz_chr17_43325576_45343136	longsleep__scz	rs17691610	rs62073157	17	43970662	1	1	0.98690014	0.9891989058355038	0.978514475306158	503	0.23956262425447317	0.2415506958250497
placo_longsleep__scz_chr17_43325576_45343136	longsleep__scz	rs80233201	rs62073157	17	43971481	1	1	0.98690014	0.9891989058355038	0.978514475306158	503	0.23956262425447317	0.2415506958250497
placo_longsleep__scz_chr17_43325576_45343136	longsleep__scz	rs11575895	rs62073157	17	43971785	1	1	0.98690014	0.9891989058355038	0.978514475306158	503	0.23956262425447317	0.2415506958250497
placo_longsleep__scz_chr17_43325576_45343136	longsleep__scz	rs62056779	rs62073157	17	43971937	1	1	0.98690014	0.9891989058355038	0.978514475306158	503	0.23956262425447317	0.2415506958250497
placo_longsleep__scz_chr17_43325576_45343136	longsleep__scz	rs11575896	rs62073157	17	43972142	1	1	0.98690014	0.9891989058355038	0.978514475306158	503	0.23956262425447317	0.2415506958250497
placo_longsleep__scz_chr17_43325576_45343136	longsleep__scz	rs74457229	rs62073157	17	43972581	1	1	0.9865658	0.9891989058355038	0.978514475306158	503	0.23956262425447317	0.2415506958250497
placo_longsleep__scz_chr17_43325576_45343136	longsleep__scz	rs74548327	rs62073157	17	43973080	1	1	0.98689195	0.9891989058355038	0.978514475306158	503	0.23956262425447317	0.2415506958250497
placo_longsleep__scz_chr17_43325576_45343136	longsleep__scz	rs76324150	rs62073157	17	43973233	1	1	0.98690014	0.9891989058355038	0.978514475306158	503	0.23956262425447317	0.2415506958250497
placo_longsleep__scz_chr17_43325576_45343136	longsleep__scz	rs113347741	rs62073157	17	43973408	1	1	0.98690014	0.9891989058355038	0.978514475306158	503	0.23956262425447317	0.2415506958250497
placo_longsleep__scz_chr17_43325576_45343136	longsleep__scz	rs78720789	rs62073157	17	43973413	1	1	0.98690014	0.9891989058355038	0.978514475306158	503	0.23956262425447317	0.2415506958250497
placo_longsleep__scz_chr17_43325576_45343136	longsleep__scz	rs62056780	rs62073157	17	43973652	1	1	0.98690014	0.9891989058355038	0.978514475306158	503	0.23956262425447317	0.2415506958250497
placo_longsleep__scz_chr17_43325576_45343136	longsleep__scz	rs62056781	rs62073157	17	43973899	1	1	0.98690014	0.9891989058355038	0.978514475306158	503	0.23956262425447317	0.2415506958250497
placo_longsleep__scz_chr17_43325576_45343136	longsleep__scz	rs74496580	rs62073157	17	43974065	1	1	0.98690014	0.9891989058355038	0.978514475306158	503	0.23956262425447317	0.2415506958250497
placo_longsleep__scz_chr17_43325576_45343136	longsleep__scz	rs62056782	rs62073157	17	43974230	1	1	0.98690145	0.9891989058355038	0.978514475306158	503	0.23956262425447317	0.2415506958250497
placo_longsleep__scz_chr17_43325576_45343136	longsleep__scz	rs80346216	rs62073157	17	43974476	1	1	0.98690145	0.9865909609964312	0.9733617243198616	503	0.24055666003976142	0.2415506958250497
placo_longsleep__scz_chr17_43325576_45343136	longsleep__scz	rs62056785	rs62073157	17	43975263	1	1	0.98686963	0.9891989058355038	0.978514475306158	503	0.23956262425447317	0.2415506958250497
placo_longsleep__scz_chr17_43325576_45343136	longsleep__scz	rs62056786	rs62073157	17	43975285	1	1	0.98686963	0.9891989058355038	0.978514475306158	503	0.23956262425447317	0.2415506958250497
placo_longsleep__scz_chr17_43325576_45343136	longsleep__scz	rs62056789	rs62073157	17	43975415	1	1	0.98686963	0.9891989058355038	0.978514475306158	503	0.23956262425447317	0.2415506958250497
placo_longsleep__scz_chr17_43325576_45343136	longsleep__scz	rs62056790	rs62073157	17	43975417	1	1	0.98686963	0.9891989058355038	0.978514475306158	503	0.23956262425447317	0.2415506958250497
placo_longsleep__scz_chr17_43325576_45343136	longsleep__scz	rs62056791	rs62073157	17	43976064	1	1	0.98689076	0.9891989058355038	0.978514475306158	503	0.23956262425447317	0.2415506958250497
placo_longsleep__scz_chr17_43325576_45343136	longsleep__scz	rs77561671	rs62073157	17	43976627	1	1	0.98691011	0.9891989058355038	0.978514475306158	503	0.23956262425447317	0.2415506958250497
placo_longsleep__scz_chr17_43325576_45343136	longsleep__scz	rs62056792	rs62073157	17	43976644	1	1	0.98690014	0.9891989058355038	0.978514475306158	503	0.23956262425447317	0.2415506958250497
placo_longsleep__scz_chr17_43325576_45343136	longsleep__scz	rs62056793	rs62073157	17	43977018	1	1	0.98690014	0.9891989058355038	0.978514475306158	503	0.23956262425447317	0.2415506958250497
placo_longsleep__scz_chr17_43325576_45343136	longsleep__scz	rs62056794	rs62073157	17	43977049	1	1	0.98690014	0.9891989058355038	0.978514475306158	503	0.23956262425447317	0.2415506958250497
placo_longsleep__scz_chr17_43325576_45343136	longsleep__scz	rs1864324	rs62073157	17	43977702	1	1	0.98689939	0.9891989058355038	0.978514475306158	503	0.23956262425447317	0.2415506958250497
placo_longsleep__scz_chr17_43325576_45343136	longsleep__scz	rs1864325	rs62073157	17	43977827	1	1	0.98690014	0.9891989058355038	0.978514475306158	503	0.23956262425447317	0.2415506958250497
placo_longsleep__scz_chr17_43325576_45343136	longsleep__scz	rs62056795	rs62073157	17	43978041	1	1	0.98690014	0.9891989058355038	0.978514475306158	503	0.23956262425447317	0.2415506958250497
placo_longsleep__scz_chr17_43325576_45343136	longsleep__scz	rs62056796	rs62073157	17	43978120	1	1	0.98690014	0.9891989058355038	0.978514475306158	503	0.23956262425447317	0.2415506958250497
placo_longsleep__scz_chr17_43325576_45343136	longsleep__scz	rs55823844	rs62073157	17	43978320	1	1	0.98687236	0.9891989058355038	0.978514475306158	503	0.23956262425447317	0.2415506958250497
placo_longsleep__scz_chr17_43325576_45343136	longsleep__scz	rs1560310	rs62073157	17	43978534	1	1	0.98682856	0.9891989058355038	0.978514475306158	503	0.23956262425447317	0.2415506958250497
placo_longsleep__scz_chr17_43325576_45343136	longsleep__scz	rs1467962	rs62073157	17	43978604	1	1	0.98690014	0.9891989058355038	0.978514475306158	503	0.23956262425447317	0.2415506958250497
placo_longsleep__scz_chr17_43325576_45343136	longsleep__scz	rs1560311	rs62073157	17	43978625	1	1	0.98690014	0.9891989058355038	0.978514475306158	503	0.23956262425447317	0.2415506958250497
placo_longsleep__scz_chr17_43325576_45343136	longsleep__scz	rs1467963	rs62073157	17	43978934	1	1	0.98690014	0.9891989058355038	0.978514475306158	503	0.23956262425447317	0.2415506958250497
placo_longsleep__scz_chr17_43325576_45343136	longsleep__scz	rs62056801	rs62073157	17	43979504	1	1	0.98689998	0.9891989058355038	0.978514475306158	503	0.23956262425447317	0.2415506958250497
placo_longsleep__scz_chr17_43325576_45343136	longsleep__scz	rs113834264	rs62073157	17	43979622	1	1	0.98690014	0.9891989058355038	0.978514475306158	503	0.23956262425447317	0.2415506958250497
placo_longsleep__scz_chr17_43325576_45343136	longsleep__scz	rs2082068	rs62073157	17	43979971	1	1	0.98690014	0.9891989058355038	0.978514475306158	503	0.23956262425447317	0.2415506958250497
placo_longsleep__scz_chr17_43325576_45343136	longsleep__scz	rs1984937	rs62073157	17	43980530	1	1	0.98690014	0.9891989058355038	0.978514475306158	503	0.23956262425447317	0.2415506958250497
placo_longsleep__scz_chr17_43325576_45343136	longsleep__scz	rs62056802	rs62073157	17	43980762	1	1	0.98690014	0.9891989058355038	0.978514475306158	503	0.23956262425447317	0.2415506958250497
placo_longsleep__scz_chr17_43325576_45343136	longsleep__scz	rs113589236	rs62073157	17	43981795	1	1	0.9868736	0.9891989058355038	0.978514475306158	503	0.23956262425447317	0.2415506958250497
placo_longsleep__scz_chr17_43325576_45343136	longsleep__scz	rs112275277	rs62073157	17	43981958	1	1	0.986882	0.9891989058355038	0.978514475306158	503	0.23956262425447317	0.2415506958250497
placo_longsleep__scz_chr17_43325576_45343136	longsleep__scz	rs62056803	rs62073157	17	43982159	1	1	0.98690014	0.9891989058355038	0.978514475306158	503	0.23956262425447317	0.2415506958250497
placo_longsleep__scz_chr17_43325576_45343136	longsleep__scz	rs62056804	rs62073157	17	43982286	1	1	0.98690014	0.9891989058355038	0.978514475306158	503	0.23956262425447317	0.2415506958250497
placo_longsleep__scz_chr17_43325576_45343136	longsleep__scz	rs77084869	rs62073157	17	43982903	1	1	0.9869165	0.9891989058355038	0.978514475306158	503	0.23956262425447317	0.2415506958250497
placo_longsleep__scz_chr17_43325576_45343136	longsleep__scz	rs74573628	rs62073157	17	43982961	1	1	0.9869204	0.9891989058355038	0.978514475306158	503	0.23956262425447317	0.2415506958250497
placo_longsleep__scz_chr17_43325576_45343136	longsleep__scz	rs75617973	rs62073157	17	43983159	1	1	0.9869049	0.9891989058355038	0.978514475306158	503	0.23956262425447317	0.2415506958250497
placo_longsleep__scz_chr17_43325576_45343136	longsleep__scz	rs62056805	rs62073157	17	43983363	1	1	0.98692148	0.9891989058355038	0.978514475306158	503	0.23956262425447317	0.2415506958250497
placo_longsleep__scz_chr17_43325576_45343136	longsleep__scz	rs62056806	rs62073157	17	43983801	1	1	0.98690769	0.9891989058355038	0.978514475306158	503	0.23956262425447317	0.2415506958250497
placo_longsleep__scz_chr17_43325576_45343136	longsleep__scz	rs1467966	rs62073157	17	43984399	1	1	0.98690769	0.9891989058355038	0.978514475306158	503	0.23956262425447317	0.2415506958250497
placo_longsleep__scz_chr17_43325576_45343136	longsleep__scz	rs62056808	rs62073157	17	43984646	1	1	0.98735394	0.9891989058355038	0.978514475306158	503	0.23956262425447317	0.2415506958250497
placo_longsleep__scz_chr17_43325576_45343136	longsleep__scz	rs62056809	rs62073157	17	43984669	1	1	0.98747095	0.9891989058355038	0.978514475306158	503	0.23956262425447317	0.2415506958250497
placo_longsleep__scz_chr17_43325576_45343136	longsleep__scz	rs62056810	rs62073157	17	43984672	1	1	0.98740156	0.9891989058355038	0.978514475306158	503	0.23956262425447317	0.2415506958250497
placo_longsleep__scz_chr17_43325576_45343136	longsleep__scz	rs79492906	rs62073157	17	43984864	1	1	0.98690769	0.9891989058355038	0.978514475306158	503	0.23956262425447317	0.2415506958250497
placo_longsleep__scz_chr17_43325576_45343136	longsleep__scz	rs62056811	rs62073157	17	43985247	1	1	0.98690769	0.9864757065888051	0.9731343196898823	503	0.24055666003976142	0.2415506958250497
placo_longsleep__scz_chr17_43325576_45343136	longsleep__scz	rs74509629	rs62073157	17	43985597	1	1	0.98690769	0.9891989058355038	0.978514475306158	503	0.23956262425447317	0.2415506958250497
placo_longsleep__scz_chr17_43325576_45343136	longsleep__scz	rs79290980	rs62073157	17	43985662	1	1	0.98690769	0.9891989058355038	0.978514475306158	503	0.23956262425447317	0.2415506958250497
placo_longsleep__scz_chr17_43325576_45343136	longsleep__scz	rs1467968	rs62073157	17	43986396	1	1	0.98685522	0.9891989058355038	0.978514475306158	503	0.23956262425447317	0.2415506958250497
placo_longsleep__scz_chr17_43325576_45343136	longsleep__scz	rs4371195	rs62073157	17	43986420	1	1	0.98685266	0.9891989058355038	0.978514475306158	503	0.23956262425447317	0.2415506958250497
placo_longsleep__scz_chr17_43325576_45343136	longsleep__scz	rs12150125	rs62073157	17	43986432	1	1	0.98631716	0.9891989058355038	0.978514475306158	503	0.23956262425447317	0.2415506958250497
placo_longsleep__scz_chr17_43325576_45343136	longsleep__scz	rs12150527	rs62073157	17	43986462	1	1	0.9866572	0.9891989058355038	0.978514475306158	503	0.23956262425447317	0.2415506958250497
placo_longsleep__scz_chr17_43325576_45343136	longsleep__scz	rs62056812	rs62073157	17	43987154	1	1	0.98598504	0.9891989058355038	0.978514475306158	503	0.23956262425447317	0.2415506958250497
placo_longsleep__scz_chr17_43325576_45343136	longsleep__scz	rs111447859	rs62073157	17	43987184	1	1	0.98622446	0.9891989058355038	0.978514475306158	503	0.23956262425447317	0.2415506958250497
placo_longsleep__scz_chr17_43325576_45343136	longsleep__scz	rs28439143	rs62073157	17	43987723	1	1	0.97776273	0.9891989058355038	0.978514475306158	503	0.23956262425447317	0.2415506958250497
placo_longsleep__scz_chr17_43325576_45343136	longsleep__scz	rs56189701	rs62073157	17	43987801	1	1	0.98573643	0.9865145791895938	0.9732110149536214	503	0.23856858846918488	0.2415506958250497
placo_longsleep__scz_chr17_43325576_45343136	longsleep__scz	rs2435204	rs62073157	17	43988205	1	1	0.9541564	0.9837636392338929	0.967790897878713	503	0.2415506958250497	0.2415506958250497
placo_longsleep__scz_chr17_43325576_45343136	longsleep__scz	rs62056835	rs62073157	17	43988623	1	1	0.9869067	0.9864757065888049	0.9731343196898818	503	0.24055666003976142	0.2415506958250497
placo_longsleep__scz_chr17_43325576_45343136	longsleep__scz	rs62056837	rs62073157	17	43988884	1	1	0.98692748	0.9891989058355038	0.978514475306158	503	0.23956262425447317	0.2415506958250497
placo_longsleep__scz_chr17_43325576_45343136	longsleep__scz	rs62056838	rs62073157	17	43989087	1	1	0.98691244	0.9891989058355038	0.978514475306158	503	0.23956262425447317	0.2415506958250497
placo_longsleep__scz_chr17_43325576_45343136	longsleep__scz	rs62056839	rs62073157	17	43989221	1	1	0.98691244	0.9891989058355038	0.978514475306158	503	0.23956262425447317	0.2415506958250497
placo_longsleep__scz_chr17_43325576_45343136	longsleep__scz	rs62056840	rs62073157	17	43989689	1	1	0.98682288	0.9891989058355038	0.978514475306158	503	0.23956262425447317	0.2415506958250497
placo_longsleep__scz_chr17_43325576_45343136	longsleep__scz	rs112116311	rs62073157	17	43989898	1	1	0.98689056	0.9891989058355038	0.978514475306158	503	0.23956262425447317	0.2415506958250497
placo_longsleep__scz_chr17_43325576_45343136	longsleep__scz	rs78209533	rs62073157	17	43989909	1	1	0.98689056	0.9891989058355038	0.978514475306158	503	0.23956262425447317	0.2415506958250497
placo_longsleep__scz_chr17_43325576_45343136	longsleep__scz	rs62056841	rs62073157	17	43990041	1	1	0.98697035	0.9891989058355038	0.978514475306158	503	0.23956262425447317	0.2415506958250497
placo_longsleep__scz_chr17_43325576_45343136	longsleep__scz	rs79860128	rs62073157	17	43990072	1	1	0.98690928	0.9891989058355038	0.978514475306158	503	0.23956262425447317	0.2415506958250497
placo_longsleep__scz_chr17_43325576_45343136	longsleep__scz	rs9944484	rs62073157	17	43990662	1	1	0.98651675	0.9891989058355038	0.978514475306158	503	0.23956262425447317	0.2415506958250497
placo_longsleep__scz_chr17_43325576_45343136	longsleep__scz	rs17563965	rs62073157	17	43990919	1	1	0.98689296	0.9891989058355038	0.978514475306158	503	0.23956262425447317	0.2415506958250497
placo_longsleep__scz_chr17_43325576_45343136	longsleep__scz	rs17563986	rs62073157	17	43991272	1	1	0.98693201	0.9891989058355038	0.978514475306158	503	0.23956262425447317	0.2415506958250497
placo_longsleep__scz_chr17_43325576_45343136	longsleep__scz	rs17564020	rs62073157	17	43991781	1	1	0.9858868	0.9891989058355038	0.978514475306158	503	0.23956262425447317	0.2415506958250497
placo_longsleep__scz_chr17_43325576_45343136	longsleep__scz	rs55682376	rs62073157	17	43991888	1	1	0.98691161	0.9891989058355038	0.978514475306158	503	0.23956262425447317	0.2415506958250497
placo_longsleep__scz_chr17_43325576_45343136	longsleep__scz	rs55788678	rs62073157	17	43992233	1	1	0.98810989	0.9891989058355038	0.978514475306158	503	0.23956262425447317	0.2415506958250497
placo_longsleep__scz_chr17_43325576_45343136	longsleep__scz	rs56042957	rs62073157	17	43992244	1	1	0.98713307	0.9891989058355038	0.978514475306158	503	0.23956262425447317	0.2415506958250497
placo_longsleep__scz_chr17_43325576_45343136	longsleep__scz	rs55810795	rs62073157	17	43992283	1	1	0.98713307	0.9891989058355038	0.978514475306158	503	0.23956262425447317	0.2415506958250497
placo_longsleep__scz_chr17_43325576_45343136	longsleep__scz	rs55933304	rs62073157	17	43992305	1	1	0.98680113	0.9891989058355038	0.978514475306158	503	0.23956262425447317	0.2415506958250497
placo_longsleep__scz_chr17_43325576_45343136	longsleep__scz	rs62056848	rs62073157	17	43992456	1	1	0.98691439	0.9891989058355038	0.978514475306158	503	0.23956262425447317	0.2415506958250497
placo_longsleep__scz_chr17_43325576_45343136	longsleep__scz	rs62056850	rs62073157	17	43992581	1	1	0.98445674	0.9864757065888049	0.9731343196898818	503	0.24055666003976142	0.2415506958250497
placo_longsleep__scz_chr17_43325576_45343136	longsleep__scz	rs62056851	rs62073157	17	43992806	1	1	0.98691161	0.9891989058355038	0.978514475306158	503	0.23956262425447317	0.2415506958250497
placo_longsleep__scz_chr17_43325576_45343136	longsleep__scz	rs77926909	rs62073157	17	43994252	1	1	0.98577062	0.9864757065888049	0.9731343196898818	503	0.24055666003976142	0.2415506958250497
placo_longsleep__scz_chr17_43325576_45343136	longsleep__scz	rs111541901	rs62073157	17	43994358	1	1	0.98696186	0.9891989058355038	0.978514475306158	503	0.23956262425447317	0.2415506958250497
placo_longsleep__scz_chr17_43325576_45343136	longsleep__scz	rs17649518	rs62073157	17	43994386	1	1	0.98689564	0.9891989058355038	0.978514475306158	503	0.23956262425447317	0.2415506958250497
placo_longsleep__scz_chr17_43325576_45343136	longsleep__scz	rs62056859	rs62073157	17	43994435	1	1	0.98683063	0.9891989058355038	0.978514475306158	503	0.23956262425447317	0.2415506958250497
placo_longsleep__scz_chr17_43325576_45343136	longsleep__scz	rs112647192	rs62073157	17	43994623	1	1	0.98687321	0.9891989058355038	0.978514475306158	503	0.23956262425447317	0.2415506958250497
placo_longsleep__scz_chr17_43325576_45343136	longsleep__scz	rs17649553	rs62073157	17	43994648	1	1	0.98602622	0.9864757065888049	0.9731343196898818	503	0.24055666003976142	0.2415506958250497
placo_longsleep__scz_chr17_43325576_45343136	longsleep__scz	rs17649571	rs62073157	17	43994952	1	1	0.986923	0.9891989058355038	0.978514475306158	503	0.23956262425447317	0.2415506958250497
placo_longsleep__scz_chr17_43325576_45343136	longsleep__scz	rs17564153	rs62073157	17	43995098	1	1	0.98692016	0.9891989058355038	0.978514475306158	503	0.23956262425447317	0.2415506958250497
placo_longsleep__scz_chr17_43325576_45343136	longsleep__scz	rs17649635	rs62073157	17	43995990	1	1	0.98686895	0.9891989058355038	0.978514475306158	503	0.23956262425447317	0.2415506958250497
placo_longsleep__scz_chr17_43325576_45343136	longsleep__scz	rs55760800	rs62073157	17	43996908	1	1	0.98681707	0.9891989058355038	0.978514475306158	503	0.23956262425447317	0.2415506958250497
placo_longsleep__scz_chr17_43325576_45343136	longsleep__scz	rs56303672	rs62073157	17	43996960	1	1	0.98681707	0.9891989058355038	0.978514475306158	503	0.23956262425447317	0.2415506958250497
placo_longsleep__scz_chr17_43325576_45343136	longsleep__scz	rs17649641	rs62073157	17	43997372	1	1	0.9862788	0.9891989058355038	0.978514475306158	503	0.23956262425447317	0.2415506958250497
placo_longsleep__scz_chr17_43325576_45343136	longsleep__scz	rs17564223	rs62073157	17	43997520	1	1	0.98689104	0.9864757065888051	0.9731343196898823	503	0.24055666003976142	0.2415506958250497
placo_longsleep__scz_chr17_43325576_45343136	longsleep__scz	rs62058962	rs62073157	17	43998151	1	1	0.98695075	0.9891989058355038	0.978514475306158	503	0.23956262425447317	0.2415506958250497
placo_longsleep__scz_chr17_43325576_45343136	longsleep__scz	rs1467969	rs62073157	17	43998328	1	1	0.98695175	0.9891989058355038	0.978514475306158	503	0.23956262425447317	0.2415506958250497
placo_longsleep__scz_chr17_43325576_45343136	longsleep__scz	rs1467970	rs62073157	17	43998574	1	1	0.98695075	0.9891989058355038	0.978514475306158	503	0.23956262425447317	0.2415506958250497
placo_longsleep__scz_chr17_43325576_45343136	longsleep__scz	rs767058	rs62073157	17	43998767	1	1	0.98618869	0.9891989058355038	0.978514475306158	503	0.23956262425447317	0.2415506958250497
placo_longsleep__scz_chr17_43325576_45343136	longsleep__scz	rs767057	rs62073157	17	43998822	1	1	0.98695075	0.9891989058355038	0.978514475306158	503	0.23956262425447317	0.2415506958250497
placo_longsleep__scz_chr17_43325576_45343136	longsleep__scz	rs767056	rs62073157	17	43998910	1	1	0.98689954	0.9891989058355038	0.978514475306158	503	0.23956262425447317	0.2415506958250497
placo_longsleep__scz_chr17_43325576_45343136	longsleep__scz	rs62058964	rs62073157	17	43999406	1	1	0.98689954	0.9864757065888051	0.9731343196898823	503	0.24055666003976142	0.2415506958250497
placo_longsleep__scz_chr17_43325576_45343136	longsleep__scz	rs1476127	rs62073157	17	43999793	1	1	0.98689918	0.9891989058355038	0.978514475306158	503	0.23956262425447317	0.2415506958250497
placo_longsleep__scz_chr17_43325576_45343136	longsleep__scz	rs55929431	rs62073157	17	44000202	1	1	0.98673731	0.9891989058355038	0.978514475306158	503	0.23956262425447317	0.2415506958250497
placo_longsleep__scz_chr17_43325576_45343136	longsleep__scz	rs56002706	rs62073157	17	44000505	1	1	0.98689918	0.9891989058355038	0.978514475306158	503	0.23956262425447317	0.2415506958250497
placo_longsleep__scz_chr17_43325576_45343136	longsleep__scz	rs8078495	rs62073157	17	44000610	1	1	0.98689918	0.9891989058355038	0.978514475306158	503	0.23956262425447317	0.2415506958250497
placo_longsleep__scz_chr17_43325576_45343136	longsleep__scz	rs17649866	rs62073157	17	44000914	1	1	0.98689918	0.9891989058355038	0.978514475306158	503	0.23956262425447317	0.2415506958250497
placo_longsleep__scz_chr17_43325576_45343136	longsleep__scz	rs62058968	rs62073157	17	44001228	1	1	0.98689538	0.9891989058355038	0.978514475306158	503	0.23956262425447317	0.2415506958250497
placo_longsleep__scz_chr17_43325576_45343136	longsleep__scz	rs17564493	rs62073157	17	44001379	1	1	0.98689918	0.9891989058355038	0.978514475306158	503	0.23956262425447317	0.2415506958250497
placo_longsleep__scz_chr17_43325576_45343136	longsleep__scz	rs17649918	rs62073157	17	44001621	1	1	0.98689918	0.9891989058355038	0.978514475306158	503	0.23956262425447317	0.2415506958250497
placo_longsleep__scz_chr17_43325576_45343136	longsleep__scz	rs17649954	rs62073157	17	44001661	1	1	0.98689918	0.9891989058355038	0.978514475306158	503	0.23956262425447317	0.2415506958250497
placo_longsleep__scz_chr17_43325576_45343136	longsleep__scz	rs55685451	rs62073157	17	44001957	1	1	0.98689918	0.9891989058355038	0.978514475306158	503	0.23956262425447317	0.2415506958250497
placo_longsleep__scz_chr17_43325576_45343136	longsleep__scz	rs17564591	rs62073157	17	44002062	1	1	0.98689918	0.9891989058355038	0.978514475306158	503	0.23956262425447317	0.2415506958250497
placo_longsleep__scz_chr17_43325576_45343136	longsleep__scz	rs17564619	rs62073157	17	44002138	1	1	0.98689918	0.9891989058355038	0.978514475306158	503	0.23956262425447317	0.2415506958250497
placo_longsleep__scz_chr17_43325576_45343136	longsleep__scz	rs62059003	rs62073157	17	44002431	1	1	0.98689918	0.9891989058355038	0.978514475306158	503	0.23956262425447317	0.2415506958250497
placo_longsleep__scz_chr17_43325576_45343136	longsleep__scz	rs17650063	rs62073157	17	44002555	1	1	0.98689918	0.9891989058355038	0.978514475306158	503	0.23956262425447317	0.2415506958250497
placo_longsleep__scz_chr17_43325576_45343136	longsleep__scz	rs17564703	rs62073157	17	44002595	1	1	0.98689918	0.9891989058355038	0.978514475306158	503	0.23956262425447317	0.2415506958250497
placo_longsleep__scz_chr17_43325576_45343136	longsleep__scz	rs76090253	rs62073157	17	44002969	1	1	0.98689785	0.9891989058355038	0.978514475306158	503	0.23956262425447317	0.2415506958250497
placo_longsleep__scz_chr17_43325576_45343136	longsleep__scz	rs56197117	rs62073157	17	44003446	1	1	0.98689785	0.9891989058355038	0.978514475306158	503	0.23956262425447317	0.2415506958250497
placo_longsleep__scz_chr17_43325576_45343136	longsleep__scz	rs56249311	rs62073157	17	44003599	1	1	0.98689785	0.9891989058355038	0.978514475306158	503	0.23956262425447317	0.2415506958250497
placo_longsleep__scz_chr17_43325576_45343136	longsleep__scz	rs62059004	rs62073157	17	44003893	1	1	0.98689785	0.9891989058355038	0.978514475306158	503	0.23956262425447317	0.2415506958250497
placo_longsleep__scz_chr17_43325576_45343136	longsleep__scz	rs76500077	rs62073157	17	44004076	1	1	0.9869006	0.9891989058355038	0.978514475306158	503	0.23956262425447317	0.2415506958250497
placo_longsleep__scz_chr17_43325576_45343136	longsleep__scz	rs62059005	rs62073157	17	44004472	1	1	0.98686247	0.9891989058355038	0.978514475306158	503	0.23956262425447317	0.2415506958250497
placo_longsleep__scz_chr17_43325576_45343136	longsleep__scz	rs112454267	rs62073157	17	44005329	1	1	0.9868616	0.9865909609964314	0.973361724319862	503	0.24055666003976142	0.2415506958250497
placo_longsleep__scz_chr17_43325576_45343136	longsleep__scz	rs17564780	rs62073157	17	44005413	1	1	0.98686095	0.9865909609964314	0.973361724319862	503	0.24055666003976142	0.2415506958250497
placo_longsleep__scz_chr17_43325576_45343136	longsleep__scz	rs62059007	rs62073157	17	44005615	1	1	0.98689928	0.9891989058355038	0.978514475306158	503	0.23956262425447317	0.2415506958250497
placo_longsleep__scz_chr17_43325576_45343136	longsleep__scz	rs62059008	rs62073157	17	44006085	1	1	0.98687734	0.9891989058355038	0.978514475306158	503	0.23956262425447317	0.2415506958250497
placo_longsleep__scz_chr17_43325576_45343136	longsleep__scz	rs62059009	rs62073157	17	44006130	1	1	0.98687734	0.9891989058355038	0.978514475306158	503	0.23956262425447317	0.2415506958250497
placo_longsleep__scz_chr17_43325576_45343136	longsleep__scz	rs62061705	rs62073157	17	44006252	1	1	0.98686095	0.9891989058355038	0.978514475306158	503	0.23956262425447317	0.2415506958250497
placo_longsleep__scz_chr17_43325576_45343136	longsleep__scz	rs17564829	rs62073157	17	44006601	1	1	0.98686354	0.9891989058355038	0.978514475306158	503	0.23956262425447317	0.2415506958250497
placo_longsleep__scz_chr17_43325576_45343136	longsleep__scz	rs62061706	rs62073157	17	44006896	1	1	0.98670408	0.9891989058355038	0.978514475306158	503	0.23956262425447317	0.2415506958250497
placo_longsleep__scz_chr17_43325576_45343136	longsleep__scz	rs62061707	rs62073157	17	44006954	1	1	0.98529228	0.9891989058355038	0.978514475306158	503	0.23956262425447317	0.2415506958250497
placo_longsleep__scz_chr17_43325576_45343136	longsleep__scz	rs62061708	rs62073157	17	44006956	1	1	0.985485	0.9891989058355038	0.978514475306158	503	0.23956262425447317	0.2415506958250497
placo_longsleep__scz_chr17_43325576_45343136	longsleep__scz	rs62061709	rs62073157	17	44007493	1	1	0.98686354	0.9891989058355038	0.978514475306158	503	0.23956262425447317	0.2415506958250497
placo_longsleep__scz_chr17_43325576_45343136	longsleep__scz	rs62061712	rs62073157	17	44009876	1	1	0.98690102	0.9891989058355038	0.978514475306158	503	0.23956262425447317	0.2415506958250497
placo_longsleep__scz_chr17_43325576_45343136	longsleep__scz	rs7501759	rs62073157	17	44009921	1	1	0.98690102	0.9891989058355038	0.978514475306158	503	0.23956262425447317	0.2415506958250497
placo_longsleep__scz_chr17_43325576_45343136	longsleep__scz	rs2316782	rs62073157	17	44010040	1	1	0.98687329	0.9891989058355038	0.978514475306158	503	0.23956262425447317	0.2415506958250497
placo_longsleep__scz_chr17_43325576_45343136	longsleep__scz	rs62061713	rs62073157	17	44010405	1	1	0.98688009	0.9891989058355038	0.978514475306158	503	0.23956262425447317	0.2415506958250497
placo_longsleep__scz_chr17_43325576_45343136	longsleep__scz	rs62061714	rs62073157	17	44010452	1	1	0.98688009	0.9891989058355038	0.978514475306158	503	0.23956262425447317	0.2415506958250497
placo_longsleep__scz_chr17_43325576_45343136	longsleep__scz	rs113952577	rs62073157	17	44010661	1	1	0.98693247	0.9891989058355038	0.978514475306158	503	0.23956262425447317	0.2415506958250497
placo_longsleep__scz_chr17_43325576_45343136	longsleep__scz	rs78077519	rs62073157	17	44010984	1	1	0.98690102	0.9891989058355038	0.978514475306158	503	0.23956262425447317	0.2415506958250497
placo_longsleep__scz_chr17_43325576_45343136	longsleep__scz	rs17564871	rs62073157	17	44011018	1	1	0.98695223	0.9891989058355038	0.978514475306158	503	0.23956262425447317	0.2415506958250497
placo_longsleep__scz_chr17_43325576_45343136	longsleep__scz	rs17650258	rs62073157	17	44011073	1	1	0.98690102	0.9891989058355038	0.978514475306158	503	0.23956262425447317	0.2415506958250497
placo_longsleep__scz_chr17_43325576_45343136	longsleep__scz	rs62061715	rs62073157	17	44011526	1	1	0.98690102	0.9891989058355038	0.978514475306158	503	0.23956262425447317	0.2415506958250497
placo_longsleep__scz_chr17_43325576_45343136	longsleep__scz	rs17564948	rs62073157	17	44011749	1	1	0.98690102	0.9891989058355038	0.978514475306158	503	0.23956262425447317	0.2415506958250497
placo_longsleep__scz_chr17_43325576_45343136	longsleep__scz	rs17564983	rs62073157	17	44011825	1	1	0.98688126	0.9891989058355038	0.978514475306158	503	0.23956262425447317	0.2415506958250497
placo_longsleep__scz_chr17_43325576_45343136	longsleep__scz	rs62061716	rs62073157	17	44012096	1	1	0.98690102	0.9891989058355038	0.978514475306158	503	0.23956262425447317	0.2415506958250497
placo_longsleep__scz_chr17_43325576_45343136	longsleep__scz	rs17650335	rs62073157	17	44012343	1	1	0.98690102	0.9891989058355038	0.978514475306158	503	0.23956262425447317	0.2415506958250497
placo_longsleep__scz_chr17_43325576_45343136	longsleep__scz	rs17565025	rs62073157	17	44012463	1	1	0.98554189	0.9864757065888049	0.9731343196898818	503	0.24055666003976142	0.2415506958250497
placo_longsleep__scz_chr17_43325576_45343136	longsleep__scz	rs77924424	rs62073157	17	44012915	1	1	0.98691203	0.9891989058355038	0.978514475306158	503	0.23956262425447317	0.2415506958250497
placo_longsleep__scz_chr17_43325576_45343136	longsleep__scz	rs62061719	rs62073157	17	44012989	1	1	0.98692068	0.9891989058355038	0.978514475306158	503	0.23956262425447317	0.2415506958250497
placo_longsleep__scz_chr17_43325576_45343136	longsleep__scz	rs17650381	rs62073157	17	44013024	1	1	0.98692068	0.9891989058355038	0.978514475306158	503	0.23956262425447317	0.2415506958250497
placo_longsleep__scz_chr17_43325576_45343136	longsleep__scz	rs17650417	rs62073157	17	44013103	1	1	0.98689279	0.9891989058355038	0.978514475306158	503	0.23956262425447317	0.2415506958250497
placo_longsleep__scz_chr17_43325576_45343136	longsleep__scz	rs62061720	rs62073157	17	44013189	1	1	0.98694913	0.9891989058355038	0.978514475306158	503	0.23956262425447317	0.2415506958250497
placo_longsleep__scz_chr17_43325576_45343136	longsleep__scz	rs62061721	rs62073157	17	44013346	1	1	0.98694858	0.9891989058355038	0.978514475306158	503	0.23956262425447317	0.2415506958250497
placo_longsleep__scz_chr17_43325576_45343136	longsleep__scz	rs79857651	rs62073157	17	44013475	1	1	0.98665381	0.9891989058355038	0.978514475306158	503	0.23956262425447317	0.2415506958250497
placo_longsleep__scz_chr17_43325576_45343136	longsleep__scz	rs113756354	rs62073157	17	44013483	1	1	0.98664842	0.9891989058355038	0.978514475306158	503	0.23956262425447317	0.2415506958250497
placo_longsleep__scz_chr17_43325576_45343136	longsleep__scz	rs12150111	rs62073157	17	44013938	1	1	0.98694913	0.9891989058355038	0.978514475306158	503	0.23956262425447317	0.2415506958250497
placo_longsleep__scz_chr17_43325576_45343136	longsleep__scz	rs12150460	rs62073157	17	44014137	1	1	0.98694904	0.9891989058355038	0.978514475306158	503	0.23956262425447317	0.2415506958250497
placo_longsleep__scz_chr17_43325576_45343136	longsleep__scz	rs12150195	rs62073157	17	44014263	1	1	0.98694874	0.9891989058355038	0.978514475306158	503	0.23956262425447317	0.2415506958250497
placo_longsleep__scz_chr17_43325576_45343136	longsleep__scz	rs55874169	rs62073157	17	44014384	1	1	0.98694921	0.9891989058355038	0.978514475306158	503	0.23956262425447317	0.2415506958250497
placo_longsleep__scz_chr17_43325576_45343136	longsleep__scz	rs12150229	rs62073157	17	44015446	1	1	0.98514648	0.9891989058355038	0.978514475306158	503	0.23956262425447317	0.2415506958250497
placo_longsleep__scz_chr17_43325576_45343136	longsleep__scz	rs12150230	rs62073157	17	44015464	1	1	0.98533592	0.9891989058355038	0.978514475306158	503	0.23956262425447317	0.2415506958250497
placo_longsleep__scz_chr17_43325576_45343136	longsleep__scz	rs12150576	rs62073157	17	44015624	1	1	0.98694927	0.9891989058355038	0.978514475306158	503	0.23956262425447317	0.2415506958250497
placo_longsleep__scz_chr17_43325576_45343136	longsleep__scz	rs12150235	rs62073157	17	44015745	1	1	0.98695659	0.9891989058355038	0.978514475306158	503	0.23956262425447317	0.2415506958250497
placo_longsleep__scz_chr17_43325576_45343136	longsleep__scz	rs12150242	rs62073157	17	44015816	1	1	0.98694927	0.9891989058355038	0.978514475306158	503	0.23956262425447317	0.2415506958250497
placo_longsleep__scz_chr17_43325576_45343136	longsleep__scz	rs12150104	rs62073157	17	44015929	1	1	0.98694927	0.9891989058355038	0.978514475306158	503	0.23956262425447317	0.2415506958250497
placo_longsleep__scz_chr17_43325576_45343136	longsleep__scz	rs62061726	rs62073157	17	44016341	1	1	0.98677805	0.9891989058355038	0.978514475306158	503	0.23956262425447317	0.2415506958250497
placo_longsleep__scz_chr17_43325576_45343136	longsleep__scz	rs113537106	rs62073157	17	44016462	1	1	0.98694966	0.9891989058355038	0.978514475306158	503	0.23956262425447317	0.2415506958250497
placo_longsleep__scz_chr17_43325576_45343136	longsleep__scz	rs62061727	rs62073157	17	44017124	1	1	0.9866913	0.9891989058355038	0.978514475306158	503	0.23956262425447317	0.2415506958250497
placo_longsleep__scz_chr17_43325576_45343136	longsleep__scz	rs62061728	rs62073157	17	44017180	1	1	0.98694966	0.9891989058355038	0.978514475306158	503	0.23956262425447317	0.2415506958250497
placo_longsleep__scz_chr17_43325576_45343136	longsleep__scz	rs62061729	rs62073157	17	44017283	1	1	0.98694912	0.9891989058355038	0.978514475306158	503	0.23956262425447317	0.2415506958250497
placo_longsleep__scz_chr17_43325576_45343136	longsleep__scz	rs62061730	rs62073157	17	44017342	1	1	0.9869108	0.9891989058355038	0.978514475306158	503	0.23956262425447317	0.2415506958250497
placo_longsleep__scz_chr17_43325576_45343136	longsleep__scz	rs62061731	rs62073157	17	44017666	1	1	0.98697886	0.9891989058355038	0.978514475306158	503	0.23956262425447317	0.2415506958250497
placo_longsleep__scz_chr17_43325576_45343136	longsleep__scz	rs62061732	rs62073157	17	44017941	1	1	0.98692083	0.9891989058355038	0.978514475306158	503	0.23956262425447317	0.2415506958250497
placo_longsleep__scz_chr17_43325576_45343136	longsleep__scz	rs62061733	rs62073157	17	44018399	1	1	0.97596002	0.9837636392338929	0.967790897878713	503	0.2415506958250497	0.2415506958250497
placo_longsleep__scz_chr17_43325576_45343136	longsleep__scz	rs62061734	rs62073157	17	44018488	0	1	0.98066425	nan	nan	nan	nan	nan
placo_longsleep__scz_chr17_43325576_45343136	longsleep__scz	rs7210219	rs62073157	17	44018519	1	1	0.95859647	0.9542595222459456	0.9106112357970603	503	0.24055666003976142	0.2415506958250497
placo_longsleep__scz_chr17_43325576_45343136	longsleep__scz	rs62062769	rs62073157	17	44019643	1	1	0.9870698	0.9891989058355038	0.978514475306158	503	0.23956262425447317	0.2415506958250497
placo_longsleep__scz_chr17_43325576_45343136	longsleep__scz	rs62062770	rs62073157	17	44019680	1	1	0.9870698	0.9891989058355038	0.978514475306158	503	0.23956262425447317	0.2415506958250497
placo_longsleep__scz_chr17_43325576_45343136	longsleep__scz	rs62062771	rs62073157	17	44020282	1	1	0.98738007	0.9891989058355038	0.978514475306158	503	0.23956262425447317	0.2415506958250497
placo_longsleep__scz_chr17_43325576_45343136	longsleep__scz	rs62062772	rs62073157	17	44020314	1	1	0.98738399	0.9891989058355038	0.978514475306158	503	0.23956262425447317	0.2415506958250497
placo_longsleep__scz_chr17_43325576_45343136	longsleep__scz	rs62062773	rs62073157	17	44020545	1	1	0.9873849	0.9891989058355038	0.978514475306158	503	0.23956262425447317	0.2415506958250497
placo_longsleep__scz_chr17_43325576_45343136	longsleep__scz	rs79115768	rs62073157	17	44021061	1	1	0.98735624	0.9891989058355038	0.978514475306158	503	0.23956262425447317	0.2415506958250497
placo_longsleep__scz_chr17_43325576_45343136	longsleep__scz	rs28416808	rs62073157	17	44021218	1	1	0.98736796	0.9865909609964312	0.9733617243198616	503	0.24055666003976142	0.2415506958250497
placo_longsleep__scz_chr17_43325576_45343136	longsleep__scz	rs62062774	rs62073157	17	44021463	1	1	0.98738331	0.9891989058355038	0.978514475306158	503	0.23956262425447317	0.2415506958250497
placo_longsleep__scz_chr17_43325576_45343136	longsleep__scz	rs2316784	rs62073157	17	44021699	1	1	0.98586612	0.9891989058355038	0.978514475306158	503	0.23956262425447317	0.2415506958250497
placo_longsleep__scz_chr17_43325576_45343136	longsleep__scz	rs4327091	rs62073157	17	44021717	1	1	0.98586612	0.9891989058355038	0.978514475306158	503	0.23956262425447317	0.2415506958250497
placo_longsleep__scz_chr17_43325576_45343136	longsleep__scz	rs4479290	rs62073157	17	44021744	1	1	0.98587588	0.9891989058355038	0.978514475306158	503	0.23956262425447317	0.2415506958250497
placo_longsleep__scz_chr17_43325576_45343136	longsleep__scz	rs62062776	rs62073157	17	44022043	1	1	0.98732711	0.9891989058355038	0.978514475306158	503	0.23956262425447317	0.2415506958250497
placo_longsleep__scz_chr17_43325576_45343136	longsleep__scz	rs62062777	rs62073157	17	44022068	1	1	0.98732602	0.9891989058355038	0.978514475306158	503	0.23956262425447317	0.2415506958250497
placo_longsleep__scz_chr17_43325576_45343136	longsleep__scz	rs75839508	rs62073157	17	44022319	1	1	0.98727893	0.9891989058355038	0.978514475306158	503	0.23956262425447317	0.2415506958250497
placo_longsleep__scz_chr17_43325576_45343136	longsleep__scz	rs75686108	rs62073157	17	44022376	1	1	0.98725993	0.9891989058355038	0.978514475306158	503	0.23956262425447317	0.2415506958250497
placo_longsleep__scz_chr17_43325576_45343136	longsleep__scz	rs79765413	rs62073157	17	44022433	1	1	0.98607379	0.9891989058355038	0.978514475306158	503	0.23956262425447317	0.2415506958250497
placo_longsleep__scz_chr17_43325576_45343136	longsleep__scz	rs78834738	rs62073157	17	44022434	1	1	0.98606227	0.9891989058355038	0.978514475306158	503	0.23956262425447317	0.2415506958250497
placo_longsleep__scz_chr17_43325576_45343136	longsleep__scz	rs62062778	rs62073157	17	44022528	1	1	0.98716901	0.9891989058355038	0.978514475306158	503	0.23956262425447317	0.2415506958250497
placo_longsleep__scz_chr17_43325576_45343136	longsleep__scz	rs62062779	rs62073157	17	44022577	1	1	0.98661091	0.9891989058355038	0.978514475306158	503	0.23956262425447317	0.2415506958250497
placo_longsleep__scz_chr17_43325576_45343136	longsleep__scz	rs62062780	rs62073157	17	44022593	1	1	0.98661211	0.9891989058355038	0.978514475306158	503	0.23956262425447317	0.2415506958250497
placo_longsleep__scz_chr17_43325576_45343136	longsleep__scz	rs62062781	rs62073157	17	44022632	1	1	0.98680068	0.9891989058355038	0.978514475306158	503	0.23956262425447317	0.2415506958250497
placo_longsleep__scz_chr17_43325576_45343136	longsleep__scz	rs62062782	rs62073157	17	44023087	1	1	0.98734172	0.9891989058355038	0.978514475306158	503	0.23956262425447317	0.2415506958250497
placo_longsleep__scz_chr17_43325576_45343136	longsleep__scz	rs62062783	rs62073157	17	44023520	1	1	0.98736913	0.9891989058355038	0.978514475306158	503	0.23956262425447317	0.2415506958250497
placo_longsleep__scz_chr17_43325576_45343136	longsleep__scz	rs62062785	rs62073157	17	44024562	1	1	0.98732016	0.9891989058355038	0.978514475306158	503	0.23956262425447317	0.2415506958250497
placo_longsleep__scz_chr17_43325576_45343136	longsleep__scz	rs62062787	rs62073157	17	44024865	1	1	0.98717229	0.9891989058355038	0.978514475306158	503	0.23956262425447317	0.2415506958250497
placo_longsleep__scz_chr17_43325576_45343136	longsleep__scz	rs62062788	rs62073157	17	44024906	1	1	0.98717253	0.9891989058355038	0.978514475306158	503	0.23956262425447317	0.2415506958250497
placo_longsleep__scz_chr17_43325576_45343136	longsleep__scz	rs62062789	rs62073157	17	44025033	1	1	0.98680766	0.9891989058355038	0.978514475306158	503	0.23956262425447317	0.2415506958250497
placo_longsleep__scz_chr17_43325576_45343136	longsleep__scz	rs62062790	rs62073157	17	44025045	1	1	0.98680766	0.9891989058355038	0.978514475306158	503	0.23956262425447317	0.2415506958250497
placo_longsleep__scz_chr17_43325576_45343136	longsleep__scz	rs62062791	rs62073157	17	44025273	1	1	0.98728516	0.9891989058355038	0.978514475306158	503	0.23956262425447317	0.2415506958250497
placo_longsleep__scz_chr17_43325576_45343136	longsleep__scz	rs62062792	rs62073157	17	44025347	1	1	0.98728615	0.9891989058355038	0.978514475306158	503	0.23956262425447317	0.2415506958250497
placo_longsleep__scz_chr17_43325576_45343136	longsleep__scz	rs113395365	rs62073157	17	44025650	1	1	0.9873101	0.9891989058355038	0.978514475306158	503	0.23956262425447317	0.2415506958250497
placo_longsleep__scz_chr17_43325576_45343136	longsleep__scz	rs242559	rs62073157	17	44025888	1	1	0.95371999	0.9610237023837757	0.9235665565434198	503	0.2504970178926441	0.2415506958250497
placo_longsleep__scz_chr17_43325576_45343136	longsleep__scz	rs62062793	rs62073157	17	44026321	1	1	0.98773759	0.9891989058355038	0.978514475306158	503	0.23956262425447317	0.2415506958250497
placo_longsleep__scz_chr17_43325576_45343136	longsleep__scz	rs62062794	rs62073157	17	44026394	1	1	0.98775753	0.9891989058355038	0.978514475306158	503	0.23956262425447317	0.2415506958250497
placo_longsleep__scz_chr17_43325576_45343136	longsleep__scz	rs78556223	rs62073157	17	44026478	1	1	0.9841842	0.9837400272900363	0.9677444412926014	503	0.23757455268389663	0.2415506958250497
placo_longsleep__scz_chr17_43325576_45343136	longsleep__scz	rs242561	rs62073157	17	44026548	1	1	0.98725766	0.9891989058355038	0.978514475306158	503	0.23956262425447317	0.2415506958250497
placo_longsleep__scz_chr17_43325576_45343136	longsleep__scz	rs62062795	rs62073157	17	44027090	1	1	0.9877468	0.9891989058355038	0.978514475306158	503	0.23956262425447317	0.2415506958250497
placo_longsleep__scz_chr17_43325576_45343136	longsleep__scz	rs62062796	rs62073157	17	44027316	1	1	0.98630471	0.9891989058355038	0.978514475306158	503	0.23956262425447317	0.2415506958250497
placo_longsleep__scz_chr17_43325576_45343136	longsleep__scz	rs62062797	rs62073157	17	44027366	1	1	0.98429567	0.9891989058355038	0.978514475306158	503	0.23956262425447317	0.2415506958250497
placo_longsleep__scz_chr17_43325576_45343136	longsleep__scz	rs62062798	rs62073157	17	44027383	1	1	0.98420405	0.9891989058355038	0.978514475306158	503	0.23956262425447317	0.2415506958250497
placo_longsleep__scz_chr17_43325576_45343136	longsleep__scz	rs62062799	rs62073157	17	44027521	1	1	0.98772847	0.9891989058355038	0.978514475306158	503	0.23956262425447317	0.2415506958250497
placo_longsleep__scz_chr17_43325576_45343136	longsleep__scz	rs62062800	rs62073157	17	44027753	1	1	0.98772812	0.9891989058355038	0.978514475306158	503	0.23956262425447317	0.2415506958250497
placo_longsleep__scz_chr17_43325576_45343136	longsleep__scz	rs62062801	rs62073157	17	44028011	1	1	0.98772752	0.9891989058355038	0.978514475306158	503	0.23956262425447317	0.2415506958250497
placo_longsleep__scz_chr17_43325576_45343136	longsleep__scz	rs62062802	rs62073157	17	44028045	1	1	0.98772664	0.9891989058355038	0.978514475306158	503	0.23956262425447317	0.2415506958250497
placo_longsleep__scz_chr17_43325576_45343136	longsleep__scz	rs62062803	rs62073157	17	44028183	1	1	0.98771442	0.9891989058355038	0.978514475306158	503	0.23956262425447317	0.2415506958250497
placo_longsleep__scz_chr17_43325576_45343136	longsleep__scz	rs74903707	rs62073157	17	44028707	1	1	0.987734	0.9891989058355038	0.978514475306158	503	0.23956262425447317	0.2415506958250497
placo_longsleep__scz_chr17_43325576_45343136	longsleep__scz	rs77017444	rs62073157	17	44028796	1	1	0.98781405	0.9891989058355038	0.978514475306158	503	0.23956262425447317	0.2415506958250497
placo_longsleep__scz_chr17_43325576_45343136	longsleep__scz	rs17650579	rs62073157	17	44030115	1	1	0.98767799	0.9891989058355038	0.978514475306158	503	0.23956262425447317	0.2415506958250497
placo_longsleep__scz_chr17_43325576_45343136	longsleep__scz	rs17650633	rs62073157	17	44030231	1	1	0.98767925	0.9891989058355038	0.978514475306158	503	0.23956262425447317	0.2415506958250497
placo_longsleep__scz_chr17_43325576_45343136	longsleep__scz	rs17650651	rs62073157	17	44030311	1	1	0.98767958	0.9891989058355038	0.978514475306158	503	0.23956262425447317	0.2415506958250497
placo_longsleep__scz_chr17_43325576_45343136	longsleep__scz	rs62062805	rs62073157	17	44030773	1	1	0.98768781	0.9891989058355038	0.978514475306158	503	0.23956262425447317	0.2415506958250497
placo_longsleep__scz_chr17_43325576_45343136	longsleep__scz	rs62062806	rs62073157	17	44031420	1	1	0.98773953	0.9891989058355038	0.978514475306158	503	0.23956262425447317	0.2415506958250497
placo_longsleep__scz_chr17_43325576_45343136	longsleep__scz	rs55978005	rs62073157	17	44031540	1	1	0.98773994	0.9891989058355038	0.978514475306158	503	0.23956262425447317	0.2415506958250497
placo_longsleep__scz_chr17_43325576_45343136	longsleep__scz	rs55946323	rs62073157	17	44031946	1	1	0.98772491	0.9865145791895938	0.9732110149536214	503	0.23856858846918488	0.2415506958250497
placo_longsleep__scz_chr17_43325576_45343136	longsleep__scz	rs56317731	rs62073157	17	44032073	1	1	0.98773193	0.9891989058355038	0.978514475306158	503	0.23956262425447317	0.2415506958250497
placo_longsleep__scz_chr17_43325576_45343136	longsleep__scz	rs56080482	rs62073157	17	44032597	1	1	0.98778541	0.9891989058355038	0.978514475306158	503	0.23956262425447317	0.2415506958250497
placo_longsleep__scz_chr17_43325576_45343136	longsleep__scz	rs17571718	rs62073157	17	44032768	1	1	0.98726824	0.9891989058355038	0.978514475306158	503	0.23956262425447317	0.2415506958250497
placo_longsleep__scz_chr17_43325576_45343136	longsleep__scz	rs78555354	rs62073157	17	44032879	1	1	0.98690713	0.9891989058355038	0.978514475306158	503	0.23956262425447317	0.2415506958250497
placo_longsleep__scz_chr17_43325576_45343136	longsleep__scz	rs17571739	rs62073157	17	44032915	1	1	0.98633383	0.9891989058355038	0.978514475306158	503	0.23956262425447317	0.2415506958250497
placo_longsleep__scz_chr17_43325576_45343136	longsleep__scz	rs62062813	rs62073157	17	44032956	1	1	0.98604097	0.9891989058355038	0.978514475306158	503	0.23956262425447317	0.2415506958250497
placo_longsleep__scz_chr17_43325576_45343136	longsleep__scz	rs62063262	rs62073157	17	44033002	1	1	0.98675588	0.9891989058355038	0.978514475306158	503	0.23956262425447317	0.2415506958250497
placo_longsleep__scz_chr17_43325576_45343136	longsleep__scz	rs113520245	rs62073157	17	44033132	1	1	0.97848197	0.9891989058355038	0.978514475306158	503	0.23956262425447317	0.2415506958250497
placo_longsleep__scz_chr17_43325576_45343136	longsleep__scz	rs113277432	rs62073157	17	44033169	1	1	0.97832351	0.9891989058355038	0.978514475306158	503	0.23956262425447317	0.2415506958250497
placo_longsleep__scz_chr17_43325576_45343136	longsleep__scz	rs112950348	rs62073157	17	44033188	1	1	0.97833757	0.9891989058355038	0.978514475306158	503	0.23956262425447317	0.2415506958250497
placo_longsleep__scz_chr17_43325576_45343136	longsleep__scz	rs62063264	rs62073157	17	44033401	1	1	0.98458791	0.9891989058355038	0.978514475306158	503	0.23956262425447317	0.2415506958250497
placo_longsleep__scz_chr17_43325576_45343136	longsleep__scz	rs62063265	rs62073157	17	44033468	1	1	0.98710203	0.9891989058355038	0.978514475306158	503	0.23956262425447317	0.2415506958250497
placo_longsleep__scz_chr17_43325576_45343136	longsleep__scz	rs62063266	rs62073157	17	44033488	1	1	0.98724293	0.9891989058355038	0.978514475306158	503	0.23956262425447317	0.2415506958250497
placo_longsleep__scz_chr17_43325576_45343136	longsleep__scz	rs17571781	rs62073157	17	44033802	1	1	0.98714596	0.9891989058355038	0.978514475306158	503	0.23956262425447317	0.2415506958250497
placo_longsleep__scz_chr17_43325576_45343136	longsleep__scz	rs62063269	rs62073157	17	44034833	1	1	0.9878494	0.9891989058355038	0.978514475306158	503	0.23956262425447317	0.2415506958250497
placo_longsleep__scz_chr17_43325576_45343136	longsleep__scz	rs17571809	rs62073157	17	44034859	1	1	0.98765677	0.9891989058355038	0.978514475306158	503	0.23956262425447317	0.2415506958250497
placo_longsleep__scz_chr17_43325576_45343136	longsleep__scz	rs17650771	rs62073157	17	44035367	1	1	0.98780132	0.9891989058355038	0.978514475306158	503	0.23956262425447317	0.2415506958250497
placo_longsleep__scz_chr17_43325576_45343136	longsleep__scz	rs77555455	rs62073157	17	44035516	1	1	0.98777861	0.9891989058355038	0.978514475306158	503	0.23956262425447317	0.2415506958250497
placo_longsleep__scz_chr17_43325576_45343136	longsleep__scz	rs17571857	rs62073157	17	44035706	1	1	0.98780524	0.9891989058355038	0.978514475306158	503	0.23956262425447317	0.2415506958250497
placo_longsleep__scz_chr17_43325576_45343136	longsleep__scz	rs62063271	rs62073157	17	44036047	1	1	0.98780173	0.9891989058355038	0.978514475306158	503	0.23956262425447317	0.2415506958250497
placo_longsleep__scz_chr17_43325576_45343136	longsleep__scz	rs62063275	rs62073157	17	44036287	1	1	0.98779954	0.9891989058355038	0.978514475306158	503	0.23956262425447317	0.2415506958250497
placo_longsleep__scz_chr17_43325576_45343136	longsleep__scz	rs62063276	rs62073157	17	44036408	1	1	0.9876406	0.9865909609964312	0.9733617243198616	503	0.24055666003976142	0.2415506958250497
placo_longsleep__scz_chr17_43325576_45343136	longsleep__scz	rs17650818	rs62073157	17	44036787	1	1	0.98777007	0.9891989058355038	0.978514475306158	503	0.23956262425447317	0.2415506958250497
placo_longsleep__scz_chr17_43325576_45343136	longsleep__scz	rs62063278	rs62073157	17	44036914	1	1	0.98753621	0.9891989058355038	0.978514475306158	503	0.23956262425447317	0.2415506958250497
placo_longsleep__scz_chr17_43325576_45343136	longsleep__scz	rs62063279	rs62073157	17	44036936	1	1	0.98752917	0.9891989058355038	0.978514475306158	503	0.23956262425447317	0.2415506958250497
placo_longsleep__scz_chr17_43325576_45343136	longsleep__scz	rs113793114	rs62073157	17	44037079	1	1	0.98744882	0.9891989058355038	0.978514475306158	503	0.23956262425447317	0.2415506958250497
placo_longsleep__scz_chr17_43325576_45343136	longsleep__scz	rs17650842	rs62073157	17	44037491	1	1	0.98657929	0.9891989058355038	0.978514475306158	503	0.23956262425447317	0.2415506958250497
placo_longsleep__scz_chr17_43325576_45343136	longsleep__scz	rs62063281	rs62073157	17	44038785	1	1	0.9420161	0.9836606968837299	0.9675883665937852	503	0.2415506958250497	0.2415506958250497
placo_longsleep__scz_chr17_43325576_45343136	longsleep__scz	rs17650860	rs62073157	17	44039008	1	1	0.98670342	0.9918932397570658	0.9838521990757679	503	0.24055666003976142	0.2415506958250497
placo_longsleep__scz_chr17_43325576_45343136	longsleep__scz	rs62063282	rs62073157	17	44039043	1	1	0.98823263	0.9918932397570658	0.9838521990757679	503	0.24055666003976142	0.2415506958250497
placo_longsleep__scz_chr17_43325576_45343136	longsleep__scz	rs111520035	rs62073157	17	44039410	1	1	0.98823689	0.9892819423290344	0.978678761418307	503	0.2415506958250497	0.2415506958250497
placo_longsleep__scz_chr17_43325576_45343136	longsleep__scz	rs17650872	rs62073157	17	44039516	1	1	0.9882568	0.9918932397570658	0.9838521990757679	503	0.24055666003976142	0.2415506958250497
placo_longsleep__scz_chr17_43325576_45343136	longsleep__scz	rs17650901	rs62073157	17	44039691	1	1	0.9882284	0.9918932397570658	0.9838521990757679	503	0.24055666003976142	0.2415506958250497
placo_longsleep__scz_chr17_43325576_45343136	longsleep__scz	rs55780945	rs62073157	17	44040120	1	1	0.98819984	0.9918932397570658	0.9838521990757679	503	0.24055666003976142	0.2415506958250497
placo_longsleep__scz_chr17_43325576_45343136	longsleep__scz	rs55711941	rs62073157	17	44040823	1	1	0.98817277	0.9918932397570658	0.9838521990757679	503	0.24055666003976142	0.2415506958250497
placo_longsleep__scz_chr17_43325576_45343136	longsleep__scz	rs55709241	rs62073157	17	44041101	1	1	0.98568851	0.9918932397570658	0.9838521990757679	503	0.24055666003976142	0.2415506958250497
placo_longsleep__scz_chr17_43325576_45343136	longsleep__scz	rs56280951	rs62073157	17	44041107	1	1	0.98568851	0.9918932397570658	0.9838521990757679	503	0.24055666003976142	0.2415506958250497
placo_longsleep__scz_chr17_43325576_45343136	longsleep__scz	rs112058117	rs62073157	17	44041562	1	1	0.98333922	0.9918932397570658	0.9838521990757679	503	0.24055666003976142	0.2415506958250497
placo_longsleep__scz_chr17_43325576_45343136	longsleep__scz	rs112206871	rs62073157	17	44041817	1	1	0.98821153	0.9918932397570658	0.9838521990757679	503	0.24055666003976142	0.2415506958250497
placo_longsleep__scz_chr17_43325576_45343136	longsleep__scz	rs56166491	rs62073157	17	44042221	1	1	0.988104	0.9918932397570658	0.9838521990757679	503	0.24055666003976142	0.2415506958250497
placo_longsleep__scz_chr17_43325576_45343136	longsleep__scz	rs56226437	rs62073157	17	44042361	1	1	0.98747691	0.9918932397570658	0.9838521990757679	503	0.24055666003976142	0.2415506958250497
placo_longsleep__scz_chr17_43325576_45343136	longsleep__scz	rs55907036	rs62073157	17	44042366	1	1	0.98750117	0.9918932397570658	0.9838521990757679	503	0.24055666003976142	0.2415506958250497
placo_longsleep__scz_chr17_43325576_45343136	longsleep__scz	rs56294117	rs62073157	17	44042783	1	1	0.9882015	0.9918932397570658	0.9838521990757679	503	0.24055666003976142	0.2415506958250497
placo_longsleep__scz_chr17_43325576_45343136	longsleep__scz	rs112415880	rs62073157	17	44042868	1	1	0.9882015	0.9918932397570658	0.9838521990757679	503	0.24055666003976142	0.2415506958250497
placo_longsleep__scz_chr17_43325576_45343136	longsleep__scz	rs62063291	rs62073157	17	44043378	1	1	0.98559281	0.9918932397570658	0.9838521990757679	503	0.24055666003976142	0.2415506958250497
placo_longsleep__scz_chr17_43325576_45343136	longsleep__scz	rs62063292	rs62073157	17	44043636	1	1	0.98821612	0.9918932397570658	0.9838521990757679	503	0.24055666003976142	0.2415506958250497
placo_longsleep__scz_chr17_43325576_45343136	longsleep__scz	rs62063293	rs62073157	17	44043819	1	1	0.98821612	0.9918932397570658	0.9838521990757679	503	0.24055666003976142	0.2415506958250497
placo_longsleep__scz_chr17_43325576_45343136	longsleep__scz	rs62063294	rs62073157	17	44044157	1	1	0.98820178	0.9891806501212098	0.9784783585742193	503	0.2415506958250497	0.2415506958250497
placo_longsleep__scz_chr17_43325576_45343136	longsleep__scz	rs62063295	rs62073157	17	44044431	1	1	0.98820177	0.9918932397570658	0.9838521990757679	503	0.24055666003976142	0.2415506958250497
placo_longsleep__scz_chr17_43325576_45343136	longsleep__scz	rs17650991	rs62073157	17	44044508	1	1	0.98821612	0.9918932397570658	0.9838521990757679	503	0.24055666003976142	0.2415506958250497
placo_longsleep__scz_chr17_43325576_45343136	longsleep__scz	rs113857334	rs62073157	17	44044940	1	1	0.98821669	0.9918932397570658	0.9838521990757679	503	0.24055666003976142	0.2415506958250497
placo_longsleep__scz_chr17_43325576_45343136	longsleep__scz	rs17572147	rs62073157	17	44044985	1	1	0.98823409	0.9918932397570658	0.9838521990757679	503	0.24055666003976142	0.2415506958250497
placo_longsleep__scz_chr17_43325576_45343136	longsleep__scz	rs77513497	rs62073157	17	44045474	1	1	0.98821669	0.9918932397570658	0.9838521990757679	503	0.24055666003976142	0.2415506958250497
placo_longsleep__scz_chr17_43325576_45343136	longsleep__scz	rs17572169	rs62073157	17	44045974	1	1	0.98821574	0.9918932397570658	0.9838521990757679	503	0.24055666003976142	0.2415506958250497
placo_longsleep__scz_chr17_43325576_45343136	longsleep__scz	rs62063296	rs62073157	17	44046202	1	1	0.98821542	0.9918932397570658	0.9838521990757679	503	0.24055666003976142	0.2415506958250497
placo_longsleep__scz_chr17_43325576_45343136	longsleep__scz	rs62641967	rs62073157	17	44047216	1	1	0.98819641	0.9918932397570658	0.9838521990757679	503	0.24055666003976142	0.2415506958250497
placo_longsleep__scz_chr17_43325576_45343136	longsleep__scz	rs74373419	rs62073157	17	44047609	1	1	0.98821429	0.9918932397570658	0.9838521990757679	503	0.24055666003976142	0.2415506958250497
placo_longsleep__scz_chr17_43325576_45343136	longsleep__scz	rs62063298	rs62073157	17	44048323	1	1	0.9856486	0.9918932397570658	0.9838521990757679	503	0.24055666003976142	0.2415506958250497
placo_longsleep__scz_chr17_43325576_45343136	longsleep__scz	rs62063299	rs62073157	17	44048336	1	1	0.98565944	0.9918932397570658	0.9838521990757679	503	0.24055666003976142	0.2415506958250497
placo_longsleep__scz_chr17_43325576_45343136	longsleep__scz	rs62063300	rs62073157	17	44048350	1	1	0.98562224	0.9918932397570658	0.9838521990757679	503	0.24055666003976142	0.2415506958250497
placo_longsleep__scz_chr17_43325576_45343136	longsleep__scz	rs62063303	rs62073157	17	44049133	1	1	0.98827199	0.9918932397570658	0.9838521990757679	503	0.24055666003976142	0.2415506958250497
placo_longsleep__scz_chr17_43325576_45343136	longsleep__scz	rs75242405	rs62073157	17	44049329	1	1	0.98828936	0.9918932397570658	0.9838521990757679	503	0.24055666003976142	0.2415506958250497
placo_longsleep__scz_chr17_43325576_45343136	longsleep__scz	rs17651093	rs62073157	17	44049550	1	1	0.98783653	0.9918932397570658	0.9838521990757679	503	0.24055666003976142	0.2415506958250497
placo_longsleep__scz_chr17_43325576_45343136	longsleep__scz	rs17572248	rs62073157	17	44049867	1	1	0.98828917	0.9918932397570658	0.9838521990757679	503	0.24055666003976142	0.2415506958250497
placo_longsleep__scz_chr17_43325576_45343136	longsleep__scz	rs62063304	rs62073157	17	44049900	1	1	0.98827368	0.9918932397570658	0.9838521990757679	503	0.24055666003976142	0.2415506958250497
placo_longsleep__scz_chr17_43325576_45343136	longsleep__scz	rs62063305	rs62073157	17	44050282	1	1	0.98829006	0.9918932397570658	0.9838521990757679	503	0.24055666003976142	0.2415506958250497
placo_longsleep__scz_chr17_43325576_45343136	longsleep__scz	rs17651134	rs62073157	17	44050340	1	1	0.98829006	0.9918932397570658	0.9838521990757679	503	0.24055666003976142	0.2415506958250497
placo_longsleep__scz_chr17_43325576_45343136	longsleep__scz	rs62063306	rs62073157	17	44050395	1	1	0.98829006	0.9918932397570658	0.9838521990757679	503	0.24055666003976142	0.2415506958250497
placo_longsleep__scz_chr17_43325576_45343136	longsleep__scz	rs62063774	rs62073157	17	44050463	1	1	0.98829006	0.9918932397570658	0.9838521990757679	503	0.24055666003976142	0.2415506958250497
placo_longsleep__scz_chr17_43325576_45343136	longsleep__scz	rs62063775	rs62073157	17	44050823	1	1	0.98829006	0.9918932397570658	0.9838521990757679	503	0.24055666003976142	0.2415506958250497
placo_longsleep__scz_chr17_43325576_45343136	longsleep__scz	rs62063776	rs62073157	17	44050850	1	1	0.98829006	0.9918932397570658	0.9838521990757679	503	0.24055666003976142	0.2415506958250497
placo_longsleep__scz_chr17_43325576_45343136	longsleep__scz	rs118087478	rs62073157	17	44051589	1	1	0.97832564	0.9918932397570658	0.9838521990757679	503	0.24055666003976142	0.2415506958250497
placo_longsleep__scz_chr17_43325576_45343136	longsleep__scz	rs77875796	rs62073157	17	44051612	1	1	0.9861853	0.9918932397570658	0.9838521990757679	503	0.24055666003976142	0.2415506958250497
placo_longsleep__scz_chr17_43325576_45343136	longsleep__scz	rs1800547	rs62073157	17	44051846	1	1	0.98828901	0.9918932397570658	0.9838521990757679	503	0.24055666003976142	0.2415506958250497
placo_longsleep__scz_chr17_43325576_45343136	longsleep__scz	rs17651213	rs62073157	17	44051924	1	1	0.98828911	0.9918932397570658	0.9838521990757679	503	0.24055666003976142	0.2415506958250497
placo_longsleep__scz_chr17_43325576_45343136	longsleep__scz	rs17572361	rs62073157	17	44052009	1	1	0.98828911	0.9918932397570658	0.9838521990757679	503	0.24055666003976142	0.2415506958250497
placo_longsleep__scz_chr17_43325576_45343136	longsleep__scz	rs17651243	rs62073157	17	44052284	1	1	0.98829006	0.9918932397570658	0.9838521990757679	503	0.24055666003976142	0.2415506958250497
placo_longsleep__scz_chr17_43325576_45343136	longsleep__scz	rs78104015	rs62073157	17	44052733	1	1	0.98822429	0.9918932397570658	0.9838521990757679	503	0.24055666003976142	0.2415506958250497
placo_longsleep__scz_chr17_43325576_45343136	longsleep__scz	rs62063777	rs62073157	17	44053171	1	1	0.98828868	0.9918932397570658	0.9838521990757679	503	0.24055666003976142	0.2415506958250497
placo_longsleep__scz_chr17_43325576_45343136	longsleep__scz	rs2217394	rs62073157	17	44053448	1	1	0.98828868	0.9918932397570658	0.9838521990757679	503	0.24055666003976142	0.2415506958250497
placo_longsleep__scz_chr17_43325576_45343136	longsleep__scz	rs62063778	rs62073157	17	44053989	1	1	0.98828871	0.9918932397570658	0.9838521990757679	503	0.24055666003976142	0.2415506958250497
placo_longsleep__scz_chr17_43325576_45343136	longsleep__scz	rs17651285	rs62073157	17	44054237	1	1	0.98828871	0.9918932397570658	0.9838521990757679	503	0.24055666003976142	0.2415506958250497
placo_longsleep__scz_chr17_43325576_45343136	longsleep__scz	rs17572467	rs62073157	17	44054388	1	1	0.98828871	0.9918932397570658	0.9838521990757679	503	0.24055666003976142	0.2415506958250497
placo_longsleep__scz_chr17_43325576_45343136	longsleep__scz	rs17572495	rs62073157	17	44054596	1	1	0.98814287	0.9918932397570658	0.9838521990757679	503	0.24055666003976142	0.2415506958250497
placo_longsleep__scz_chr17_43325576_45343136	longsleep__scz	rs62063779	rs62073157	17	44054671	1	1	0.98814287	0.9918932397570658	0.9838521990757679	503	0.24055666003976142	0.2415506958250497
placo_longsleep__scz_chr17_43325576_45343136	longsleep__scz	rs62063780	rs62073157	17	44056238	1	1	0.98812825	0.9918932397570658	0.9838521990757679	503	0.24055666003976142	0.2415506958250497
placo_longsleep__scz_chr17_43325576_45343136	longsleep__scz	rs2163129	rs62073157	17	44056433	1	1	0.98809949	0.9918932397570658	0.9838521990757679	503	0.24055666003976142	0.2415506958250497
placo_longsleep__scz_chr17_43325576_45343136	longsleep__scz	rs2163130	rs62073157	17	44056434	1	1	0.98811387	0.9918932397570658	0.9838521990757679	503	0.24055666003976142	0.2415506958250497
placo_longsleep__scz_chr17_43325576_45343136	longsleep__scz	rs1981997	rs62073157	17	44056767	1	1	0.98814287	0.9918932397570658	0.9838521990757679	503	0.24055666003976142	0.2415506958250497
placo_longsleep__scz_chr17_43325576_45343136	longsleep__scz	rs1981998	rs62073157	17	44056833	1	1	0.98814287	0.9918932397570658	0.9838521990757679	503	0.24055666003976142	0.2415506958250497
placo_longsleep__scz_chr17_43325576_45343136	longsleep__scz	rs3785884	rs62073157	17	44057595	1	1	0.96706062	0.9657427235546181	0.9326590080986915	503	0.2504970178926441	0.2415506958250497
placo_longsleep__scz_chr17_43325576_45343136	longsleep__scz	rs17572613	rs62073157	17	44058004	1	1	0.98813405	0.9918932397570658	0.9838521990757679	503	0.24055666003976142	0.2415506958250497
placo_longsleep__scz_chr17_43325576_45343136	longsleep__scz	rs77527347	rs62073157	17	44058017	1	1	0.9880488	0.9891806501212098	0.9784783585742193	503	0.2415506958250497	0.2415506958250497
placo_longsleep__scz_chr17_43325576_45343136	longsleep__scz	rs17651483	rs62073157	17	44058861	1	1	0.98814287	0.9918932397570658	0.9838521990757679	503	0.24055666003976142	0.2415506958250497
placo_longsleep__scz_chr17_43325576_45343136	longsleep__scz	rs62063783	rs62073157	17	44059215	1	1	0.98814223	0.9918932397570658	0.9838521990757679	503	0.24055666003976142	0.2415506958250497
placo_longsleep__scz_chr17_43325576_45343136	longsleep__scz	rs62063784	rs62073157	17	44059775	1	1	0.98814287	0.9918932397570658	0.9838521990757679	503	0.24055666003976142	0.2415506958250497
placo_longsleep__scz_chr17_43325576_45343136	longsleep__scz	rs56234850	rs62073157	17	44060248	1	1	0.98814001	0.9918932397570658	0.9838521990757679	503	0.24055666003976142	0.2415506958250497
placo_longsleep__scz_chr17_43325576_45343136	longsleep__scz	rs63750417	rs62073157	17	44060775	1	1	0.98812452	0.9918932397570658	0.9838521990757679	503	0.24055666003976142	0.2415506958250497
placo_longsleep__scz_chr17_43325576_45343136	longsleep__scz	rs62063786	rs62073157	17	44061023	1	1	0.98528148	0.9918932397570658	0.9838521990757679	503	0.24055666003976142	0.2415506958250497
placo_longsleep__scz_chr17_43325576_45343136	longsleep__scz	rs62063787	rs62073157	17	44061036	1	1	0.98814287	0.9918932397570658	0.9838521990757679	503	0.24055666003976142	0.2415506958250497
placo_longsleep__scz_chr17_43325576_45343136	longsleep__scz	rs17651549	rs62073157	17	44061278	1	1	0.98806235	0.9918932397570658	0.9838521990757679	503	0.24055666003976142	0.2415506958250497
placo_longsleep__scz_chr17_43325576_45343136	longsleep__scz	rs10445371	rs62073157	17	44065410	1	1	0.98809251	0.9918932397570658	0.9838521990757679	503	0.24055666003976142	0.2415506958250497
placo_longsleep__scz_chr17_43325576_45343136	longsleep__scz	rs919462	rs62073157	17	44065740	1	1	0.98809379	0.9918932397570658	0.9838521990757679	503	0.24055666003976142	0.2415506958250497
placo_longsleep__scz_chr17_43325576_45343136	longsleep__scz	rs919464	rs62073157	17	44065901	1	1	0.98829845	0.9918932397570658	0.9838521990757679	503	0.24055666003976142	0.2415506958250497
placo_longsleep__scz_chr17_43325576_45343136	longsleep__scz	rs112385572	rs62073157	17	44066172	1	1	0.98830036	0.9918932397570658	0.9838521990757679	503	0.24055666003976142	0.2415506958250497
placo_longsleep__scz_chr17_43325576_45343136	longsleep__scz	rs113134013	rs62073157	17	44066995	1	1	0.98829918	0.9918932397570658	0.9838521990757679	503	0.24055666003976142	0.2415506958250497
placo_longsleep__scz_chr17_43325576_45343136	longsleep__scz	rs76357066	rs62073157	17	44067046	1	1	0.98830036	0.9918932397570658	0.9838521990757679	503	0.24055666003976142	0.2415506958250497
placo_longsleep__scz_chr17_43325576_45343136	longsleep__scz	rs10445337	rs62073157	17	44067400	1	1	0.9846096	0.9918932397570658	0.9838521990757679	503	0.24055666003976142	0.2415506958250497
placo_longsleep__scz_chr17_43325576_45343136	longsleep__scz	rs79447161	rs62073157	17	44067508	1	1	0.98830036	0.9918932397570658	0.9838521990757679	503	0.24055666003976142	0.2415506958250497
placo_longsleep__scz_chr17_43325576_45343136	longsleep__scz	rs17651754	rs62073157	17	44067546	1	1	0.98830036	0.9918932397570658	0.9838521990757679	503	0.24055666003976142	0.2415506958250497
placo_longsleep__scz_chr17_43325576_45343136	longsleep__scz	rs10445338	rs62073157	17	44067682	1	1	0.9882697	0.9918932397570658	0.9838521990757679	503	0.24055666003976142	0.2415506958250497
placo_longsleep__scz_chr17_43325576_45343136	longsleep__scz	rs111652694	rs62073157	17	44067831	1	1	0.98830036	0.9918932397570658	0.9838521990757679	503	0.24055666003976142	0.2415506958250497
placo_longsleep__scz_chr17_43325576_45343136	longsleep__scz	rs62063795	rs62073157	17	44068238	1	1	0.98830036	0.9891806501212098	0.9784783585742193	503	0.2415506958250497	0.2415506958250497
placo_longsleep__scz_chr17_43325576_45343136	longsleep__scz	rs62063796	rs62073157	17	44068289	1	1	0.98830036	0.9891806501212099	0.9784783585742195	503	0.2415506958250497	0.2415506958250497
placo_longsleep__scz_chr17_43325576_45343136	longsleep__scz	rs77290642	rs62073157	17	44068480	1	1	0.98830036	0.9918932397570658	0.9838521990757679	503	0.24055666003976142	0.2415506958250497
placo_longsleep__scz_chr17_43325576_45343136	longsleep__scz	rs76618565	rs62073157	17	44068481	1	1	0.98837447	0.9918932397570658	0.9838521990757679	503	0.24055666003976142	0.2415506958250497
placo_longsleep__scz_chr17_43325576_45343136	longsleep__scz	rs62063798	rs62073157	17	44068543	1	1	0.98830036	0.9918932397570658	0.9838521990757679	503	0.24055666003976142	0.2415506958250497
placo_longsleep__scz_chr17_43325576_45343136	longsleep__scz	rs1052551	rs62073157	17	44068924	1	1	0.98828992	0.9918932397570658	0.9838521990757679	503	0.24055666003976142	0.2415506958250497
placo_longsleep__scz_chr17_43325576_45343136	longsleep__scz	rs62063800	rs62073157	17	44069198	1	1	0.98829936	0.9918932397570658	0.9838521990757679	503	0.24055666003976142	0.2415506958250497
placo_longsleep__scz_chr17_43325576_45343136	longsleep__scz	rs17651857	rs62073157	17	44069687	1	1	0.98829936	0.9918932397570658	0.9838521990757679	503	0.24055666003976142	0.2415506958250497
placo_longsleep__scz_chr17_43325576_45343136	longsleep__scz	rs74759276	rs62073157	17	44069768	1	1	0.98827564	0.9918932397570658	0.9838521990757679	503	0.24055666003976142	0.2415506958250497
placo_longsleep__scz_chr17_43325576_45343136	longsleep__scz	rs17651887	rs62073157	17	44069840	1	1	0.98827564	0.9918932397570658	0.9838521990757679	503	0.24055666003976142	0.2415506958250497
placo_longsleep__scz_chr17_43325576_45343136	longsleep__scz	rs55662347	rs62073157	17	44070545	1	1	0.98826925	0.9918932397570658	0.9838521990757679	503	0.24055666003976142	0.2415506958250497
placo_longsleep__scz_chr17_43325576_45343136	longsleep__scz	rs62063845	rs62073157	17	44071294	1	1	0.98825493	0.9918932397570658	0.9838521990757679	503	0.24055666003976142	0.2415506958250497
placo_longsleep__scz_chr17_43325576_45343136	longsleep__scz	rs62063846	rs62073157	17	44071674	1	1	0.98825302	0.9918932397570658	0.9838521990757679	503	0.24055666003976142	0.2415506958250497
placo_longsleep__scz_chr17_43325576_45343136	longsleep__scz	rs55736025	rs62073157	17	44072017	1	1	0.98825302	0.9918932397570658	0.9838521990757679	503	0.24055666003976142	0.2415506958250497
placo_longsleep__scz_chr17_43325576_45343136	longsleep__scz	rs75944932	rs62073157	17	44072423	1	1	0.98819478	0.9918932397570658	0.9838521990757679	503	0.24055666003976142	0.2415506958250497
placo_longsleep__scz_chr17_43325576_45343136	longsleep__scz	rs17573245	rs62073157	17	44072854	1	1	0.98821634	0.9891806501212099	0.9784783585742195	503	0.2415506958250497	0.2415506958250497
placo_longsleep__scz_chr17_43325576_45343136	longsleep__scz	rs112572874	rs62073157	17	44072984	1	1	0.98214829	0.9918932397570658	0.9838521990757679	503	0.24055666003976142	0.2415506958250497
placo_longsleep__scz_chr17_43325576_45343136	longsleep__scz	rs17652036	rs62073157	17	44073027	1	1	0.98710369	0.9918932397570658	0.9838521990757679	503	0.24055666003976142	0.2415506958250497
placo_longsleep__scz_chr17_43325576_45343136	longsleep__scz	rs62063849	rs62073157	17	44073062	1	1	0.98793905	0.9918932397570658	0.9838521990757679	503	0.24055666003976142	0.2415506958250497
placo_longsleep__scz_chr17_43325576_45343136	longsleep__scz	rs62063850	rs62073157	17	44073739	1	1	0.98825302	0.9891806501212098	0.9784783585742193	503	0.2415506958250497	0.2415506958250497
placo_longsleep__scz_chr17_43325576_45343136	longsleep__scz	rs1052553	rs62073157	17	44073889	1	1	0.98719197	0.9891806501212099	0.9784783585742195	503	0.2415506958250497	0.2415506958250497
placo_longsleep__scz_chr17_43325576_45343136	longsleep__scz	rs17652121	rs62073157	17	44073973	1	1	0.98825302	0.9918932397570658	0.9838521990757679	503	0.24055666003976142	0.2415506958250497
placo_longsleep__scz_chr17_43325576_45343136	longsleep__scz	rs62063852	rs62073157	17	44074581	1	1	0.98827316	0.9918932397570658	0.9838521990757679	503	0.24055666003976142	0.2415506958250497
placo_longsleep__scz_chr17_43325576_45343136	longsleep__scz	rs62063853	rs62073157	17	44074613	1	1	0.98816528	0.9918932397570658	0.9838521990757679	503	0.24055666003976142	0.2415506958250497
placo_longsleep__scz_chr17_43325576_45343136	longsleep__scz	rs62063854	rs62073157	17	44074619	1	1	0.98812759	0.9918932397570658	0.9838521990757679	503	0.24055666003976142	0.2415506958250497
placo_longsleep__scz_chr17_43325576_45343136	longsleep__scz	rs2004673	rs62073157	17	44075099	1	1	0.98851834	0.9918932397570658	0.9838521990757679	503	0.24055666003976142	0.2415506958250497
placo_longsleep__scz_chr17_43325576_45343136	longsleep__scz	rs62063855	rs62073157	17	44075535	1	1	0.98828793	0.9918932397570658	0.9838521990757679	503	0.24055666003976142	0.2415506958250497
placo_longsleep__scz_chr17_43325576_45343136	longsleep__scz	rs1078269	rs62073157	17	44075837	1	1	0.98836274	0.9918932397570658	0.9838521990757679	503	0.24055666003976142	0.2415506958250497
placo_longsleep__scz_chr17_43325576_45343136	longsleep__scz	rs1078268	rs62073157	17	44075901	1	1	0.98836121	0.9918932397570658	0.9838521990757679	503	0.24055666003976142	0.2415506958250497
placo_longsleep__scz_chr17_43325576_45343136	longsleep__scz	rs62063856	rs62073157	17	44076466	1	1	0.98840189	0.9918932397570658	0.9838521990757679	503	0.24055666003976142	0.2415506958250497
placo_longsleep__scz_chr17_43325576_45343136	longsleep__scz	rs62063857	rs62073157	17	44076665	1	1	0.98798816	0.9918932397570658	0.9838521990757679	503	0.24055666003976142	0.2415506958250497
placo_longsleep__scz_chr17_43325576_45343136	longsleep__scz	rs79959255	rs62073157	17	44077708	1	1	0.9881029	0.9918932397570658	0.9838521990757679	503	0.24055666003976142	0.2415506958250497
placo_longsleep__scz_chr17_43325576_45343136	longsleep__scz	rs56301633	rs62073157	17	44077850	1	1	0.98730601	0.9918932397570658	0.9838521990757679	503	0.24055666003976142	0.2415506958250497
placo_longsleep__scz_chr17_43325576_45343136	longsleep__scz	rs62063859	rs62073157	17	44078616	1	1	0.98836129	0.9918932397570658	0.9838521990757679	503	0.24055666003976142	0.2415506958250497
placo_longsleep__scz_chr17_43325576_45343136	longsleep__scz	rs62064660	rs62073157	17	44078832	1	1	0.98836129	0.9891806501212099	0.9784783585742195	503	0.2415506958250497	0.2415506958250497
placo_longsleep__scz_chr17_43325576_45343136	longsleep__scz	rs62064661	rs62073157	17	44078892	1	1	0.98836333	0.9918932397570658	0.9838521990757679	503	0.24055666003976142	0.2415506958250497
placo_longsleep__scz_chr17_43325576_45343136	longsleep__scz	rs17573447	rs62073157	17	44079567	1	1	0.98810968	0.9865953270906124	0.9733703394370324	503	0.24254473161033796	0.2415506958250497
placo_longsleep__scz_chr17_43325576_45343136	longsleep__scz	rs62064662	rs62073157	17	44079721	1	1	0.98834324	0.9918932397570658	0.9838521990757679	503	0.24055666003976142	0.2415506958250497
placo_longsleep__scz_chr17_43325576_45343136	longsleep__scz	rs62064663	rs62073157	17	44080039	1	1	0.98643662	0.9918932397570658	0.9838521990757679	503	0.24055666003976142	0.2415506958250497
placo_longsleep__scz_chr17_43325576_45343136	longsleep__scz	rs8070723	rs62073157	17	44081064	1	1	0.98316623	0.9918932397570658	0.9838521990757679	503	0.24055666003976142	0.2415506958250497
NA	longsleep__scz	rs17573509	NA	17	44081224	0	0	NA	nan	nan	nan	nan	nan
placo_longsleep__scz_chr17_43325576_45343136	longsleep__scz	rs62064664	rs62073157	17	44081462	1	1	0.98822261	0.9918932397570658	0.9838521990757679	503	0.24055666003976142	0.2415506958250497
placo_longsleep__scz_chr17_43325576_45343136	longsleep__scz	rs62064665	rs62073157	17	44081527	1	1	0.98828089	0.9918932397570658	0.9838521990757679	503	0.24055666003976142	0.2415506958250497
placo_longsleep__scz_chr17_43325576_45343136	longsleep__scz	rs111324579	rs62073157	17	44082181	1	1	0.98751001	0.9918932397570658	0.9838521990757679	503	0.24055666003976142	0.2415506958250497
placo_longsleep__scz_chr17_43325576_45343136	longsleep__scz	rs62064666	rs62073157	17	44082514	1	1	0.98819841	0.9918932397570658	0.9838521990757679	503	0.24055666003976142	0.2415506958250497
placo_longsleep__scz_chr17_43325576_45343136	longsleep__scz	rs17573593	rs62073157	17	44082603	1	1	0.98841235	0.9918932397570658	0.9838521990757679	503	0.24055666003976142	0.2415506958250497
placo_longsleep__scz_chr17_43325576_45343136	longsleep__scz	rs62064668	rs62073157	17	44082981	1	1	0.98797776	0.9918932397570658	0.9838521990757679	503	0.24055666003976142	0.2415506958250497
placo_longsleep__scz_chr17_43325576_45343136	longsleep__scz	rs17573607	rs62073157	17	44083081	1	1	0.98813933	0.9891989058355038	0.978514475306158	503	0.23956262425447317	0.2415506958250497
placo_longsleep__scz_chr17_43325576_45343136	longsleep__scz	rs17652337	rs62073157	17	44083323	1	1	0.98600337	0.9836606968837297	0.9675883665937848	503	0.2415506958250497	0.2415506958250497
placo_longsleep__scz_chr17_43325576_45343136	longsleep__scz	rs1991556	rs62073157	17	44083402	1	1	0.97628558	0.9810626102754625	0.962483845280504	503	0.24254473161033796	0.2415506958250497
placo_longsleep__scz_chr17_43325576_45343136	longsleep__scz	rs74829364	rs62073157	17	44084533	1	1	0.98833522	0.9918932397570658	0.9838521990757679	503	0.24055666003976142	0.2415506958250497
placo_longsleep__scz_chr17_43325576_45343136	longsleep__scz	rs62064669	rs62073157	17	44084676	1	1	0.98833437	0.9918932397570658	0.9838521990757679	503	0.24055666003976142	0.2415506958250497
placo_longsleep__scz_chr17_43325576_45343136	longsleep__scz	rs78136862	rs62073157	17	44085743	0	1	0.98834208	nan	nan	nan	nan	nan
placo_longsleep__scz_chr17_43325576_45343136	longsleep__scz	rs62064671	rs62073157	17	44086100	1	1	0.98834152	0.9918932397570658	0.9838521990757679	503	0.24055666003976142	0.2415506958250497
placo_longsleep__scz_chr17_43325576_45343136	longsleep__scz	rs62064672	rs62073157	17	44086521	1	1	0.98833282	0.9918932397570658	0.9838521990757679	503	0.24055666003976142	0.2415506958250497
placo_longsleep__scz_chr17_43325576_45343136	longsleep__scz	rs62064674	rs62073157	17	44088772	1	1	0.98832619	0.9918932397570658	0.9838521990757679	503	0.24055666003976142	0.2415506958250497
placo_longsleep__scz_chr17_43325576_45343136	longsleep__scz	rs62064675	rs62073157	17	44088926	1	1	0.98774734	0.9918932397570658	0.9838521990757679	503	0.24055666003976142	0.2415506958250497
placo_longsleep__scz_chr17_43325576_45343136	longsleep__scz	rs76723223	rs62073157	17	44089108	1	1	0.98832619	0.9865953270906124	0.9733703394370324	503	0.24254473161033796	0.2415506958250497
placo_longsleep__scz_chr17_43325576_45343136	longsleep__scz	rs733966	rs62073157	17	44089563	1	1	0.98829529	0.9918932397570658	0.9838521990757679	503	0.24055666003976142	0.2415506958250497
placo_longsleep__scz_chr17_43325576_45343136	longsleep__scz	rs733967	rs62073157	17	44089690	1	1	0.98831703	0.9918932397570658	0.9838521990757679	503	0.24055666003976142	0.2415506958250497
placo_longsleep__scz_chr17_43325576_45343136	longsleep__scz	rs733968	rs62073157	17	44089715	1	1	0.98831749	0.9918932397570658	0.9838521990757679	503	0.24055666003976142	0.2415506958250497
placo_longsleep__scz_chr17_43325576_45343136	longsleep__scz	rs733969	rs62073157	17	44089727	1	1	0.98831026	0.9918932397570658	0.9838521990757679	503	0.24055666003976142	0.2415506958250497
placo_longsleep__scz_chr17_43325576_45343136	longsleep__scz	rs4283261	rs62073157	17	44089921	1	1	0.98831749	0.9892819423290344	0.978678761418307	503	0.2415506958250497	0.2415506958250497
placo_longsleep__scz_chr17_43325576_45343136	longsleep__scz	rs75666751	rs62073157	17	44090148	1	1	0.98831749	0.9918932397570658	0.9838521990757679	503	0.24055666003976142	0.2415506958250497
placo_longsleep__scz_chr17_43325576_45343136	longsleep__scz	rs4306559	rs62073157	17	44090236	1	1	0.98831749	0.9918932397570658	0.9838521990757679	503	0.24055666003976142	0.2415506958250497
placo_longsleep__scz_chr17_43325576_45343136	longsleep__scz	rs747152	rs62073157	17	44090339	1	1	0.98831749	0.9918932397570658	0.9838521990757679	503	0.24055666003976142	0.2415506958250497
placo_longsleep__scz_chr17_43325576_45343136	longsleep__scz	rs12150254	rs62073157	17	44090455	1	1	0.98831639	0.9918932397570658	0.9838521990757679	503	0.24055666003976142	0.2415506958250497
placo_longsleep__scz_chr17_43325576_45343136	longsleep__scz	rs12150170	rs62073157	17	44090646	1	1	0.98832619	0.9918932397570658	0.9838521990757679	503	0.24055666003976142	0.2415506958250497
placo_longsleep__scz_chr17_43325576_45343136	longsleep__scz	rs12150515	rs62073157	17	44090685	1	1	0.98832173	0.9918932397570658	0.9838521990757679	503	0.24055666003976142	0.2415506958250497
placo_longsleep__scz_chr17_43325576_45343136	longsleep__scz	rs62062266	rs62073157	17	44090704	1	1	0.98832619	0.9918932397570658	0.9838521990757679	503	0.24055666003976142	0.2415506958250497
placo_longsleep__scz_chr17_43325576_45343136	longsleep__scz	rs17573858	rs62073157	17	44090796	1	1	0.98832619	0.9918932397570658	0.9838521990757679	503	0.24055666003976142	0.2415506958250497
placo_longsleep__scz_chr17_43325576_45343136	longsleep__scz	rs62062267	rs62073157	17	44090854	1	1	0.98832619	0.9918932397570658	0.9838521990757679	503	0.24055666003976142	0.2415506958250497
placo_longsleep__scz_chr17_43325576_45343136	longsleep__scz	rs62062268	rs62073157	17	44090858	1	1	0.98832619	0.9918932397570658	0.9838521990757679	503	0.24055666003976142	0.2415506958250497
placo_longsleep__scz_chr17_43325576_45343136	longsleep__scz	rs62062270	rs62073157	17	44091195	1	1	0.98832229	0.9918932397570658	0.9838521990757679	503	0.24055666003976142	0.2415506958250497
placo_longsleep__scz_chr17_43325576_45343136	longsleep__scz	rs75534191	rs62073157	17	44091724	1	1	0.98832619	0.9918932397570658	0.9838521990757679	503	0.24055666003976142	0.2415506958250497
placo_longsleep__scz_chr17_43325576_45343136	longsleep__scz	rs9891103	rs62073157	17	44091886	1	1	0.96494689	0.9759568296838659	0.9524917334065824	503	0.24652087475149106	0.2415506958250497
placo_longsleep__scz_chr17_43325576_45343136	longsleep__scz	rs12150469	rs62073157	17	44092497	1	1	0.98836	0.9918932397570658	0.9838521990757679	503	0.24055666003976142	0.2415506958250497
placo_longsleep__scz_chr17_43325576_45343136	longsleep__scz	rs12149995	rs62073157	17	44092801	1	1	0.98703523	0.9918932397570658	0.9838521990757679	503	0.24055666003976142	0.2415506958250497
placo_longsleep__scz_chr17_43325576_45343136	longsleep__scz	rs62062274	rs62073157	17	44093319	1	1	0.98814831	0.9918932397570658	0.9838521990757679	503	0.24055666003976142	0.2415506958250497
placo_longsleep__scz_chr17_43325576_45343136	longsleep__scz	rs62062275	rs62073157	17	44093496	1	1	0.98831749	0.9918932397570658	0.9838521990757679	503	0.24055666003976142	0.2415506958250497
placo_longsleep__scz_chr17_43325576_45343136	longsleep__scz	rs62062276	rs62073157	17	44093627	1	1	0.98831749	0.9918932397570658	0.9838521990757679	503	0.24055666003976142	0.2415506958250497
placo_longsleep__scz_chr17_43325576_45343136	longsleep__scz	rs62062278	rs62073157	17	44093860	1	1	0.98831749	0.9918932397570658	0.9838521990757679	503	0.24055666003976142	0.2415506958250497
placo_longsleep__scz_chr17_43325576_45343136	longsleep__scz	rs62062281	rs62073157	17	44094112	1	1	0.98834824	0.9918932397570658	0.9838521990757679	503	0.24055666003976142	0.2415506958250497
placo_longsleep__scz_chr17_43325576_45343136	longsleep__scz	rs62062282	rs62073157	17	44094374	1	1	0.98834824	0.9918932397570658	0.9838521990757679	503	0.24055666003976142	0.2415506958250497
placo_longsleep__scz_chr17_43325576_45343136	longsleep__scz	rs17652502	rs62073157	17	44094471	1	1	0.98834824	0.9891806501212099	0.9784783585742195	503	0.2415506958250497	0.2415506958250497
placo_longsleep__scz_chr17_43325576_45343136	longsleep__scz	rs62062283	rs62073157	17	44095055	1	1	0.98834824	0.9918932397570658	0.9838521990757679	503	0.24055666003976142	0.2415506958250497
placo_longsleep__scz_chr17_43325576_45343136	longsleep__scz	rs111976319	rs62073157	17	44095335	1	1	0.98834824	0.9918932397570658	0.9838521990757679	503	0.24055666003976142	0.2415506958250497
placo_longsleep__scz_chr17_43325576_45343136	longsleep__scz	rs58879558	rs62073157	17	44095467	1	1	0.95738506	0.9657427235546181	0.9326590080986915	503	0.2504970178926441	0.2415506958250497
placo_longsleep__scz_chr17_43325576_45343136	longsleep__scz	rs62062284	rs62073157	17	44095570	1	1	0.98834824	0.9918932397570658	0.9838521990757679	503	0.24055666003976142	0.2415506958250497
placo_longsleep__scz_chr17_43325576_45343136	longsleep__scz	rs62062285	rs62073157	17	44095661	1	1	0.98834824	0.9864757065888051	0.9731343196898823	503	0.24055666003976142	0.2415506958250497
placo_longsleep__scz_chr17_43325576_45343136	longsleep__scz	rs62062286	rs62073157	17	44096486	1	1	0.98745107	0.9918932397570658	0.9838521990757679	503	0.24055666003976142	0.2415506958250497
placo_longsleep__scz_chr17_43325576_45343136	longsleep__scz	rs62062288	rs62073157	17	44096553	1	1	0.9641474	0.9645369714107056	0.9303315692181363	503	0.23658051689860835	0.2415506958250497
placo_longsleep__scz_chr17_43325576_45343136	longsleep__scz	rs17652520	rs62073157	17	44098967	1	1	0.97039432	0.9837886680885792	0.9678401434595008	503	0.24353876739562624	0.2415506958250497
placo_longsleep__scz_chr17_43325576_45343136	longsleep__scz	rs17573907	rs62073157	17	44099082	1	1	0.98803757	0.9918932397570658	0.9838521990757679	503	0.24055666003976142	0.2415506958250497
placo_longsleep__scz_chr17_43325576_45343136	longsleep__scz	rs62062290	rs62073157	17	44099129	1	1	0.98809302	0.9891265710032227	0.9783713734645932	503	0.23956262425447317	0.2415506958250497
placo_longsleep__scz_chr17_43325576_45343136	longsleep__scz	rs55726761	rs62073157	17	44099669	1	1	0.98834824	0.9918932397570658	0.9838521990757679	503	0.24055666003976142	0.2415506958250497
placo_longsleep__scz_chr17_43325576_45343136	longsleep__scz	rs62062292	rs62073157	17	44099809	1	1	0.98834824	0.9918932397570658	0.9838521990757679	503	0.24055666003976142	0.2415506958250497
placo_longsleep__scz_chr17_43325576_45343136	longsleep__scz	rs62062293	rs62073157	17	44100553	1	1	0.98833682	0.9918932397570658	0.9838521990757679	503	0.24055666003976142	0.2415506958250497
placo_longsleep__scz_chr17_43325576_45343136	longsleep__scz	rs62062294	rs62073157	17	44100666	1	1	0.98832579	0.9892819423290344	0.978678761418307	503	0.2415506958250497	0.2415506958250497
placo_longsleep__scz_chr17_43325576_45343136	longsleep__scz	rs62062295	rs62073157	17	44100906	1	1	0.98832382	0.9918932397570658	0.9838521990757679	503	0.24055666003976142	0.2415506958250497
placo_longsleep__scz_chr17_43325576_45343136	longsleep__scz	rs62062296	rs62073157	17	44100916	1	1	0.98832451	0.9918932397570658	0.9838521990757679	503	0.24055666003976142	0.2415506958250497
placo_longsleep__scz_chr17_43325576_45343136	longsleep__scz	rs62062297	rs62073157	17	44101004	1	1	0.98832451	0.9918932397570658	0.9838521990757679	503	0.24055666003976142	0.2415506958250497
placo_longsleep__scz_chr17_43325576_45343136	longsleep__scz	rs9468	rs62073157	17	44101563	1	1	0.9878815	0.9891806501212099	0.9784783585742195	503	0.2415506958250497	0.2415506958250497
placo_longsleep__scz_chr17_43325576_45343136	longsleep__scz	rs8712	rs62073157	17	44101871	1	1	0.98788824	0.9891806501212099	0.9784783585742195	503	0.2415506958250497	0.2415506958250497
placo_longsleep__scz_chr17_43325576_45343136	longsleep__scz	rs1052587	rs62073157	17	44102604	1	1	0.98835132	0.9918932397570658	0.9838521990757679	503	0.24055666003976142	0.2415506958250497
placo_longsleep__scz_chr17_43325576_45343136	longsleep__scz	rs1052590	rs62073157	17	44102638	1	1	0.98836672	0.9918932397570658	0.9838521990757679	503	0.24055666003976142	0.2415506958250497
placo_longsleep__scz_chr17_43325576_45343136	longsleep__scz	rs17574040	rs62073157	17	44102865	1	1	0.98832759	0.9918932397570658	0.9838521990757679	503	0.24055666003976142	0.2415506958250497
placo_longsleep__scz_chr17_43325576_45343136	longsleep__scz	rs16940799	rs62073157	17	44102933	1	1	0.98835255	0.9918932397570658	0.9838521990757679	503	0.24055666003976142	0.2415506958250497
placo_longsleep__scz_chr17_43325576_45343136	longsleep__scz	rs7687	rs62073157	17	44103296	1	1	0.98834824	0.9918932397570658	0.9838521990757679	503	0.24055666003976142	0.2415506958250497
placo_longsleep__scz_chr17_43325576_45343136	longsleep__scz	rs17652748	rs62073157	17	44103616	1	1	0.98834824	0.9918932397570658	0.9838521990757679	503	0.24055666003976142	0.2415506958250497
placo_longsleep__scz_chr17_43325576_45343136	longsleep__scz	rs75010486	rs62073157	17	44103825	1	1	0.98849351	0.9918932397570658	0.9838521990757679	503	0.24055666003976142	0.2415506958250497
placo_longsleep__scz_chr17_43325576_45343136	longsleep__scz	rs16940806	rs62073157	17	44103826	1	1	0.98863097	0.9918932397570658	0.9838521990757679	503	0.24055666003976142	0.2415506958250497
placo_longsleep__scz_chr17_43325576_45343136	longsleep__scz	rs2158257	rs62073157	17	44104343	1	1	0.98836285	0.9918932397570658	0.9838521990757679	503	0.24055666003976142	0.2415506958250497
placo_longsleep__scz_chr17_43325576_45343136	longsleep__scz	rs17574228	rs62073157	17	44104509	1	1	0.98834824	0.9918932397570658	0.9838521990757679	503	0.24055666003976142	0.2415506958250497
placo_longsleep__scz_chr17_43325576_45343136	longsleep__scz	rs78681971	rs62073157	17	44106219	1	1	0.98805654	0.9918932397570658	0.9838521990757679	503	0.24055666003976142	0.2415506958250497
placo_longsleep__scz_chr17_43325576_45343136	longsleep__scz	rs79772576	rs62073157	17	44106220	1	1	0.98406262	0.9891806501212099	0.9784783585742195	503	0.2415506958250497	0.2415506958250497
placo_longsleep__scz_chr17_43325576_45343136	longsleep__scz	rs78229689	rs62073157	17	44106806	1	1	0.98819415	0.9918932397570658	0.9838521990757679	503	0.24055666003976142	0.2415506958250497
placo_longsleep__scz_chr17_43325576_45343136	longsleep__scz	rs7350928	rs62073157	17	44108100	1	1	0.98827518	0.9918932397570658	0.9838521990757679	503	0.24055666003976142	0.2415506958250497
placo_longsleep__scz_chr17_43325576_45343136	longsleep__scz	rs17574361	rs62073157	17	44108202	1	1	0.98833198	0.9918932397570658	0.9838521990757679	503	0.24055666003976142	0.2415506958250497
placo_longsleep__scz_chr17_43325576_45343136	longsleep__scz	rs17652961	rs62073157	17	44108355	1	1	0.98833198	0.9918932397570658	0.9838521990757679	503	0.24055666003976142	0.2415506958250497
placo_longsleep__scz_chr17_43325576_45343136	longsleep__scz	rs34579536	rs62073157	17	44108906	1	1	0.97908606	0.9918932397570658	0.9838521990757679	503	0.24055666003976142	0.2415506958250497
placo_longsleep__scz_chr17_43325576_45343136	longsleep__scz	rs55881134	rs62073157	17	44109248	1	1	0.98830926	0.9918932397570658	0.9838521990757679	503	0.24055666003976142	0.2415506958250497
placo_longsleep__scz_chr17_43325576_45343136	longsleep__scz	rs7350980	rs62073157	17	44110271	1	1	0.97126327	0.9759568296838659	0.9524917334065824	503	0.24652087475149106	0.2415506958250497
placo_longsleep__scz_chr17_43325576_45343136	longsleep__scz	rs36076725	rs62073157	17	44110532	1	1	0.98830956	0.9918932397570658	0.9838521990757679	503	0.24055666003976142	0.2415506958250497
placo_longsleep__scz_chr17_43325576_45343136	longsleep__scz	rs35833914	rs62073157	17	44110541	1	1	0.98830956	0.9918932397570658	0.9838521990757679	503	0.24055666003976142	0.2415506958250497
placo_longsleep__scz_chr17_43325576_45343136	longsleep__scz	rs62062321	rs62073157	17	44111109	1	1	0.98830956	0.9918932397570658	0.9838521990757679	503	0.24055666003976142	0.2415506958250497
placo_longsleep__scz_chr17_43325576_45343136	longsleep__scz	rs17574604	rs62073157	17	44111613	1	1	0.98830956	0.9918932397570658	0.9838521990757679	503	0.24055666003976142	0.2415506958250497
placo_longsleep__scz_chr17_43325576_45343136	longsleep__scz	rs17653162	rs62073157	17	44111827	1	1	0.98830956	0.9918932397570658	0.9838521990757679	503	0.24055666003976142	0.2415506958250497
placo_longsleep__scz_chr17_43325576_45343136	longsleep__scz	rs62062322	rs62073157	17	44112385	1	1	0.98830956	0.9918932397570658	0.9838521990757679	503	0.24055666003976142	0.2415506958250497
placo_longsleep__scz_chr17_43325576_45343136	longsleep__scz	rs17653193	rs62073157	17	44112441	1	1	0.98830956	0.9918932397570658	0.9838521990757679	503	0.24055666003976142	0.2415506958250497
placo_longsleep__scz_chr17_43325576_45343136	longsleep__scz	rs17653211	rs62073157	17	44112638	1	1	0.98830956	0.9918932397570658	0.9838521990757679	503	0.24055666003976142	0.2415506958250497
placo_longsleep__scz_chr17_43325576_45343136	longsleep__scz	rs17653255	rs62073157	17	44112743	1	1	0.98830956	0.9918932397570658	0.9838521990757679	503	0.24055666003976142	0.2415506958250497
placo_longsleep__scz_chr17_43325576_45343136	longsleep__scz	rs4608377	rs62073157	17	44113359	1	1	0.98830956	0.9918932397570658	0.9838521990757679	503	0.24055666003976142	0.2415506958250497
placo_longsleep__scz_chr17_43325576_45343136	longsleep__scz	rs12185225	rs62073157	17	44113491	1	1	0.98830956	0.9918932397570658	0.9838521990757679	503	0.24055666003976142	0.2415506958250497
placo_longsleep__scz_chr17_43325576_45343136	longsleep__scz	rs12150438	rs62073157	17	44113963	1	1	0.98830956	0.9918932397570658	0.9838521990757679	503	0.24055666003976142	0.2415506958250497
placo_longsleep__scz_chr17_43325576_45343136	longsleep__scz	rs12150162	rs62073157	17	44114218	1	1	0.98830956	0.9918932397570658	0.9838521990757679	503	0.24055666003976142	0.2415506958250497
placo_longsleep__scz_chr17_43325576_45343136	longsleep__scz	rs62062134	rs62073157	17	44114432	1	1	0.98830956	0.9918932397570658	0.9838521990757679	503	0.24055666003976142	0.2415506958250497
placo_longsleep__scz_chr17_43325576_45343136	longsleep__scz	rs17574796	rs62073157	17	44115074	1	1	0.98830956	0.9918932397570658	0.9838521990757679	503	0.24055666003976142	0.2415506958250497
placo_longsleep__scz_chr17_43325576_45343136	longsleep__scz	rs17574824	rs62073157	17	44115107	1	1	0.98830956	0.9918932397570658	0.9838521990757679	503	0.24055666003976142	0.2415506958250497
placo_longsleep__scz_chr17_43325576_45343136	longsleep__scz	rs12185243	rs62073157	17	44115351	1	1	0.98830956	0.9918932397570658	0.9838521990757679	503	0.24055666003976142	0.2415506958250497
placo_longsleep__scz_chr17_43325576_45343136	longsleep__scz	rs8077487	rs62073157	17	44115440	1	1	0.97088109	0.9759568296838659	0.9524917334065824	503	0.24652087475149106	0.2415506958250497
placo_longsleep__scz_chr17_43325576_45343136	longsleep__scz	rs11079729	rs62073157	17	44115569	1	1	0.98830956	0.9918932397570658	0.9838521990757679	503	0.24055666003976142	0.2415506958250497
placo_longsleep__scz_chr17_43325576_45343136	longsleep__scz	rs12150542	rs62073157	17	44115730	1	1	0.98830956	0.9918932397570658	0.9838521990757679	503	0.24055666003976142	0.2415506958250497
placo_longsleep__scz_chr17_43325576_45343136	longsleep__scz	rs12150090	rs62073157	17	44115886	1	1	0.98830956	0.9918932397570658	0.9838521990757679	503	0.24055666003976142	0.2415506958250497
placo_longsleep__scz_chr17_43325576_45343136	longsleep__scz	rs41437445	rs62073157	17	44116238	1	1	0.98830956	0.9918932397570658	0.9838521990757679	503	0.24055666003976142	0.2415506958250497
placo_longsleep__scz_chr17_43325576_45343136	longsleep__scz	rs62062136	rs62073157	17	44116312	1	1	0.98830956	0.9918932397570658	0.9838521990757679	503	0.24055666003976142	0.2415506958250497
placo_longsleep__scz_chr17_43325576_45343136	longsleep__scz	rs7221390	rs62073157	17	44116950	1	1	0.9708825	0.9759568296838659	0.9524917334065824	503	0.24652087475149106	0.2415506958250497
placo_longsleep__scz_chr17_43325576_45343136	longsleep__scz	rs34043286	rs62073157	17	44117119	1	1	0.98830653	0.9918932397570658	0.9838521990757679	503	0.24055666003976142	0.2415506958250497
placo_longsleep__scz_chr17_43325576_45343136	longsleep__scz	rs10514897	rs62073157	17	44117397	1	1	0.98830956	0.9918932397570658	0.9838521990757679	503	0.24055666003976142	0.2415506958250497
placo_longsleep__scz_chr17_43325576_45343136	longsleep__scz	rs62062137	rs62073157	17	44118848	1	1	0.98113662	0.9918932397570658	0.9838521990757679	503	0.24055666003976142	0.2415506958250497
placo_longsleep__scz_chr17_43325576_45343136	longsleep__scz	rs41382552	rs62073157	17	44118999	1	1	0.98811	0.9918932397570658	0.9838521990757679	503	0.24055666003976142	0.2415506958250497
placo_longsleep__scz_chr17_43325576_45343136	longsleep__scz	rs55893711	rs62073157	17	44119320	1	1	0.9882567	0.9918932397570658	0.9838521990757679	503	0.24055666003976142	0.2415506958250497
placo_longsleep__scz_chr17_43325576_45343136	longsleep__scz	rs10514898	rs62073157	17	44119636	1	1	0.9882567	0.9918932397570658	0.9838521990757679	503	0.24055666003976142	0.2415506958250497
placo_longsleep__scz_chr17_43325576_45343136	longsleep__scz	rs41374248	rs62073157	17	44120442	1	1	0.9882567	0.9918932397570658	0.9838521990757679	503	0.24055666003976142	0.2415506958250497
placo_longsleep__scz_chr17_43325576_45343136	longsleep__scz	rs79252344	rs62073157	17	44120608	1	1	0.9882567	0.9918932397570658	0.9838521990757679	503	0.24055666003976142	0.2415506958250497
placo_longsleep__scz_chr17_43325576_45343136	longsleep__scz	rs62063670	rs62073157	17	44123248	1	1	0.98854017	0.9918932397570658	0.9838521990757679	503	0.24055666003976142	0.2415506958250497
placo_longsleep__scz_chr17_43325576_45343136	longsleep__scz	rs74571696	rs62073157	17	44123685	1	1	0.98854017	0.9918932397570658	0.9838521990757679	503	0.24055666003976142	0.2415506958250497
placo_longsleep__scz_chr17_43325576_45343136	longsleep__scz	rs79698033	rs62073157	17	44123717	1	1	0.98854017	0.9918932397570658	0.9838521990757679	503	0.24055666003976142	0.2415506958250497
placo_longsleep__scz_chr17_43325576_45343136	longsleep__scz	rs79065019	rs62073157	17	44124535	1	1	0.98147168	0.9918932397570658	0.9838521990757679	503	0.24055666003976142	0.2415506958250497
placo_longsleep__scz_chr17_43325576_45343136	longsleep__scz	rs62063671	rs62073157	17	44124837	1	1	0.98843228	0.9918932397570658	0.9838521990757679	503	0.24055666003976142	0.2415506958250497
placo_longsleep__scz_chr17_43325576_45343136	longsleep__scz	rs112578465	rs62073157	17	44125066	1	1	0.98845172	0.9918932397570658	0.9838521990757679	503	0.24055666003976142	0.2415506958250497
placo_longsleep__scz_chr17_43325576_45343136	longsleep__scz	rs62063673	rs62073157	17	44125484	1	1	0.98845172	0.9918932397570658	0.9838521990757679	503	0.24055666003976142	0.2415506958250497
placo_longsleep__scz_chr17_43325576_45343136	longsleep__scz	rs12150336	rs62073157	17	44125704	1	1	0.98844866	0.9918932397570658	0.9838521990757679	503	0.24055666003976142	0.2415506958250497
placo_longsleep__scz_chr17_43325576_45343136	longsleep__scz	rs12150570	rs62073157	17	44126218	1	1	0.98845172	0.9918932397570658	0.9838521990757679	503	0.24055666003976142	0.2415506958250497
placo_longsleep__scz_chr17_43325576_45343136	longsleep__scz	rs7218319	rs62073157	17	44126365	1	1	0.97046896	0.9759568296838659	0.9524917334065824	503	0.24652087475149106	0.2415506958250497
placo_longsleep__scz_chr17_43325576_45343136	longsleep__scz	rs112746008	rs62073157	17	44126650	1	1	0.98854495	0.9918932397570658	0.9838521990757679	503	0.24055666003976142	0.2415506958250497
placo_longsleep__scz_chr17_43325576_45343136	longsleep__scz	rs112333322	rs62073157	17	44126673	1	1	0.98731807	0.9918932397570658	0.9838521990757679	503	0.24055666003976142	0.2415506958250497
placo_longsleep__scz_chr17_43325576_45343136	longsleep__scz	rs111327992	rs62073157	17	44126691	1	1	0.98758455	0.9918932397570658	0.9838521990757679	503	0.24055666003976142	0.2415506958250497
placo_longsleep__scz_chr17_43325576_45343136	longsleep__scz	rs113434679	rs62073157	17	44126765	1	1	0.88545563	0.8805016091377892	0.775283083694236	503	0.20278330019880716	0.2415506958250497
placo_longsleep__scz_chr17_43325576_45343136	longsleep__scz	rs12150447	rs62073157	17	44128125	1	1	0.98857602	0.9918932397570658	0.9838521990757679	503	0.24055666003976142	0.2415506958250497
placo_longsleep__scz_chr17_43325576_45343136	longsleep__scz	rs12150064	rs62073157	17	44128407	1	1	0.98857602	0.9918932397570658	0.9838521990757679	503	0.24055666003976142	0.2415506958250497
placo_longsleep__scz_chr17_43325576_45343136	longsleep__scz	rs17575423	rs62073157	17	44129253	1	1	0.98857602	0.9918932397570658	0.9838521990757679	503	0.24055666003976142	0.2415506958250497
placo_longsleep__scz_chr17_43325576_45343136	longsleep__scz	rs62063676	rs62073157	17	44129800	1	1	0.98857602	0.9918932397570658	0.9838521990757679	503	0.24055666003976142	0.2415506958250497
placo_longsleep__scz_chr17_43325576_45343136	longsleep__scz	rs62063677	rs62073157	17	44129885	1	1	0.98857602	0.9918932397570658	0.9838521990757679	503	0.24055666003976142	0.2415506958250497
placo_longsleep__scz_chr17_43325576_45343136	longsleep__scz	rs79649865	rs62073157	17	44130587	1	1	0.98857602	0.9918932397570658	0.9838521990757679	503	0.24055666003976142	0.2415506958250497
placo_longsleep__scz_chr17_43325576_45343136	longsleep__scz	rs111853996	rs62073157	17	44130878	1	1	0.98857602	0.9918932397570658	0.9838521990757679	503	0.24055666003976142	0.2415506958250497
placo_longsleep__scz_chr17_43325576_45343136	longsleep__scz	rs112074397	rs62073157	17	44131022	1	1	0.98857602	0.9918932397570658	0.9838521990757679	503	0.24055666003976142	0.2415506958250497
placo_longsleep__scz_chr17_43325576_45343136	longsleep__scz	rs62063680	rs62073157	17	44131559	1	1	0.9885929	0.9918932397570658	0.9838521990757679	503	0.24055666003976142	0.2415506958250497
placo_longsleep__scz_chr17_43325576_45343136	longsleep__scz	rs62063681	rs62073157	17	44131592	1	1	0.9885929	0.9918932397570658	0.9838521990757679	503	0.24055666003976142	0.2415506958250497
placo_longsleep__scz_chr17_43325576_45343136	longsleep__scz	rs62063682	rs62073157	17	44131622	1	1	0.9885929	0.9918932397570658	0.9838521990757679	503	0.24055666003976142	0.2415506958250497
placo_longsleep__scz_chr17_43325576_45343136	longsleep__scz	rs62063683	rs62073157	17	44131717	1	1	0.9885957	0.9918932397570658	0.9838521990757679	503	0.24055666003976142	0.2415506958250497
placo_longsleep__scz_chr17_43325576_45343136	longsleep__scz	rs79180862	rs62073157	17	44131798	1	1	0.98859204	0.9918932397570658	0.9838521990757679	503	0.24055666003976142	0.2415506958250497
placo_longsleep__scz_chr17_43325576_45343136	longsleep__scz	rs62063684	rs62073157	17	44132269	1	1	0.98859359	0.9918932397570658	0.9838521990757679	503	0.24055666003976142	0.2415506958250497
placo_longsleep__scz_chr17_43325576_45343136	longsleep__scz	rs62063687	rs62073157	17	44132592	1	1	0.98859359	0.9918932397570658	0.9838521990757679	503	0.24055666003976142	0.2415506958250497
placo_longsleep__scz_chr17_43325576_45343136	longsleep__scz	rs62060760	rs62073157	17	44132887	1	1	0.98859216	0.9918932397570658	0.9838521990757679	503	0.24055666003976142	0.2415506958250497
placo_longsleep__scz_chr17_43325576_45343136	longsleep__scz	rs17653906	rs62073157	17	44133142	1	1	0.98859013	0.9918932397570658	0.9838521990757679	503	0.24055666003976142	0.2415506958250497
placo_longsleep__scz_chr17_43325576_45343136	longsleep__scz	rs62060761	rs62073157	17	44133162	1	1	0.98859216	0.9918932397570658	0.9838521990757679	503	0.24055666003976142	0.2415506958250497
placo_longsleep__scz_chr17_43325576_45343136	longsleep__scz	rs62060762	rs62073157	17	44133396	1	1	0.98838555	0.9918932397570658	0.9838521990757679	503	0.24055666003976142	0.2415506958250497
placo_longsleep__scz_chr17_43325576_45343136	longsleep__scz	rs62060763	rs62073157	17	44133403	1	1	0.98838555	0.9918932397570658	0.9838521990757679	503	0.24055666003976142	0.2415506958250497
placo_longsleep__scz_chr17_43325576_45343136	longsleep__scz	rs111259120	rs62073157	17	44133534	1	1	0.98859216	0.9918932397570658	0.9838521990757679	503	0.24055666003976142	0.2415506958250497
placo_longsleep__scz_chr17_43325576_45343136	longsleep__scz	rs62060764	rs62073157	17	44133633	1	1	0.98859216	0.9918932397570658	0.9838521990757679	503	0.24055666003976142	0.2415506958250497
placo_longsleep__scz_chr17_43325576_45343136	longsleep__scz	rs62060765	rs62073157	17	44133648	1	1	0.98859216	0.9918932397570658	0.9838521990757679	503	0.24055666003976142	0.2415506958250497
placo_longsleep__scz_chr17_43325576_45343136	longsleep__scz	rs17575507	rs62073157	17	44134095	1	1	0.98859216	0.9918932397570658	0.9838521990757679	503	0.24055666003976142	0.2415506958250497
placo_longsleep__scz_chr17_43325576_45343136	longsleep__scz	rs876944	rs62073157	17	44134391	1	1	0.98859216	0.9918932397570658	0.9838521990757679	503	0.24055666003976142	0.2415506958250497
placo_longsleep__scz_chr17_43325576_45343136	longsleep__scz	rs62060767	rs62073157	17	44134910	1	1	0.98859216	0.9918932397570658	0.9838521990757679	503	0.24055666003976142	0.2415506958250497
placo_longsleep__scz_chr17_43325576_45343136	longsleep__scz	rs62060768	rs62073157	17	44134984	1	1	0.98855355	0.9918932397570658	0.9838521990757679	503	0.24055666003976142	0.2415506958250497
placo_longsleep__scz_chr17_43325576_45343136	longsleep__scz	rs1107820	rs62073157	17	44135359	1	1	0.98859216	0.9918932397570658	0.9838521990757679	503	0.24055666003976142	0.2415506958250497
placo_longsleep__scz_chr17_43325576_45343136	longsleep__scz	rs17575556	rs62073157	17	44135827	1	1	0.98859216	0.9891806501212099	0.9784783585742195	503	0.2415506958250497	0.2415506958250497
placo_longsleep__scz_chr17_43325576_45343136	longsleep__scz	rs17653998	rs62073157	17	44135985	1	1	0.98859216	0.9918932397570658	0.9838521990757679	503	0.24055666003976142	0.2415506958250497
placo_longsleep__scz_chr17_43325576_45343136	longsleep__scz	rs111372048	rs62073157	17	44136577	1	1	0.98863046	0.9918932397570658	0.9838521990757679	503	0.24055666003976142	0.2415506958250497
placo_longsleep__scz_chr17_43325576_45343136	longsleep__scz	rs62060785	rs62073157	17	44136634	1	1	0.98859216	0.9918932397570658	0.9838521990757679	503	0.24055666003976142	0.2415506958250497
placo_longsleep__scz_chr17_43325576_45343136	longsleep__scz	rs62060786	rs62073157	17	44136763	1	1	0.98859296	0.9918932397570658	0.9838521990757679	503	0.24055666003976142	0.2415506958250497
placo_longsleep__scz_chr17_43325576_45343136	longsleep__scz	rs62060787	rs62073157	17	44136803	1	1	0.98859296	0.9918932397570658	0.9838521990757679	503	0.24055666003976142	0.2415506958250497
placo_longsleep__scz_chr17_43325576_45343136	longsleep__scz	rs41384744	rs62073157	17	44137070	1	1	0.98859003	0.9918932397570658	0.9838521990757679	503	0.24055666003976142	0.2415506958250497
placo_longsleep__scz_chr17_43325576_45343136	longsleep__scz	rs55690782	rs62073157	17	44137311	1	1	0.98832765	0.9918932397570658	0.9838521990757679	503	0.24055666003976142	0.2415506958250497
placo_longsleep__scz_chr17_43325576_45343136	longsleep__scz	rs17654016	rs62073157	17	44137925	1	1	0.98859216	0.9918932397570658	0.9838521990757679	503	0.24055666003976142	0.2415506958250497
placo_longsleep__scz_chr17_43325576_45343136	longsleep__scz	rs7220752	rs62073157	17	44138201	1	1	0.97052791	0.9759568296838659	0.9524917334065824	503	0.24652087475149106	0.2415506958250497
placo_longsleep__scz_chr17_43325576_45343136	longsleep__scz	rs17575683	rs62073157	17	44139662	1	1	0.98859216	0.9918932397570658	0.9838521990757679	503	0.24055666003976142	0.2415506958250497
placo_longsleep__scz_chr17_43325576_45343136	longsleep__scz	rs2316953	rs62073157	17	44140341	1	1	0.98859102	0.9918932397570658	0.9838521990757679	503	0.24055666003976142	0.2415506958250497
placo_longsleep__scz_chr17_43325576_45343136	longsleep__scz	rs2838	rs62073157	17	44141347	1	1	0.98859102	0.9918932397570658	0.9838521990757679	503	0.24055666003976142	0.2415506958250497
placo_longsleep__scz_chr17_43325576_45343136	longsleep__scz	rs12150127	rs62073157	17	44141732	1	1	0.98859102	0.9918932397570658	0.9838521990757679	503	0.24055666003976142	0.2415506958250497
placo_longsleep__scz_chr17_43325576_45343136	longsleep__scz	rs76307183	rs62073157	17	44142121	1	1	0.98859102	0.9918932397570658	0.9838521990757679	503	0.24055666003976142	0.2415506958250497
placo_longsleep__scz_chr17_43325576_45343136	longsleep__scz	rs62060793	rs62073157	17	44142427	1	1	0.98859186	0.9918932397570658	0.9838521990757679	503	0.24055666003976142	0.2415506958250497
placo_longsleep__scz_chr17_43325576_45343136	longsleep__scz	rs62060794	rs62073157	17	44142566	1	1	0.98858946	0.9918932397570658	0.9838521990757679	503	0.24055666003976142	0.2415506958250497
placo_longsleep__scz_chr17_43325576_45343136	longsleep__scz	rs62060795	rs62073157	17	44142663	1	1	0.98859102	0.9918932397570658	0.9838521990757679	503	0.24055666003976142	0.2415506958250497
placo_longsleep__scz_chr17_43325576_45343136	longsleep__scz	rs17575773	rs62073157	17	44142879	1	1	0.98859121	0.9918932397570658	0.9838521990757679	503	0.24055666003976142	0.2415506958250497
placo_longsleep__scz_chr17_43325576_45343136	longsleep__scz	rs62060796	rs62073157	17	44143029	0	1	0.98859177	nan	nan	nan	nan	nan
placo_longsleep__scz_chr17_43325576_45343136	longsleep__scz	rs62060797	rs62073157	17	44143344	1	1	0.98859121	0.9918932397570658	0.9838521990757679	503	0.24055666003976142	0.2415506958250497
placo_longsleep__scz_chr17_43325576_45343136	longsleep__scz	rs12150344	rs62073157	17	44143484	1	1	0.98859121	0.9918932397570658	0.9838521990757679	503	0.24055666003976142	0.2415506958250497
placo_longsleep__scz_chr17_43325576_45343136	longsleep__scz	rs62060798	rs62073157	17	44144152	1	1	0.98859121	0.9864757065888051	0.9731343196898823	503	0.24055666003976142	0.2415506958250497
placo_longsleep__scz_chr17_43325576_45343136	longsleep__scz	rs62060799	rs62073157	17	44144251	1	1	0.98859121	0.9864757065888051	0.9731343196898823	503	0.24055666003976142	0.2415506958250497
placo_longsleep__scz_chr17_43325576_45343136	longsleep__scz	rs17575822	rs62073157	17	44144345	1	1	0.9886295	0.9918932397570658	0.9838521990757679	503	0.24055666003976142	0.2415506958250497
placo_longsleep__scz_chr17_43325576_45343136	longsleep__scz	rs17575850	rs62073157	17	44144387	1	1	0.9886295	0.9918932397570658	0.9838521990757679	503	0.24055666003976142	0.2415506958250497
placo_longsleep__scz_chr17_43325576_45343136	longsleep__scz	rs17659731	rs62073157	17	44144634	1	1	0.9886295	0.9918932397570658	0.9838521990757679	503	0.24055666003976142	0.2415506958250497
placo_longsleep__scz_chr17_43325576_45343136	longsleep__scz	rs75641221	rs62073157	17	44145373	1	1	0.9886295	0.9918932397570658	0.9838521990757679	503	0.24055666003976142	0.2415506958250497
placo_longsleep__scz_chr17_43325576_45343136	longsleep__scz	rs62060800	rs62073157	17	44145592	1	1	0.9886287	0.9918932397570658	0.9838521990757679	503	0.24055666003976142	0.2415506958250497
placo_longsleep__scz_chr17_43325576_45343136	longsleep__scz	rs62060801	rs62073157	17	44145860	1	1	0.9886287	0.9918932397570658	0.9838521990757679	503	0.24055666003976142	0.2415506958250497
placo_longsleep__scz_chr17_43325576_45343136	longsleep__scz	rs62060802	rs62073157	17	44146336	1	1	0.9886287	0.9918932397570658	0.9838521990757679	503	0.24055666003976142	0.2415506958250497
placo_longsleep__scz_chr17_43325576_45343136	longsleep__scz	rs75975083	rs62073157	17	44146357	1	1	0.9886287	0.9918932397570658	0.9838521990757679	503	0.24055666003976142	0.2415506958250497
placo_longsleep__scz_chr17_43325576_45343136	longsleep__scz	rs77950913	rs62073157	17	44146451	1	1	0.9886287	0.9918932397570658	0.9838521990757679	503	0.24055666003976142	0.2415506958250497
placo_longsleep__scz_chr17_43325576_45343136	longsleep__scz	rs79782347	rs62073157	17	44146567	1	1	0.9886287	0.9918932397570658	0.9838521990757679	503	0.24055666003976142	0.2415506958250497
placo_longsleep__scz_chr17_43325576_45343136	longsleep__scz	rs56318865	rs62073157	17	44147411	1	1	0.9885904	0.9918932397570658	0.9838521990757679	503	0.24055666003976142	0.2415506958250497
placo_longsleep__scz_chr17_43325576_45343136	longsleep__scz	rs55947022	rs62073157	17	44147574	1	1	0.9885904	0.9918932397570658	0.9838521990757679	503	0.24055666003976142	0.2415506958250497
placo_longsleep__scz_chr17_43325576_45343136	longsleep__scz	rs56323408	rs62073157	17	44147721	1	1	0.9885904	0.9918932397570658	0.9838521990757679	503	0.24055666003976142	0.2415506958250497
placo_longsleep__scz_chr17_43325576_45343136	longsleep__scz	rs55831516	rs62073157	17	44148267	1	1	0.9885904	0.9892819423290344	0.978678761418307	503	0.2415506958250497	0.2415506958250497
placo_longsleep__scz_chr17_43325576_45343136	longsleep__scz	rs62060809	rs62073157	17	44148613	1	1	0.9885904	0.9892819423290344	0.978678761418307	503	0.2415506958250497	0.2415506958250497
placo_longsleep__scz_chr17_43325576_45343136	longsleep__scz	rs62060810	rs62073157	17	44148674	1	1	0.9885904	0.9892819423290344	0.978678761418307	503	0.2415506958250497	0.2415506958250497
placo_longsleep__scz_chr17_43325576_45343136	longsleep__scz	rs1117253	rs62073157	17	44149297	1	1	0.98859044	0.9918932397570658	0.9838521990757679	503	0.24055666003976142	0.2415506958250497
placo_longsleep__scz_chr17_43325576_45343136	longsleep__scz	rs12150628	rs62073157	17	44149581	1	1	0.9885904	0.9918932397570658	0.9838521990757679	503	0.24055666003976142	0.2415506958250497
placo_longsleep__scz_chr17_43325576_45343136	longsleep__scz	rs12150611	rs62073157	17	44149741	1	1	0.9885904	0.9918932397570658	0.9838521990757679	503	0.24055666003976142	0.2415506958250497
placo_longsleep__scz_chr17_43325576_45343136	longsleep__scz	rs74850776	rs62073157	17	44150042	1	1	0.9885904	0.9918932397570658	0.9838521990757679	503	0.24055666003976142	0.2415506958250497
placo_longsleep__scz_chr17_43325576_45343136	longsleep__scz	rs974293	rs62073157	17	44150233	1	1	0.9885904	0.9918932397570658	0.9838521990757679	503	0.24055666003976142	0.2415506958250497
placo_longsleep__scz_chr17_43325576_45343136	longsleep__scz	rs974292	rs62073157	17	44150464	1	1	0.9885904	0.9918932397570658	0.9838521990757679	503	0.24055666003976142	0.2415506958250497
placo_longsleep__scz_chr17_43325576_45343136	longsleep__scz	rs12150551	rs62073157	17	44150920	1	1	0.9885894	0.9918932397570658	0.9838521990757679	503	0.24055666003976142	0.2415506958250497
placo_longsleep__scz_chr17_43325576_45343136	longsleep__scz	rs12150558	rs62073157	17	44151156	1	1	0.9885894	0.9918932397570658	0.9838521990757679	503	0.24055666003976142	0.2415506958250497
placo_longsleep__scz_chr17_43325576_45343136	longsleep__scz	rs9907738	rs62073157	17	44151546	1	1	0.97052242	0.9759568296838659	0.9524917334065824	503	0.24652087475149106	0.2415506958250497
placo_longsleep__scz_chr17_43325576_45343136	longsleep__scz	rs62060812	rs62073157	17	44151667	1	1	0.9885894	0.9918932397570658	0.9838521990757679	503	0.24055666003976142	0.2415506958250497
placo_longsleep__scz_chr17_43325576_45343136	longsleep__scz	rs62060835	rs62073157	17	44152390	1	1	0.9885894	0.9918932397570658	0.9838521990757679	503	0.24055666003976142	0.2415506958250497
placo_longsleep__scz_chr17_43325576_45343136	longsleep__scz	rs62060836	rs62073157	17	44152447	1	1	0.9885894	0.9918932397570658	0.9838521990757679	503	0.24055666003976142	0.2415506958250497
placo_longsleep__scz_chr17_43325576_45343136	longsleep__scz	rs62060838	rs62073157	17	44153144	1	1	0.98858977	0.9918932397570658	0.9838521990757679	503	0.24055666003976142	0.2415506958250497
placo_longsleep__scz_chr17_43325576_45343136	longsleep__scz	rs62060839	rs62073157	17	44153227	1	1	0.98858977	0.9918932397570658	0.9838521990757679	503	0.24055666003976142	0.2415506958250497
placo_longsleep__scz_chr17_43325576_45343136	longsleep__scz	rs62060840	rs62073157	17	44153258	1	1	0.98843325	0.9918932397570658	0.9838521990757679	503	0.24055666003976142	0.2415506958250497
placo_longsleep__scz_chr17_43325576_45343136	longsleep__scz	rs62060843	rs62073157	17	44153626	1	1	0.98858977	0.9918932397570658	0.9838521990757679	503	0.24055666003976142	0.2415506958250497
placo_longsleep__scz_chr17_43325576_45343136	longsleep__scz	rs112197756	rs62073157	17	44154105	1	1	0.98858977	0.9918932397570658	0.9838521990757679	503	0.24055666003976142	0.2415506958250497
placo_longsleep__scz_chr17_43325576_45343136	longsleep__scz	rs62060845	rs62073157	17	44154393	1	1	0.98858977	0.9918932397570658	0.9838521990757679	503	0.24055666003976142	0.2415506958250497
placo_longsleep__scz_chr17_43325576_45343136	longsleep__scz	rs62060846	rs62073157	17	44154461	1	1	0.98858977	0.9918932397570658	0.9838521990757679	503	0.24055666003976142	0.2415506958250497
placo_longsleep__scz_chr17_43325576_45343136	longsleep__scz	rs74481389	rs62073157	17	44154607	1	1	0.98858977	0.9918932397570658	0.9838521990757679	503	0.24055666003976142	0.2415506958250497
placo_longsleep__scz_chr17_43325576_45343136	longsleep__scz	rs62060847	rs62073157	17	44154946	1	1	0.98857568	0.9918932397570658	0.9838521990757679	503	0.24055666003976142	0.2415506958250497
placo_longsleep__scz_chr17_43325576_45343136	longsleep__scz	rs56100031	rs62073157	17	44155157	1	1	0.98857568	0.9918932397570658	0.9838521990757679	503	0.24055666003976142	0.2415506958250497
placo_longsleep__scz_chr17_43325576_45343136	longsleep__scz	rs55972730	rs62073157	17	44155707	1	1	0.98854742	0.9918932397570658	0.9838521990757679	503	0.24055666003976142	0.2415506958250497
placo_longsleep__scz_chr17_43325576_45343136	longsleep__scz	rs2066899	rs62073157	17	44155732	1	1	0.97049398	0.9759568296838659	0.9524917334065824	503	0.24652087475149106	0.2415506958250497
placo_longsleep__scz_chr17_43325576_45343136	longsleep__scz	rs17659881	rs62073157	17	44157597	1	1	0.98818454	0.9918932397570658	0.9838521990757679	503	0.24055666003976142	0.2415506958250497
placo_longsleep__scz_chr17_43325576_45343136	longsleep__scz	rs78938131	rs62073157	17	44157622	1	1	0.98857683	0.9918932397570658	0.9838521990757679	503	0.24055666003976142	0.2415506958250497
placo_longsleep__scz_chr17_43325576_45343136	longsleep__scz	rs62060851	rs62073157	17	44157992	1	1	0.98857683	0.9918932397570658	0.9838521990757679	503	0.24055666003976142	0.2415506958250497
placo_longsleep__scz_chr17_43325576_45343136	longsleep__scz	rs1476554	rs62073157	17	44159102	1	1	0.98846172	0.9918932397570658	0.9838521990757679	503	0.24055666003976142	0.2415506958250497
placo_longsleep__scz_chr17_43325576_45343136	longsleep__scz	rs77138434	rs62073157	17	44159555	1	1	0.98859071	0.9918932397570658	0.9838521990757679	503	0.24055666003976142	0.2415506958250497
placo_longsleep__scz_chr17_43325576_45343136	longsleep__scz	rs111913701	rs62073157	17	44159631	1	1	0.98859071	0.9918932397570658	0.9838521990757679	503	0.24055666003976142	0.2415506958250497
placo_longsleep__scz_chr17_43325576_45343136	longsleep__scz	rs111519055	rs62073157	17	44159672	1	1	0.98859071	0.9918932397570658	0.9838521990757679	503	0.24055666003976142	0.2415506958250497
placo_longsleep__scz_chr17_43325576_45343136	longsleep__scz	rs77925835	rs62073157	17	44159695	1	1	0.98859071	0.9918932397570658	0.9838521990757679	503	0.24055666003976142	0.2415506958250497
placo_longsleep__scz_chr17_43325576_45343136	longsleep__scz	rs17659953	rs62073157	17	44159725	1	1	0.98859071	0.9918932397570658	0.9838521990757679	503	0.24055666003976142	0.2415506958250497
placo_longsleep__scz_chr17_43325576_45343136	longsleep__scz	rs17576165	rs62073157	17	44159849	1	1	0.98859071	0.9918932397570658	0.9838521990757679	503	0.24055666003976142	0.2415506958250497
placo_longsleep__scz_chr17_43325576_45343136	longsleep__scz	rs17576200	rs62073157	17	44159988	1	1	0.98859317	0.9918932397570658	0.9838521990757679	503	0.24055666003976142	0.2415506958250497
placo_longsleep__scz_chr17_43325576_45343136	longsleep__scz	rs62060852	rs62073157	17	44160050	1	1	0.9885646	0.9918932397570658	0.9838521990757679	503	0.24055666003976142	0.2415506958250497
placo_longsleep__scz_chr17_43325576_45343136	longsleep__scz	rs62060853	rs62073157	17	44160592	1	1	0.98859185	0.9918932397570658	0.9838521990757679	503	0.24055666003976142	0.2415506958250497
placo_longsleep__scz_chr17_43325576_45343136	longsleep__scz	rs113788190	rs62073157	17	44161302	1	1	0.98858908	0.9918932397570658	0.9838521990757679	503	0.24055666003976142	0.2415506958250497
NA	longsleep__scz	rs80028338	NA	17	44161470	0	0	NA	nan	nan	nan	nan	nan
placo_longsleep__scz_chr17_43325576_45343136	longsleep__scz	rs62060855	rs62073157	17	44161860	1	1	0.98856482	0.9918932397570658	0.9838521990757679	503	0.24055666003976142	0.2415506958250497
placo_longsleep__scz_chr17_43325576_45343136	longsleep__scz	rs62060856	rs62073157	17	44161875	1	1	0.98856482	0.9918932397570658	0.9838521990757679	503	0.24055666003976142	0.2415506958250497
placo_longsleep__scz_chr17_43325576_45343136	longsleep__scz	rs2316955	rs62073157	17	44161985	1	1	0.98856482	0.9918932397570658	0.9838521990757679	503	0.24055666003976142	0.2415506958250497
placo_longsleep__scz_chr17_43325576_45343136	longsleep__scz	rs17660065	rs62073157	17	44162284	1	1	0.98856482	0.9918932397570658	0.9838521990757679	503	0.24055666003976142	0.2415506958250497
placo_longsleep__scz_chr17_43325576_45343136	longsleep__scz	rs8080583	rs62073157	17	44162597	1	1	0.97052113	0.9759568296838659	0.9524917334065824	503	0.24652087475149106	0.2415506958250497
placo_longsleep__scz_chr17_43325576_45343136	longsleep__scz	rs55864131	rs62073157	17	44163411	1	1	0.98856111	0.9918932397570658	0.9838521990757679	503	0.24055666003976142	0.2415506958250497
placo_longsleep__scz_chr17_43325576_45343136	longsleep__scz	rs62060859	rs62073157	17	44164133	1	1	0.9885602	0.9918932397570658	0.9838521990757679	503	0.24055666003976142	0.2415506958250497
placo_longsleep__scz_chr17_43325576_45343136	longsleep__scz	rs55692232	rs62073157	17	44164323	1	1	0.9885602	0.9918932397570658	0.9838521990757679	503	0.24055666003976142	0.2415506958250497
placo_longsleep__scz_chr17_43325576_45343136	longsleep__scz	rs3912063	rs62073157	17	44165049	1	1	0.98781667	0.9918932397570658	0.9838521990757679	503	0.24055666003976142	0.2415506958250497
placo_longsleep__scz_chr17_43325576_45343136	longsleep__scz	rs3912062	rs62073157	17	44165069	1	1	0.98781046	0.9918932397570658	0.9838521990757679	503	0.24055666003976142	0.2415506958250497
placo_longsleep__scz_chr17_43325576_45343136	longsleep__scz	rs3912061	rs62073157	17	44165098	1	1	0.98856104	0.9918932397570658	0.9838521990757679	503	0.24055666003976142	0.2415506958250497
placo_longsleep__scz_chr17_43325576_45343136	longsleep__scz	rs3912060	rs62073157	17	44165435	1	1	0.98846791	0.9891989058355038	0.978514475306158	503	0.23956262425447317	0.2415506958250497
placo_longsleep__scz_chr17_43325576_45343136	longsleep__scz	rs17660132	rs62073157	17	44165803	1	1	0.98846791	0.9918932397570658	0.9838521990757679	503	0.24055666003976142	0.2415506958250497
placo_longsleep__scz_chr17_43325576_45343136	longsleep__scz	rs74348235	rs62073157	17	44165852	1	1	0.98856104	0.9918932397570658	0.9838521990757679	503	0.24055666003976142	0.2415506958250497
placo_longsleep__scz_chr17_43325576_45343136	longsleep__scz	rs62061764	rs62073157	17	44166197	1	1	0.98846791	0.9918932397570658	0.9838521990757679	503	0.24055666003976142	0.2415506958250497
placo_longsleep__scz_chr17_43325576_45343136	longsleep__scz	rs17660167	rs62073157	17	44166311	1	1	0.9885602	0.9918932397570658	0.9838521990757679	503	0.24055666003976142	0.2415506958250497
placo_longsleep__scz_chr17_43325576_45343136	longsleep__scz	rs17660228	rs62073157	17	44166500	1	1	0.98655392	0.9918932397570658	0.9838521990757679	503	0.24055666003976142	0.2415506958250497
placo_longsleep__scz_chr17_43325576_45343136	longsleep__scz	rs17660251	rs62073157	17	44166646	1	1	0.9885985	0.9918932397570658	0.9838521990757679	503	0.24055666003976142	0.2415506958250497
placo_longsleep__scz_chr17_43325576_45343136	longsleep__scz	rs17660294	rs62073157	17	44167101	1	1	0.9885602	0.9918932397570658	0.9838521990757679	503	0.24055666003976142	0.2415506958250497
placo_longsleep__scz_chr17_43325576_45343136	longsleep__scz	rs62061766	rs62073157	17	44167464	1	1	0.9885602	0.9918932397570658	0.9838521990757679	503	0.24055666003976142	0.2415506958250497
placo_longsleep__scz_chr17_43325576_45343136	longsleep__scz	rs79923630	rs62073157	17	44167661	1	1	0.9885602	0.9918932397570658	0.9838521990757679	503	0.24055666003976142	0.2415506958250497
placo_longsleep__scz_chr17_43325576_45343136	longsleep__scz	rs62061767	rs62073157	17	44167729	1	1	0.9885602	0.9918932397570658	0.9838521990757679	503	0.24055666003976142	0.2415506958250497
placo_longsleep__scz_chr17_43325576_45343136	longsleep__scz	rs111364350	rs62073157	17	44168508	1	1	0.98856715	0.9918932397570658	0.9838521990757679	503	0.24055666003976142	0.2415506958250497
placo_longsleep__scz_chr17_43325576_45343136	longsleep__scz	rs2097760	rs62073157	17	44168677	1	1	0.97051273	0.9759568296838659	0.9524917334065824	503	0.24652087475149106	0.2415506958250497
placo_longsleep__scz_chr17_43325576_45343136	longsleep__scz	rs62061771	rs62073157	17	44169406	1	1	0.98858037	0.9918932397570658	0.9838521990757679	503	0.24055666003976142	0.2415506958250497
placo_longsleep__scz_chr17_43325576_45343136	longsleep__scz	rs62061772	rs62073157	17	44169437	1	1	0.98848859	0.9918932397570658	0.9838521990757679	503	0.24055666003976142	0.2415506958250497
placo_longsleep__scz_chr17_43325576_45343136	longsleep__scz	rs111970616	rs62073157	17	44169581	1	1	0.9885602	0.9918932397570658	0.9838521990757679	503	0.24055666003976142	0.2415506958250497
placo_longsleep__scz_chr17_43325576_45343136	longsleep__scz	rs17660337	rs62073157	17	44169605	1	1	0.9885602	0.9918932397570658	0.9838521990757679	503	0.24055666003976142	0.2415506958250497
placo_longsleep__scz_chr17_43325576_45343136	longsleep__scz	rs62061788	rs62073157	17	44169759	1	1	0.9885602	0.9918932397570658	0.9838521990757679	503	0.24055666003976142	0.2415506958250497
placo_longsleep__scz_chr17_43325576_45343136	longsleep__scz	rs62061789	rs62073157	17	44169769	1	1	0.9885602	0.9918932397570658	0.9838521990757679	503	0.24055666003976142	0.2415506958250497
placo_longsleep__scz_chr17_43325576_45343136	longsleep__scz	rs112596352	rs62073157	17	44170238	1	1	0.98807939	0.9918932397570658	0.9838521990757679	503	0.24055666003976142	0.2415506958250497
placo_longsleep__scz_chr17_43325576_45343136	longsleep__scz	rs62061790	rs62073157	17	44170414	1	1	0.98807939	0.9918932397570658	0.9838521990757679	503	0.24055666003976142	0.2415506958250497
placo_longsleep__scz_chr17_43325576_45343136	longsleep__scz	rs17660398	rs62073157	17	44170612	1	1	0.9885602	0.9918932397570658	0.9838521990757679	503	0.24055666003976142	0.2415506958250497
placo_longsleep__scz_chr17_43325576_45343136	longsleep__scz	rs62061791	rs62073157	17	44171024	1	1	0.98807939	0.9918932397570658	0.9838521990757679	503	0.24055666003976142	0.2415506958250497
placo_longsleep__scz_chr17_43325576_45343136	longsleep__scz	rs62061792	rs62073157	17	44171554	1	1	0.98811261	0.9918932397570658	0.9838521990757679	503	0.24055666003976142	0.2415506958250497
placo_longsleep__scz_chr17_43325576_45343136	longsleep__scz	rs62061793	rs62073157	17	44171565	1	1	0.98810367	0.9918932397570658	0.9838521990757679	503	0.24055666003976142	0.2415506958250497
placo_longsleep__scz_chr17_43325576_45343136	longsleep__scz	rs80020809	rs62073157	17	44172391	1	1	0.98799828	0.9918932397570658	0.9838521990757679	503	0.24055666003976142	0.2415506958250497
placo_longsleep__scz_chr17_43325576_45343136	longsleep__scz	rs79348289	rs62073157	17	44172698	1	1	0.98809146	0.9918932397570658	0.9838521990757679	503	0.24055666003976142	0.2415506958250497
placo_longsleep__scz_chr17_43325576_45343136	longsleep__scz	rs75412750	rs62073157	17	44172773	1	1	0.98809146	0.9918932397570658	0.9838521990757679	503	0.24055666003976142	0.2415506958250497
placo_longsleep__scz_chr17_43325576_45343136	longsleep__scz	rs62061795	rs62073157	17	44173179	1	1	0.98809146	0.9918932397570658	0.9838521990757679	503	0.24055666003976142	0.2415506958250497
placo_longsleep__scz_chr17_43325576_45343136	longsleep__scz	rs62061796	rs62073157	17	44173408	1	1	0.98809234	0.9918932397570658	0.9838521990757679	503	0.24055666003976142	0.2415506958250497
placo_longsleep__scz_chr17_43325576_45343136	longsleep__scz	rs62061803	rs62073157	17	44174513	1	1	0.98809119	0.9891989058355038	0.978514475306158	503	0.23956262425447317	0.2415506958250497
placo_longsleep__scz_chr17_43325576_45343136	longsleep__scz	rs55900347	rs62073157	17	44176092	1	1	0.98806211	0.9918932397570658	0.9838521990757679	503	0.24055666003976142	0.2415506958250497
placo_longsleep__scz_chr17_43325576_45343136	longsleep__scz	rs62061808	rs62073157	17	44177337	1	1	0.98807794	0.9918932397570658	0.9838521990757679	503	0.24055666003976142	0.2415506958250497
placo_longsleep__scz_chr17_43325576_45343136	longsleep__scz	rs77604208	rs62073157	17	44177669	1	1	0.98807794	0.9918932397570658	0.9838521990757679	503	0.24055666003976142	0.2415506958250497
placo_longsleep__scz_chr17_43325576_45343136	longsleep__scz	rs17660464	rs62073157	17	44177993	1	1	0.98807794	0.9918932397570658	0.9838521990757679	503	0.24055666003976142	0.2415506958250497
placo_longsleep__scz_chr17_43325576_45343136	longsleep__scz	rs17576779	rs62073157	17	44178272	1	1	0.98807794	0.9918932397570658	0.9838521990757679	503	0.24055666003976142	0.2415506958250497
placo_longsleep__scz_chr17_43325576_45343136	longsleep__scz	rs17660488	rs62073157	17	44178337	1	1	0.98807794	0.9918932397570658	0.9838521990757679	503	0.24055666003976142	0.2415506958250497
placo_longsleep__scz_chr17_43325576_45343136	longsleep__scz	rs62061809	rs62073157	17	44178839	1	1	0.98807794	0.9918932397570658	0.9838521990757679	503	0.24055666003976142	0.2415506958250497
placo_longsleep__scz_chr17_43325576_45343136	longsleep__scz	rs62061810	rs62073157	17	44178884	1	1	0.98803777	0.9918932397570658	0.9838521990757679	503	0.24055666003976142	0.2415506958250497
placo_longsleep__scz_chr17_43325576_45343136	longsleep__scz	rs112102887	rs62073157	17	44179749	1	1	0.98896149	0.9918932397570658	0.9838521990757679	503	0.24055666003976142	0.2415506958250497
placo_longsleep__scz_chr17_43325576_45343136	longsleep__scz	rs112893440	rs62073157	17	44179969	1	1	0.98896356	0.9918932397570658	0.9838521990757679	503	0.24055666003976142	0.2415506958250497
placo_longsleep__scz_chr17_43325576_45343136	longsleep__scz	rs17576842	rs62073157	17	44179992	1	1	0.98896356	0.9918932397570658	0.9838521990757679	503	0.24055666003976142	0.2415506958250497
placo_longsleep__scz_chr17_43325576_45343136	longsleep__scz	rs62061811	rs62073157	17	44180173	1	1	0.98896528	0.9918932397570658	0.9838521990757679	503	0.24055666003976142	0.2415506958250497
placo_longsleep__scz_chr17_43325576_45343136	longsleep__scz	rs17576870	rs62073157	17	44180442	1	1	0.98896528	0.9918932397570658	0.9838521990757679	503	0.24055666003976142	0.2415506958250497
placo_longsleep__scz_chr17_43325576_45343136	longsleep__scz	rs17660595	rs62073157	17	44180954	1	1	0.98896528	0.9918932397570658	0.9838521990757679	503	0.24055666003976142	0.2415506958250497
placo_longsleep__scz_chr17_43325576_45343136	longsleep__scz	rs62061812	rs62073157	17	44180997	1	1	0.98896528	0.9918932397570658	0.9838521990757679	503	0.24055666003976142	0.2415506958250497
placo_longsleep__scz_chr17_43325576_45343136	longsleep__scz	rs111952388	rs62073157	17	44181454	1	1	0.98941528	0.9918932397570658	0.9838521990757679	503	0.24055666003976142	0.2415506958250497
placo_longsleep__scz_chr17_43325576_45343136	longsleep__scz	rs62061814	rs62073157	17	44181508	1	1	0.98941737	0.9918932397570658	0.9838521990757679	503	0.24055666003976142	0.2415506958250497
placo_longsleep__scz_chr17_43325576_45343136	longsleep__scz	rs62061815	rs62073157	17	44181681	1	1	0.98896528	0.9918932397570658	0.9838521990757679	503	0.24055666003976142	0.2415506958250497
placo_longsleep__scz_chr17_43325576_45343136	longsleep__scz	rs17576954	rs62073157	17	44181933	1	1	0.98896528	0.9891989058355038	0.978514475306158	503	0.23956262425447317	0.2415506958250497
placo_longsleep__scz_chr17_43325576_45343136	longsleep__scz	rs77924366	rs62073157	17	44182181	1	1	0.98895261	0.9918932397570658	0.9838521990757679	503	0.24055666003976142	0.2415506958250497
placo_longsleep__scz_chr17_43325576_45343136	longsleep__scz	rs62061816	rs62073157	17	44182336	1	1	0.98902783	0.9918932397570658	0.9838521990757679	503	0.24055666003976142	0.2415506958250497
placo_longsleep__scz_chr17_43325576_45343136	longsleep__scz	rs62061817	rs62073157	17	44182706	1	1	0.989277	0.9918932397570658	0.9838521990757679	503	0.24055666003976142	0.2415506958250497
placo_longsleep__scz_chr17_43325576_45343136	longsleep__scz	rs111676341	rs62073157	17	44183403	1	1	0.98895073	0.9918932397570658	0.9838521990757679	503	0.24055666003976142	0.2415506958250497
placo_longsleep__scz_chr17_43325576_45343136	longsleep__scz	rs17576989	rs62073157	17	44183616	1	1	0.98895073	0.9918932397570658	0.9838521990757679	503	0.24055666003976142	0.2415506958250497
placo_longsleep__scz_chr17_43325576_45343136	longsleep__scz	rs79923708	rs62073157	17	44183790	1	1	0.98896434	0.9918932397570658	0.9838521990757679	503	0.24055666003976142	0.2415506958250497
placo_longsleep__scz_chr17_43325576_45343136	longsleep__scz	rs79346219	rs62073157	17	44184375	1	1	0.98892913	0.9918932397570658	0.9838521990757679	503	0.24055666003976142	0.2415506958250497
placo_longsleep__scz_chr17_43325576_45343136	longsleep__scz	rs73984689	rs62073157	17	44184404	1	1	0.98887168	0.9918932397570658	0.9838521990757679	503	0.24055666003976142	0.2415506958250497
placo_longsleep__scz_chr17_43325576_45343136	longsleep__scz	rs111295615	rs62073157	17	44184428	1	1	0.98901024	0.9918932397570658	0.9838521990757679	503	0.24055666003976142	0.2415506958250497
placo_longsleep__scz_chr17_43325576_45343136	longsleep__scz	rs4510068	rs62073157	17	44184828	1	1	0.38613467	0.6271787242451692	0.39335315214579797	503	0.43240556660039764	0.2415506958250497
placo_longsleep__scz_chr17_43325576_45343136	longsleep__scz	rs76761511	rs62073157	17	44185245	1	1	0.9889485	0.9918932397570658	0.9838521990757679	503	0.24055666003976142	0.2415506958250497
placo_longsleep__scz_chr17_43325576_45343136	longsleep__scz	rs62061821	rs62073157	17	44186055	1	1	0.98872287	0.9918932397570658	0.9838521990757679	503	0.24055666003976142	0.2415506958250497
placo_longsleep__scz_chr17_43325576_45343136	longsleep__scz	rs16940904	rs62073157	17	44186063	1	1	0.97069958	0.9759568296838659	0.9524917334065824	503	0.24652087475149106	0.2415506958250497
placo_longsleep__scz_chr17_43325576_45343136	longsleep__scz	rs17577024	rs62073157	17	44186252	1	1	0.98895755	0.9918932397570658	0.9838521990757679	503	0.24055666003976142	0.2415506958250497
placo_longsleep__scz_chr17_43325576_45343136	longsleep__scz	rs17577052	rs62073157	17	44186301	1	1	0.98895755	0.9918932397570658	0.9838521990757679	503	0.24055666003976142	0.2415506958250497
placo_longsleep__scz_chr17_43325576_45343136	longsleep__scz	rs77635460	rs62073157	17	44186593	1	1	0.98903467	0.9918932397570658	0.9838521990757679	503	0.24055666003976142	0.2415506958250497
placo_longsleep__scz_chr17_43325576_45343136	longsleep__scz	rs62061822	rs62073157	17	44186894	1	1	0.98895755	0.9891806501212098	0.9784783585742193	503	0.2415506958250497	0.2415506958250497
placo_longsleep__scz_chr17_43325576_45343136	longsleep__scz	rs9303525	rs62073157	17	44187257	1	1	0.97130761	0.9759568296838659	0.9524917334065824	503	0.24652087475149106	0.2415506958250497
placo_longsleep__scz_chr17_43325576_45343136	longsleep__scz	rs17577094	rs62073157	17	44187492	1	1	0.98895755	0.9918932397570658	0.9838521990757679	503	0.24055666003976142	0.2415506958250497
placo_longsleep__scz_chr17_43325576_45343136	longsleep__scz	rs17577159	rs62073157	17	44188477	1	1	0.98898565	0.9918932397570658	0.9838521990757679	503	0.24055666003976142	0.2415506958250497
placo_longsleep__scz_chr17_43325576_45343136	longsleep__scz	rs62061823	rs62073157	17	44188645	1	1	0.98898468	0.9918932397570658	0.9838521990757679	503	0.24055666003976142	0.2415506958250497
placo_longsleep__scz_chr17_43325576_45343136	longsleep__scz	rs62061824	rs62073157	17	44188755	1	1	0.98895755	0.9918932397570658	0.9838521990757679	503	0.24055666003976142	0.2415506958250497
placo_longsleep__scz_chr17_43325576_45343136	longsleep__scz	rs55794067	rs62073157	17	44188764	1	1	0.98895755	0.9918932397570658	0.9838521990757679	503	0.24055666003976142	0.2415506958250497
placo_longsleep__scz_chr17_43325576_45343136	longsleep__scz	rs7225002	rs62073157	17	44189067	1	1	0.40314239	0.6222636903080887	0.3872121002758409	503	0.4393638170974155	0.2415506958250497
placo_longsleep__scz_chr17_43325576_45343136	longsleep__scz	rs17660847	rs62073157	17	44189373	1	1	0.98895965	0.9918932397570658	0.9838521990757679	503	0.24055666003976142	0.2415506958250497
placo_longsleep__scz_chr17_43325576_45343136	longsleep__scz	rs17660865	rs62073157	17	44189408	1	1	0.98895965	0.9918932397570658	0.9838521990757679	503	0.24055666003976142	0.2415506958250497
placo_longsleep__scz_chr17_43325576_45343136	longsleep__scz	rs79772780	rs62073157	17	44189855	1	1	0.98849816	0.9625857895212826	0.9265714021883109	503	0.22962226640159045	0.2415506958250497
placo_longsleep__scz_chr17_43325576_45343136	longsleep__scz	rs76640332	rs62073157	17	44189858	1	1	0.98888679	0.9625857895212826	0.9265714021883109	503	0.22962226640159045	0.2415506958250497
placo_longsleep__scz_chr17_43325576_45343136	longsleep__scz	rs78929339	rs62073157	17	44189910	1	1	0.98967417	0.9891989058355038	0.978514475306158	503	0.23956262425447317	0.2415506958250497
placo_longsleep__scz_chr17_43325576_45343136	longsleep__scz	rs17660907	rs62073157	17	44191085	1	1	0.98897442	0.9918932397570658	0.9838521990757679	503	0.24055666003976142	0.2415506958250497
placo_longsleep__scz_chr17_43325576_45343136	longsleep__scz	rs17660936	rs62073157	17	44191159	1	1	0.98895965	0.9918932397570658	0.9838521990757679	503	0.24055666003976142	0.2415506958250497
placo_longsleep__scz_chr17_43325576_45343136	longsleep__scz	rs62061847	rs62073157	17	44191682	1	1	0.98889697	0.9918932397570658	0.9838521990757679	503	0.24055666003976142	0.2415506958250497
placo_longsleep__scz_chr17_43325576_45343136	longsleep__scz	rs17577313	rs62073157	17	44191835	1	1	0.98878769	0.9918932397570658	0.9838521990757679	503	0.24055666003976142	0.2415506958250497
placo_longsleep__scz_chr17_43325576_45343136	longsleep__scz	rs4548919	rs62073157	17	44192395	1	1	0.98895965	0.9918932397570658	0.9838521990757679	503	0.24055666003976142	0.2415506958250497
placo_longsleep__scz_chr17_43325576_45343136	longsleep__scz	rs4630591	rs62073157	17	44192568	1	1	0.91115639	0.8993744222561917	0.8088743514086586	503	0.2077534791252485	0.2415506958250497
placo_longsleep__scz_chr17_43325576_45343136	longsleep__scz	rs4606752	rs62073157	17	44192618	1	1	0.98895755	0.9891989058355038	0.978514475306158	503	0.23956262425447317	0.2415506958250497
placo_longsleep__scz_chr17_43325576_45343136	longsleep__scz	rs17577369	rs62073157	17	44192923	1	1	0.98822914	0.9918932397570658	0.9838521990757679	503	0.24055666003976142	0.2415506958250497
placo_longsleep__scz_chr17_43325576_45343136	longsleep__scz	rs62061848	rs62073157	17	44192946	1	1	0.9892166	0.9918932397570658	0.9838521990757679	503	0.24055666003976142	0.2415506958250497
placo_longsleep__scz_chr17_43325576_45343136	longsleep__scz	rs17661015	rs62073157	17	44192957	1	1	0.98881621	0.9918932397570658	0.9838521990757679	503	0.24055666003976142	0.2415506958250497
placo_longsleep__scz_chr17_43325576_45343136	longsleep__scz	rs17661027	rs62073157	17	44193097	1	1	0.98912273	0.9918932397570658	0.9838521990757679	503	0.24055666003976142	0.2415506958250497
placo_longsleep__scz_chr17_43325576_45343136	longsleep__scz	rs62061849	rs62073157	17	44193882	1	1	0.98900605	0.9918932397570658	0.9838521990757679	503	0.24055666003976142	0.2415506958250497
placo_longsleep__scz_chr17_43325576_45343136	longsleep__scz	rs62061850	rs62073157	17	44194519	1	1	0.98900605	0.9918932397570658	0.9838521990757679	503	0.24055666003976142	0.2415506958250497
placo_longsleep__scz_chr17_43325576_45343136	longsleep__scz	rs10514901	rs62073157	17	44194735	1	1	0.98888286	0.9918932397570658	0.9838521990757679	503	0.24055666003976142	0.2415506958250497
placo_longsleep__scz_chr17_43325576_45343136	longsleep__scz	rs17577496	rs62073157	17	44194835	1	1	0.98891246	0.9918932397570658	0.9838521990757679	503	0.24055666003976142	0.2415506958250497
placo_longsleep__scz_chr17_43325576_45343136	longsleep__scz	rs62061851	rs62073157	17	44194891	1	1	0.98888097	0.9918932397570658	0.9838521990757679	503	0.24055666003976142	0.2415506958250497
placo_longsleep__scz_chr17_43325576_45343136	longsleep__scz	rs62061852	rs62073157	17	44195424	1	1	0.98900605	0.9918932397570658	0.9838521990757679	503	0.24055666003976142	0.2415506958250497
placo_longsleep__scz_chr17_43325576_45343136	longsleep__scz	rs727425	rs62073157	17	44195495	1	1	0.98900605	0.9918932397570658	0.9838521990757679	503	0.24055666003976142	0.2415506958250497
placo_longsleep__scz_chr17_43325576_45343136	longsleep__scz	rs62061853	rs62073157	17	44196125	1	1	0.9890291	0.9918932397570658	0.9838521990757679	503	0.24055666003976142	0.2415506958250497
placo_longsleep__scz_chr17_43325576_45343136	longsleep__scz	rs1468241	rs62073157	17	44196153	1	1	0.98910485	0.9918932397570658	0.9838521990757679	503	0.24055666003976142	0.2415506958250497
placo_longsleep__scz_chr17_43325576_45343136	longsleep__scz	rs75229280	rs62073157	17	44196653	1	1	0.98902388	0.9918932397570658	0.9838521990757679	503	0.24055666003976142	0.2415506958250497
placo_longsleep__scz_chr17_43325576_45343136	longsleep__scz	rs112813897	rs62073157	17	44196799	1	1	0.98901822	0.9918932397570658	0.9838521990757679	503	0.24055666003976142	0.2415506958250497
placo_longsleep__scz_chr17_43325576_45343136	longsleep__scz	rs113909426	rs62073157	17	44196822	1	1	0.98903327	0.9918932397570658	0.9838521990757679	503	0.24055666003976142	0.2415506958250497
placo_longsleep__scz_chr17_43325576_45343136	longsleep__scz	rs111678697	rs62073157	17	44197032	1	1	0.98901822	0.9918932397570658	0.9838521990757679	503	0.24055666003976142	0.2415506958250497
placo_longsleep__scz_chr17_43325576_45343136	longsleep__scz	rs4383188	rs62073157	17	44197603	1	1	0.98889785	0.9918932397570658	0.9838521990757679	503	0.24055666003976142	0.2415506958250497
placo_longsleep__scz_chr17_43325576_45343136	longsleep__scz	rs1966345	rs62073157	17	44197806	1	1	0.98900605	0.9918932397570658	0.9838521990757679	503	0.24055666003976142	0.2415506958250497
placo_longsleep__scz_chr17_43325576_45343136	longsleep__scz	rs62061854	rs62073157	17	44198080	1	1	0.98900605	0.9918932397570658	0.9838521990757679	503	0.24055666003976142	0.2415506958250497
placo_longsleep__scz_chr17_43325576_45343136	longsleep__scz	rs3087534	rs62073157	17	44198806	1	1	0.98900835	0.9918932397570658	0.9838521990757679	503	0.24055666003976142	0.2415506958250497
placo_longsleep__scz_chr17_43325576_45343136	longsleep__scz	rs76924476	rs62073157	17	44199029	1	1	0.98842269	0.9891806501212099	0.9784783585742195	503	0.2415506958250497	0.2415506958250497
placo_longsleep__scz_chr17_43325576_45343136	longsleep__scz	rs75652502	rs62073157	17	44200510	1	1	0.98900605	0.9918932397570658	0.9838521990757679	503	0.24055666003976142	0.2415506958250497
placo_longsleep__scz_chr17_43325576_45343136	longsleep__scz	rs56257094	rs62073157	17	44201667	1	1	0.98908025	0.9918932397570658	0.9838521990757679	503	0.24055666003976142	0.2415506958250497
placo_longsleep__scz_chr17_43325576_45343136	longsleep__scz	rs55672516	rs62073157	17	44201680	1	1	0.98908025	0.9918932397570658	0.9838521990757679	503	0.24055666003976142	0.2415506958250497
placo_longsleep__scz_chr17_43325576_45343136	longsleep__scz	rs62063163	rs62073157	17	44201865	1	1	0.98909723	0.9838401806776769	0.9679415011158838	503	0.23757455268389663	0.2415506958250497
placo_longsleep__scz_chr17_43325576_45343136	longsleep__scz	rs62063164	rs62073157	17	44201887	1	1	0.98909723	0.9838401806776769	0.9679415011158838	503	0.23757455268389663	0.2415506958250497
placo_longsleep__scz_chr17_43325576_45343136	longsleep__scz	rs62063165	rs62073157	17	44202147	1	1	0.98909723	0.9918932397570658	0.9838521990757679	503	0.24055666003976142	0.2415506958250497
placo_longsleep__scz_chr17_43325576_45343136	longsleep__scz	rs62063166	rs62073157	17	44202231	1	1	0.98909723	0.9918932397570658	0.9838521990757679	503	0.24055666003976142	0.2415506958250497
placo_longsleep__scz_chr17_43325576_45343136	longsleep__scz	rs55669501	rs62073157	17	44202564	1	1	0.98908025	0.9918932397570658	0.9838521990757679	503	0.24055666003976142	0.2415506958250497
placo_longsleep__scz_chr17_43325576_45343136	longsleep__scz	rs55686102	rs62073157	17	44202608	1	1	0.98930315	0.9918932397570658	0.9838521990757679	503	0.24055666003976142	0.2415506958250497
placo_longsleep__scz_chr17_43325576_45343136	longsleep__scz	rs62063171	rs62073157	17	44203311	1	1	0.98908025	0.9892819423290344	0.978678761418307	503	0.2415506958250497	0.2415506958250497
placo_longsleep__scz_chr17_43325576_45343136	longsleep__scz	rs62063172	rs62073157	17	44203366	1	1	0.98908025	0.9892819423290344	0.978678761418307	503	0.2415506958250497	0.2415506958250497
placo_longsleep__scz_chr17_43325576_45343136	longsleep__scz	rs76380490	rs62073157	17	44203413	1	1	0.98910821	0.9892819423290344	0.978678761418307	503	0.2415506958250497	0.2415506958250497
placo_longsleep__scz_chr17_43325576_45343136	longsleep__scz	rs113120855	rs62073157	17	44203520	1	1	0.98908025	0.9892819423290344	0.978678761418307	503	0.2415506958250497	0.2415506958250497
placo_longsleep__scz_chr17_43325576_45343136	longsleep__scz	rs77095128	rs62073157	17	44204304	1	1	0.98897096	0.9918932397570658	0.9838521990757679	503	0.24055666003976142	0.2415506958250497
placo_longsleep__scz_chr17_43325576_45343136	longsleep__scz	rs4581739	rs62073157	17	44204739	1	1	0.98934753	0.9918932397570658	0.9838521990757679	503	0.24055666003976142	0.2415506958250497
placo_longsleep__scz_chr17_43325576_45343136	longsleep__scz	rs113638513	rs62073157	17	44204749	1	1	0.98934753	0.9918932397570658	0.9838521990757679	503	0.24055666003976142	0.2415506958250497
placo_longsleep__scz_chr17_43325576_45343136	longsleep__scz	rs17577650	rs62073157	17	44205500	1	1	0.98926456	0.9918932397570658	0.9838521990757679	503	0.24055666003976142	0.2415506958250497
placo_longsleep__scz_chr17_43325576_45343136	longsleep__scz	rs4471723	rs62073157	17	44205690	1	1	0.97753144	0.9759568296838659	0.9524917334065824	503	0.24652087475149106	0.2415506958250497
placo_longsleep__scz_chr17_43325576_45343136	longsleep__scz	rs1122381	rs62073157	17	44205839	1	1	0.98924363	0.9918932397570658	0.9838521990757679	503	0.24055666003976142	0.2415506958250497
placo_longsleep__scz_chr17_43325576_45343136	longsleep__scz	rs1122380	rs62073157	17	44206079	1	1	0.98925997	0.9918932397570658	0.9838521990757679	503	0.24055666003976142	0.2415506958250497
placo_longsleep__scz_chr17_43325576_45343136	longsleep__scz	rs62063200	rs62073157	17	44206482	1	1	0.98926456	0.9918932397570658	0.9838521990757679	503	0.24055666003976142	0.2415506958250497
placo_longsleep__scz_chr17_43325576_45343136	longsleep__scz	rs17661348	rs62073157	17	44207066	1	1	0.98922645	0.9918932397570658	0.9838521990757679	503	0.24055666003976142	0.2415506958250497
placo_longsleep__scz_chr17_43325576_45343136	longsleep__scz	rs17661385	rs62073157	17	44207778	1	1	0.98912043	0.9918932397570658	0.9838521990757679	503	0.24055666003976142	0.2415506958250497
placo_longsleep__scz_chr17_43325576_45343136	longsleep__scz	rs10514904	rs62073157	17	44207887	1	1	0.98622059	0.9918932397570658	0.9838521990757679	503	0.24055666003976142	0.2415506958250497
placo_longsleep__scz_chr17_43325576_45343136	longsleep__scz	rs79301522	rs62073157	17	44207932	1	1	0.98933372	0.9918932397570658	0.9838521990757679	503	0.24055666003976142	0.2415506958250497
placo_longsleep__scz_chr17_43325576_45343136	longsleep__scz	rs17577877	rs62073157	17	44208218	1	1	0.98926378	0.9891989058355038	0.978514475306158	503	0.23956262425447317	0.2415506958250497
placo_longsleep__scz_chr17_43325576_45343136	longsleep__scz	rs6503457	rs62073157	17	44208312	1	1	0.97157715	0.967609332543668	0.9362678204256026	503	0.24552683896620278	0.2415506958250497
placo_longsleep__scz_chr17_43325576_45343136	longsleep__scz	rs8070942	rs62073157	17	44208674	1	1	0.97158907	0.9759568296838659	0.9524917334065824	503	0.24652087475149106	0.2415506958250497
placo_longsleep__scz_chr17_43325576_45343136	longsleep__scz	rs62063202	rs62073157	17	44208945	1	1	0.98922858	0.9918932397570658	0.9838521990757679	503	0.24055666003976142	0.2415506958250497
placo_longsleep__scz_chr17_43325576_45343136	longsleep__scz	rs62063203	rs62073157	17	44209313	1	1	0.98922858	0.9918932397570658	0.9838521990757679	503	0.24055666003976142	0.2415506958250497
placo_longsleep__scz_chr17_43325576_45343136	longsleep__scz	rs111724389	rs62073157	17	44209364	1	1	0.98922858	0.9918932397570658	0.9838521990757679	503	0.24055666003976142	0.2415506958250497
placo_longsleep__scz_chr17_43325576_45343136	longsleep__scz	rs17577954	rs62073157	17	44209628	1	1	0.98922396	0.9918932397570658	0.9838521990757679	503	0.24055666003976142	0.2415506958250497
placo_longsleep__scz_chr17_43325576_45343136	longsleep__scz	rs55780786	rs62073157	17	44209875	1	1	0.9891263	0.9918932397570658	0.9838521990757679	503	0.24055666003976142	0.2415506958250497
placo_longsleep__scz_chr17_43325576_45343136	longsleep__scz	rs55909047	rs62073157	17	44209957	1	1	0.98921545	0.9918932397570658	0.9838521990757679	503	0.24055666003976142	0.2415506958250497
placo_longsleep__scz_chr17_43325576_45343136	longsleep__scz	rs56119705	rs62073157	17	44209985	1	1	0.98910176	0.9891989058355038	0.978514475306158	503	0.23956262425447317	0.2415506958250497
placo_longsleep__scz_chr17_43325576_45343136	longsleep__scz	rs17577975	rs62073157	17	44210442	1	1	0.98781412	0.9891989058355038	0.978514475306158	503	0.23956262425447317	0.2415506958250497
placo_longsleep__scz_chr17_43325576_45343136	longsleep__scz	rs7207582	rs62073157	17	44210933	1	1	0.97157321	0.9759568296838659	0.9524917334065824	503	0.24652087475149106	0.2415506958250497
placo_longsleep__scz_chr17_43325576_45343136	longsleep__scz	rs111424940	rs62073157	17	44211502	1	1	0.98923002	0.9918932397570658	0.9838521990757679	503	0.24055666003976142	0.2415506958250497
placo_longsleep__scz_chr17_43325576_45343136	longsleep__scz	rs62063207	rs62073157	17	44211902	1	1	0.98922858	0.9918932397570658	0.9838521990757679	503	0.24055666003976142	0.2415506958250497
placo_longsleep__scz_chr17_43325576_45343136	longsleep__scz	rs62063208	rs62073157	17	44212032	1	1	0.98922858	0.9918932397570658	0.9838521990757679	503	0.24055666003976142	0.2415506958250497
placo_longsleep__scz_chr17_43325576_45343136	longsleep__scz	rs10221243	rs62073157	17	44212310	1	1	0.97168845	0.9759568296838659	0.9524917334065824	503	0.24652087475149106	0.2415506958250497
placo_longsleep__scz_chr17_43325576_45343136	longsleep__scz	rs1918786	rs62073157	17	44279101	1	1	0.99954369	0.9918932397570658	0.9838521990757679	503	0.24055666003976142	0.2415506958250497
placo_longsleep__scz_chr17_43325576_45343136	longsleep__scz	rs1918787	rs62073157	17	44279252	1	1	0.99953689	0.9918932397570658	0.9838521990757679	503	0.24055666003976142	0.2415506958250497
placo_longsleep__scz_chr17_43325576_45343136	longsleep__scz	rs2732629	rs62073157	17	44289101	1	1	0.99960272	0.9842598253455866	0.9687674037893247	503	0.24353876739562624	0.2415506958250497
placo_longsleep__scz_chr17_43325576_45343136	longsleep__scz	rs2668670	rs62073157	17	44289628	1	1	0.99960318	0.9892819423290344	0.978678761418307	503	0.2415506958250497	0.2415506958250497
placo_longsleep__scz_chr17_43325576_45343136	longsleep__scz	rs2668665	rs62073157	17	44290047	1	1	0.99960449	0.9892819423290344	0.978678761418307	503	0.2415506958250497	0.2415506958250497
placo_longsleep__scz_chr17_43325576_45343136	longsleep__scz	rs2668662	rs62073157	17	44290759	1	1	0.99960586	0.9918932397570658	0.9838521990757679	503	0.24055666003976142	0.2415506958250497
placo_longsleep__scz_chr17_43325576_45343136	longsleep__scz	rs2732601	rs62073157	17	44291479	1	1	0.99961139	0.9918932397570658	0.9838521990757679	503	0.24055666003976142	0.2415506958250497
placo_longsleep__scz_chr17_43325576_45343136	longsleep__scz	rs2696610	rs62073157	17	44291820	1	1	0.99960971	0.9918932397570658	0.9838521990757679	503	0.24055666003976142	0.2415506958250497
placo_longsleep__scz_chr17_43325576_45343136	longsleep__scz	rs2668694	rs62073157	17	44292319	1	1	0.99963965	0.9892819423290344	0.978678761418307	503	0.2415506958250497	0.2415506958250497
placo_longsleep__scz_chr17_43325576_45343136	longsleep__scz	rs2668692	rs62073157	17	44293020	1	1	0.99973275	0.9867381401106455	0.973652157149016	503	0.24254473161033796	0.2415506958250497
placo_longsleep__scz_chr17_43325576_45343136	longsleep__scz	rs55653937	rs62073157	17	44316076	1	1	0.99997162	0.9919829295433767	0.9840301325054599	503	0.24254473161033796	0.2415506958250497
placo_longsleep__scz_chr17_43325576_45343136	longsleep__scz	rs62073098	rs62073157	17	44316449	1	1	0.99997126	0.9919829295433767	0.9840301325054599	503	0.24254473161033796	0.2415506958250497
placo_longsleep__scz_chr17_43325576_45343136	longsleep__scz	rs2668632	rs62073157	17	44319366	1	1	0.99984638	0.9892819423290344	0.978678761418307	503	0.2415506958250497	0.2415506958250497
placo_longsleep__scz_chr17_43325576_45343136	longsleep__scz	rs2532363	rs62073157	17	44333423	1	1	0.99999924	0.9972819366222394	0.9945712611130043	503	0.24055666003976142	0.2415506958250497
NA	longsleep__scz	rs2732651	NA	17	44345063	0	0	NA	nan	nan	nan	nan	nan
NA	longsleep__scz	rs2950694	NA	17	44348298	0	0	NA	nan	nan	nan	nan	nan
NA	longsleep__scz	rs75257416	NA	17	44349079	0	0	NA	nan	nan	nan	nan	nan
placo_longsleep__scz_chr17_43325576_45343136	longsleep__scz	rs2532329	rs62073157	17	44350090	1	1	0.99426815	0.9605062151130597	0.9225721892708153	503	0.2514910536779324	0.2415506958250497
NA	longsleep__scz	rs2732711	NA	17	44350293	0	0	NA	nan	nan	nan	nan	nan
placo_longsleep__scz_chr17_43325576_45343136	longsleep__scz	rs2732708	rs62073157	17	44351387	1	1	0.99426457	0.9810626102754625	0.962483845280504	503	0.24254473161033796	0.2415506958250497
placo_longsleep__scz_chr17_43325576_45343136	longsleep__scz	rs2732706	rs62073157	17	44351686	1	1	0.99287817	0.981426401051507	0.9631977806809136	503	0.24453280318091453	0.2415506958250497
NA	longsleep__scz	rs2696541	NA	17	44351743	0	0	NA	nan	nan	nan	nan	nan
placo_longsleep__scz_chr17_43325576_45343136	longsleep__scz	rs2732705	rs62073157	17	44351929	1	1	0.99423368	0.9839195974997558	0.9680977743440814	503	0.24353876739562624	0.2415506958250497
placo_longsleep__scz_chr17_43325576_45343136	longsleep__scz	rs2668622	rs62073157	17	44352131	1	1	0.99396884	0.9592248530580919	0.920112318724318	503	0.2514910536779324	0.2415506958250497
NA	longsleep__scz	rs2732703	NA	17	44353222	0	0	NA	nan	nan	nan	nan	nan
placo_longsleep__scz_chr17_43325576_45343136	longsleep__scz	rs2696532	rs62073157	17	44355602	1	1	0.99254197	0.9865376283843773	0.9732564922182717	503	0.23658051689860835	0.2415506958250497
placo_longsleep__scz_chr17_43325576_45343136	longsleep__scz	rs2696524	rs62073157	17	44356793	1	1	0.9939208	0.9918838898204303	0.9838336508853075	503	0.23856858846918488	0.2415506958250497
placo_longsleep__scz_chr17_43325576_45343136	longsleep__scz	rs17665188	rs62073157	17	44357351	1	1	0.99383341	0.9918838898204303	0.9838336508853075	503	0.23856858846918488	0.2415506958250497
NA	longsleep__scz	rs36123991	NA	17	44359663	0	0	NA	nan	nan	nan	nan	nan
NA	longsleep__scz	rs2732615	NA	17	44364056	0	0	NA	nan	nan	nan	nan	nan
NA	longsleep__scz	rs113301527	NA	17	44364573	0	0	NA	nan	nan	nan	nan	nan
NA	longsleep__scz	rs2732607	NA	17	44366572	0	0	NA	nan	nan	nan	nan	nan
NA	longsleep__scz	rs2957297	NA	17	44368212	0	0	NA	nan	nan	nan	nan	nan
NA	longsleep__scz	rs3874943	NA	17	44572068	0	0	NA	nan	nan	nan	nan	nan
placo_longsleep__scz_chr17_43325576_45343136	longsleep__scz	rs199470	rs62073157	17	44753025	1	1	0.8137961	0.5986066051424381	0.35832986772015485	503	0.37773359840954274	0.2415506958250497
NA	longsleep__scz	rs199469	NA	17	44753140	0	0	NA	nan	nan	nan	nan	nan
NA	longsleep__scz	rs117300236	NA	17	44753350	0	0	NA	nan	nan	nan	nan	nan
placo_longsleep__scz_chr17_43325576_45343136	longsleep__scz	rs199461	rs62073157	17	44762589	1	1	0.76919725	0.8529129393789511	0.7274604821600422	503	0.2554671968190855	0.2415506958250497
NA	longsleep__scz	rs199460	NA	17	44764775	0	0	NA	nan	nan	nan	nan	nan
placo_longsleep__scz_chr17_43325576_45343136	longsleep__scz	rs199441	rs62073157	17	44773783	1	1	0.88258264	0.9211442915006085	0.848506805764158	503	0.23061630218687873	0.2415506958250497
placo_longsleep__scz_chr17_43325576_45343136	longsleep__scz	rs200403	rs62073157	17	44781143	1	1	0.75586766	0.8423980451935419	0.7096344665459007	503	0.26043737574552683	0.2415506958250497
placo_longsleep__scz_chr17_43325576_45343136	longsleep__scz	rs1378358	rs62073157	17	44787312	1	1	0.88903896	0.9376763628355826	0.8792369614205673	503	0.22465208747514911	0.2415506958250497
placo_longsleep__scz_chr17_43325576_45343136	longsleep__scz	rs183211	rs62073157	17	44788310	1	1	0.76467486	0.8463534876476496	0.7163142260533402	503	0.2584493041749503	0.2415506958250497
placo_longsleep__scz_chr17_43325576_45343136	longsleep__scz	rs199436	rs62073157	17	44789285	1	1	0.76504361	0.8488336668691363	0.7205185940105039	503	0.25745526838966204	0.2415506958250497
placo_longsleep__scz_chr17_43325576_45343136	longsleep__scz	rs169201	rs62073157	17	44790203	1	1	0.89030653	0.9376763628355826	0.8792369614205673	503	0.22465208747514911	0.2415506958250497
placo_longsleep__scz_chr17_43325576_45343136	longsleep__scz	rs199438	rs62073157	17	44791643	1	1	0.76504563	0.8488336668691363	0.7205185940105039	503	0.25745526838966204	0.2415506958250497
placo_longsleep__scz_chr17_43325576_45343136	longsleep__scz	rs199439	rs62073157	17	44793503	1	1	0.88985929	0.9376763628355826	0.8792369614205673	503	0.22465208747514911	0.2415506958250497
placo_longsleep__scz_chr17_43325576_45343136	longsleep__scz	rs142167	rs62073157	17	44795234	1	1	0.76509149	0.8488336668691363	0.7205185940105039	503	0.25745526838966204	0.2415506958250497
placo_longsleep__scz_chr17_43325576_45343136	longsleep__scz	rs199457	rs62073157	17	44795469	1	1	0.89023374	0.9376763628355826	0.8792369614205673	503	0.22465208747514911	0.2415506958250497
placo_longsleep__scz_chr17_43325576_45343136	longsleep__scz	rs199456	rs62073157	17	44797919	1	1	0.88911779	0.9376763628355826	0.8792369614205673	503	0.22465208747514911	0.2415506958250497
placo_longsleep__scz_chr17_43325576_45343136	longsleep__scz	rs199455	rs62073157	17	44799216	1	1	0.75950667	0.8409582694461144	0.7072108109498035	503	0.2614314115308151	0.2415506958250497
placo_longsleep__scz_chr17_43325576_45343136	longsleep__scz	rs7224296	rs62073157	17	44800046	1	1	0.72257026	0.8314160434296507	0.6912526372722149	503	0.30218687872763417	0.2415506958250497
placo_longsleep__scz_chr17_43325576_45343136	longsleep__scz	rs199454	rs62073157	17	44800110	1	1	0.76172191	0.8438814890086567	0.7121359674914676	503	0.25944333996023855	0.2415506958250497
placo_longsleep__scz_chr17_43325576_45343136	longsleep__scz	rs199453	rs62073157	17	44800946	1	1	0.76350982	0.8463534876476496	0.7163142260533402	503	0.2584493041749503	0.2415506958250497
placo_longsleep__scz_chr17_43325576_45343136	longsleep__scz	rs199452	rs62073157	17	44801340	1	1	0.76231524	0.8460461752209095	0.7157941306059299	503	0.25646123260437376	0.2415506958250497
placo_longsleep__scz_chr17_43325576_45343136	longsleep__scz	rs199451	rs62073157	17	44801784	1	1	0.89004224	0.9322382043913054	0.8690680697267253	503	0.22266401590457258	0.2415506958250497
placo_longsleep__scz_chr17_43325576_45343136	longsleep__scz	rs199449	rs62073157	17	44808902	1	1	0.76220111	0.8423074017415634	0.7094817590286234	503	0.2554671968190855	0.2415506958250497
placo_longsleep__scz_chr17_43325576_45343136	longsleep__scz	rs199448	rs62073157	17	44809001	1	1	0.88754052	0.9322382043913056	0.8690680697267256	503	0.22266401590457258	0.2415506958250497
placo_longsleep__scz_chr17_43325576_45343136	longsleep__scz	rs199447	rs62073157	17	44812188	1	1	0.88741633	0.9266150383425128	0.8586154292824965	503	0.22266401590457258	0.2415506958250497
placo_longsleep__scz_chr17_43325576_45343136	longsleep__scz	rs199446	rs62073157	17	44813169	1	1	0.75847008	0.8372955834116061	0.7010638940005819	503	0.25745526838966204	0.2415506958250497
placo_longsleep__scz_chr17_43325576_45343136	longsleep__scz	rs199445	rs62073157	17	44817408	1	1	0.8867284	0.9322382043913056	0.8690680697267256	503	0.22266401590457258	0.2415506958250497
placo_longsleep__scz_chr17_43325576_45343136	longsleep__scz	rs199444	rs62073157	17	44818276	1	1	0.76175253	0.8423074017415634	0.7094817590286234	503	0.2554671968190855	0.2415506958250497
placo_longsleep__scz_chr17_43325576_45343136	longsleep__scz	rs199443	rs62073157	17	44819565	1	1	0.88608216	0.9322382043913056	0.8690680697267256	503	0.22266401590457258	0.2415506958250497
placo_longsleep__scz_chr17_43325576_45343136	longsleep__scz	rs199442	rs62073157	17	44820122	1	1	0.76176036	0.8423074017415634	0.7094817590286234	503	0.2554671968190855	0.2415506958250497
placo_longsleep__scz_chr17_43325576_45343136	longsleep__scz	rs199536	rs62073157	17	44820425	1	1	0.75863806	0.8372955834116061	0.7010638940005819	503	0.25745526838966204	0.2415506958250497
placo_longsleep__scz_chr17_43325576_45343136	longsleep__scz	rs199535	rs62073157	17	44822662	1	1	0.88607639	0.9322382043913056	0.8690680697267256	503	0.22266401590457258	0.2415506958250497
placo_longsleep__scz_chr17_43325576_45343136	longsleep__scz	rs199534	rs62073157	17	44824213	1	1	0.88627399	0.9322382043913056	0.8690680697267256	503	0.22266401590457258	0.2415506958250497
placo_longsleep__scz_chr17_43325576_45343136	longsleep__scz	rs199533	rs62073157	17	44828931	1	1	0.87278041	0.9322382043913056	0.8690680697267256	503	0.22266401590457258	0.2415506958250497
placo_longsleep__scz_chr17_43325576_45343136	longsleep__scz	rs199531	rs62073157	17	44830414	1	1	0.74762208	0.8397973474285452	0.7052595847480206	503	0.25646123260437376	0.2415506958250497
placo_longsleep__scz_chr17_43325576_45343136	longsleep__scz	rs9912530	rs199528	17	44836302	1	1	0.71379255	0.7954582704998906	0.6327538601066771	503	0.30019880715705766	0.220675944333996
placo_longsleep__scz_chr17_43325576_45343136	longsleep__scz	rs199530	rs199528	17	44836653	1	1	0.84197097	0.8753964081226207	0.7663188713539858	503	0.26043737574552683	0.220675944333996
placo_longsleep__scz_chr17_43325576_45343136	longsleep__scz	rs199529	rs199528	17	44837217	1	1	0.88673988	0.9194781259351616	0.845440024073237	503	0.24254473161033796	0.220675944333996
placo_longsleep__scz_chr17_43325576_45343136	longsleep__scz	rs199527	rs199528	17	44843667	1	1	0.8587263	0.8986099002610546	0.8074997528471825	503	0.25745526838966204	0.220675944333996
placo_longsleep__scz_chr17_43325576_45343136	longsleep__scz	rs199525	rs199528	17	44847834	1	1	0.99922979	0.9999999999999998	0.9999999999999996	503	0.220675944333996	0.220675944333996
placo_longsleep__scz_chr17_43325576_45343136	longsleep__scz	rs199524	rs199528	17	44848438	1	1	0.86101549	0.8986099002610546	0.8074997528471825	503	0.25745526838966204	0.220675944333996
placo_longsleep__scz_chr17_43325576_45343136	longsleep__scz	rs199523	rs199528	17	44848517	1	1	0.86099914	0.8986099002610546	0.8074997528471825	503	0.25745526838966204	0.220675944333996
placo_longsleep__scz_chr17_43325576_45343136	longsleep__scz	rs199520	rs199528	17	44853872	1	1	0.85898673	0.8986099002610546	0.8074997528471825	503	0.25745526838966204	0.220675944333996
placo_longsleep__scz_chr17_43325576_45343136	longsleep__scz	rs199519	rs199528	17	44853924	1	1	0.85731723	0.8986099002610546	0.8074997528471825	503	0.25745526838966204	0.220675944333996
placo_longsleep__scz_chr17_43325576_45343136	longsleep__scz	rs199518	rs199528	17	44854580	1	1	0.85835072	0.8986099002610546	0.8074997528471825	503	0.25745526838966204	0.220675944333996
placo_longsleep__scz_chr17_43325576_45343136	longsleep__scz	rs199517	rs199528	17	44854587	1	1	0.85846434	0.8986099002610546	0.8074997528471825	503	0.25745526838966204	0.220675944333996
placo_longsleep__scz_chr17_43325576_45343136	longsleep__scz	rs199516	rs199528	17	44856485	1	1	0.98646248	0.9999999999999998	0.9999999999999996	503	0.220675944333996	0.220675944333996
placo_longsleep__scz_chr17_43325576_45343136	longsleep__scz	rs199514	rs199528	17	44856881	1	1	0.98583392	0.994205995405168	0.9884455612995808	503	0.21868787276341947	0.220675944333996
placo_longsleep__scz_chr17_43325576_45343136	longsleep__scz	rs199513	rs199528	17	44856932	1	1	0.9858338	0.9884501251609205	0.9770336499306393	503	0.21669980119284293	0.220675944333996
placo_longsleep__scz_chr17_43325576_45343136	longsleep__scz	rs199512	rs199528	17	44857352	1	1	0.98660971	0.9970981916788757	0.994204803849284	503	0.21968190854870775	0.220675944333996
placo_longsleep__scz_chr17_43325576_45343136	longsleep__scz	rs199509	rs199528	17	44858728	1	1	0.9857321	0.9970981916788757	0.994204803849284	503	0.21968190854870775	0.220675944333996
placo_longsleep__scz_chr17_43325576_45343136	longsleep__scz	rs199507	rs199528	17	44858855	1	1	0.9857321	0.9970981916788757	0.994204803849284	503	0.21968190854870775	0.220675944333996
placo_longsleep__scz_chr17_43325576_45343136	longsleep__scz	rs199506	rs199528	17	44859031	1	1	0.98560091	0.9912828935118577	0.9826417749692411	503	0.21968190854870775	0.220675944333996
placo_longsleep__scz_chr17_43325576_45343136	longsleep__scz	rs415430	rs199528	17	44859144	1	1	0.9857924	0.9884501251609205	0.9770336499306393	503	0.21669980119284293	0.220675944333996
placo_longsleep__scz_chr17_43325576_45343136	longsleep__scz	rs430685	rs199528	17	44859148	1	1	0.98583887	0.9884501251609205	0.9770336499306393	503	0.21669980119284293	0.220675944333996
placo_longsleep__scz_chr17_43325576_45343136	longsleep__scz	rs199505	rs199528	17	44859410	1	1	0.98565236	0.991323332510365	0.9827219495794557	503	0.21769383697813122	0.220675944333996
placo_longsleep__scz_chr17_43325576_45343136	longsleep__scz	rs70602	rs199528	17	44859715	1	1	0.98529422	0.991323332510365	0.9827219495794557	503	0.21769383697813122	0.220675944333996
placo_longsleep__scz_chr17_43325576_45343136	longsleep__scz	rs70600	rs199528	17	44860021	1	1	0.98875309	0.991323332510365	0.9827219495794557	503	0.21769383697813122	0.220675944333996
placo_longsleep__scz_chr17_43325576_45343136	longsleep__scz	rs199504	rs199528	17	44861003	1	1	0.97897925	0.9942369236128276	0.9885070602750995	503	0.220675944333996	0.220675944333996
placo_longsleep__scz_chr17_43325576_45343136	longsleep__scz	rs199502	rs199528	17	44862347	1	1	0.92105525	0.9432526110009386	0.889725488160088	503	0.23260437375745527	0.220675944333996
placo_longsleep__scz_chr17_43325576_45343136	longsleep__scz	rs199501	rs199528	17	44862613	1	1	0.86058918	0.909538568424689	0.8272604074520328	503	0.2524850894632207	0.220675944333996
placo_longsleep__scz_chr17_43325576_45343136	longsleep__scz	rs916888	rs199528	17	44863133	1	1	0.80119795	0.8674008301463132	0.7523842001385133	503	0.2654075546719682	0.220675944333996
NA	longsleep__scz	rs2074404	NA	17	44865439	0	0	NA	nan	nan	nan	nan	nan
NA	longsleep__scz	rs199499	NA	17	44865498	0	0	NA	nan	nan	nan	nan	nan
NA	longsleep__scz	rs199498	NA	17	44865603	0	0	NA	nan	nan	nan	nan	nan
