analysis_id	run_id	locus_id	chromosome	planned_cells	tested_cells	not_run_cells	failed_cells	low_local_h2_underpowered	fewer_than_min_k_shared_reference_variants	fewer_than_min_k
brain6-lava-canonical-v3	d730debf45266d298401564f3260bdecb14739d1c1f1835a5aebd615c83fa60b	1	1	7	4	3	0	3	0	0
brain6-lava-canonical-v3	d730debf45266d298401564f3260bdecb14739d1c1f1835a5aebd615c83fa60b	2	1	7	5	2	0	2	0	0
brain6-lava-canonical-v3	d730debf45266d298401564f3260bdecb14739d1c1f1835a5aebd615c83fa60b	3	1	7	6	1	0	1	0	0
brain6-lava-canonical-v3	d730debf45266d298401564f3260bdecb14739d1c1f1835a5aebd615c83fa60b	4	1	7	5	2	0	2	0	0
brain6-lava-canonical-v3	d730debf45266d298401564f3260bdecb14739d1c1f1835a5aebd615c83fa60b	5	1	7	5	2	0	2	0	0
brain6-lava-canonical-v3	d730debf45266d298401564f3260bdecb14739d1c1f1835a5aebd615c83fa60b	6	1	7	7	0	0	0	0	0
brain6-lava-canonical-v3	d730debf45266d298401564f3260bdecb14739d1c1f1835a5aebd615c83fa60b	7	1	7	4	3	0	3	0	0
brain6-lava-canonical-v3	d730debf45266d298401564f3260bdecb14739d1c1f1835a5aebd615c83fa60b	8	1	7	6	1	0	1	0	0
brain6-lava-canonical-v3	d730debf45266d298401564f3260bdecb14739d1c1f1835a5aebd615c83fa60b	9	1	7	7	0	0	0	0	0
brain6-lava-canonical-v3	d730debf45266d298401564f3260bdecb14739d1c1f1835a5aebd615c83fa60b	10	1	7	6	1	0	1	0	0
brain6-lava-canonical-v3	d730debf45266d298401564f3260bdecb14739d1c1f1835a5aebd615c83fa60b	11	1	7	7	0	0	0	0	0
brain6-lava-canonical-v3	d730debf45266d298401564f3260bdecb14739d1c1f1835a5aebd615c83fa60b	12	1	7	5	2	0	2	0	0
brain6-lava-canonical-v3	d730debf45266d298401564f3260bdecb14739d1c1f1835a5aebd615c83fa60b	13	1	7	6	1	0	1	0	0
brain6-lava-canonical-v3	d730debf45266d298401564f3260bdecb14739d1c1f1835a5aebd615c83fa60b	14	1	7	5	2	0	2	0	0
brain6-lava-canonical-v3	d730debf45266d298401564f3260bdecb14739d1c1f1835a5aebd615c83fa60b	15	1	7	5	2	0	2	0	0
brain6-lava-canonical-v3	d730debf45266d298401564f3260bdecb14739d1c1f1835a5aebd615c83fa60b	16	1	7	5	2	0	2	0	0
brain6-lava-canonical-v3	d730debf45266d298401564f3260bdecb14739d1c1f1835a5aebd615c83fa60b	17	1	7	5	2	0	2	0	0
brain6-lava-canonical-v3	d730debf45266d298401564f3260bdecb14739d1c1f1835a5aebd615c83fa60b	18	1	7	6	1	0	1	0	0
brain6-lava-canonical-v3	d730debf45266d298401564f3260bdecb14739d1c1f1835a5aebd615c83fa60b	19	1	7	5	2	0	2	0	0
brain6-lava-canonical-v3	d730debf45266d298401564f3260bdecb14739d1c1f1835a5aebd615c83fa60b	20	1	7	6	1	0	1	0	0
brain6-lava-canonical-v3	d730debf45266d298401564f3260bdecb14739d1c1f1835a5aebd615c83fa60b	21	1	7	5	2	0	2	0	0
brain6-lava-canonical-v3	d730debf45266d298401564f3260bdecb14739d1c1f1835a5aebd615c83fa60b	22	1	7	6	1	0	1	0	0
brain6-lava-canonical-v3	d730debf45266d298401564f3260bdecb14739d1c1f1835a5aebd615c83fa60b	23	1	7	6	1	0	1	0	0
brain6-lava-canonical-v3	d730debf45266d298401564f3260bdecb14739d1c1f1835a5aebd615c83fa60b	24	1	7	6	1	0	1	0	0
brain6-lava-canonical-v3	d730debf45266d298401564f3260bdecb14739d1c1f1835a5aebd615c83fa60b	25	1	7	7	0	0	0	0	0
brain6-lava-canonical-v3	d730debf45266d298401564f3260bdecb14739d1c1f1835a5aebd615c83fa60b	26	1	7	7	0	0	0	0	0
brain6-lava-canonical-v3	d730debf45266d298401564f3260bdecb14739d1c1f1835a5aebd615c83fa60b	27	1	7	6	1	0	1	0	0
brain6-lava-canonical-v3	d730debf45266d298401564f3260bdecb14739d1c1f1835a5aebd615c83fa60b	28	1	7	7	0	0	0	0	0
brain6-lava-canonical-v3	d730debf45266d298401564f3260bdecb14739d1c1f1835a5aebd615c83fa60b	29	1	7	7	0	0	0	0	0
brain6-lava-canonical-v3	d730debf45266d298401564f3260bdecb14739d1c1f1835a5aebd615c83fa60b	30	1	7	5	2	0	2	0	0
brain6-lava-canonical-v3	d730debf45266d298401564f3260bdecb14739d1c1f1835a5aebd615c83fa60b	31	1	7	6	1	0	1	0	0
brain6-lava-canonical-v3	d730debf45266d298401564f3260bdecb14739d1c1f1835a5aebd615c83fa60b	32	1	7	6	1	0	1	0	0
brain6-lava-canonical-v3	d730debf45266d298401564f3260bdecb14739d1c1f1835a5aebd615c83fa60b	33	1	7	6	1	0	1	0	0
brain6-lava-canonical-v3	d730debf45266d298401564f3260bdecb14739d1c1f1835a5aebd615c83fa60b	34	1	7	7	0	0	0	0	0
brain6-lava-canonical-v3	d730debf45266d298401564f3260bdecb14739d1c1f1835a5aebd615c83fa60b	35	1	7	7	0	0	0	0	0
brain6-lava-canonical-v3	d730debf45266d298401564f3260bdecb14739d1c1f1835a5aebd615c83fa60b	36	1	7	7	0	0	0	0	0
brain6-lava-canonical-v3	d730debf45266d298401564f3260bdecb14739d1c1f1835a5aebd615c83fa60b	37	1	7	7	0	0	0	0	0
brain6-lava-canonical-v3	d730debf45266d298401564f3260bdecb14739d1c1f1835a5aebd615c83fa60b	38	1	7	5	2	0	2	0	0
brain6-lava-canonical-v3	d730debf45266d298401564f3260bdecb14739d1c1f1835a5aebd615c83fa60b	39	1	7	5	2	0	2	0	0
brain6-lava-canonical-v3	d730debf45266d298401564f3260bdecb14739d1c1f1835a5aebd615c83fa60b	40	1	7	7	0	0	0	0	0
brain6-lava-canonical-v3	d730debf45266d298401564f3260bdecb14739d1c1f1835a5aebd615c83fa60b	41	1	7	5	2	0	2	0	0
brain6-lava-canonical-v3	d730debf45266d298401564f3260bdecb14739d1c1f1835a5aebd615c83fa60b	42	1	7	7	0	0	0	0	0
brain6-lava-canonical-v3	d730debf45266d298401564f3260bdecb14739d1c1f1835a5aebd615c83fa60b	43	1	7	7	0	0	0	0	0
brain6-lava-canonical-v3	d730debf45266d298401564f3260bdecb14739d1c1f1835a5aebd615c83fa60b	44	1	7	5	2	0	2	0	0
brain6-lava-canonical-v3	d730debf45266d298401564f3260bdecb14739d1c1f1835a5aebd615c83fa60b	45	1	7	6	1	0	1	0	0
brain6-lava-canonical-v3	d730debf45266d298401564f3260bdecb14739d1c1f1835a5aebd615c83fa60b	46	1	7	7	0	0	0	0	0
brain6-lava-canonical-v3	d730debf45266d298401564f3260bdecb14739d1c1f1835a5aebd615c83fa60b	47	1	7	6	1	0	1	0	0
brain6-lava-canonical-v3	d730debf45266d298401564f3260bdecb14739d1c1f1835a5aebd615c83fa60b	48	1	7	7	0	0	0	0	0
brain6-lava-canonical-v3	d730debf45266d298401564f3260bdecb14739d1c1f1835a5aebd615c83fa60b	49	1	7	7	0	0	0	0	0
brain6-lava-canonical-v3	d730debf45266d298401564f3260bdecb14739d1c1f1835a5aebd615c83fa60b	50	1	7	5	2	0	2	0	0
brain6-lava-canonical-v3	d730debf45266d298401564f3260bdecb14739d1c1f1835a5aebd615c83fa60b	51	1	7	6	1	0	1	0	0
brain6-lava-canonical-v3	d730debf45266d298401564f3260bdecb14739d1c1f1835a5aebd615c83fa60b	52	1	7	5	2	0	2	0	0
brain6-lava-canonical-v3	d730debf45266d298401564f3260bdecb14739d1c1f1835a5aebd615c83fa60b	53	1	7	6	1	0	1	0	0
brain6-lava-canonical-v3	d730debf45266d298401564f3260bdecb14739d1c1f1835a5aebd615c83fa60b	54	1	7	7	0	0	0	0	0
brain6-lava-canonical-v3	d730debf45266d298401564f3260bdecb14739d1c1f1835a5aebd615c83fa60b	55	1	7	4	3	0	3	0	0
brain6-lava-canonical-v3	d730debf45266d298401564f3260bdecb14739d1c1f1835a5aebd615c83fa60b	56	1	7	5	2	0	2	0	0
brain6-lava-canonical-v3	d730debf45266d298401564f3260bdecb14739d1c1f1835a5aebd615c83fa60b	57	1	7	5	2	0	2	0	0
brain6-lava-canonical-v3	d730debf45266d298401564f3260bdecb14739d1c1f1835a5aebd615c83fa60b	58	1	7	5	2	0	2	0	0
brain6-lava-canonical-v3	d730debf45266d298401564f3260bdecb14739d1c1f1835a5aebd615c83fa60b	59	1	7	6	1	0	1	0	0
brain6-lava-canonical-v3	d730debf45266d298401564f3260bdecb14739d1c1f1835a5aebd615c83fa60b	60	1	7	6	1	0	1	0	0
brain6-lava-canonical-v3	d730debf45266d298401564f3260bdecb14739d1c1f1835a5aebd615c83fa60b	61	1	7	6	1	0	1	0	0
brain6-lava-canonical-v3	d730debf45266d298401564f3260bdecb14739d1c1f1835a5aebd615c83fa60b	62	1	7	6	1	0	1	0	0
brain6-lava-canonical-v3	d730debf45266d298401564f3260bdecb14739d1c1f1835a5aebd615c83fa60b	63	1	7	6	1	0	1	0	0
brain6-lava-canonical-v3	d730debf45266d298401564f3260bdecb14739d1c1f1835a5aebd615c83fa60b	64	1	7	7	0	0	0	0	0
brain6-lava-canonical-v3	d730debf45266d298401564f3260bdecb14739d1c1f1835a5aebd615c83fa60b	65	1	7	7	0	0	0	0	0
brain6-lava-canonical-v3	d730debf45266d298401564f3260bdecb14739d1c1f1835a5aebd615c83fa60b	66	1	7	6	1	0	1	0	0
brain6-lava-canonical-v3	d730debf45266d298401564f3260bdecb14739d1c1f1835a5aebd615c83fa60b	67	1	7	6	1	0	1	0	0
brain6-lava-canonical-v3	d730debf45266d298401564f3260bdecb14739d1c1f1835a5aebd615c83fa60b	68	1	7	6	1	0	1	0	0
brain6-lava-canonical-v3	d730debf45266d298401564f3260bdecb14739d1c1f1835a5aebd615c83fa60b	69	1	7	6	1	0	1	0	0
brain6-lava-canonical-v3	d730debf45266d298401564f3260bdecb14739d1c1f1835a5aebd615c83fa60b	70	1	7	3	4	0	4	0	0
brain6-lava-canonical-v3	d730debf45266d298401564f3260bdecb14739d1c1f1835a5aebd615c83fa60b	71	1	7	5	2	0	2	0	0
brain6-lava-canonical-v3	d730debf45266d298401564f3260bdecb14739d1c1f1835a5aebd615c83fa60b	72	1	7	6	1	0	1	0	0
brain6-lava-canonical-v3	d730debf45266d298401564f3260bdecb14739d1c1f1835a5aebd615c83fa60b	73	1	7	6	1	0	1	0	0
brain6-lava-canonical-v3	d730debf45266d298401564f3260bdecb14739d1c1f1835a5aebd615c83fa60b	74	1	7	7	0	0	0	0	0
brain6-lava-canonical-v3	d730debf45266d298401564f3260bdecb14739d1c1f1835a5aebd615c83fa60b	75	1	7	4	3	0	3	0	0
brain6-lava-canonical-v3	d730debf45266d298401564f3260bdecb14739d1c1f1835a5aebd615c83fa60b	76	1	7	5	2	0	2	0	0
brain6-lava-canonical-v3	d730debf45266d298401564f3260bdecb14739d1c1f1835a5aebd615c83fa60b	77	1	7	6	1	0	1	0	0
brain6-lava-canonical-v3	d730debf45266d298401564f3260bdecb14739d1c1f1835a5aebd615c83fa60b	78	1	7	6	1	0	1	0	0
brain6-lava-canonical-v3	d730debf45266d298401564f3260bdecb14739d1c1f1835a5aebd615c83fa60b	79	1	7	7	0	0	0	0	0
brain6-lava-canonical-v3	d730debf45266d298401564f3260bdecb14739d1c1f1835a5aebd615c83fa60b	80	1	7	3	4	0	4	0	0
brain6-lava-canonical-v3	d730debf45266d298401564f3260bdecb14739d1c1f1835a5aebd615c83fa60b	81	1	7	7	0	0	0	0	0
brain6-lava-canonical-v3	d730debf45266d298401564f3260bdecb14739d1c1f1835a5aebd615c83fa60b	82	1	7	4	3	0	3	0	0
brain6-lava-canonical-v3	d730debf45266d298401564f3260bdecb14739d1c1f1835a5aebd615c83fa60b	83	1	7	6	1	0	1	0	0
brain6-lava-canonical-v3	d730debf45266d298401564f3260bdecb14739d1c1f1835a5aebd615c83fa60b	84	1	7	6	1	0	1	0	0
brain6-lava-canonical-v3	d730debf45266d298401564f3260bdecb14739d1c1f1835a5aebd615c83fa60b	85	1	7	7	0	0	0	0	0
brain6-lava-canonical-v3	d730debf45266d298401564f3260bdecb14739d1c1f1835a5aebd615c83fa60b	86	1	7	4	3	0	3	0	0
brain6-lava-canonical-v3	d730debf45266d298401564f3260bdecb14739d1c1f1835a5aebd615c83fa60b	87	1	7	4	3	0	3	0	0
brain6-lava-canonical-v3	d730debf45266d298401564f3260bdecb14739d1c1f1835a5aebd615c83fa60b	88	1	7	3	4	0	4	0	0
brain6-lava-canonical-v3	d730debf45266d298401564f3260bdecb14739d1c1f1835a5aebd615c83fa60b	89	1	7	5	2	0	2	0	0
brain6-lava-canonical-v3	d730debf45266d298401564f3260bdecb14739d1c1f1835a5aebd615c83fa60b	90	1	7	5	2	0	2	0	0
brain6-lava-canonical-v3	d730debf45266d298401564f3260bdecb14739d1c1f1835a5aebd615c83fa60b	91	1	7	6	1	0	1	0	0
brain6-lava-canonical-v3	d730debf45266d298401564f3260bdecb14739d1c1f1835a5aebd615c83fa60b	92	1	7	5	2	0	2	0	0
brain6-lava-canonical-v3	d730debf45266d298401564f3260bdecb14739d1c1f1835a5aebd615c83fa60b	93	1	7	6	1	0	1	0	0
brain6-lava-canonical-v3	d730debf45266d298401564f3260bdecb14739d1c1f1835a5aebd615c83fa60b	94	1	7	7	0	0	0	0	0
brain6-lava-canonical-v3	d730debf45266d298401564f3260bdecb14739d1c1f1835a5aebd615c83fa60b	95	1	7	6	1	0	1	0	0
brain6-lava-canonical-v3	d730debf45266d298401564f3260bdecb14739d1c1f1835a5aebd615c83fa60b	96	1	7	6	1	0	1	0	0
brain6-lava-canonical-v3	d730debf45266d298401564f3260bdecb14739d1c1f1835a5aebd615c83fa60b	97	1	7	7	0	0	0	0	0
brain6-lava-canonical-v3	d730debf45266d298401564f3260bdecb14739d1c1f1835a5aebd615c83fa60b	98	1	7	7	0	0	0	0	0
brain6-lava-canonical-v3	d730debf45266d298401564f3260bdecb14739d1c1f1835a5aebd615c83fa60b	99	1	7	6	1	0	1	0	0
brain6-lava-canonical-v3	d730debf45266d298401564f3260bdecb14739d1c1f1835a5aebd615c83fa60b	100	1	7	5	2	0	2	0	0
brain6-lava-canonical-v3	d730debf45266d298401564f3260bdecb14739d1c1f1835a5aebd615c83fa60b	101	1	7	7	0	0	0	0	0
brain6-lava-canonical-v3	d730debf45266d298401564f3260bdecb14739d1c1f1835a5aebd615c83fa60b	102	1	7	5	2	0	2	0	0
brain6-lava-canonical-v3	d730debf45266d298401564f3260bdecb14739d1c1f1835a5aebd615c83fa60b	103	1	7	6	1	0	1	0	0
brain6-lava-canonical-v3	d730debf45266d298401564f3260bdecb14739d1c1f1835a5aebd615c83fa60b	104	1	7	5	2	0	2	0	0
brain6-lava-canonical-v3	d730debf45266d298401564f3260bdecb14739d1c1f1835a5aebd615c83fa60b	105	1	7	4	3	0	3	0	0
brain6-lava-canonical-v3	d730debf45266d298401564f3260bdecb14739d1c1f1835a5aebd615c83fa60b	106	1	7	6	1	0	1	0	0
brain6-lava-canonical-v3	d730debf45266d298401564f3260bdecb14739d1c1f1835a5aebd615c83fa60b	107	1	7	7	0	0	0	0	0
brain6-lava-canonical-v3	d730debf45266d298401564f3260bdecb14739d1c1f1835a5aebd615c83fa60b	108	1	7	7	0	0	0	0	0
brain6-lava-canonical-v3	d730debf45266d298401564f3260bdecb14739d1c1f1835a5aebd615c83fa60b	109	1	7	5	2	0	2	0	0
brain6-lava-canonical-v3	d730debf45266d298401564f3260bdecb14739d1c1f1835a5aebd615c83fa60b	110	1	7	6	1	0	1	0	0
brain6-lava-canonical-v3	d730debf45266d298401564f3260bdecb14739d1c1f1835a5aebd615c83fa60b	111	1	7	6	1	0	1	0	0
brain6-lava-canonical-v3	d730debf45266d298401564f3260bdecb14739d1c1f1835a5aebd615c83fa60b	112	1	7	7	0	0	0	0	0
brain6-lava-canonical-v3	d730debf45266d298401564f3260bdecb14739d1c1f1835a5aebd615c83fa60b	113	1	7	6	1	0	1	0	0
brain6-lava-canonical-v3	d730debf45266d298401564f3260bdecb14739d1c1f1835a5aebd615c83fa60b	114	1	7	5	2	0	2	0	0
brain6-lava-canonical-v3	d730debf45266d298401564f3260bdecb14739d1c1f1835a5aebd615c83fa60b	115	1	7	4	3	0	3	0	0
brain6-lava-canonical-v3	d730debf45266d298401564f3260bdecb14739d1c1f1835a5aebd615c83fa60b	116	1	7	3	4	0	4	0	0
brain6-lava-canonical-v3	d730debf45266d298401564f3260bdecb14739d1c1f1835a5aebd615c83fa60b	117	1	7	7	0	0	0	0	0
brain6-lava-canonical-v3	d730debf45266d298401564f3260bdecb14739d1c1f1835a5aebd615c83fa60b	118	1	7	6	1	0	1	0	0
brain6-lava-canonical-v3	d730debf45266d298401564f3260bdecb14739d1c1f1835a5aebd615c83fa60b	119	1	7	7	0	0	0	0	0
brain6-lava-canonical-v3	d730debf45266d298401564f3260bdecb14739d1c1f1835a5aebd615c83fa60b	120	1	7	6	1	0	1	0	0
brain6-lava-canonical-v3	d730debf45266d298401564f3260bdecb14739d1c1f1835a5aebd615c83fa60b	121	1	7	6	1	0	1	0	0
brain6-lava-canonical-v3	d730debf45266d298401564f3260bdecb14739d1c1f1835a5aebd615c83fa60b	122	1	7	7	0	0	0	0	0
brain6-lava-canonical-v3	d730debf45266d298401564f3260bdecb14739d1c1f1835a5aebd615c83fa60b	123	1	7	7	0	0	0	0	0
brain6-lava-canonical-v3	d730debf45266d298401564f3260bdecb14739d1c1f1835a5aebd615c83fa60b	124	1	7	7	0	0	0	0	0
brain6-lava-canonical-v3	d730debf45266d298401564f3260bdecb14739d1c1f1835a5aebd615c83fa60b	125	1	7	5	2	0	2	0	0
brain6-lava-canonical-v3	d730debf45266d298401564f3260bdecb14739d1c1f1835a5aebd615c83fa60b	126	1	7	6	1	0	1	0	0
brain6-lava-canonical-v3	d730debf45266d298401564f3260bdecb14739d1c1f1835a5aebd615c83fa60b	127	1	7	2	5	0	5	0	0
brain6-lava-canonical-v3	d730debf45266d298401564f3260bdecb14739d1c1f1835a5aebd615c83fa60b	128	1	7	6	1	0	1	0	0
brain6-lava-canonical-v3	d730debf45266d298401564f3260bdecb14739d1c1f1835a5aebd615c83fa60b	129	1	7	5	2	0	2	0	0
brain6-lava-canonical-v3	d730debf45266d298401564f3260bdecb14739d1c1f1835a5aebd615c83fa60b	130	1	7	5	2	0	2	0	0
brain6-lava-canonical-v3	d730debf45266d298401564f3260bdecb14739d1c1f1835a5aebd615c83fa60b	131	1	7	6	1	0	1	0	0
brain6-lava-canonical-v3	d730debf45266d298401564f3260bdecb14739d1c1f1835a5aebd615c83fa60b	132	1	7	5	2	0	2	0	0
brain6-lava-canonical-v3	d730debf45266d298401564f3260bdecb14739d1c1f1835a5aebd615c83fa60b	133	1	7	7	0	0	0	0	0
brain6-lava-canonical-v3	d730debf45266d298401564f3260bdecb14739d1c1f1835a5aebd615c83fa60b	134	1	7	6	1	0	1	0	0
brain6-lava-canonical-v3	d730debf45266d298401564f3260bdecb14739d1c1f1835a5aebd615c83fa60b	135	1	7	4	3	0	3	0	0
brain6-lava-canonical-v3	d730debf45266d298401564f3260bdecb14739d1c1f1835a5aebd615c83fa60b	136	1	7	7	0	0	0	0	0
brain6-lava-canonical-v3	d730debf45266d298401564f3260bdecb14739d1c1f1835a5aebd615c83fa60b	137	1	7	7	0	0	0	0	0
brain6-lava-canonical-v3	d730debf45266d298401564f3260bdecb14739d1c1f1835a5aebd615c83fa60b	138	1	7	6	1	0	1	0	0
brain6-lava-canonical-v3	d730debf45266d298401564f3260bdecb14739d1c1f1835a5aebd615c83fa60b	139	1	7	6	1	0	1	0	0
brain6-lava-canonical-v3	d730debf45266d298401564f3260bdecb14739d1c1f1835a5aebd615c83fa60b	140	1	7	6	1	0	1	0	0
brain6-lava-canonical-v3	d730debf45266d298401564f3260bdecb14739d1c1f1835a5aebd615c83fa60b	141	1	7	7	0	0	0	0	0
brain6-lava-canonical-v3	d730debf45266d298401564f3260bdecb14739d1c1f1835a5aebd615c83fa60b	142	1	7	6	1	0	1	0	0
brain6-lava-canonical-v3	d730debf45266d298401564f3260bdecb14739d1c1f1835a5aebd615c83fa60b	143	1	7	4	3	0	3	0	0
brain6-lava-canonical-v3	d730debf45266d298401564f3260bdecb14739d1c1f1835a5aebd615c83fa60b	144	1	7	5	2	0	2	0	0
brain6-lava-canonical-v3	d730debf45266d298401564f3260bdecb14739d1c1f1835a5aebd615c83fa60b	145	1	7	6	1	0	1	0	0
brain6-lava-canonical-v3	d730debf45266d298401564f3260bdecb14739d1c1f1835a5aebd615c83fa60b	146	1	7	6	1	0	1	0	0
brain6-lava-canonical-v3	d730debf45266d298401564f3260bdecb14739d1c1f1835a5aebd615c83fa60b	147	1	7	5	2	0	2	0	0
brain6-lava-canonical-v3	d730debf45266d298401564f3260bdecb14739d1c1f1835a5aebd615c83fa60b	148	1	7	5	2	0	2	0	0
brain6-lava-canonical-v3	d730debf45266d298401564f3260bdecb14739d1c1f1835a5aebd615c83fa60b	149	1	7	4	3	0	3	0	0
brain6-lava-canonical-v3	d730debf45266d298401564f3260bdecb14739d1c1f1835a5aebd615c83fa60b	150	1	7	4	3	0	3	0	0
brain6-lava-canonical-v3	d730debf45266d298401564f3260bdecb14739d1c1f1835a5aebd615c83fa60b	151	1	7	6	1	0	1	0	0
brain6-lava-canonical-v3	d730debf45266d298401564f3260bdecb14739d1c1f1835a5aebd615c83fa60b	152	1	7	5	2	0	2	0	0
brain6-lava-canonical-v3	d730debf45266d298401564f3260bdecb14739d1c1f1835a5aebd615c83fa60b	153	1	7	6	1	0	1	0	0
brain6-lava-canonical-v3	d730debf45266d298401564f3260bdecb14739d1c1f1835a5aebd615c83fa60b	154	1	7	6	1	0	1	0	0
brain6-lava-canonical-v3	d730debf45266d298401564f3260bdecb14739d1c1f1835a5aebd615c83fa60b	155	1	7	6	1	0	1	0	0
brain6-lava-canonical-v3	d730debf45266d298401564f3260bdecb14739d1c1f1835a5aebd615c83fa60b	156	1	7	5	2	0	2	0	0
brain6-lava-canonical-v3	d730debf45266d298401564f3260bdecb14739d1c1f1835a5aebd615c83fa60b	157	1	7	6	1	0	1	0	0
brain6-lava-canonical-v3	d730debf45266d298401564f3260bdecb14739d1c1f1835a5aebd615c83fa60b	158	1	7	7	0	0	0	0	0
brain6-lava-canonical-v3	d730debf45266d298401564f3260bdecb14739d1c1f1835a5aebd615c83fa60b	159	1	7	7	0	0	0	0	0
brain6-lava-canonical-v3	d730debf45266d298401564f3260bdecb14739d1c1f1835a5aebd615c83fa60b	160	1	7	4	3	0	3	0	0
brain6-lava-canonical-v3	d730debf45266d298401564f3260bdecb14739d1c1f1835a5aebd615c83fa60b	161	1	7	6	1	0	1	0	0
brain6-lava-canonical-v3	d730debf45266d298401564f3260bdecb14739d1c1f1835a5aebd615c83fa60b	162	1	7	6	1	0	1	0	0
brain6-lava-canonical-v3	d730debf45266d298401564f3260bdecb14739d1c1f1835a5aebd615c83fa60b	163	1	7	7	0	0	0	0	0
brain6-lava-canonical-v3	d730debf45266d298401564f3260bdecb14739d1c1f1835a5aebd615c83fa60b	164	1	7	7	0	0	0	0	0
brain6-lava-canonical-v3	d730debf45266d298401564f3260bdecb14739d1c1f1835a5aebd615c83fa60b	165	1	7	6	1	0	1	0	0
brain6-lava-canonical-v3	d730debf45266d298401564f3260bdecb14739d1c1f1835a5aebd615c83fa60b	166	1	7	5	2	0	2	0	0
brain6-lava-canonical-v3	d730debf45266d298401564f3260bdecb14739d1c1f1835a5aebd615c83fa60b	167	1	7	5	2	0	2	0	0
brain6-lava-canonical-v3	d730debf45266d298401564f3260bdecb14739d1c1f1835a5aebd615c83fa60b	168	1	7	6	1	0	1	0	0
brain6-lava-canonical-v3	d730debf45266d298401564f3260bdecb14739d1c1f1835a5aebd615c83fa60b	169	1	7	3	4	0	4	0	0
brain6-lava-canonical-v3	d730debf45266d298401564f3260bdecb14739d1c1f1835a5aebd615c83fa60b	170	1	7	6	1	0	1	0	0
brain6-lava-canonical-v3	d730debf45266d298401564f3260bdecb14739d1c1f1835a5aebd615c83fa60b	171	1	7	7	0	0	0	0	0
brain6-lava-canonical-v3	d730debf45266d298401564f3260bdecb14739d1c1f1835a5aebd615c83fa60b	172	1	7	6	1	0	1	0	0
brain6-lava-canonical-v3	d730debf45266d298401564f3260bdecb14739d1c1f1835a5aebd615c83fa60b	173	1	7	5	2	0	2	0	0
brain6-lava-canonical-v3	d730debf45266d298401564f3260bdecb14739d1c1f1835a5aebd615c83fa60b	174	1	7	6	1	0	1	0	0
brain6-lava-canonical-v3	d730debf45266d298401564f3260bdecb14739d1c1f1835a5aebd615c83fa60b	175	1	7	7	0	0	0	0	0
brain6-lava-canonical-v3	d730debf45266d298401564f3260bdecb14739d1c1f1835a5aebd615c83fa60b	176	1	7	6	1	0	1	0	0
brain6-lava-canonical-v3	d730debf45266d298401564f3260bdecb14739d1c1f1835a5aebd615c83fa60b	177	1	7	5	2	0	2	0	0
brain6-lava-canonical-v3	d730debf45266d298401564f3260bdecb14739d1c1f1835a5aebd615c83fa60b	178	1	7	5	2	0	2	0	0
brain6-lava-canonical-v3	d730debf45266d298401564f3260bdecb14739d1c1f1835a5aebd615c83fa60b	179	1	7	7	0	0	0	0	0
brain6-lava-canonical-v3	d730debf45266d298401564f3260bdecb14739d1c1f1835a5aebd615c83fa60b	180	1	7	5	2	0	2	0	0
brain6-lava-canonical-v3	d730debf45266d298401564f3260bdecb14739d1c1f1835a5aebd615c83fa60b	181	1	7	6	1	0	1	0	0
brain6-lava-canonical-v3	d730debf45266d298401564f3260bdecb14739d1c1f1835a5aebd615c83fa60b	182	1	7	4	3	0	3	0	0
brain6-lava-canonical-v3	d730debf45266d298401564f3260bdecb14739d1c1f1835a5aebd615c83fa60b	183	1	7	5	2	0	2	0	0
brain6-lava-canonical-v3	d730debf45266d298401564f3260bdecb14739d1c1f1835a5aebd615c83fa60b	184	1	7	5	2	0	2	0	0
brain6-lava-canonical-v3	d730debf45266d298401564f3260bdecb14739d1c1f1835a5aebd615c83fa60b	185	1	7	6	1	0	1	0	0
brain6-lava-canonical-v3	d730debf45266d298401564f3260bdecb14739d1c1f1835a5aebd615c83fa60b	186	1	7	6	1	0	1	0	0
brain6-lava-canonical-v3	d730debf45266d298401564f3260bdecb14739d1c1f1835a5aebd615c83fa60b	187	1	7	6	1	0	1	0	0
brain6-lava-canonical-v3	d730debf45266d298401564f3260bdecb14739d1c1f1835a5aebd615c83fa60b	188	1	7	7	0	0	0	0	0
brain6-lava-canonical-v3	d730debf45266d298401564f3260bdecb14739d1c1f1835a5aebd615c83fa60b	189	1	7	6	1	0	1	0	0
brain6-lava-canonical-v3	d730debf45266d298401564f3260bdecb14739d1c1f1835a5aebd615c83fa60b	190	1	7	6	1	0	1	0	0
brain6-lava-canonical-v3	d730debf45266d298401564f3260bdecb14739d1c1f1835a5aebd615c83fa60b	191	1	7	3	4	0	4	0	0
brain6-lava-canonical-v3	d730debf45266d298401564f3260bdecb14739d1c1f1835a5aebd615c83fa60b	192	1	7	4	3	0	3	0	0
brain6-lava-canonical-v3	d730debf45266d298401564f3260bdecb14739d1c1f1835a5aebd615c83fa60b	193	1	7	4	3	0	3	0	0
brain6-lava-canonical-v3	d730debf45266d298401564f3260bdecb14739d1c1f1835a5aebd615c83fa60b	194	1	7	6	1	0	1	0	0
brain6-lava-canonical-v3	d730debf45266d298401564f3260bdecb14739d1c1f1835a5aebd615c83fa60b	195	1	7	6	1	0	1	0	0
brain6-lava-canonical-v3	d730debf45266d298401564f3260bdecb14739d1c1f1835a5aebd615c83fa60b	196	1	7	5	2	0	2	0	0
brain6-lava-canonical-v3	d730debf45266d298401564f3260bdecb14739d1c1f1835a5aebd615c83fa60b	197	1	7	6	1	0	1	0	0
brain6-lava-canonical-v3	d730debf45266d298401564f3260bdecb14739d1c1f1835a5aebd615c83fa60b	198	1	7	6	1	0	1	0	0
brain6-lava-canonical-v3	d730debf45266d298401564f3260bdecb14739d1c1f1835a5aebd615c83fa60b	199	1	7	5	2	0	2	0	0
brain6-lava-canonical-v3	d730debf45266d298401564f3260bdecb14739d1c1f1835a5aebd615c83fa60b	200	1	7	4	3	0	3	0	0
brain6-lava-canonical-v3	d730debf45266d298401564f3260bdecb14739d1c1f1835a5aebd615c83fa60b	201	2	7	5	2	0	2	0	0
brain6-lava-canonical-v3	d730debf45266d298401564f3260bdecb14739d1c1f1835a5aebd615c83fa60b	202	2	7	6	1	0	1	0	0
brain6-lava-canonical-v3	d730debf45266d298401564f3260bdecb14739d1c1f1835a5aebd615c83fa60b	203	2	7	2	5	0	5	0	0
brain6-lava-canonical-v3	d730debf45266d298401564f3260bdecb14739d1c1f1835a5aebd615c83fa60b	204	2	7	5	2	0	2	0	0
brain6-lava-canonical-v3	d730debf45266d298401564f3260bdecb14739d1c1f1835a5aebd615c83fa60b	205	2	7	5	2	0	2	0	0
brain6-lava-canonical-v3	d730debf45266d298401564f3260bdecb14739d1c1f1835a5aebd615c83fa60b	206	2	7	5	2	0	2	0	0
brain6-lava-canonical-v3	d730debf45266d298401564f3260bdecb14739d1c1f1835a5aebd615c83fa60b	207	2	7	6	1	0	1	0	0
brain6-lava-canonical-v3	d730debf45266d298401564f3260bdecb14739d1c1f1835a5aebd615c83fa60b	208	2	7	5	2	0	2	0	0
brain6-lava-canonical-v3	d730debf45266d298401564f3260bdecb14739d1c1f1835a5aebd615c83fa60b	209	2	7	5	2	0	2	0	0
brain6-lava-canonical-v3	d730debf45266d298401564f3260bdecb14739d1c1f1835a5aebd615c83fa60b	210	2	7	6	1	0	1	0	0
brain6-lava-canonical-v3	d730debf45266d298401564f3260bdecb14739d1c1f1835a5aebd615c83fa60b	211	2	7	5	2	0	2	0	0
brain6-lava-canonical-v3	d730debf45266d298401564f3260bdecb14739d1c1f1835a5aebd615c83fa60b	212	2	7	7	0	0	0	0	0
brain6-lava-canonical-v3	d730debf45266d298401564f3260bdecb14739d1c1f1835a5aebd615c83fa60b	213	2	7	6	1	0	1	0	0
brain6-lava-canonical-v3	d730debf45266d298401564f3260bdecb14739d1c1f1835a5aebd615c83fa60b	214	2	7	6	1	0	1	0	0
brain6-lava-canonical-v3	d730debf45266d298401564f3260bdecb14739d1c1f1835a5aebd615c83fa60b	215	2	7	6	1	0	1	0	0
brain6-lava-canonical-v3	d730debf45266d298401564f3260bdecb14739d1c1f1835a5aebd615c83fa60b	216	2	7	5	2	0	2	0	0
brain6-lava-canonical-v3	d730debf45266d298401564f3260bdecb14739d1c1f1835a5aebd615c83fa60b	217	2	7	7	0	0	0	0	0
brain6-lava-canonical-v3	d730debf45266d298401564f3260bdecb14739d1c1f1835a5aebd615c83fa60b	218	2	7	4	3	0	3	0	0
brain6-lava-canonical-v3	d730debf45266d298401564f3260bdecb14739d1c1f1835a5aebd615c83fa60b	219	2	7	6	1	0	1	0	0
brain6-lava-canonical-v3	d730debf45266d298401564f3260bdecb14739d1c1f1835a5aebd615c83fa60b	220	2	7	6	1	0	1	0	0
brain6-lava-canonical-v3	d730debf45266d298401564f3260bdecb14739d1c1f1835a5aebd615c83fa60b	221	2	7	6	1	0	1	0	0
brain6-lava-canonical-v3	d730debf45266d298401564f3260bdecb14739d1c1f1835a5aebd615c83fa60b	222	2	7	5	2	0	2	0	0
brain6-lava-canonical-v3	d730debf45266d298401564f3260bdecb14739d1c1f1835a5aebd615c83fa60b	223	2	7	7	0	0	0	0	0
brain6-lava-canonical-v3	d730debf45266d298401564f3260bdecb14739d1c1f1835a5aebd615c83fa60b	224	2	7	6	1	0	1	0	0
brain6-lava-canonical-v3	d730debf45266d298401564f3260bdecb14739d1c1f1835a5aebd615c83fa60b	225	2	7	5	2	0	2	0	0
brain6-lava-canonical-v3	d730debf45266d298401564f3260bdecb14739d1c1f1835a5aebd615c83fa60b	226	2	7	7	0	0	0	0	0
brain6-lava-canonical-v3	d730debf45266d298401564f3260bdecb14739d1c1f1835a5aebd615c83fa60b	227	2	7	7	0	0	0	0	0
brain6-lava-canonical-v3	d730debf45266d298401564f3260bdecb14739d1c1f1835a5aebd615c83fa60b	228	2	7	6	1	0	1	0	0
brain6-lava-canonical-v3	d730debf45266d298401564f3260bdecb14739d1c1f1835a5aebd615c83fa60b	229	2	7	6	1	0	1	0	0
brain6-lava-canonical-v3	d730debf45266d298401564f3260bdecb14739d1c1f1835a5aebd615c83fa60b	230	2	7	7	0	0	0	0	0
brain6-lava-canonical-v3	d730debf45266d298401564f3260bdecb14739d1c1f1835a5aebd615c83fa60b	231	2	7	6	1	0	1	0	0
brain6-lava-canonical-v3	d730debf45266d298401564f3260bdecb14739d1c1f1835a5aebd615c83fa60b	232	2	7	6	1	0	1	0	0
brain6-lava-canonical-v3	d730debf45266d298401564f3260bdecb14739d1c1f1835a5aebd615c83fa60b	233	2	7	6	1	0	1	0	0
brain6-lava-canonical-v3	d730debf45266d298401564f3260bdecb14739d1c1f1835a5aebd615c83fa60b	234	2	7	6	1	0	1	0	0
brain6-lava-canonical-v3	d730debf45266d298401564f3260bdecb14739d1c1f1835a5aebd615c83fa60b	235	2	7	4	3	0	3	0	0
brain6-lava-canonical-v3	d730debf45266d298401564f3260bdecb14739d1c1f1835a5aebd615c83fa60b	236	2	7	6	1	0	1	0	0
brain6-lava-canonical-v3	d730debf45266d298401564f3260bdecb14739d1c1f1835a5aebd615c83fa60b	237	2	7	5	2	0	2	0	0
brain6-lava-canonical-v3	d730debf45266d298401564f3260bdecb14739d1c1f1835a5aebd615c83fa60b	238	2	7	7	0	0	0	0	0
brain6-lava-canonical-v3	d730debf45266d298401564f3260bdecb14739d1c1f1835a5aebd615c83fa60b	239	2	7	6	1	0	1	0	0
brain6-lava-canonical-v3	d730debf45266d298401564f3260bdecb14739d1c1f1835a5aebd615c83fa60b	240	2	7	6	1	0	1	0	0
brain6-lava-canonical-v3	d730debf45266d298401564f3260bdecb14739d1c1f1835a5aebd615c83fa60b	241	2	7	6	1	0	1	0	0
brain6-lava-canonical-v3	d730debf45266d298401564f3260bdecb14739d1c1f1835a5aebd615c83fa60b	242	2	7	6	1	0	1	0	0
brain6-lava-canonical-v3	d730debf45266d298401564f3260bdecb14739d1c1f1835a5aebd615c83fa60b	243	2	7	6	1	0	1	0	0
brain6-lava-canonical-v3	d730debf45266d298401564f3260bdecb14739d1c1f1835a5aebd615c83fa60b	244	2	7	6	1	0	1	0	0
brain6-lava-canonical-v3	d730debf45266d298401564f3260bdecb14739d1c1f1835a5aebd615c83fa60b	245	2	7	6	1	0	1	0	0
brain6-lava-canonical-v3	d730debf45266d298401564f3260bdecb14739d1c1f1835a5aebd615c83fa60b	246	2	7	5	2	0	2	0	0
brain6-lava-canonical-v3	d730debf45266d298401564f3260bdecb14739d1c1f1835a5aebd615c83fa60b	247	2	7	3	4	0	4	0	0
brain6-lava-canonical-v3	d730debf45266d298401564f3260bdecb14739d1c1f1835a5aebd615c83fa60b	248	2	7	5	2	0	2	0	0
brain6-lava-canonical-v3	d730debf45266d298401564f3260bdecb14739d1c1f1835a5aebd615c83fa60b	249	2	7	6	1	0	1	0	0
brain6-lava-canonical-v3	d730debf45266d298401564f3260bdecb14739d1c1f1835a5aebd615c83fa60b	250	2	7	6	1	0	1	0	0
brain6-lava-canonical-v3	d730debf45266d298401564f3260bdecb14739d1c1f1835a5aebd615c83fa60b	251	2	7	6	1	0	1	0	0
brain6-lava-canonical-v3	d730debf45266d298401564f3260bdecb14739d1c1f1835a5aebd615c83fa60b	252	2	7	6	1	0	1	0	0
brain6-lava-canonical-v3	d730debf45266d298401564f3260bdecb14739d1c1f1835a5aebd615c83fa60b	253	2	7	5	2	0	2	0	0
brain6-lava-canonical-v3	d730debf45266d298401564f3260bdecb14739d1c1f1835a5aebd615c83fa60b	254	2	7	6	1	0	1	0	0
brain6-lava-canonical-v3	d730debf45266d298401564f3260bdecb14739d1c1f1835a5aebd615c83fa60b	255	2	7	5	2	0	2	0	0
brain6-lava-canonical-v3	d730debf45266d298401564f3260bdecb14739d1c1f1835a5aebd615c83fa60b	256	2	7	6	1	0	1	0	0
brain6-lava-canonical-v3	d730debf45266d298401564f3260bdecb14739d1c1f1835a5aebd615c83fa60b	257	2	7	6	1	0	1	0	0
brain6-lava-canonical-v3	d730debf45266d298401564f3260bdecb14739d1c1f1835a5aebd615c83fa60b	258	2	7	6	1	0	1	0	0
brain6-lava-canonical-v3	d730debf45266d298401564f3260bdecb14739d1c1f1835a5aebd615c83fa60b	259	2	7	5	2	0	2	0	0
brain6-lava-canonical-v3	d730debf45266d298401564f3260bdecb14739d1c1f1835a5aebd615c83fa60b	260	2	7	7	0	0	0	0	0
brain6-lava-canonical-v3	d730debf45266d298401564f3260bdecb14739d1c1f1835a5aebd615c83fa60b	261	2	7	6	1	0	1	0	0
brain6-lava-canonical-v3	d730debf45266d298401564f3260bdecb14739d1c1f1835a5aebd615c83fa60b	262	2	7	5	2	0	2	0	0
brain6-lava-canonical-v3	d730debf45266d298401564f3260bdecb14739d1c1f1835a5aebd615c83fa60b	263	2	7	6	1	0	1	0	0
brain6-lava-canonical-v3	d730debf45266d298401564f3260bdecb14739d1c1f1835a5aebd615c83fa60b	264	2	7	6	1	0	1	0	0
brain6-lava-canonical-v3	d730debf45266d298401564f3260bdecb14739d1c1f1835a5aebd615c83fa60b	265	2	7	7	0	0	0	0	0
brain6-lava-canonical-v3	d730debf45266d298401564f3260bdecb14739d1c1f1835a5aebd615c83fa60b	266	2	7	6	1	0	1	0	0
brain6-lava-canonical-v3	d730debf45266d298401564f3260bdecb14739d1c1f1835a5aebd615c83fa60b	267	2	7	5	2	0	2	0	0
brain6-lava-canonical-v3	d730debf45266d298401564f3260bdecb14739d1c1f1835a5aebd615c83fa60b	268	2	7	5	2	0	2	0	0
brain6-lava-canonical-v3	d730debf45266d298401564f3260bdecb14739d1c1f1835a5aebd615c83fa60b	269	2	7	6	1	0	1	0	0
brain6-lava-canonical-v3	d730debf45266d298401564f3260bdecb14739d1c1f1835a5aebd615c83fa60b	270	2	7	6	1	0	1	0	0
brain6-lava-canonical-v3	d730debf45266d298401564f3260bdecb14739d1c1f1835a5aebd615c83fa60b	271	2	7	5	2	0	2	0	0
brain6-lava-canonical-v3	d730debf45266d298401564f3260bdecb14739d1c1f1835a5aebd615c83fa60b	272	2	7	6	1	0	1	0	0
brain6-lava-canonical-v3	d730debf45266d298401564f3260bdecb14739d1c1f1835a5aebd615c83fa60b	273	2	7	6	1	0	1	0	0
brain6-lava-canonical-v3	d730debf45266d298401564f3260bdecb14739d1c1f1835a5aebd615c83fa60b	274	2	7	4	3	0	3	0	0
brain6-lava-canonical-v3	d730debf45266d298401564f3260bdecb14739d1c1f1835a5aebd615c83fa60b	275	2	7	6	1	0	1	0	0
brain6-lava-canonical-v3	d730debf45266d298401564f3260bdecb14739d1c1f1835a5aebd615c83fa60b	276	2	7	6	1	0	1	0	0
brain6-lava-canonical-v3	d730debf45266d298401564f3260bdecb14739d1c1f1835a5aebd615c83fa60b	277	2	7	6	1	0	1	0	0
brain6-lava-canonical-v3	d730debf45266d298401564f3260bdecb14739d1c1f1835a5aebd615c83fa60b	278	2	7	6	1	0	1	0	0
brain6-lava-canonical-v3	d730debf45266d298401564f3260bdecb14739d1c1f1835a5aebd615c83fa60b	279	2	7	5	2	0	2	0	0
brain6-lava-canonical-v3	d730debf45266d298401564f3260bdecb14739d1c1f1835a5aebd615c83fa60b	280	2	7	5	2	0	2	0	0
brain6-lava-canonical-v3	d730debf45266d298401564f3260bdecb14739d1c1f1835a5aebd615c83fa60b	281	2	7	6	1	0	1	0	0
brain6-lava-canonical-v3	d730debf45266d298401564f3260bdecb14739d1c1f1835a5aebd615c83fa60b	282	2	7	4	3	0	3	0	0
brain6-lava-canonical-v3	d730debf45266d298401564f3260bdecb14739d1c1f1835a5aebd615c83fa60b	283	2	7	5	2	0	2	0	0
brain6-lava-canonical-v3	d730debf45266d298401564f3260bdecb14739d1c1f1835a5aebd615c83fa60b	284	2	7	7	0	0	0	0	0
brain6-lava-canonical-v3	d730debf45266d298401564f3260bdecb14739d1c1f1835a5aebd615c83fa60b	285	2	7	6	1	0	1	0	0
brain6-lava-canonical-v3	d730debf45266d298401564f3260bdecb14739d1c1f1835a5aebd615c83fa60b	286	2	7	5	2	0	2	0	0
brain6-lava-canonical-v3	d730debf45266d298401564f3260bdecb14739d1c1f1835a5aebd615c83fa60b	287	2	7	5	2	0	2	0	0
brain6-lava-canonical-v3	d730debf45266d298401564f3260bdecb14739d1c1f1835a5aebd615c83fa60b	288	2	7	4	3	0	3	0	0
brain6-lava-canonical-v3	d730debf45266d298401564f3260bdecb14739d1c1f1835a5aebd615c83fa60b	289	2	7	5	2	0	2	0	0
brain6-lava-canonical-v3	d730debf45266d298401564f3260bdecb14739d1c1f1835a5aebd615c83fa60b	290	2	7	6	1	0	1	0	0
brain6-lava-canonical-v3	d730debf45266d298401564f3260bdecb14739d1c1f1835a5aebd615c83fa60b	291	2	7	6	1	0	1	0	0
brain6-lava-canonical-v3	d730debf45266d298401564f3260bdecb14739d1c1f1835a5aebd615c83fa60b	292	2	7	6	1	0	1	0	0
brain6-lava-canonical-v3	d730debf45266d298401564f3260bdecb14739d1c1f1835a5aebd615c83fa60b	293	2	7	6	1	0	1	0	0
brain6-lava-canonical-v3	d730debf45266d298401564f3260bdecb14739d1c1f1835a5aebd615c83fa60b	294	2	7	6	1	0	1	0	0
brain6-lava-canonical-v3	d730debf45266d298401564f3260bdecb14739d1c1f1835a5aebd615c83fa60b	295	2	7	7	0	0	0	0	0
brain6-lava-canonical-v3	d730debf45266d298401564f3260bdecb14739d1c1f1835a5aebd615c83fa60b	296	2	7	6	1	0	1	0	0
brain6-lava-canonical-v3	d730debf45266d298401564f3260bdecb14739d1c1f1835a5aebd615c83fa60b	297	2	7	7	0	0	0	0	0
brain6-lava-canonical-v3	d730debf45266d298401564f3260bdecb14739d1c1f1835a5aebd615c83fa60b	298	2	7	6	1	0	1	0	0
brain6-lava-canonical-v3	d730debf45266d298401564f3260bdecb14739d1c1f1835a5aebd615c83fa60b	299	2	7	4	3	0	3	0	0
brain6-lava-canonical-v3	d730debf45266d298401564f3260bdecb14739d1c1f1835a5aebd615c83fa60b	300	2	7	6	1	0	1	0	0
brain6-lava-canonical-v3	d730debf45266d298401564f3260bdecb14739d1c1f1835a5aebd615c83fa60b	301	2	7	6	1	0	1	0	0
brain6-lava-canonical-v3	d730debf45266d298401564f3260bdecb14739d1c1f1835a5aebd615c83fa60b	302	2	7	5	2	0	2	0	0
brain6-lava-canonical-v3	d730debf45266d298401564f3260bdecb14739d1c1f1835a5aebd615c83fa60b	303	2	7	6	1	0	1	0	0
brain6-lava-canonical-v3	d730debf45266d298401564f3260bdecb14739d1c1f1835a5aebd615c83fa60b	304	2	7	5	2	0	2	0	0
brain6-lava-canonical-v3	d730debf45266d298401564f3260bdecb14739d1c1f1835a5aebd615c83fa60b	305	2	7	6	1	0	1	0	0
brain6-lava-canonical-v3	d730debf45266d298401564f3260bdecb14739d1c1f1835a5aebd615c83fa60b	306	2	7	6	1	0	1	0	0
brain6-lava-canonical-v3	d730debf45266d298401564f3260bdecb14739d1c1f1835a5aebd615c83fa60b	307	2	7	6	1	0	1	0	0
brain6-lava-canonical-v3	d730debf45266d298401564f3260bdecb14739d1c1f1835a5aebd615c83fa60b	308	2	7	6	1	0	1	0	0
brain6-lava-canonical-v3	d730debf45266d298401564f3260bdecb14739d1c1f1835a5aebd615c83fa60b	309	2	7	5	2	0	2	0	0
brain6-lava-canonical-v3	d730debf45266d298401564f3260bdecb14739d1c1f1835a5aebd615c83fa60b	310	2	7	6	1	0	1	0	0
brain6-lava-canonical-v3	d730debf45266d298401564f3260bdecb14739d1c1f1835a5aebd615c83fa60b	311	2	7	6	1	0	1	0	0
brain6-lava-canonical-v3	d730debf45266d298401564f3260bdecb14739d1c1f1835a5aebd615c83fa60b	312	2	7	5	2	0	2	0	0
brain6-lava-canonical-v3	d730debf45266d298401564f3260bdecb14739d1c1f1835a5aebd615c83fa60b	313	2	7	6	1	0	1	0	0
brain6-lava-canonical-v3	d730debf45266d298401564f3260bdecb14739d1c1f1835a5aebd615c83fa60b	314	2	7	5	2	0	2	0	0
brain6-lava-canonical-v3	d730debf45266d298401564f3260bdecb14739d1c1f1835a5aebd615c83fa60b	315	2	7	4	3	0	3	0	0
brain6-lava-canonical-v3	d730debf45266d298401564f3260bdecb14739d1c1f1835a5aebd615c83fa60b	316	2	7	5	2	0	2	0	0
brain6-lava-canonical-v3	d730debf45266d298401564f3260bdecb14739d1c1f1835a5aebd615c83fa60b	317	2	7	7	0	0	0	0	0
brain6-lava-canonical-v3	d730debf45266d298401564f3260bdecb14739d1c1f1835a5aebd615c83fa60b	318	2	7	5	2	0	2	0	0
brain6-lava-canonical-v3	d730debf45266d298401564f3260bdecb14739d1c1f1835a5aebd615c83fa60b	319	2	7	6	1	0	1	0	0
brain6-lava-canonical-v3	d730debf45266d298401564f3260bdecb14739d1c1f1835a5aebd615c83fa60b	320	2	7	4	3	0	3	0	0
brain6-lava-canonical-v3	d730debf45266d298401564f3260bdecb14739d1c1f1835a5aebd615c83fa60b	321	2	7	6	1	0	1	0	0
brain6-lava-canonical-v3	d730debf45266d298401564f3260bdecb14739d1c1f1835a5aebd615c83fa60b	322	2	7	6	1	0	1	0	0
brain6-lava-canonical-v3	d730debf45266d298401564f3260bdecb14739d1c1f1835a5aebd615c83fa60b	323	2	7	5	2	0	2	0	0
brain6-lava-canonical-v3	d730debf45266d298401564f3260bdecb14739d1c1f1835a5aebd615c83fa60b	324	2	7	5	2	0	2	0	0
brain6-lava-canonical-v3	d730debf45266d298401564f3260bdecb14739d1c1f1835a5aebd615c83fa60b	325	2	7	4	3	0	3	0	0
brain6-lava-canonical-v3	d730debf45266d298401564f3260bdecb14739d1c1f1835a5aebd615c83fa60b	326	2	7	6	1	0	1	0	0
brain6-lava-canonical-v3	d730debf45266d298401564f3260bdecb14739d1c1f1835a5aebd615c83fa60b	327	2	7	7	0	0	0	0	0
brain6-lava-canonical-v3	d730debf45266d298401564f3260bdecb14739d1c1f1835a5aebd615c83fa60b	328	2	7	2	5	0	5	0	0
brain6-lava-canonical-v3	d730debf45266d298401564f3260bdecb14739d1c1f1835a5aebd615c83fa60b	329	2	7	5	2	0	2	0	0
brain6-lava-canonical-v3	d730debf45266d298401564f3260bdecb14739d1c1f1835a5aebd615c83fa60b	330	2	7	5	2	0	2	0	0
brain6-lava-canonical-v3	d730debf45266d298401564f3260bdecb14739d1c1f1835a5aebd615c83fa60b	331	2	7	3	4	0	4	0	0
brain6-lava-canonical-v3	d730debf45266d298401564f3260bdecb14739d1c1f1835a5aebd615c83fa60b	332	2	7	4	3	0	3	0	0
brain6-lava-canonical-v3	d730debf45266d298401564f3260bdecb14739d1c1f1835a5aebd615c83fa60b	333	2	7	6	1	0	1	0	0
brain6-lava-canonical-v3	d730debf45266d298401564f3260bdecb14739d1c1f1835a5aebd615c83fa60b	334	2	7	6	1	0	1	0	0
brain6-lava-canonical-v3	d730debf45266d298401564f3260bdecb14739d1c1f1835a5aebd615c83fa60b	335	2	7	7	0	0	0	0	0
brain6-lava-canonical-v3	d730debf45266d298401564f3260bdecb14739d1c1f1835a5aebd615c83fa60b	336	2	7	7	0	0	0	0	0
brain6-lava-canonical-v3	d730debf45266d298401564f3260bdecb14739d1c1f1835a5aebd615c83fa60b	337	2	7	7	0	0	0	0	0
brain6-lava-canonical-v3	d730debf45266d298401564f3260bdecb14739d1c1f1835a5aebd615c83fa60b	338	2	7	6	1	0	1	0	0
brain6-lava-canonical-v3	d730debf45266d298401564f3260bdecb14739d1c1f1835a5aebd615c83fa60b	339	2	7	6	1	0	1	0	0
brain6-lava-canonical-v3	d730debf45266d298401564f3260bdecb14739d1c1f1835a5aebd615c83fa60b	340	2	7	5	2	0	2	0	0
brain6-lava-canonical-v3	d730debf45266d298401564f3260bdecb14739d1c1f1835a5aebd615c83fa60b	341	2	7	6	1	0	1	0	0
brain6-lava-canonical-v3	d730debf45266d298401564f3260bdecb14739d1c1f1835a5aebd615c83fa60b	342	2	7	6	1	0	1	0	0
brain6-lava-canonical-v3	d730debf45266d298401564f3260bdecb14739d1c1f1835a5aebd615c83fa60b	343	2	7	6	1	0	1	0	0
brain6-lava-canonical-v3	d730debf45266d298401564f3260bdecb14739d1c1f1835a5aebd615c83fa60b	344	2	7	6	1	0	1	0	0
brain6-lava-canonical-v3	d730debf45266d298401564f3260bdecb14739d1c1f1835a5aebd615c83fa60b	345	2	7	6	1	0	1	0	0
brain6-lava-canonical-v3	d730debf45266d298401564f3260bdecb14739d1c1f1835a5aebd615c83fa60b	346	2	7	6	1	0	1	0	0
brain6-lava-canonical-v3	d730debf45266d298401564f3260bdecb14739d1c1f1835a5aebd615c83fa60b	347	2	7	6	1	0	1	0	0
brain6-lava-canonical-v3	d730debf45266d298401564f3260bdecb14739d1c1f1835a5aebd615c83fa60b	348	2	7	5	2	0	2	0	0
brain6-lava-canonical-v3	d730debf45266d298401564f3260bdecb14739d1c1f1835a5aebd615c83fa60b	349	2	7	5	2	0	2	0	0
brain6-lava-canonical-v3	d730debf45266d298401564f3260bdecb14739d1c1f1835a5aebd615c83fa60b	350	2	7	6	1	0	1	0	0
brain6-lava-canonical-v3	d730debf45266d298401564f3260bdecb14739d1c1f1835a5aebd615c83fa60b	351	2	7	5	2	0	2	0	0
brain6-lava-canonical-v3	d730debf45266d298401564f3260bdecb14739d1c1f1835a5aebd615c83fa60b	352	2	7	6	1	0	1	0	0
brain6-lava-canonical-v3	d730debf45266d298401564f3260bdecb14739d1c1f1835a5aebd615c83fa60b	353	2	7	4	3	0	3	0	0
brain6-lava-canonical-v3	d730debf45266d298401564f3260bdecb14739d1c1f1835a5aebd615c83fa60b	354	2	7	3	4	0	4	0	0
brain6-lava-canonical-v3	d730debf45266d298401564f3260bdecb14739d1c1f1835a5aebd615c83fa60b	355	2	7	5	2	0	2	0	0
brain6-lava-canonical-v3	d730debf45266d298401564f3260bdecb14739d1c1f1835a5aebd615c83fa60b	356	2	7	7	0	0	0	0	0
brain6-lava-canonical-v3	d730debf45266d298401564f3260bdecb14739d1c1f1835a5aebd615c83fa60b	357	2	7	5	2	0	2	0	0
brain6-lava-canonical-v3	d730debf45266d298401564f3260bdecb14739d1c1f1835a5aebd615c83fa60b	358	2	7	6	1	0	1	0	0
brain6-lava-canonical-v3	d730debf45266d298401564f3260bdecb14739d1c1f1835a5aebd615c83fa60b	359	2	7	6	1	0	1	0	0
brain6-lava-canonical-v3	d730debf45266d298401564f3260bdecb14739d1c1f1835a5aebd615c83fa60b	360	2	7	6	1	0	1	0	0
brain6-lava-canonical-v3	d730debf45266d298401564f3260bdecb14739d1c1f1835a5aebd615c83fa60b	361	2	7	5	2	0	2	0	0
brain6-lava-canonical-v3	d730debf45266d298401564f3260bdecb14739d1c1f1835a5aebd615c83fa60b	362	2	7	4	3	0	3	0	0
brain6-lava-canonical-v3	d730debf45266d298401564f3260bdecb14739d1c1f1835a5aebd615c83fa60b	363	2	7	4	3	0	3	0	0
brain6-lava-canonical-v3	d730debf45266d298401564f3260bdecb14739d1c1f1835a5aebd615c83fa60b	364	2	7	5	2	0	2	0	0
brain6-lava-canonical-v3	d730debf45266d298401564f3260bdecb14739d1c1f1835a5aebd615c83fa60b	365	2	7	7	0	0	0	0	0
brain6-lava-canonical-v3	d730debf45266d298401564f3260bdecb14739d1c1f1835a5aebd615c83fa60b	366	2	7	7	0	0	0	0	0
brain6-lava-canonical-v3	d730debf45266d298401564f3260bdecb14739d1c1f1835a5aebd615c83fa60b	367	2	7	5	2	0	2	0	0
brain6-lava-canonical-v3	d730debf45266d298401564f3260bdecb14739d1c1f1835a5aebd615c83fa60b	368	2	7	7	0	0	0	0	0
brain6-lava-canonical-v3	d730debf45266d298401564f3260bdecb14739d1c1f1835a5aebd615c83fa60b	369	2	7	7	0	0	0	0	0
brain6-lava-canonical-v3	d730debf45266d298401564f3260bdecb14739d1c1f1835a5aebd615c83fa60b	370	2	7	5	2	0	2	0	0
brain6-lava-canonical-v3	d730debf45266d298401564f3260bdecb14739d1c1f1835a5aebd615c83fa60b	371	2	7	5	2	0	2	0	0
brain6-lava-canonical-v3	d730debf45266d298401564f3260bdecb14739d1c1f1835a5aebd615c83fa60b	372	2	7	5	2	0	2	0	0
brain6-lava-canonical-v3	d730debf45266d298401564f3260bdecb14739d1c1f1835a5aebd615c83fa60b	373	2	7	6	1	0	1	0	0
brain6-lava-canonical-v3	d730debf45266d298401564f3260bdecb14739d1c1f1835a5aebd615c83fa60b	374	2	7	6	1	0	1	0	0
brain6-lava-canonical-v3	d730debf45266d298401564f3260bdecb14739d1c1f1835a5aebd615c83fa60b	375	2	7	5	2	0	2	0	0
brain6-lava-canonical-v3	d730debf45266d298401564f3260bdecb14739d1c1f1835a5aebd615c83fa60b	376	2	7	5	2	0	2	0	0
brain6-lava-canonical-v3	d730debf45266d298401564f3260bdecb14739d1c1f1835a5aebd615c83fa60b	377	2	7	6	1	0	1	0	0
brain6-lava-canonical-v3	d730debf45266d298401564f3260bdecb14739d1c1f1835a5aebd615c83fa60b	378	2	7	7	0	0	0	0	0
brain6-lava-canonical-v3	d730debf45266d298401564f3260bdecb14739d1c1f1835a5aebd615c83fa60b	379	2	7	7	0	0	0	0	0
brain6-lava-canonical-v3	d730debf45266d298401564f3260bdecb14739d1c1f1835a5aebd615c83fa60b	380	2	7	4	3	0	3	0	0
brain6-lava-canonical-v3	d730debf45266d298401564f3260bdecb14739d1c1f1835a5aebd615c83fa60b	381	2	7	5	2	0	2	0	0
brain6-lava-canonical-v3	d730debf45266d298401564f3260bdecb14739d1c1f1835a5aebd615c83fa60b	382	2	7	5	2	0	2	0	0
brain6-lava-canonical-v3	d730debf45266d298401564f3260bdecb14739d1c1f1835a5aebd615c83fa60b	383	2	7	6	1	0	1	0	0
brain6-lava-canonical-v3	d730debf45266d298401564f3260bdecb14739d1c1f1835a5aebd615c83fa60b	384	2	7	7	0	0	0	0	0
brain6-lava-canonical-v3	d730debf45266d298401564f3260bdecb14739d1c1f1835a5aebd615c83fa60b	385	2	7	7	0	0	0	0	0
brain6-lava-canonical-v3	d730debf45266d298401564f3260bdecb14739d1c1f1835a5aebd615c83fa60b	386	2	7	7	0	0	0	0	0
brain6-lava-canonical-v3	d730debf45266d298401564f3260bdecb14739d1c1f1835a5aebd615c83fa60b	387	2	7	6	1	0	1	0	0
brain6-lava-canonical-v3	d730debf45266d298401564f3260bdecb14739d1c1f1835a5aebd615c83fa60b	388	2	7	7	0	0	0	0	0
brain6-lava-canonical-v3	d730debf45266d298401564f3260bdecb14739d1c1f1835a5aebd615c83fa60b	389	2	7	6	1	0	1	0	0
brain6-lava-canonical-v3	d730debf45266d298401564f3260bdecb14739d1c1f1835a5aebd615c83fa60b	390	2	7	7	0	0	0	0	0
brain6-lava-canonical-v3	d730debf45266d298401564f3260bdecb14739d1c1f1835a5aebd615c83fa60b	391	2	7	6	1	0	1	0	0
brain6-lava-canonical-v3	d730debf45266d298401564f3260bdecb14739d1c1f1835a5aebd615c83fa60b	392	2	7	6	1	0	1	0	0
brain6-lava-canonical-v3	d730debf45266d298401564f3260bdecb14739d1c1f1835a5aebd615c83fa60b	393	2	7	5	2	0	2	0	0
brain6-lava-canonical-v3	d730debf45266d298401564f3260bdecb14739d1c1f1835a5aebd615c83fa60b	394	2	7	5	2	0	2	0	0
brain6-lava-canonical-v3	d730debf45266d298401564f3260bdecb14739d1c1f1835a5aebd615c83fa60b	395	2	7	6	1	0	1	0	0
brain6-lava-canonical-v3	d730debf45266d298401564f3260bdecb14739d1c1f1835a5aebd615c83fa60b	396	2	7	6	1	0	1	0	0
brain6-lava-canonical-v3	d730debf45266d298401564f3260bdecb14739d1c1f1835a5aebd615c83fa60b	397	2	7	6	1	0	1	0	0
brain6-lava-canonical-v3	d730debf45266d298401564f3260bdecb14739d1c1f1835a5aebd615c83fa60b	398	2	7	5	2	0	2	0	0
brain6-lava-canonical-v3	d730debf45266d298401564f3260bdecb14739d1c1f1835a5aebd615c83fa60b	399	2	7	5	2	0	2	0	0
brain6-lava-canonical-v3	d730debf45266d298401564f3260bdecb14739d1c1f1835a5aebd615c83fa60b	400	2	7	6	1	0	1	0	0
brain6-lava-canonical-v3	d730debf45266d298401564f3260bdecb14739d1c1f1835a5aebd615c83fa60b	401	2	7	5	2	0	2	0	0
brain6-lava-canonical-v3	d730debf45266d298401564f3260bdecb14739d1c1f1835a5aebd615c83fa60b	402	2	7	7	0	0	0	0	0
brain6-lava-canonical-v3	d730debf45266d298401564f3260bdecb14739d1c1f1835a5aebd615c83fa60b	403	2	7	5	2	0	2	0	0
brain6-lava-canonical-v3	d730debf45266d298401564f3260bdecb14739d1c1f1835a5aebd615c83fa60b	404	2	7	5	2	0	2	0	0
brain6-lava-canonical-v3	d730debf45266d298401564f3260bdecb14739d1c1f1835a5aebd615c83fa60b	405	2	7	6	1	0	1	0	0
brain6-lava-canonical-v3	d730debf45266d298401564f3260bdecb14739d1c1f1835a5aebd615c83fa60b	406	2	7	4	3	0	3	0	0
brain6-lava-canonical-v3	d730debf45266d298401564f3260bdecb14739d1c1f1835a5aebd615c83fa60b	407	2	7	6	1	0	1	0	0
brain6-lava-canonical-v3	d730debf45266d298401564f3260bdecb14739d1c1f1835a5aebd615c83fa60b	408	2	7	6	1	0	1	0	0
brain6-lava-canonical-v3	d730debf45266d298401564f3260bdecb14739d1c1f1835a5aebd615c83fa60b	409	2	7	5	2	0	2	0	0
brain6-lava-canonical-v3	d730debf45266d298401564f3260bdecb14739d1c1f1835a5aebd615c83fa60b	410	2	7	7	0	0	0	0	0
brain6-lava-canonical-v3	d730debf45266d298401564f3260bdecb14739d1c1f1835a5aebd615c83fa60b	411	2	7	3	4	0	4	0	0
brain6-lava-canonical-v3	d730debf45266d298401564f3260bdecb14739d1c1f1835a5aebd615c83fa60b	412	2	7	3	4	0	4	0	0
brain6-lava-canonical-v3	d730debf45266d298401564f3260bdecb14739d1c1f1835a5aebd615c83fa60b	413	2	7	6	1	0	1	0	0
brain6-lava-canonical-v3	d730debf45266d298401564f3260bdecb14739d1c1f1835a5aebd615c83fa60b	414	2	7	4	3	0	3	0	0
brain6-lava-canonical-v3	d730debf45266d298401564f3260bdecb14739d1c1f1835a5aebd615c83fa60b	415	2	7	6	1	0	1	0	0
brain6-lava-canonical-v3	d730debf45266d298401564f3260bdecb14739d1c1f1835a5aebd615c83fa60b	416	2	7	5	2	0	2	0	0
brain6-lava-canonical-v3	d730debf45266d298401564f3260bdecb14739d1c1f1835a5aebd615c83fa60b	417	2	7	3	4	0	4	0	0
brain6-lava-canonical-v3	d730debf45266d298401564f3260bdecb14739d1c1f1835a5aebd615c83fa60b	418	2	7	5	2	0	2	0	0
brain6-lava-canonical-v3	d730debf45266d298401564f3260bdecb14739d1c1f1835a5aebd615c83fa60b	419	2	7	3	4	0	4	0	0
brain6-lava-canonical-v3	d730debf45266d298401564f3260bdecb14739d1c1f1835a5aebd615c83fa60b	420	2	7	5	2	0	2	0	0
brain6-lava-canonical-v3	d730debf45266d298401564f3260bdecb14739d1c1f1835a5aebd615c83fa60b	421	3	7	4	3	0	3	0	0
brain6-lava-canonical-v3	d730debf45266d298401564f3260bdecb14739d1c1f1835a5aebd615c83fa60b	422	3	7	5	2	0	2	0	0
brain6-lava-canonical-v3	d730debf45266d298401564f3260bdecb14739d1c1f1835a5aebd615c83fa60b	423	3	7	7	0	0	0	0	0
brain6-lava-canonical-v3	d730debf45266d298401564f3260bdecb14739d1c1f1835a5aebd615c83fa60b	424	3	7	6	1	0	1	0	0
brain6-lava-canonical-v3	d730debf45266d298401564f3260bdecb14739d1c1f1835a5aebd615c83fa60b	425	3	7	7	0	0	0	0	0
brain6-lava-canonical-v3	d730debf45266d298401564f3260bdecb14739d1c1f1835a5aebd615c83fa60b	426	3	7	4	3	0	3	0	0
brain6-lava-canonical-v3	d730debf45266d298401564f3260bdecb14739d1c1f1835a5aebd615c83fa60b	427	3	7	5	2	0	2	0	0
brain6-lava-canonical-v3	d730debf45266d298401564f3260bdecb14739d1c1f1835a5aebd615c83fa60b	428	3	7	5	2	0	2	0	0
brain6-lava-canonical-v3	d730debf45266d298401564f3260bdecb14739d1c1f1835a5aebd615c83fa60b	429	3	7	5	2	0	2	0	0
brain6-lava-canonical-v3	d730debf45266d298401564f3260bdecb14739d1c1f1835a5aebd615c83fa60b	430	3	7	6	1	0	1	0	0
brain6-lava-canonical-v3	d730debf45266d298401564f3260bdecb14739d1c1f1835a5aebd615c83fa60b	431	3	7	5	2	0	2	0	0
brain6-lava-canonical-v3	d730debf45266d298401564f3260bdecb14739d1c1f1835a5aebd615c83fa60b	432	3	7	6	1	0	1	0	0
brain6-lava-canonical-v3	d730debf45266d298401564f3260bdecb14739d1c1f1835a5aebd615c83fa60b	433	3	7	6	1	0	1	0	0
brain6-lava-canonical-v3	d730debf45266d298401564f3260bdecb14739d1c1f1835a5aebd615c83fa60b	434	3	7	7	0	0	0	0	0
brain6-lava-canonical-v3	d730debf45266d298401564f3260bdecb14739d1c1f1835a5aebd615c83fa60b	435	3	7	6	1	0	1	0	0
brain6-lava-canonical-v3	d730debf45266d298401564f3260bdecb14739d1c1f1835a5aebd615c83fa60b	436	3	7	3	4	0	4	0	0
brain6-lava-canonical-v3	d730debf45266d298401564f3260bdecb14739d1c1f1835a5aebd615c83fa60b	437	3	7	4	3	0	3	0	0
brain6-lava-canonical-v3	d730debf45266d298401564f3260bdecb14739d1c1f1835a5aebd615c83fa60b	438	3	7	5	2	0	2	0	0
brain6-lava-canonical-v3	d730debf45266d298401564f3260bdecb14739d1c1f1835a5aebd615c83fa60b	439	3	7	7	0	0	0	0	0
brain6-lava-canonical-v3	d730debf45266d298401564f3260bdecb14739d1c1f1835a5aebd615c83fa60b	440	3	7	7	0	0	0	0	0
brain6-lava-canonical-v3	d730debf45266d298401564f3260bdecb14739d1c1f1835a5aebd615c83fa60b	441	3	7	7	0	0	0	0	0
brain6-lava-canonical-v3	d730debf45266d298401564f3260bdecb14739d1c1f1835a5aebd615c83fa60b	442	3	7	6	1	0	1	0	0
brain6-lava-canonical-v3	d730debf45266d298401564f3260bdecb14739d1c1f1835a5aebd615c83fa60b	443	3	7	5	2	0	2	0	0
brain6-lava-canonical-v3	d730debf45266d298401564f3260bdecb14739d1c1f1835a5aebd615c83fa60b	444	3	7	6	1	0	1	0	0
brain6-lava-canonical-v3	d730debf45266d298401564f3260bdecb14739d1c1f1835a5aebd615c83fa60b	445	3	7	7	0	0	0	0	0
brain6-lava-canonical-v3	d730debf45266d298401564f3260bdecb14739d1c1f1835a5aebd615c83fa60b	446	3	7	6	1	0	1	0	0
brain6-lava-canonical-v3	d730debf45266d298401564f3260bdecb14739d1c1f1835a5aebd615c83fa60b	447	3	7	4	3	0	3	0	0
brain6-lava-canonical-v3	d730debf45266d298401564f3260bdecb14739d1c1f1835a5aebd615c83fa60b	448	3	7	5	2	0	2	0	0
brain6-lava-canonical-v3	d730debf45266d298401564f3260bdecb14739d1c1f1835a5aebd615c83fa60b	449	3	7	6	1	0	1	0	0
brain6-lava-canonical-v3	d730debf45266d298401564f3260bdecb14739d1c1f1835a5aebd615c83fa60b	450	3	7	5	2	0	2	0	0
brain6-lava-canonical-v3	d730debf45266d298401564f3260bdecb14739d1c1f1835a5aebd615c83fa60b	451	3	7	7	0	0	0	0	0
brain6-lava-canonical-v3	d730debf45266d298401564f3260bdecb14739d1c1f1835a5aebd615c83fa60b	452	3	7	6	1	0	1	0	0
brain6-lava-canonical-v3	d730debf45266d298401564f3260bdecb14739d1c1f1835a5aebd615c83fa60b	453	3	7	5	2	0	2	0	0
brain6-lava-canonical-v3	d730debf45266d298401564f3260bdecb14739d1c1f1835a5aebd615c83fa60b	454	3	7	7	0	0	0	0	0
brain6-lava-canonical-v3	d730debf45266d298401564f3260bdecb14739d1c1f1835a5aebd615c83fa60b	455	3	7	7	0	0	0	0	0
brain6-lava-canonical-v3	d730debf45266d298401564f3260bdecb14739d1c1f1835a5aebd615c83fa60b	456	3	7	6	1	0	1	0	0
brain6-lava-canonical-v3	d730debf45266d298401564f3260bdecb14739d1c1f1835a5aebd615c83fa60b	457	3	7	7	0	0	0	0	0
brain6-lava-canonical-v3	d730debf45266d298401564f3260bdecb14739d1c1f1835a5aebd615c83fa60b	458	3	7	6	1	0	1	0	0
brain6-lava-canonical-v3	d730debf45266d298401564f3260bdecb14739d1c1f1835a5aebd615c83fa60b	459	3	7	5	2	0	2	0	0
brain6-lava-canonical-v3	d730debf45266d298401564f3260bdecb14739d1c1f1835a5aebd615c83fa60b	460	3	7	4	3	0	3	0	0
brain6-lava-canonical-v3	d730debf45266d298401564f3260bdecb14739d1c1f1835a5aebd615c83fa60b	461	3	7	5	2	0	2	0	0
brain6-lava-canonical-v3	d730debf45266d298401564f3260bdecb14739d1c1f1835a5aebd615c83fa60b	462	3	7	7	0	0	0	0	0
brain6-lava-canonical-v3	d730debf45266d298401564f3260bdecb14739d1c1f1835a5aebd615c83fa60b	463	3	7	7	0	0	0	0	0
brain6-lava-canonical-v3	d730debf45266d298401564f3260bdecb14739d1c1f1835a5aebd615c83fa60b	464	3	7	7	0	0	0	0	0
brain6-lava-canonical-v3	d730debf45266d298401564f3260bdecb14739d1c1f1835a5aebd615c83fa60b	465	3	7	6	1	0	1	0	0
brain6-lava-canonical-v3	d730debf45266d298401564f3260bdecb14739d1c1f1835a5aebd615c83fa60b	466	3	7	7	0	0	0	0	0
brain6-lava-canonical-v3	d730debf45266d298401564f3260bdecb14739d1c1f1835a5aebd615c83fa60b	467	3	7	6	1	0	1	0	0
brain6-lava-canonical-v3	d730debf45266d298401564f3260bdecb14739d1c1f1835a5aebd615c83fa60b	468	3	7	4	3	0	3	0	0
brain6-lava-canonical-v3	d730debf45266d298401564f3260bdecb14739d1c1f1835a5aebd615c83fa60b	469	3	7	6	1	0	1	0	0
brain6-lava-canonical-v3	d730debf45266d298401564f3260bdecb14739d1c1f1835a5aebd615c83fa60b	470	3	7	7	0	0	0	0	0
brain6-lava-canonical-v3	d730debf45266d298401564f3260bdecb14739d1c1f1835a5aebd615c83fa60b	471	3	7	6	1	0	1	0	0
brain6-lava-canonical-v3	d730debf45266d298401564f3260bdecb14739d1c1f1835a5aebd615c83fa60b	472	3	7	4	3	0	3	0	0
brain6-lava-canonical-v3	d730debf45266d298401564f3260bdecb14739d1c1f1835a5aebd615c83fa60b	473	3	7	7	0	0	0	0	0
brain6-lava-canonical-v3	d730debf45266d298401564f3260bdecb14739d1c1f1835a5aebd615c83fa60b	474	3	7	6	1	0	1	0	0
brain6-lava-canonical-v3	d730debf45266d298401564f3260bdecb14739d1c1f1835a5aebd615c83fa60b	475	3	7	4	3	0	3	0	0
brain6-lava-canonical-v3	d730debf45266d298401564f3260bdecb14739d1c1f1835a5aebd615c83fa60b	476	3	7	5	2	0	2	0	0
brain6-lava-canonical-v3	d730debf45266d298401564f3260bdecb14739d1c1f1835a5aebd615c83fa60b	477	3	7	6	1	0	1	0	0
brain6-lava-canonical-v3	d730debf45266d298401564f3260bdecb14739d1c1f1835a5aebd615c83fa60b	478	3	7	6	1	0	1	0	0
brain6-lava-canonical-v3	d730debf45266d298401564f3260bdecb14739d1c1f1835a5aebd615c83fa60b	479	3	7	6	1	0	1	0	0
brain6-lava-canonical-v3	d730debf45266d298401564f3260bdecb14739d1c1f1835a5aebd615c83fa60b	480	3	7	6	1	0	1	0	0
brain6-lava-canonical-v3	d730debf45266d298401564f3260bdecb14739d1c1f1835a5aebd615c83fa60b	481	3	7	6	1	0	1	0	0
brain6-lava-canonical-v3	d730debf45266d298401564f3260bdecb14739d1c1f1835a5aebd615c83fa60b	482	3	7	5	2	0	2	0	0
brain6-lava-canonical-v3	d730debf45266d298401564f3260bdecb14739d1c1f1835a5aebd615c83fa60b	483	3	7	7	0	0	0	0	0
brain6-lava-canonical-v3	d730debf45266d298401564f3260bdecb14739d1c1f1835a5aebd615c83fa60b	484	3	7	7	0	0	0	0	0
brain6-lava-canonical-v3	d730debf45266d298401564f3260bdecb14739d1c1f1835a5aebd615c83fa60b	485	3	7	6	1	0	1	0	0
brain6-lava-canonical-v3	d730debf45266d298401564f3260bdecb14739d1c1f1835a5aebd615c83fa60b	486	3	7	5	2	0	2	0	0
brain6-lava-canonical-v3	d730debf45266d298401564f3260bdecb14739d1c1f1835a5aebd615c83fa60b	487	3	7	5	2	0	2	0	0
brain6-lava-canonical-v3	d730debf45266d298401564f3260bdecb14739d1c1f1835a5aebd615c83fa60b	488	3	7	5	2	0	2	0	0
brain6-lava-canonical-v3	d730debf45266d298401564f3260bdecb14739d1c1f1835a5aebd615c83fa60b	489	3	7	6	1	0	1	0	0
brain6-lava-canonical-v3	d730debf45266d298401564f3260bdecb14739d1c1f1835a5aebd615c83fa60b	490	3	7	6	1	0	1	0	0
brain6-lava-canonical-v3	d730debf45266d298401564f3260bdecb14739d1c1f1835a5aebd615c83fa60b	491	3	7	4	3	0	3	0	0
brain6-lava-canonical-v3	d730debf45266d298401564f3260bdecb14739d1c1f1835a5aebd615c83fa60b	492	3	7	5	2	0	2	0	0
brain6-lava-canonical-v3	d730debf45266d298401564f3260bdecb14739d1c1f1835a5aebd615c83fa60b	493	3	7	6	1	0	1	0	0
brain6-lava-canonical-v3	d730debf45266d298401564f3260bdecb14739d1c1f1835a5aebd615c83fa60b	494	3	7	7	0	0	0	0	0
brain6-lava-canonical-v3	d730debf45266d298401564f3260bdecb14739d1c1f1835a5aebd615c83fa60b	495	3	7	6	1	0	1	0	0
brain6-lava-canonical-v3	d730debf45266d298401564f3260bdecb14739d1c1f1835a5aebd615c83fa60b	496	3	7	7	0	0	0	0	0
brain6-lava-canonical-v3	d730debf45266d298401564f3260bdecb14739d1c1f1835a5aebd615c83fa60b	497	3	7	6	1	0	1	0	0
brain6-lava-canonical-v3	d730debf45266d298401564f3260bdecb14739d1c1f1835a5aebd615c83fa60b	498	3	7	6	1	0	1	0	0
brain6-lava-canonical-v3	d730debf45266d298401564f3260bdecb14739d1c1f1835a5aebd615c83fa60b	499	3	7	4	3	0	3	0	0
brain6-lava-canonical-v3	d730debf45266d298401564f3260bdecb14739d1c1f1835a5aebd615c83fa60b	500	3	7	5	2	0	2	0	0
brain6-lava-canonical-v3	d730debf45266d298401564f3260bdecb14739d1c1f1835a5aebd615c83fa60b	501	3	7	7	0	0	0	0	0
brain6-lava-canonical-v3	d730debf45266d298401564f3260bdecb14739d1c1f1835a5aebd615c83fa60b	502	3	7	6	1	0	1	0	0
brain6-lava-canonical-v3	d730debf45266d298401564f3260bdecb14739d1c1f1835a5aebd615c83fa60b	503	3	7	5	2	0	2	0	0
brain6-lava-canonical-v3	d730debf45266d298401564f3260bdecb14739d1c1f1835a5aebd615c83fa60b	504	3	7	5	2	0	2	0	0
brain6-lava-canonical-v3	d730debf45266d298401564f3260bdecb14739d1c1f1835a5aebd615c83fa60b	505	3	7	3	4	0	4	0	0
brain6-lava-canonical-v3	d730debf45266d298401564f3260bdecb14739d1c1f1835a5aebd615c83fa60b	506	3	7	7	0	0	0	0	0
brain6-lava-canonical-v3	d730debf45266d298401564f3260bdecb14739d1c1f1835a5aebd615c83fa60b	507	3	7	6	1	0	1	0	0
brain6-lava-canonical-v3	d730debf45266d298401564f3260bdecb14739d1c1f1835a5aebd615c83fa60b	508	3	7	6	1	0	1	0	0
brain6-lava-canonical-v3	d730debf45266d298401564f3260bdecb14739d1c1f1835a5aebd615c83fa60b	509	3	7	3	4	0	4	0	0
brain6-lava-canonical-v3	d730debf45266d298401564f3260bdecb14739d1c1f1835a5aebd615c83fa60b	510	3	7	6	1	0	1	0	0
brain6-lava-canonical-v3	d730debf45266d298401564f3260bdecb14739d1c1f1835a5aebd615c83fa60b	511	3	7	7	0	0	0	0	0
brain6-lava-canonical-v3	d730debf45266d298401564f3260bdecb14739d1c1f1835a5aebd615c83fa60b	512	3	7	6	1	0	1	0	0
brain6-lava-canonical-v3	d730debf45266d298401564f3260bdecb14739d1c1f1835a5aebd615c83fa60b	513	3	7	5	2	0	2	0	0
brain6-lava-canonical-v3	d730debf45266d298401564f3260bdecb14739d1c1f1835a5aebd615c83fa60b	514	3	7	7	0	0	0	0	0
brain6-lava-canonical-v3	d730debf45266d298401564f3260bdecb14739d1c1f1835a5aebd615c83fa60b	515	3	7	5	2	0	2	0	0
brain6-lava-canonical-v3	d730debf45266d298401564f3260bdecb14739d1c1f1835a5aebd615c83fa60b	516	3	7	7	0	0	0	0	0
brain6-lava-canonical-v3	d730debf45266d298401564f3260bdecb14739d1c1f1835a5aebd615c83fa60b	517	3	7	6	1	0	1	0	0
brain6-lava-canonical-v3	d730debf45266d298401564f3260bdecb14739d1c1f1835a5aebd615c83fa60b	518	3	7	6	1	0	1	0	0
brain6-lava-canonical-v3	d730debf45266d298401564f3260bdecb14739d1c1f1835a5aebd615c83fa60b	519	3	7	6	1	0	1	0	0
brain6-lava-canonical-v3	d730debf45266d298401564f3260bdecb14739d1c1f1835a5aebd615c83fa60b	520	3	7	6	1	0	1	0	0
brain6-lava-canonical-v3	d730debf45266d298401564f3260bdecb14739d1c1f1835a5aebd615c83fa60b	521	3	7	6	1	0	1	0	0
brain6-lava-canonical-v3	d730debf45266d298401564f3260bdecb14739d1c1f1835a5aebd615c83fa60b	522	3	7	6	1	0	1	0	0
brain6-lava-canonical-v3	d730debf45266d298401564f3260bdecb14739d1c1f1835a5aebd615c83fa60b	523	3	7	4	3	0	3	0	0
brain6-lava-canonical-v3	d730debf45266d298401564f3260bdecb14739d1c1f1835a5aebd615c83fa60b	524	3	7	6	1	0	1	0	0
brain6-lava-canonical-v3	d730debf45266d298401564f3260bdecb14739d1c1f1835a5aebd615c83fa60b	525	3	7	6	1	0	1	0	0
brain6-lava-canonical-v3	d730debf45266d298401564f3260bdecb14739d1c1f1835a5aebd615c83fa60b	526	3	7	7	0	0	0	0	0
brain6-lava-canonical-v3	d730debf45266d298401564f3260bdecb14739d1c1f1835a5aebd615c83fa60b	527	3	7	6	1	0	1	0	0
brain6-lava-canonical-v3	d730debf45266d298401564f3260bdecb14739d1c1f1835a5aebd615c83fa60b	528	3	7	6	1	0	1	0	0
brain6-lava-canonical-v3	d730debf45266d298401564f3260bdecb14739d1c1f1835a5aebd615c83fa60b	529	3	7	6	1	0	1	0	0
brain6-lava-canonical-v3	d730debf45266d298401564f3260bdecb14739d1c1f1835a5aebd615c83fa60b	530	3	7	5	2	0	2	0	0
brain6-lava-canonical-v3	d730debf45266d298401564f3260bdecb14739d1c1f1835a5aebd615c83fa60b	531	3	7	6	1	0	1	0	0
brain6-lava-canonical-v3	d730debf45266d298401564f3260bdecb14739d1c1f1835a5aebd615c83fa60b	532	3	7	5	2	0	2	0	0
brain6-lava-canonical-v3	d730debf45266d298401564f3260bdecb14739d1c1f1835a5aebd615c83fa60b	533	3	7	6	1	0	1	0	0
brain6-lava-canonical-v3	d730debf45266d298401564f3260bdecb14739d1c1f1835a5aebd615c83fa60b	534	3	7	5	2	0	2	0	0
brain6-lava-canonical-v3	d730debf45266d298401564f3260bdecb14739d1c1f1835a5aebd615c83fa60b	535	3	7	6	1	0	1	0	0
brain6-lava-canonical-v3	d730debf45266d298401564f3260bdecb14739d1c1f1835a5aebd615c83fa60b	536	3	7	6	1	0	1	0	0
brain6-lava-canonical-v3	d730debf45266d298401564f3260bdecb14739d1c1f1835a5aebd615c83fa60b	537	3	7	6	1	0	1	0	0
brain6-lava-canonical-v3	d730debf45266d298401564f3260bdecb14739d1c1f1835a5aebd615c83fa60b	538	3	7	7	0	0	0	0	0
brain6-lava-canonical-v3	d730debf45266d298401564f3260bdecb14739d1c1f1835a5aebd615c83fa60b	539	3	7	5	2	0	2	0	0
brain6-lava-canonical-v3	d730debf45266d298401564f3260bdecb14739d1c1f1835a5aebd615c83fa60b	540	3	7	6	1	0	1	0	0
brain6-lava-canonical-v3	d730debf45266d298401564f3260bdecb14739d1c1f1835a5aebd615c83fa60b	541	3	7	6	1	0	1	0	0
brain6-lava-canonical-v3	d730debf45266d298401564f3260bdecb14739d1c1f1835a5aebd615c83fa60b	542	3	7	4	3	0	3	0	0
brain6-lava-canonical-v3	d730debf45266d298401564f3260bdecb14739d1c1f1835a5aebd615c83fa60b	543	3	7	5	2	0	2	0	0
brain6-lava-canonical-v3	d730debf45266d298401564f3260bdecb14739d1c1f1835a5aebd615c83fa60b	544	3	7	6	1	0	1	0	0
brain6-lava-canonical-v3	d730debf45266d298401564f3260bdecb14739d1c1f1835a5aebd615c83fa60b	545	3	7	7	0	0	0	0	0
brain6-lava-canonical-v3	d730debf45266d298401564f3260bdecb14739d1c1f1835a5aebd615c83fa60b	546	3	7	7	0	0	0	0	0
brain6-lava-canonical-v3	d730debf45266d298401564f3260bdecb14739d1c1f1835a5aebd615c83fa60b	547	3	7	4	3	0	3	0	0
brain6-lava-canonical-v3	d730debf45266d298401564f3260bdecb14739d1c1f1835a5aebd615c83fa60b	548	3	7	6	1	0	1	0	0
brain6-lava-canonical-v3	d730debf45266d298401564f3260bdecb14739d1c1f1835a5aebd615c83fa60b	549	3	7	6	1	0	1	0	0
brain6-lava-canonical-v3	d730debf45266d298401564f3260bdecb14739d1c1f1835a5aebd615c83fa60b	550	3	7	4	3	0	3	0	0
brain6-lava-canonical-v3	d730debf45266d298401564f3260bdecb14739d1c1f1835a5aebd615c83fa60b	551	3	7	6	1	0	1	0	0
brain6-lava-canonical-v3	d730debf45266d298401564f3260bdecb14739d1c1f1835a5aebd615c83fa60b	552	3	7	6	1	0	1	0	0
brain6-lava-canonical-v3	d730debf45266d298401564f3260bdecb14739d1c1f1835a5aebd615c83fa60b	553	3	7	7	0	0	0	0	0
brain6-lava-canonical-v3	d730debf45266d298401564f3260bdecb14739d1c1f1835a5aebd615c83fa60b	554	3	7	6	1	0	1	0	0
brain6-lava-canonical-v3	d730debf45266d298401564f3260bdecb14739d1c1f1835a5aebd615c83fa60b	555	3	7	6	1	0	1	0	0
brain6-lava-canonical-v3	d730debf45266d298401564f3260bdecb14739d1c1f1835a5aebd615c83fa60b	556	3	7	6	1	0	1	0	0
brain6-lava-canonical-v3	d730debf45266d298401564f3260bdecb14739d1c1f1835a5aebd615c83fa60b	557	3	7	6	1	0	1	0	0
brain6-lava-canonical-v3	d730debf45266d298401564f3260bdecb14739d1c1f1835a5aebd615c83fa60b	558	3	7	6	1	0	1	0	0
brain6-lava-canonical-v3	d730debf45266d298401564f3260bdecb14739d1c1f1835a5aebd615c83fa60b	559	3	7	7	0	0	0	0	0
brain6-lava-canonical-v3	d730debf45266d298401564f3260bdecb14739d1c1f1835a5aebd615c83fa60b	560	3	7	7	0	0	0	0	0
brain6-lava-canonical-v3	d730debf45266d298401564f3260bdecb14739d1c1f1835a5aebd615c83fa60b	561	3	7	7	0	0	0	0	0
brain6-lava-canonical-v3	d730debf45266d298401564f3260bdecb14739d1c1f1835a5aebd615c83fa60b	562	3	7	5	2	0	2	0	0
brain6-lava-canonical-v3	d730debf45266d298401564f3260bdecb14739d1c1f1835a5aebd615c83fa60b	563	3	7	7	0	0	0	0	0
brain6-lava-canonical-v3	d730debf45266d298401564f3260bdecb14739d1c1f1835a5aebd615c83fa60b	564	3	7	4	3	0	3	0	0
brain6-lava-canonical-v3	d730debf45266d298401564f3260bdecb14739d1c1f1835a5aebd615c83fa60b	565	3	7	6	1	0	1	0	0
brain6-lava-canonical-v3	d730debf45266d298401564f3260bdecb14739d1c1f1835a5aebd615c83fa60b	566	3	7	7	0	0	0	0	0
brain6-lava-canonical-v3	d730debf45266d298401564f3260bdecb14739d1c1f1835a5aebd615c83fa60b	567	3	7	6	1	0	1	0	0
brain6-lava-canonical-v3	d730debf45266d298401564f3260bdecb14739d1c1f1835a5aebd615c83fa60b	568	3	7	5	2	0	2	0	0
brain6-lava-canonical-v3	d730debf45266d298401564f3260bdecb14739d1c1f1835a5aebd615c83fa60b	569	3	7	6	1	0	1	0	0
brain6-lava-canonical-v3	d730debf45266d298401564f3260bdecb14739d1c1f1835a5aebd615c83fa60b	570	3	7	3	4	0	4	0	0
brain6-lava-canonical-v3	d730debf45266d298401564f3260bdecb14739d1c1f1835a5aebd615c83fa60b	571	3	7	5	2	0	2	0	0
brain6-lava-canonical-v3	d730debf45266d298401564f3260bdecb14739d1c1f1835a5aebd615c83fa60b	572	3	7	4	3	0	3	0	0
brain6-lava-canonical-v3	d730debf45266d298401564f3260bdecb14739d1c1f1835a5aebd615c83fa60b	573	3	7	6	1	0	1	0	0
brain6-lava-canonical-v3	d730debf45266d298401564f3260bdecb14739d1c1f1835a5aebd615c83fa60b	574	3	7	7	0	0	0	0	0
brain6-lava-canonical-v3	d730debf45266d298401564f3260bdecb14739d1c1f1835a5aebd615c83fa60b	575	3	7	5	2	0	2	0	0
brain6-lava-canonical-v3	d730debf45266d298401564f3260bdecb14739d1c1f1835a5aebd615c83fa60b	576	3	7	5	2	0	2	0	0
brain6-lava-canonical-v3	d730debf45266d298401564f3260bdecb14739d1c1f1835a5aebd615c83fa60b	577	3	7	7	0	0	0	0	0
brain6-lava-canonical-v3	d730debf45266d298401564f3260bdecb14739d1c1f1835a5aebd615c83fa60b	578	3	7	5	2	0	2	0	0
brain6-lava-canonical-v3	d730debf45266d298401564f3260bdecb14739d1c1f1835a5aebd615c83fa60b	579	3	7	4	3	0	3	0	0
brain6-lava-canonical-v3	d730debf45266d298401564f3260bdecb14739d1c1f1835a5aebd615c83fa60b	580	3	7	5	2	0	2	0	0
brain6-lava-canonical-v3	d730debf45266d298401564f3260bdecb14739d1c1f1835a5aebd615c83fa60b	581	3	7	5	2	0	2	0	0
brain6-lava-canonical-v3	d730debf45266d298401564f3260bdecb14739d1c1f1835a5aebd615c83fa60b	582	3	7	6	1	0	1	0	0
brain6-lava-canonical-v3	d730debf45266d298401564f3260bdecb14739d1c1f1835a5aebd615c83fa60b	583	3	7	6	1	0	1	0	0
brain6-lava-canonical-v3	d730debf45266d298401564f3260bdecb14739d1c1f1835a5aebd615c83fa60b	584	3	7	6	1	0	1	0	0
brain6-lava-canonical-v3	d730debf45266d298401564f3260bdecb14739d1c1f1835a5aebd615c83fa60b	585	3	7	4	3	0	3	0	0
brain6-lava-canonical-v3	d730debf45266d298401564f3260bdecb14739d1c1f1835a5aebd615c83fa60b	586	3	7	6	1	0	1	0	0
brain6-lava-canonical-v3	d730debf45266d298401564f3260bdecb14739d1c1f1835a5aebd615c83fa60b	587	3	7	6	1	0	1	0	0
brain6-lava-canonical-v3	d730debf45266d298401564f3260bdecb14739d1c1f1835a5aebd615c83fa60b	588	3	7	6	1	0	1	0	0
brain6-lava-canonical-v3	d730debf45266d298401564f3260bdecb14739d1c1f1835a5aebd615c83fa60b	589	3	7	6	1	0	1	0	0
brain6-lava-canonical-v3	d730debf45266d298401564f3260bdecb14739d1c1f1835a5aebd615c83fa60b	590	3	7	3	4	0	4	0	0
brain6-lava-canonical-v3	d730debf45266d298401564f3260bdecb14739d1c1f1835a5aebd615c83fa60b	591	3	7	6	1	0	1	0	0
brain6-lava-canonical-v3	d730debf45266d298401564f3260bdecb14739d1c1f1835a5aebd615c83fa60b	592	3	7	5	2	0	2	0	0
brain6-lava-canonical-v3	d730debf45266d298401564f3260bdecb14739d1c1f1835a5aebd615c83fa60b	593	3	7	5	2	0	2	0	0
brain6-lava-canonical-v3	d730debf45266d298401564f3260bdecb14739d1c1f1835a5aebd615c83fa60b	594	3	7	6	1	0	1	0	0
brain6-lava-canonical-v3	d730debf45266d298401564f3260bdecb14739d1c1f1835a5aebd615c83fa60b	595	3	7	5	2	0	2	0	0
brain6-lava-canonical-v3	d730debf45266d298401564f3260bdecb14739d1c1f1835a5aebd615c83fa60b	596	4	7	6	1	0	1	0	0
brain6-lava-canonical-v3	d730debf45266d298401564f3260bdecb14739d1c1f1835a5aebd615c83fa60b	597	4	7	7	0	0	0	0	0
brain6-lava-canonical-v3	d730debf45266d298401564f3260bdecb14739d1c1f1835a5aebd615c83fa60b	598	4	7	6	1	0	1	0	0
brain6-lava-canonical-v3	d730debf45266d298401564f3260bdecb14739d1c1f1835a5aebd615c83fa60b	599	4	7	7	0	0	0	0	0
brain6-lava-canonical-v3	d730debf45266d298401564f3260bdecb14739d1c1f1835a5aebd615c83fa60b	600	4	7	5	2	0	2	0	0
brain6-lava-canonical-v3	d730debf45266d298401564f3260bdecb14739d1c1f1835a5aebd615c83fa60b	601	4	7	5	2	0	2	0	0
brain6-lava-canonical-v3	d730debf45266d298401564f3260bdecb14739d1c1f1835a5aebd615c83fa60b	602	4	7	4	3	0	3	0	0
brain6-lava-canonical-v3	d730debf45266d298401564f3260bdecb14739d1c1f1835a5aebd615c83fa60b	603	4	7	6	1	0	1	0	0
brain6-lava-canonical-v3	d730debf45266d298401564f3260bdecb14739d1c1f1835a5aebd615c83fa60b	604	4	7	5	2	0	2	0	0
brain6-lava-canonical-v3	d730debf45266d298401564f3260bdecb14739d1c1f1835a5aebd615c83fa60b	605	4	7	6	1	0	1	0	0
brain6-lava-canonical-v3	d730debf45266d298401564f3260bdecb14739d1c1f1835a5aebd615c83fa60b	606	4	7	5	2	0	2	0	0
brain6-lava-canonical-v3	d730debf45266d298401564f3260bdecb14739d1c1f1835a5aebd615c83fa60b	607	4	7	3	4	0	4	0	0
brain6-lava-canonical-v3	d730debf45266d298401564f3260bdecb14739d1c1f1835a5aebd615c83fa60b	608	4	7	5	2	0	2	0	0
brain6-lava-canonical-v3	d730debf45266d298401564f3260bdecb14739d1c1f1835a5aebd615c83fa60b	609	4	7	4	3	0	3	0	0
brain6-lava-canonical-v3	d730debf45266d298401564f3260bdecb14739d1c1f1835a5aebd615c83fa60b	610	4	7	5	2	0	2	0	0
brain6-lava-canonical-v3	d730debf45266d298401564f3260bdecb14739d1c1f1835a5aebd615c83fa60b	611	4	7	4	3	0	3	0	0
brain6-lava-canonical-v3	d730debf45266d298401564f3260bdecb14739d1c1f1835a5aebd615c83fa60b	612	4	7	6	1	0	1	0	0
brain6-lava-canonical-v3	d730debf45266d298401564f3260bdecb14739d1c1f1835a5aebd615c83fa60b	613	4	7	6	1	0	1	0	0
brain6-lava-canonical-v3	d730debf45266d298401564f3260bdecb14739d1c1f1835a5aebd615c83fa60b	614	4	7	6	1	0	1	0	0
brain6-lava-canonical-v3	d730debf45266d298401564f3260bdecb14739d1c1f1835a5aebd615c83fa60b	615	4	7	7	0	0	0	0	0
brain6-lava-canonical-v3	d730debf45266d298401564f3260bdecb14739d1c1f1835a5aebd615c83fa60b	616	4	7	3	4	0	4	0	0
brain6-lava-canonical-v3	d730debf45266d298401564f3260bdecb14739d1c1f1835a5aebd615c83fa60b	617	4	7	7	0	0	0	0	0
brain6-lava-canonical-v3	d730debf45266d298401564f3260bdecb14739d1c1f1835a5aebd615c83fa60b	618	4	7	7	0	0	0	0	0
brain6-lava-canonical-v3	d730debf45266d298401564f3260bdecb14739d1c1f1835a5aebd615c83fa60b	619	4	7	5	2	0	2	0	0
brain6-lava-canonical-v3	d730debf45266d298401564f3260bdecb14739d1c1f1835a5aebd615c83fa60b	620	4	7	5	2	0	2	0	0
brain6-lava-canonical-v3	d730debf45266d298401564f3260bdecb14739d1c1f1835a5aebd615c83fa60b	621	4	7	5	2	0	2	0	0
brain6-lava-canonical-v3	d730debf45266d298401564f3260bdecb14739d1c1f1835a5aebd615c83fa60b	622	4	7	5	2	0	2	0	0
brain6-lava-canonical-v3	d730debf45266d298401564f3260bdecb14739d1c1f1835a5aebd615c83fa60b	623	4	7	7	0	0	0	0	0
brain6-lava-canonical-v3	d730debf45266d298401564f3260bdecb14739d1c1f1835a5aebd615c83fa60b	624	4	7	6	1	0	1	0	0
brain6-lava-canonical-v3	d730debf45266d298401564f3260bdecb14739d1c1f1835a5aebd615c83fa60b	625	4	7	6	1	0	1	0	0
brain6-lava-canonical-v3	d730debf45266d298401564f3260bdecb14739d1c1f1835a5aebd615c83fa60b	626	4	7	5	2	0	2	0	0
brain6-lava-canonical-v3	d730debf45266d298401564f3260bdecb14739d1c1f1835a5aebd615c83fa60b	627	4	7	5	2	0	2	0	0
brain6-lava-canonical-v3	d730debf45266d298401564f3260bdecb14739d1c1f1835a5aebd615c83fa60b	628	4	7	4	3	0	3	0	0
brain6-lava-canonical-v3	d730debf45266d298401564f3260bdecb14739d1c1f1835a5aebd615c83fa60b	629	4	7	6	1	0	1	0	0
brain6-lava-canonical-v3	d730debf45266d298401564f3260bdecb14739d1c1f1835a5aebd615c83fa60b	630	4	7	5	2	0	2	0	0
brain6-lava-canonical-v3	d730debf45266d298401564f3260bdecb14739d1c1f1835a5aebd615c83fa60b	631	4	7	5	2	0	2	0	0
brain6-lava-canonical-v3	d730debf45266d298401564f3260bdecb14739d1c1f1835a5aebd615c83fa60b	632	4	7	2	5	0	5	0	0
brain6-lava-canonical-v3	d730debf45266d298401564f3260bdecb14739d1c1f1835a5aebd615c83fa60b	633	4	7	6	1	0	1	0	0
brain6-lava-canonical-v3	d730debf45266d298401564f3260bdecb14739d1c1f1835a5aebd615c83fa60b	634	4	7	4	3	0	3	0	0
brain6-lava-canonical-v3	d730debf45266d298401564f3260bdecb14739d1c1f1835a5aebd615c83fa60b	635	4	7	5	2	0	2	0	0
brain6-lava-canonical-v3	d730debf45266d298401564f3260bdecb14739d1c1f1835a5aebd615c83fa60b	636	4	7	6	1	0	1	0	0
brain6-lava-canonical-v3	d730debf45266d298401564f3260bdecb14739d1c1f1835a5aebd615c83fa60b	637	4	7	6	1	0	1	0	0
brain6-lava-canonical-v3	d730debf45266d298401564f3260bdecb14739d1c1f1835a5aebd615c83fa60b	638	4	7	5	2	0	2	0	0
brain6-lava-canonical-v3	d730debf45266d298401564f3260bdecb14739d1c1f1835a5aebd615c83fa60b	639	4	7	4	3	0	3	0	0
brain6-lava-canonical-v3	d730debf45266d298401564f3260bdecb14739d1c1f1835a5aebd615c83fa60b	640	4	7	3	4	0	4	0	0
brain6-lava-canonical-v3	d730debf45266d298401564f3260bdecb14739d1c1f1835a5aebd615c83fa60b	641	4	7	5	2	0	2	0	0
brain6-lava-canonical-v3	d730debf45266d298401564f3260bdecb14739d1c1f1835a5aebd615c83fa60b	642	4	7	5	2	0	2	0	0
brain6-lava-canonical-v3	d730debf45266d298401564f3260bdecb14739d1c1f1835a5aebd615c83fa60b	643	4	7	5	2	0	2	0	0
brain6-lava-canonical-v3	d730debf45266d298401564f3260bdecb14739d1c1f1835a5aebd615c83fa60b	644	4	7	6	1	0	1	0	0
brain6-lava-canonical-v3	d730debf45266d298401564f3260bdecb14739d1c1f1835a5aebd615c83fa60b	645	4	7	6	1	0	1	0	0
brain6-lava-canonical-v3	d730debf45266d298401564f3260bdecb14739d1c1f1835a5aebd615c83fa60b	646	4	7	7	0	0	0	0	0
brain6-lava-canonical-v3	d730debf45266d298401564f3260bdecb14739d1c1f1835a5aebd615c83fa60b	647	4	7	5	2	0	2	0	0
brain6-lava-canonical-v3	d730debf45266d298401564f3260bdecb14739d1c1f1835a5aebd615c83fa60b	648	4	7	5	2	0	2	0	0
brain6-lava-canonical-v3	d730debf45266d298401564f3260bdecb14739d1c1f1835a5aebd615c83fa60b	649	4	7	6	1	0	1	0	0
brain6-lava-canonical-v3	d730debf45266d298401564f3260bdecb14739d1c1f1835a5aebd615c83fa60b	650	4	7	6	1	0	1	0	0
brain6-lava-canonical-v3	d730debf45266d298401564f3260bdecb14739d1c1f1835a5aebd615c83fa60b	651	4	7	5	2	0	2	0	0
brain6-lava-canonical-v3	d730debf45266d298401564f3260bdecb14739d1c1f1835a5aebd615c83fa60b	652	4	7	7	0	0	0	0	0
brain6-lava-canonical-v3	d730debf45266d298401564f3260bdecb14739d1c1f1835a5aebd615c83fa60b	653	4	7	5	2	0	2	0	0
brain6-lava-canonical-v3	d730debf45266d298401564f3260bdecb14739d1c1f1835a5aebd615c83fa60b	654	4	7	7	0	0	0	0	0
brain6-lava-canonical-v3	d730debf45266d298401564f3260bdecb14739d1c1f1835a5aebd615c83fa60b	655	4	7	6	1	0	1	0	0
brain6-lava-canonical-v3	d730debf45266d298401564f3260bdecb14739d1c1f1835a5aebd615c83fa60b	656	4	7	5	2	0	2	0	0
brain6-lava-canonical-v3	d730debf45266d298401564f3260bdecb14739d1c1f1835a5aebd615c83fa60b	657	4	7	5	2	0	2	0	0
brain6-lava-canonical-v3	d730debf45266d298401564f3260bdecb14739d1c1f1835a5aebd615c83fa60b	658	4	7	5	2	0	2	0	0
brain6-lava-canonical-v3	d730debf45266d298401564f3260bdecb14739d1c1f1835a5aebd615c83fa60b	659	4	7	4	3	0	3	0	0
brain6-lava-canonical-v3	d730debf45266d298401564f3260bdecb14739d1c1f1835a5aebd615c83fa60b	660	4	7	5	2	0	2	0	0
brain6-lava-canonical-v3	d730debf45266d298401564f3260bdecb14739d1c1f1835a5aebd615c83fa60b	661	4	7	6	1	0	1	0	0
brain6-lava-canonical-v3	d730debf45266d298401564f3260bdecb14739d1c1f1835a5aebd615c83fa60b	662	4	7	7	0	0	0	0	0
brain6-lava-canonical-v3	d730debf45266d298401564f3260bdecb14739d1c1f1835a5aebd615c83fa60b	663	4	7	7	0	0	0	0	0
brain6-lava-canonical-v3	d730debf45266d298401564f3260bdecb14739d1c1f1835a5aebd615c83fa60b	664	4	7	3	4	0	4	0	0
brain6-lava-canonical-v3	d730debf45266d298401564f3260bdecb14739d1c1f1835a5aebd615c83fa60b	665	4	7	3	4	0	4	0	0
brain6-lava-canonical-v3	d730debf45266d298401564f3260bdecb14739d1c1f1835a5aebd615c83fa60b	666	4	7	5	2	0	2	0	0
brain6-lava-canonical-v3	d730debf45266d298401564f3260bdecb14739d1c1f1835a5aebd615c83fa60b	667	4	7	7	0	0	0	0	0
brain6-lava-canonical-v3	d730debf45266d298401564f3260bdecb14739d1c1f1835a5aebd615c83fa60b	668	4	7	5	2	0	2	0	0
brain6-lava-canonical-v3	d730debf45266d298401564f3260bdecb14739d1c1f1835a5aebd615c83fa60b	669	4	7	6	1	0	1	0	0
brain6-lava-canonical-v3	d730debf45266d298401564f3260bdecb14739d1c1f1835a5aebd615c83fa60b	670	4	7	6	1	0	1	0	0
brain6-lava-canonical-v3	d730debf45266d298401564f3260bdecb14739d1c1f1835a5aebd615c83fa60b	671	4	7	7	0	0	0	0	0
brain6-lava-canonical-v3	d730debf45266d298401564f3260bdecb14739d1c1f1835a5aebd615c83fa60b	672	4	7	4	3	0	3	0	0
brain6-lava-canonical-v3	d730debf45266d298401564f3260bdecb14739d1c1f1835a5aebd615c83fa60b	673	4	7	6	1	0	1	0	0
brain6-lava-canonical-v3	d730debf45266d298401564f3260bdecb14739d1c1f1835a5aebd615c83fa60b	674	4	7	5	2	0	2	0	0
brain6-lava-canonical-v3	d730debf45266d298401564f3260bdecb14739d1c1f1835a5aebd615c83fa60b	675	4	7	6	1	0	1	0	0
brain6-lava-canonical-v3	d730debf45266d298401564f3260bdecb14739d1c1f1835a5aebd615c83fa60b	676	4	7	4	3	0	3	0	0
brain6-lava-canonical-v3	d730debf45266d298401564f3260bdecb14739d1c1f1835a5aebd615c83fa60b	677	4	7	3	4	0	4	0	0
brain6-lava-canonical-v3	d730debf45266d298401564f3260bdecb14739d1c1f1835a5aebd615c83fa60b	678	4	7	6	1	0	1	0	0
brain6-lava-canonical-v3	d730debf45266d298401564f3260bdecb14739d1c1f1835a5aebd615c83fa60b	679	4	7	5	2	0	2	0	0
brain6-lava-canonical-v3	d730debf45266d298401564f3260bdecb14739d1c1f1835a5aebd615c83fa60b	680	4	7	4	3	0	3	0	0
brain6-lava-canonical-v3	d730debf45266d298401564f3260bdecb14739d1c1f1835a5aebd615c83fa60b	681	4	7	6	1	0	1	0	0
brain6-lava-canonical-v3	d730debf45266d298401564f3260bdecb14739d1c1f1835a5aebd615c83fa60b	682	4	7	5	2	0	2	0	0
brain6-lava-canonical-v3	d730debf45266d298401564f3260bdecb14739d1c1f1835a5aebd615c83fa60b	683	4	7	5	2	0	2	0	0
brain6-lava-canonical-v3	d730debf45266d298401564f3260bdecb14739d1c1f1835a5aebd615c83fa60b	684	4	7	5	2	0	2	0	0
brain6-lava-canonical-v3	d730debf45266d298401564f3260bdecb14739d1c1f1835a5aebd615c83fa60b	685	4	7	5	2	0	2	0	0
brain6-lava-canonical-v3	d730debf45266d298401564f3260bdecb14739d1c1f1835a5aebd615c83fa60b	686	4	7	7	0	0	0	0	0
brain6-lava-canonical-v3	d730debf45266d298401564f3260bdecb14739d1c1f1835a5aebd615c83fa60b	687	4	7	5	2	0	2	0	0
brain6-lava-canonical-v3	d730debf45266d298401564f3260bdecb14739d1c1f1835a5aebd615c83fa60b	688	4	7	5	2	0	2	0	0
brain6-lava-canonical-v3	d730debf45266d298401564f3260bdecb14739d1c1f1835a5aebd615c83fa60b	689	4	7	6	1	0	1	0	0
brain6-lava-canonical-v3	d730debf45266d298401564f3260bdecb14739d1c1f1835a5aebd615c83fa60b	690	4	7	6	1	0	1	0	0
brain6-lava-canonical-v3	d730debf45266d298401564f3260bdecb14739d1c1f1835a5aebd615c83fa60b	691	4	7	7	0	0	0	0	0
brain6-lava-canonical-v3	d730debf45266d298401564f3260bdecb14739d1c1f1835a5aebd615c83fa60b	692	4	7	5	2	0	2	0	0
brain6-lava-canonical-v3	d730debf45266d298401564f3260bdecb14739d1c1f1835a5aebd615c83fa60b	693	4	7	7	0	0	0	0	0
brain6-lava-canonical-v3	d730debf45266d298401564f3260bdecb14739d1c1f1835a5aebd615c83fa60b	694	4	7	7	0	0	0	0	0
brain6-lava-canonical-v3	d730debf45266d298401564f3260bdecb14739d1c1f1835a5aebd615c83fa60b	695	4	7	6	1	0	1	0	0
brain6-lava-canonical-v3	d730debf45266d298401564f3260bdecb14739d1c1f1835a5aebd615c83fa60b	696	4	7	4	3	0	3	0	0
brain6-lava-canonical-v3	d730debf45266d298401564f3260bdecb14739d1c1f1835a5aebd615c83fa60b	697	4	7	5	2	0	2	0	0
brain6-lava-canonical-v3	d730debf45266d298401564f3260bdecb14739d1c1f1835a5aebd615c83fa60b	698	4	7	4	3	0	3	0	0
brain6-lava-canonical-v3	d730debf45266d298401564f3260bdecb14739d1c1f1835a5aebd615c83fa60b	699	4	7	4	3	0	3	0	0
brain6-lava-canonical-v3	d730debf45266d298401564f3260bdecb14739d1c1f1835a5aebd615c83fa60b	700	4	7	4	3	0	3	0	0
brain6-lava-canonical-v3	d730debf45266d298401564f3260bdecb14739d1c1f1835a5aebd615c83fa60b	701	4	7	6	1	0	1	0	0
brain6-lava-canonical-v3	d730debf45266d298401564f3260bdecb14739d1c1f1835a5aebd615c83fa60b	702	4	7	5	2	0	2	0	0
brain6-lava-canonical-v3	d730debf45266d298401564f3260bdecb14739d1c1f1835a5aebd615c83fa60b	703	4	7	5	2	0	2	0	0
brain6-lava-canonical-v3	d730debf45266d298401564f3260bdecb14739d1c1f1835a5aebd615c83fa60b	704	4	7	5	2	0	2	0	0
brain6-lava-canonical-v3	d730debf45266d298401564f3260bdecb14739d1c1f1835a5aebd615c83fa60b	705	4	7	7	0	0	0	0	0
brain6-lava-canonical-v3	d730debf45266d298401564f3260bdecb14739d1c1f1835a5aebd615c83fa60b	706	4	7	7	0	0	0	0	0
brain6-lava-canonical-v3	d730debf45266d298401564f3260bdecb14739d1c1f1835a5aebd615c83fa60b	707	4	7	5	2	0	2	0	0
brain6-lava-canonical-v3	d730debf45266d298401564f3260bdecb14739d1c1f1835a5aebd615c83fa60b	708	4	7	6	1	0	1	0	0
brain6-lava-canonical-v3	d730debf45266d298401564f3260bdecb14739d1c1f1835a5aebd615c83fa60b	709	4	7	6	1	0	1	0	0
brain6-lava-canonical-v3	d730debf45266d298401564f3260bdecb14739d1c1f1835a5aebd615c83fa60b	710	4	7	7	0	0	0	0	0
brain6-lava-canonical-v3	d730debf45266d298401564f3260bdecb14739d1c1f1835a5aebd615c83fa60b	711	4	7	5	2	0	2	0	0
brain6-lava-canonical-v3	d730debf45266d298401564f3260bdecb14739d1c1f1835a5aebd615c83fa60b	712	4	7	5	2	0	2	0	0
brain6-lava-canonical-v3	d730debf45266d298401564f3260bdecb14739d1c1f1835a5aebd615c83fa60b	713	4	7	6	1	0	1	0	0
brain6-lava-canonical-v3	d730debf45266d298401564f3260bdecb14739d1c1f1835a5aebd615c83fa60b	714	4	7	6	1	0	1	0	0
brain6-lava-canonical-v3	d730debf45266d298401564f3260bdecb14739d1c1f1835a5aebd615c83fa60b	715	4	7	4	3	0	3	0	0
brain6-lava-canonical-v3	d730debf45266d298401564f3260bdecb14739d1c1f1835a5aebd615c83fa60b	716	4	7	4	3	0	3	0	0
brain6-lava-canonical-v3	d730debf45266d298401564f3260bdecb14739d1c1f1835a5aebd615c83fa60b	717	4	7	6	1	0	1	0	0
brain6-lava-canonical-v3	d730debf45266d298401564f3260bdecb14739d1c1f1835a5aebd615c83fa60b	718	4	7	6	1	0	1	0	0
brain6-lava-canonical-v3	d730debf45266d298401564f3260bdecb14739d1c1f1835a5aebd615c83fa60b	719	4	7	7	0	0	0	0	0
brain6-lava-canonical-v3	d730debf45266d298401564f3260bdecb14739d1c1f1835a5aebd615c83fa60b	720	4	7	7	0	0	0	0	0
brain6-lava-canonical-v3	d730debf45266d298401564f3260bdecb14739d1c1f1835a5aebd615c83fa60b	721	4	7	5	2	0	2	0	0
brain6-lava-canonical-v3	d730debf45266d298401564f3260bdecb14739d1c1f1835a5aebd615c83fa60b	722	4	7	4	3	0	3	0	0
brain6-lava-canonical-v3	d730debf45266d298401564f3260bdecb14739d1c1f1835a5aebd615c83fa60b	723	4	7	6	1	0	1	0	0
brain6-lava-canonical-v3	d730debf45266d298401564f3260bdecb14739d1c1f1835a5aebd615c83fa60b	724	4	7	6	1	0	1	0	0
brain6-lava-canonical-v3	d730debf45266d298401564f3260bdecb14739d1c1f1835a5aebd615c83fa60b	725	4	7	5	2	0	2	0	0
brain6-lava-canonical-v3	d730debf45266d298401564f3260bdecb14739d1c1f1835a5aebd615c83fa60b	726	4	7	6	1	0	1	0	0
brain6-lava-canonical-v3	d730debf45266d298401564f3260bdecb14739d1c1f1835a5aebd615c83fa60b	727	4	7	5	2	0	2	0	0
brain6-lava-canonical-v3	d730debf45266d298401564f3260bdecb14739d1c1f1835a5aebd615c83fa60b	728	4	7	6	1	0	1	0	0
brain6-lava-canonical-v3	d730debf45266d298401564f3260bdecb14739d1c1f1835a5aebd615c83fa60b	729	4	7	7	0	0	0	0	0
brain6-lava-canonical-v3	d730debf45266d298401564f3260bdecb14739d1c1f1835a5aebd615c83fa60b	730	4	7	6	1	0	1	0	0
brain6-lava-canonical-v3	d730debf45266d298401564f3260bdecb14739d1c1f1835a5aebd615c83fa60b	731	4	7	6	1	0	1	0	0
brain6-lava-canonical-v3	d730debf45266d298401564f3260bdecb14739d1c1f1835a5aebd615c83fa60b	732	4	7	6	1	0	1	0	0
brain6-lava-canonical-v3	d730debf45266d298401564f3260bdecb14739d1c1f1835a5aebd615c83fa60b	733	4	7	6	1	0	1	0	0
brain6-lava-canonical-v3	d730debf45266d298401564f3260bdecb14739d1c1f1835a5aebd615c83fa60b	734	4	7	6	1	0	1	0	0
brain6-lava-canonical-v3	d730debf45266d298401564f3260bdecb14739d1c1f1835a5aebd615c83fa60b	735	4	7	5	2	0	2	0	0
brain6-lava-canonical-v3	d730debf45266d298401564f3260bdecb14739d1c1f1835a5aebd615c83fa60b	736	4	7	5	2	0	2	0	0
brain6-lava-canonical-v3	d730debf45266d298401564f3260bdecb14739d1c1f1835a5aebd615c83fa60b	737	4	7	5	2	0	2	0	0
brain6-lava-canonical-v3	d730debf45266d298401564f3260bdecb14739d1c1f1835a5aebd615c83fa60b	738	4	7	5	2	0	2	0	0
brain6-lava-canonical-v3	d730debf45266d298401564f3260bdecb14739d1c1f1835a5aebd615c83fa60b	739	4	7	5	2	0	2	0	0
brain6-lava-canonical-v3	d730debf45266d298401564f3260bdecb14739d1c1f1835a5aebd615c83fa60b	740	4	7	7	0	0	0	0	0
brain6-lava-canonical-v3	d730debf45266d298401564f3260bdecb14739d1c1f1835a5aebd615c83fa60b	741	4	7	5	2	0	2	0	0
brain6-lava-canonical-v3	d730debf45266d298401564f3260bdecb14739d1c1f1835a5aebd615c83fa60b	742	4	7	7	0	0	0	0	0
brain6-lava-canonical-v3	d730debf45266d298401564f3260bdecb14739d1c1f1835a5aebd615c83fa60b	743	4	7	4	3	0	3	0	0
brain6-lava-canonical-v3	d730debf45266d298401564f3260bdecb14739d1c1f1835a5aebd615c83fa60b	744	4	7	6	1	0	1	0	0
brain6-lava-canonical-v3	d730debf45266d298401564f3260bdecb14739d1c1f1835a5aebd615c83fa60b	745	4	7	5	2	0	2	0	0
brain6-lava-canonical-v3	d730debf45266d298401564f3260bdecb14739d1c1f1835a5aebd615c83fa60b	746	4	7	5	2	0	2	0	0
brain6-lava-canonical-v3	d730debf45266d298401564f3260bdecb14739d1c1f1835a5aebd615c83fa60b	747	4	7	4	3	0	3	0	0
brain6-lava-canonical-v3	d730debf45266d298401564f3260bdecb14739d1c1f1835a5aebd615c83fa60b	748	4	7	7	0	0	0	0	0
brain6-lava-canonical-v3	d730debf45266d298401564f3260bdecb14739d1c1f1835a5aebd615c83fa60b	749	4	7	5	2	0	2	0	0
brain6-lava-canonical-v3	d730debf45266d298401564f3260bdecb14739d1c1f1835a5aebd615c83fa60b	750	4	7	5	2	0	2	0	0
brain6-lava-canonical-v3	d730debf45266d298401564f3260bdecb14739d1c1f1835a5aebd615c83fa60b	751	4	7	4	3	0	3	0	0
brain6-lava-canonical-v3	d730debf45266d298401564f3260bdecb14739d1c1f1835a5aebd615c83fa60b	752	4	7	7	0	0	0	0	0
brain6-lava-canonical-v3	d730debf45266d298401564f3260bdecb14739d1c1f1835a5aebd615c83fa60b	753	4	7	5	2	0	2	0	0
brain6-lava-canonical-v3	d730debf45266d298401564f3260bdecb14739d1c1f1835a5aebd615c83fa60b	754	4	7	6	1	0	1	0	0
brain6-lava-canonical-v3	d730debf45266d298401564f3260bdecb14739d1c1f1835a5aebd615c83fa60b	755	4	7	7	0	0	0	0	0
brain6-lava-canonical-v3	d730debf45266d298401564f3260bdecb14739d1c1f1835a5aebd615c83fa60b	756	4	7	5	2	0	2	0	0
brain6-lava-canonical-v3	d730debf45266d298401564f3260bdecb14739d1c1f1835a5aebd615c83fa60b	757	4	7	6	1	0	1	0	0
brain6-lava-canonical-v3	d730debf45266d298401564f3260bdecb14739d1c1f1835a5aebd615c83fa60b	758	4	7	6	1	0	1	0	0
brain6-lava-canonical-v3	d730debf45266d298401564f3260bdecb14739d1c1f1835a5aebd615c83fa60b	759	4	7	5	2	0	2	0	0
brain6-lava-canonical-v3	d730debf45266d298401564f3260bdecb14739d1c1f1835a5aebd615c83fa60b	760	4	7	5	2	0	2	0	0
brain6-lava-canonical-v3	d730debf45266d298401564f3260bdecb14739d1c1f1835a5aebd615c83fa60b	761	4	7	5	2	0	2	0	0
brain6-lava-canonical-v3	d730debf45266d298401564f3260bdecb14739d1c1f1835a5aebd615c83fa60b	762	4	7	4	3	0	3	0	0
brain6-lava-canonical-v3	d730debf45266d298401564f3260bdecb14739d1c1f1835a5aebd615c83fa60b	763	4	7	7	0	0	0	0	0
brain6-lava-canonical-v3	d730debf45266d298401564f3260bdecb14739d1c1f1835a5aebd615c83fa60b	764	4	7	6	1	0	1	0	0
brain6-lava-canonical-v3	d730debf45266d298401564f3260bdecb14739d1c1f1835a5aebd615c83fa60b	765	4	7	4	3	0	3	0	0
brain6-lava-canonical-v3	d730debf45266d298401564f3260bdecb14739d1c1f1835a5aebd615c83fa60b	766	4	7	5	2	0	2	0	0
brain6-lava-canonical-v3	d730debf45266d298401564f3260bdecb14739d1c1f1835a5aebd615c83fa60b	767	4	7	4	3	0	3	0	0
brain6-lava-canonical-v3	d730debf45266d298401564f3260bdecb14739d1c1f1835a5aebd615c83fa60b	768	4	7	5	2	0	2	0	0
brain6-lava-canonical-v3	d730debf45266d298401564f3260bdecb14739d1c1f1835a5aebd615c83fa60b	769	4	7	5	2	0	2	0	0
brain6-lava-canonical-v3	d730debf45266d298401564f3260bdecb14739d1c1f1835a5aebd615c83fa60b	770	4	7	5	2	0	2	0	0
brain6-lava-canonical-v3	d730debf45266d298401564f3260bdecb14739d1c1f1835a5aebd615c83fa60b	771	4	7	4	3	0	3	0	0
brain6-lava-canonical-v3	d730debf45266d298401564f3260bdecb14739d1c1f1835a5aebd615c83fa60b	772	4	7	5	2	0	2	0	0
brain6-lava-canonical-v3	d730debf45266d298401564f3260bdecb14739d1c1f1835a5aebd615c83fa60b	773	4	7	7	0	0	0	0	0
brain6-lava-canonical-v3	d730debf45266d298401564f3260bdecb14739d1c1f1835a5aebd615c83fa60b	774	4	7	4	3	0	3	0	0
brain6-lava-canonical-v3	d730debf45266d298401564f3260bdecb14739d1c1f1835a5aebd615c83fa60b	775	5	7	4	3	0	3	0	0
brain6-lava-canonical-v3	d730debf45266d298401564f3260bdecb14739d1c1f1835a5aebd615c83fa60b	776	5	7	5	2	0	2	0	0
brain6-lava-canonical-v3	d730debf45266d298401564f3260bdecb14739d1c1f1835a5aebd615c83fa60b	777	5	7	6	1	0	1	0	0
brain6-lava-canonical-v3	d730debf45266d298401564f3260bdecb14739d1c1f1835a5aebd615c83fa60b	778	5	7	4	3	0	3	0	0
brain6-lava-canonical-v3	d730debf45266d298401564f3260bdecb14739d1c1f1835a5aebd615c83fa60b	779	5	7	5	2	0	2	0	0
brain6-lava-canonical-v3	d730debf45266d298401564f3260bdecb14739d1c1f1835a5aebd615c83fa60b	780	5	7	5	2	0	2	0	0
brain6-lava-canonical-v3	d730debf45266d298401564f3260bdecb14739d1c1f1835a5aebd615c83fa60b	781	5	7	4	3	0	3	0	0
brain6-lava-canonical-v3	d730debf45266d298401564f3260bdecb14739d1c1f1835a5aebd615c83fa60b	782	5	7	6	1	0	1	0	0
brain6-lava-canonical-v3	d730debf45266d298401564f3260bdecb14739d1c1f1835a5aebd615c83fa60b	783	5	7	6	1	0	1	0	0
brain6-lava-canonical-v3	d730debf45266d298401564f3260bdecb14739d1c1f1835a5aebd615c83fa60b	784	5	7	5	2	0	2	0	0
brain6-lava-canonical-v3	d730debf45266d298401564f3260bdecb14739d1c1f1835a5aebd615c83fa60b	785	5	7	6	1	0	1	0	0
brain6-lava-canonical-v3	d730debf45266d298401564f3260bdecb14739d1c1f1835a5aebd615c83fa60b	786	5	7	5	2	0	2	0	0
brain6-lava-canonical-v3	d730debf45266d298401564f3260bdecb14739d1c1f1835a5aebd615c83fa60b	787	5	7	3	4	0	4	0	0
brain6-lava-canonical-v3	d730debf45266d298401564f3260bdecb14739d1c1f1835a5aebd615c83fa60b	788	5	7	5	2	0	2	0	0
brain6-lava-canonical-v3	d730debf45266d298401564f3260bdecb14739d1c1f1835a5aebd615c83fa60b	789	5	7	5	2	0	2	0	0
brain6-lava-canonical-v3	d730debf45266d298401564f3260bdecb14739d1c1f1835a5aebd615c83fa60b	790	5	7	6	1	0	1	0	0
brain6-lava-canonical-v3	d730debf45266d298401564f3260bdecb14739d1c1f1835a5aebd615c83fa60b	791	5	7	4	3	0	3	0	0
brain6-lava-canonical-v3	d730debf45266d298401564f3260bdecb14739d1c1f1835a5aebd615c83fa60b	792	5	7	7	0	0	0	0	0
brain6-lava-canonical-v3	d730debf45266d298401564f3260bdecb14739d1c1f1835a5aebd615c83fa60b	793	5	7	6	1	0	1	0	0
brain6-lava-canonical-v3	d730debf45266d298401564f3260bdecb14739d1c1f1835a5aebd615c83fa60b	794	5	7	6	1	0	1	0	0
brain6-lava-canonical-v3	d730debf45266d298401564f3260bdecb14739d1c1f1835a5aebd615c83fa60b	795	5	7	4	3	0	3	0	0
brain6-lava-canonical-v3	d730debf45266d298401564f3260bdecb14739d1c1f1835a5aebd615c83fa60b	796	5	7	5	2	0	2	0	0
brain6-lava-canonical-v3	d730debf45266d298401564f3260bdecb14739d1c1f1835a5aebd615c83fa60b	797	5	7	6	1	0	1	0	0
brain6-lava-canonical-v3	d730debf45266d298401564f3260bdecb14739d1c1f1835a5aebd615c83fa60b	798	5	7	6	1	0	1	0	0
brain6-lava-canonical-v3	d730debf45266d298401564f3260bdecb14739d1c1f1835a5aebd615c83fa60b	799	5	7	6	1	0	1	0	0
brain6-lava-canonical-v3	d730debf45266d298401564f3260bdecb14739d1c1f1835a5aebd615c83fa60b	800	5	7	7	0	0	0	0	0
brain6-lava-canonical-v3	d730debf45266d298401564f3260bdecb14739d1c1f1835a5aebd615c83fa60b	801	5	7	5	2	0	2	0	0
brain6-lava-canonical-v3	d730debf45266d298401564f3260bdecb14739d1c1f1835a5aebd615c83fa60b	802	5	7	5	2	0	2	0	0
brain6-lava-canonical-v3	d730debf45266d298401564f3260bdecb14739d1c1f1835a5aebd615c83fa60b	803	5	7	6	1	0	1	0	0
brain6-lava-canonical-v3	d730debf45266d298401564f3260bdecb14739d1c1f1835a5aebd615c83fa60b	804	5	7	6	1	0	1	0	0
brain6-lava-canonical-v3	d730debf45266d298401564f3260bdecb14739d1c1f1835a5aebd615c83fa60b	805	5	7	3	4	0	4	0	0
brain6-lava-canonical-v3	d730debf45266d298401564f3260bdecb14739d1c1f1835a5aebd615c83fa60b	806	5	7	4	3	0	3	0	0
brain6-lava-canonical-v3	d730debf45266d298401564f3260bdecb14739d1c1f1835a5aebd615c83fa60b	807	5	7	5	2	0	2	0	0
brain6-lava-canonical-v3	d730debf45266d298401564f3260bdecb14739d1c1f1835a5aebd615c83fa60b	808	5	7	6	1	0	1	0	0
brain6-lava-canonical-v3	d730debf45266d298401564f3260bdecb14739d1c1f1835a5aebd615c83fa60b	809	5	7	6	1	0	1	0	0
brain6-lava-canonical-v3	d730debf45266d298401564f3260bdecb14739d1c1f1835a5aebd615c83fa60b	810	5	7	4	3	0	3	0	0
brain6-lava-canonical-v3	d730debf45266d298401564f3260bdecb14739d1c1f1835a5aebd615c83fa60b	811	5	7	4	3	0	3	0	0
brain6-lava-canonical-v3	d730debf45266d298401564f3260bdecb14739d1c1f1835a5aebd615c83fa60b	812	5	7	4	3	0	3	0	0
brain6-lava-canonical-v3	d730debf45266d298401564f3260bdecb14739d1c1f1835a5aebd615c83fa60b	813	5	7	6	1	0	1	0	0
brain6-lava-canonical-v3	d730debf45266d298401564f3260bdecb14739d1c1f1835a5aebd615c83fa60b	814	5	7	6	1	0	1	0	0
brain6-lava-canonical-v3	d730debf45266d298401564f3260bdecb14739d1c1f1835a5aebd615c83fa60b	815	5	7	6	1	0	1	0	0
brain6-lava-canonical-v3	d730debf45266d298401564f3260bdecb14739d1c1f1835a5aebd615c83fa60b	816	5	7	6	1	0	1	0	0
brain6-lava-canonical-v3	d730debf45266d298401564f3260bdecb14739d1c1f1835a5aebd615c83fa60b	817	5	7	7	0	0	0	0	0
brain6-lava-canonical-v3	d730debf45266d298401564f3260bdecb14739d1c1f1835a5aebd615c83fa60b	818	5	7	6	1	0	1	0	0
brain6-lava-canonical-v3	d730debf45266d298401564f3260bdecb14739d1c1f1835a5aebd615c83fa60b	819	5	7	6	1	0	1	0	0
brain6-lava-canonical-v3	d730debf45266d298401564f3260bdecb14739d1c1f1835a5aebd615c83fa60b	820	5	7	7	0	0	0	0	0
brain6-lava-canonical-v3	d730debf45266d298401564f3260bdecb14739d1c1f1835a5aebd615c83fa60b	821	5	7	6	1	0	1	0	0
brain6-lava-canonical-v3	d730debf45266d298401564f3260bdecb14739d1c1f1835a5aebd615c83fa60b	822	5	7	5	2	0	2	0	0
brain6-lava-canonical-v3	d730debf45266d298401564f3260bdecb14739d1c1f1835a5aebd615c83fa60b	823	5	7	5	2	0	2	0	0
brain6-lava-canonical-v3	d730debf45266d298401564f3260bdecb14739d1c1f1835a5aebd615c83fa60b	824	5	7	5	2	0	2	0	0
brain6-lava-canonical-v3	d730debf45266d298401564f3260bdecb14739d1c1f1835a5aebd615c83fa60b	825	5	7	7	0	0	0	0	0
brain6-lava-canonical-v3	d730debf45266d298401564f3260bdecb14739d1c1f1835a5aebd615c83fa60b	826	5	7	6	1	0	1	0	0
brain6-lava-canonical-v3	d730debf45266d298401564f3260bdecb14739d1c1f1835a5aebd615c83fa60b	827	5	7	5	2	0	2	0	0
brain6-lava-canonical-v3	d730debf45266d298401564f3260bdecb14739d1c1f1835a5aebd615c83fa60b	828	5	7	7	0	0	0	0	0
brain6-lava-canonical-v3	d730debf45266d298401564f3260bdecb14739d1c1f1835a5aebd615c83fa60b	829	5	7	4	3	0	3	0	0
brain6-lava-canonical-v3	d730debf45266d298401564f3260bdecb14739d1c1f1835a5aebd615c83fa60b	830	5	7	5	2	0	2	0	0
brain6-lava-canonical-v3	d730debf45266d298401564f3260bdecb14739d1c1f1835a5aebd615c83fa60b	831	5	7	6	1	0	1	0	0
brain6-lava-canonical-v3	d730debf45266d298401564f3260bdecb14739d1c1f1835a5aebd615c83fa60b	832	5	7	4	3	0	3	0	0
brain6-lava-canonical-v3	d730debf45266d298401564f3260bdecb14739d1c1f1835a5aebd615c83fa60b	833	5	7	5	2	0	2	0	0
brain6-lava-canonical-v3	d730debf45266d298401564f3260bdecb14739d1c1f1835a5aebd615c83fa60b	834	5	7	7	0	0	0	0	0
brain6-lava-canonical-v3	d730debf45266d298401564f3260bdecb14739d1c1f1835a5aebd615c83fa60b	835	5	7	5	2	0	2	0	0
brain6-lava-canonical-v3	d730debf45266d298401564f3260bdecb14739d1c1f1835a5aebd615c83fa60b	836	5	7	3	4	0	4	0	0
brain6-lava-canonical-v3	d730debf45266d298401564f3260bdecb14739d1c1f1835a5aebd615c83fa60b	837	5	7	6	1	0	1	0	0
brain6-lava-canonical-v3	d730debf45266d298401564f3260bdecb14739d1c1f1835a5aebd615c83fa60b	838	5	7	6	1	0	1	0	0
brain6-lava-canonical-v3	d730debf45266d298401564f3260bdecb14739d1c1f1835a5aebd615c83fa60b	839	5	7	6	1	0	1	0	0
brain6-lava-canonical-v3	d730debf45266d298401564f3260bdecb14739d1c1f1835a5aebd615c83fa60b	840	5	7	6	1	0	1	0	0
brain6-lava-canonical-v3	d730debf45266d298401564f3260bdecb14739d1c1f1835a5aebd615c83fa60b	841	5	7	7	0	0	0	0	0
brain6-lava-canonical-v3	d730debf45266d298401564f3260bdecb14739d1c1f1835a5aebd615c83fa60b	842	5	7	3	4	0	4	0	0
brain6-lava-canonical-v3	d730debf45266d298401564f3260bdecb14739d1c1f1835a5aebd615c83fa60b	843	5	7	5	2	0	2	0	0
brain6-lava-canonical-v3	d730debf45266d298401564f3260bdecb14739d1c1f1835a5aebd615c83fa60b	844	5	7	4	3	0	3	0	0
brain6-lava-canonical-v3	d730debf45266d298401564f3260bdecb14739d1c1f1835a5aebd615c83fa60b	845	5	7	5	2	0	2	0	0
brain6-lava-canonical-v3	d730debf45266d298401564f3260bdecb14739d1c1f1835a5aebd615c83fa60b	846	5	7	5	2	0	2	0	0
brain6-lava-canonical-v3	d730debf45266d298401564f3260bdecb14739d1c1f1835a5aebd615c83fa60b	847	5	7	6	1	0	1	0	0
brain6-lava-canonical-v3	d730debf45266d298401564f3260bdecb14739d1c1f1835a5aebd615c83fa60b	848	5	7	7	0	0	0	0	0
brain6-lava-canonical-v3	d730debf45266d298401564f3260bdecb14739d1c1f1835a5aebd615c83fa60b	849	5	7	6	1	0	1	0	0
brain6-lava-canonical-v3	d730debf45266d298401564f3260bdecb14739d1c1f1835a5aebd615c83fa60b	850	5	7	7	0	0	0	0	0
brain6-lava-canonical-v3	d730debf45266d298401564f3260bdecb14739d1c1f1835a5aebd615c83fa60b	851	5	7	7	0	0	0	0	0
brain6-lava-canonical-v3	d730debf45266d298401564f3260bdecb14739d1c1f1835a5aebd615c83fa60b	852	5	7	6	1	0	1	0	0
brain6-lava-canonical-v3	d730debf45266d298401564f3260bdecb14739d1c1f1835a5aebd615c83fa60b	853	5	7	5	2	0	2	0	0
brain6-lava-canonical-v3	d730debf45266d298401564f3260bdecb14739d1c1f1835a5aebd615c83fa60b	854	5	7	6	1	0	1	0	0
brain6-lava-canonical-v3	d730debf45266d298401564f3260bdecb14739d1c1f1835a5aebd615c83fa60b	855	5	7	6	1	0	1	0	0
brain6-lava-canonical-v3	d730debf45266d298401564f3260bdecb14739d1c1f1835a5aebd615c83fa60b	856	5	7	4	3	0	3	0	0
brain6-lava-canonical-v3	d730debf45266d298401564f3260bdecb14739d1c1f1835a5aebd615c83fa60b	857	5	7	3	4	0	4	0	0
brain6-lava-canonical-v3	d730debf45266d298401564f3260bdecb14739d1c1f1835a5aebd615c83fa60b	858	5	7	5	2	0	2	0	0
brain6-lava-canonical-v3	d730debf45266d298401564f3260bdecb14739d1c1f1835a5aebd615c83fa60b	859	5	7	4	3	0	3	0	0
brain6-lava-canonical-v3	d730debf45266d298401564f3260bdecb14739d1c1f1835a5aebd615c83fa60b	860	5	7	6	1	0	1	0	0
brain6-lava-canonical-v3	d730debf45266d298401564f3260bdecb14739d1c1f1835a5aebd615c83fa60b	861	5	7	6	1	0	1	0	0
brain6-lava-canonical-v3	d730debf45266d298401564f3260bdecb14739d1c1f1835a5aebd615c83fa60b	862	5	7	6	1	0	1	0	0
brain6-lava-canonical-v3	d730debf45266d298401564f3260bdecb14739d1c1f1835a5aebd615c83fa60b	863	5	7	6	1	0	1	0	0
brain6-lava-canonical-v3	d730debf45266d298401564f3260bdecb14739d1c1f1835a5aebd615c83fa60b	864	5	7	6	1	0	1	0	0
brain6-lava-canonical-v3	d730debf45266d298401564f3260bdecb14739d1c1f1835a5aebd615c83fa60b	865	5	7	7	0	0	0	0	0
brain6-lava-canonical-v3	d730debf45266d298401564f3260bdecb14739d1c1f1835a5aebd615c83fa60b	866	5	7	5	2	0	2	0	0
brain6-lava-canonical-v3	d730debf45266d298401564f3260bdecb14739d1c1f1835a5aebd615c83fa60b	867	5	7	4	3	0	3	0	0
brain6-lava-canonical-v3	d730debf45266d298401564f3260bdecb14739d1c1f1835a5aebd615c83fa60b	868	5	7	6	1	0	1	0	0
brain6-lava-canonical-v3	d730debf45266d298401564f3260bdecb14739d1c1f1835a5aebd615c83fa60b	869	5	7	7	0	0	0	0	0
brain6-lava-canonical-v3	d730debf45266d298401564f3260bdecb14739d1c1f1835a5aebd615c83fa60b	870	5	7	5	2	0	2	0	0
brain6-lava-canonical-v3	d730debf45266d298401564f3260bdecb14739d1c1f1835a5aebd615c83fa60b	871	5	7	7	0	0	0	0	0
brain6-lava-canonical-v3	d730debf45266d298401564f3260bdecb14739d1c1f1835a5aebd615c83fa60b	872	5	7	5	2	0	2	0	0
brain6-lava-canonical-v3	d730debf45266d298401564f3260bdecb14739d1c1f1835a5aebd615c83fa60b	873	5	7	5	2	0	2	0	0
brain6-lava-canonical-v3	d730debf45266d298401564f3260bdecb14739d1c1f1835a5aebd615c83fa60b	874	5	7	5	2	0	2	0	0
brain6-lava-canonical-v3	d730debf45266d298401564f3260bdecb14739d1c1f1835a5aebd615c83fa60b	875	5	7	6	1	0	1	0	0
brain6-lava-canonical-v3	d730debf45266d298401564f3260bdecb14739d1c1f1835a5aebd615c83fa60b	876	5	7	5	2	0	2	0	0
brain6-lava-canonical-v3	d730debf45266d298401564f3260bdecb14739d1c1f1835a5aebd615c83fa60b	877	5	7	7	0	0	0	0	0
brain6-lava-canonical-v3	d730debf45266d298401564f3260bdecb14739d1c1f1835a5aebd615c83fa60b	878	5	7	6	1	0	1	0	0
brain6-lava-canonical-v3	d730debf45266d298401564f3260bdecb14739d1c1f1835a5aebd615c83fa60b	879	5	7	6	1	0	1	0	0
brain6-lava-canonical-v3	d730debf45266d298401564f3260bdecb14739d1c1f1835a5aebd615c83fa60b	880	5	7	6	1	0	1	0	0
brain6-lava-canonical-v3	d730debf45266d298401564f3260bdecb14739d1c1f1835a5aebd615c83fa60b	881	5	7	6	1	0	1	0	0
brain6-lava-canonical-v3	d730debf45266d298401564f3260bdecb14739d1c1f1835a5aebd615c83fa60b	882	5	7	4	3	0	3	0	0
brain6-lava-canonical-v3	d730debf45266d298401564f3260bdecb14739d1c1f1835a5aebd615c83fa60b	883	5	7	4	3	0	3	0	0
brain6-lava-canonical-v3	d730debf45266d298401564f3260bdecb14739d1c1f1835a5aebd615c83fa60b	884	5	7	6	1	0	1	0	0
brain6-lava-canonical-v3	d730debf45266d298401564f3260bdecb14739d1c1f1835a5aebd615c83fa60b	885	5	7	6	1	0	1	0	0
brain6-lava-canonical-v3	d730debf45266d298401564f3260bdecb14739d1c1f1835a5aebd615c83fa60b	886	5	7	7	0	0	0	0	0
brain6-lava-canonical-v3	d730debf45266d298401564f3260bdecb14739d1c1f1835a5aebd615c83fa60b	887	5	7	6	1	0	1	0	0
brain6-lava-canonical-v3	d730debf45266d298401564f3260bdecb14739d1c1f1835a5aebd615c83fa60b	888	5	7	5	2	0	2	0	0
brain6-lava-canonical-v3	d730debf45266d298401564f3260bdecb14739d1c1f1835a5aebd615c83fa60b	889	5	7	7	0	0	0	0	0
brain6-lava-canonical-v3	d730debf45266d298401564f3260bdecb14739d1c1f1835a5aebd615c83fa60b	890	5	7	7	0	0	0	0	0
brain6-lava-canonical-v3	d730debf45266d298401564f3260bdecb14739d1c1f1835a5aebd615c83fa60b	891	5	7	7	0	0	0	0	0
brain6-lava-canonical-v3	d730debf45266d298401564f3260bdecb14739d1c1f1835a5aebd615c83fa60b	892	5	7	6	1	0	1	0	0
brain6-lava-canonical-v3	d730debf45266d298401564f3260bdecb14739d1c1f1835a5aebd615c83fa60b	893	5	7	7	0	0	0	0	0
brain6-lava-canonical-v3	d730debf45266d298401564f3260bdecb14739d1c1f1835a5aebd615c83fa60b	894	5	7	5	2	0	2	0	0
brain6-lava-canonical-v3	d730debf45266d298401564f3260bdecb14739d1c1f1835a5aebd615c83fa60b	895	5	7	5	2	0	2	0	0
brain6-lava-canonical-v3	d730debf45266d298401564f3260bdecb14739d1c1f1835a5aebd615c83fa60b	896	5	7	5	2	0	2	0	0
brain6-lava-canonical-v3	d730debf45266d298401564f3260bdecb14739d1c1f1835a5aebd615c83fa60b	897	5	7	5	2	0	2	0	0
brain6-lava-canonical-v3	d730debf45266d298401564f3260bdecb14739d1c1f1835a5aebd615c83fa60b	898	5	7	5	2	0	2	0	0
brain6-lava-canonical-v3	d730debf45266d298401564f3260bdecb14739d1c1f1835a5aebd615c83fa60b	899	5	7	5	2	0	2	0	0
brain6-lava-canonical-v3	d730debf45266d298401564f3260bdecb14739d1c1f1835a5aebd615c83fa60b	900	5	7	6	1	0	1	0	0
brain6-lava-canonical-v3	d730debf45266d298401564f3260bdecb14739d1c1f1835a5aebd615c83fa60b	901	5	7	6	1	0	1	0	0
brain6-lava-canonical-v3	d730debf45266d298401564f3260bdecb14739d1c1f1835a5aebd615c83fa60b	902	5	7	6	1	0	1	0	0
brain6-lava-canonical-v3	d730debf45266d298401564f3260bdecb14739d1c1f1835a5aebd615c83fa60b	903	5	7	5	2	0	2	0	0
brain6-lava-canonical-v3	d730debf45266d298401564f3260bdecb14739d1c1f1835a5aebd615c83fa60b	904	5	7	6	1	0	1	0	0
brain6-lava-canonical-v3	d730debf45266d298401564f3260bdecb14739d1c1f1835a5aebd615c83fa60b	905	5	7	5	2	0	2	0	0
brain6-lava-canonical-v3	d730debf45266d298401564f3260bdecb14739d1c1f1835a5aebd615c83fa60b	906	5	7	5	2	0	2	0	0
brain6-lava-canonical-v3	d730debf45266d298401564f3260bdecb14739d1c1f1835a5aebd615c83fa60b	907	5	7	4	3	0	3	0	0
brain6-lava-canonical-v3	d730debf45266d298401564f3260bdecb14739d1c1f1835a5aebd615c83fa60b	908	5	7	4	3	0	3	0	0
brain6-lava-canonical-v3	d730debf45266d298401564f3260bdecb14739d1c1f1835a5aebd615c83fa60b	909	5	7	6	1	0	1	0	0
brain6-lava-canonical-v3	d730debf45266d298401564f3260bdecb14739d1c1f1835a5aebd615c83fa60b	910	5	7	6	1	0	1	0	0
brain6-lava-canonical-v3	d730debf45266d298401564f3260bdecb14739d1c1f1835a5aebd615c83fa60b	911	5	7	6	1	0	1	0	0
brain6-lava-canonical-v3	d730debf45266d298401564f3260bdecb14739d1c1f1835a5aebd615c83fa60b	912	5	7	6	1	0	1	0	0
brain6-lava-canonical-v3	d730debf45266d298401564f3260bdecb14739d1c1f1835a5aebd615c83fa60b	913	5	7	6	1	0	1	0	0
brain6-lava-canonical-v3	d730debf45266d298401564f3260bdecb14739d1c1f1835a5aebd615c83fa60b	914	5	7	7	0	0	0	0	0
brain6-lava-canonical-v3	d730debf45266d298401564f3260bdecb14739d1c1f1835a5aebd615c83fa60b	915	5	7	7	0	0	0	0	0
brain6-lava-canonical-v3	d730debf45266d298401564f3260bdecb14739d1c1f1835a5aebd615c83fa60b	916	5	7	5	2	0	2	0	0
brain6-lava-canonical-v3	d730debf45266d298401564f3260bdecb14739d1c1f1835a5aebd615c83fa60b	917	5	7	5	2	0	2	0	0
brain6-lava-canonical-v3	d730debf45266d298401564f3260bdecb14739d1c1f1835a5aebd615c83fa60b	918	5	7	6	1	0	1	0	0
brain6-lava-canonical-v3	d730debf45266d298401564f3260bdecb14739d1c1f1835a5aebd615c83fa60b	919	5	7	6	1	0	1	0	0
brain6-lava-canonical-v3	d730debf45266d298401564f3260bdecb14739d1c1f1835a5aebd615c83fa60b	920	5	7	5	2	0	2	0	0
brain6-lava-canonical-v3	d730debf45266d298401564f3260bdecb14739d1c1f1835a5aebd615c83fa60b	921	5	7	7	0	0	0	0	0
brain6-lava-canonical-v3	d730debf45266d298401564f3260bdecb14739d1c1f1835a5aebd615c83fa60b	922	5	7	7	0	0	0	0	0
brain6-lava-canonical-v3	d730debf45266d298401564f3260bdecb14739d1c1f1835a5aebd615c83fa60b	923	5	7	5	2	0	2	0	0
brain6-lava-canonical-v3	d730debf45266d298401564f3260bdecb14739d1c1f1835a5aebd615c83fa60b	924	5	7	7	0	0	0	0	0
brain6-lava-canonical-v3	d730debf45266d298401564f3260bdecb14739d1c1f1835a5aebd615c83fa60b	925	5	7	6	1	0	1	0	0
brain6-lava-canonical-v3	d730debf45266d298401564f3260bdecb14739d1c1f1835a5aebd615c83fa60b	926	6	7	4	3	0	3	0	0
brain6-lava-canonical-v3	d730debf45266d298401564f3260bdecb14739d1c1f1835a5aebd615c83fa60b	927	6	7	5	2	0	2	0	0
brain6-lava-canonical-v3	d730debf45266d298401564f3260bdecb14739d1c1f1835a5aebd615c83fa60b	928	6	7	7	0	0	0	0	0
brain6-lava-canonical-v3	d730debf45266d298401564f3260bdecb14739d1c1f1835a5aebd615c83fa60b	929	6	7	6	1	0	1	0	0
brain6-lava-canonical-v3	d730debf45266d298401564f3260bdecb14739d1c1f1835a5aebd615c83fa60b	930	6	7	6	1	0	1	0	0
brain6-lava-canonical-v3	d730debf45266d298401564f3260bdecb14739d1c1f1835a5aebd615c83fa60b	931	6	7	7	0	0	0	0	0
brain6-lava-canonical-v3	d730debf45266d298401564f3260bdecb14739d1c1f1835a5aebd615c83fa60b	932	6	7	6	1	0	1	0	0
brain6-lava-canonical-v3	d730debf45266d298401564f3260bdecb14739d1c1f1835a5aebd615c83fa60b	933	6	7	6	1	0	1	0	0
brain6-lava-canonical-v3	d730debf45266d298401564f3260bdecb14739d1c1f1835a5aebd615c83fa60b	934	6	7	6	1	0	1	0	0
brain6-lava-canonical-v3	d730debf45266d298401564f3260bdecb14739d1c1f1835a5aebd615c83fa60b	935	6	7	5	2	0	2	0	0
brain6-lava-canonical-v3	d730debf45266d298401564f3260bdecb14739d1c1f1835a5aebd615c83fa60b	936	6	7	5	2	0	2	0	0
brain6-lava-canonical-v3	d730debf45266d298401564f3260bdecb14739d1c1f1835a5aebd615c83fa60b	937	6	7	7	0	0	0	0	0
brain6-lava-canonical-v3	d730debf45266d298401564f3260bdecb14739d1c1f1835a5aebd615c83fa60b	938	6	7	5	2	0	2	0	0
brain6-lava-canonical-v3	d730debf45266d298401564f3260bdecb14739d1c1f1835a5aebd615c83fa60b	939	6	7	6	1	0	1	0	0
brain6-lava-canonical-v3	d730debf45266d298401564f3260bdecb14739d1c1f1835a5aebd615c83fa60b	940	6	7	4	3	0	3	0	0
brain6-lava-canonical-v3	d730debf45266d298401564f3260bdecb14739d1c1f1835a5aebd615c83fa60b	941	6	7	6	1	0	1	0	0
brain6-lava-canonical-v3	d730debf45266d298401564f3260bdecb14739d1c1f1835a5aebd615c83fa60b	942	6	7	7	0	0	0	0	0
brain6-lava-canonical-v3	d730debf45266d298401564f3260bdecb14739d1c1f1835a5aebd615c83fa60b	943	6	7	7	0	0	0	0	0
brain6-lava-canonical-v3	d730debf45266d298401564f3260bdecb14739d1c1f1835a5aebd615c83fa60b	944	6	7	7	0	0	0	0	0
brain6-lava-canonical-v3	d730debf45266d298401564f3260bdecb14739d1c1f1835a5aebd615c83fa60b	945	6	7	5	2	0	2	0	0
brain6-lava-canonical-v3	d730debf45266d298401564f3260bdecb14739d1c1f1835a5aebd615c83fa60b	946	6	7	7	0	0	0	0	0
brain6-lava-canonical-v3	d730debf45266d298401564f3260bdecb14739d1c1f1835a5aebd615c83fa60b	947	6	7	5	2	0	2	0	0
brain6-lava-canonical-v3	d730debf45266d298401564f3260bdecb14739d1c1f1835a5aebd615c83fa60b	948	6	7	6	1	0	1	0	0
brain6-lava-canonical-v3	d730debf45266d298401564f3260bdecb14739d1c1f1835a5aebd615c83fa60b	949	6	7	5	2	0	2	0	0
brain6-lava-canonical-v3	d730debf45266d298401564f3260bdecb14739d1c1f1835a5aebd615c83fa60b	950	6	7	0	7	0	0	7	0
brain6-lava-canonical-v3	d730debf45266d298401564f3260bdecb14739d1c1f1835a5aebd615c83fa60b	951	6	7	0	7	0	0	7	0
brain6-lava-canonical-v3	d730debf45266d298401564f3260bdecb14739d1c1f1835a5aebd615c83fa60b	952	6	7	0	7	0	0	7	0
brain6-lava-canonical-v3	d730debf45266d298401564f3260bdecb14739d1c1f1835a5aebd615c83fa60b	953	6	7	0	7	0	0	7	0
brain6-lava-canonical-v3	d730debf45266d298401564f3260bdecb14739d1c1f1835a5aebd615c83fa60b	954	6	7	0	7	0	0	7	0
brain6-lava-canonical-v3	d730debf45266d298401564f3260bdecb14739d1c1f1835a5aebd615c83fa60b	955	6	7	0	7	0	0	7	0
brain6-lava-canonical-v3	d730debf45266d298401564f3260bdecb14739d1c1f1835a5aebd615c83fa60b	956	6	7	0	7	0	0	7	0
brain6-lava-canonical-v3	d730debf45266d298401564f3260bdecb14739d1c1f1835a5aebd615c83fa60b	957	6	7	0	7	0	0	7	0
brain6-lava-canonical-v3	d730debf45266d298401564f3260bdecb14739d1c1f1835a5aebd615c83fa60b	958	6	7	0	7	0	0	7	0
brain6-lava-canonical-v3	d730debf45266d298401564f3260bdecb14739d1c1f1835a5aebd615c83fa60b	959	6	7	0	7	0	0	7	0
brain6-lava-canonical-v3	d730debf45266d298401564f3260bdecb14739d1c1f1835a5aebd615c83fa60b	960	6	7	0	7	0	0	7	0
brain6-lava-canonical-v3	d730debf45266d298401564f3260bdecb14739d1c1f1835a5aebd615c83fa60b	961	6	7	0	7	0	0	7	0
brain6-lava-canonical-v3	d730debf45266d298401564f3260bdecb14739d1c1f1835a5aebd615c83fa60b	962	6	7	0	7	0	0	7	0
brain6-lava-canonical-v3	d730debf45266d298401564f3260bdecb14739d1c1f1835a5aebd615c83fa60b	963	6	7	0	7	0	0	7	0
brain6-lava-canonical-v3	d730debf45266d298401564f3260bdecb14739d1c1f1835a5aebd615c83fa60b	964	6	7	0	7	0	0	7	0
brain6-lava-canonical-v3	d730debf45266d298401564f3260bdecb14739d1c1f1835a5aebd615c83fa60b	965	6	7	0	7	0	0	7	0
brain6-lava-canonical-v3	d730debf45266d298401564f3260bdecb14739d1c1f1835a5aebd615c83fa60b	966	6	7	0	7	0	0	7	0
brain6-lava-canonical-v3	d730debf45266d298401564f3260bdecb14739d1c1f1835a5aebd615c83fa60b	967	6	7	0	7	0	0	7	0
brain6-lava-canonical-v3	d730debf45266d298401564f3260bdecb14739d1c1f1835a5aebd615c83fa60b	968	6	7	0	7	0	0	7	0
brain6-lava-canonical-v3	d730debf45266d298401564f3260bdecb14739d1c1f1835a5aebd615c83fa60b	969	6	7	0	7	0	0	7	0
brain6-lava-canonical-v3	d730debf45266d298401564f3260bdecb14739d1c1f1835a5aebd615c83fa60b	970	6	7	6	1	0	1	0	0
brain6-lava-canonical-v3	d730debf45266d298401564f3260bdecb14739d1c1f1835a5aebd615c83fa60b	971	6	7	4	3	0	3	0	0
brain6-lava-canonical-v3	d730debf45266d298401564f3260bdecb14739d1c1f1835a5aebd615c83fa60b	972	6	7	5	2	0	2	0	0
brain6-lava-canonical-v3	d730debf45266d298401564f3260bdecb14739d1c1f1835a5aebd615c83fa60b	973	6	7	6	1	0	1	0	0
brain6-lava-canonical-v3	d730debf45266d298401564f3260bdecb14739d1c1f1835a5aebd615c83fa60b	974	6	7	5	2	0	2	0	0
brain6-lava-canonical-v3	d730debf45266d298401564f3260bdecb14739d1c1f1835a5aebd615c83fa60b	975	6	7	5	2	0	2	0	0
brain6-lava-canonical-v3	d730debf45266d298401564f3260bdecb14739d1c1f1835a5aebd615c83fa60b	976	6	7	6	1	0	1	0	0
brain6-lava-canonical-v3	d730debf45266d298401564f3260bdecb14739d1c1f1835a5aebd615c83fa60b	977	6	7	6	1	0	1	0	0
brain6-lava-canonical-v3	d730debf45266d298401564f3260bdecb14739d1c1f1835a5aebd615c83fa60b	978	6	7	6	1	0	1	0	0
brain6-lava-canonical-v3	d730debf45266d298401564f3260bdecb14739d1c1f1835a5aebd615c83fa60b	979	6	7	5	2	0	2	0	0
brain6-lava-canonical-v3	d730debf45266d298401564f3260bdecb14739d1c1f1835a5aebd615c83fa60b	980	6	7	6	1	0	1	0	0
brain6-lava-canonical-v3	d730debf45266d298401564f3260bdecb14739d1c1f1835a5aebd615c83fa60b	981	6	7	4	3	0	3	0	0
brain6-lava-canonical-v3	d730debf45266d298401564f3260bdecb14739d1c1f1835a5aebd615c83fa60b	982	6	7	5	2	0	2	0	0
brain6-lava-canonical-v3	d730debf45266d298401564f3260bdecb14739d1c1f1835a5aebd615c83fa60b	983	6	7	6	1	0	1	0	0
brain6-lava-canonical-v3	d730debf45266d298401564f3260bdecb14739d1c1f1835a5aebd615c83fa60b	984	6	7	5	2	0	2	0	0
brain6-lava-canonical-v3	d730debf45266d298401564f3260bdecb14739d1c1f1835a5aebd615c83fa60b	985	6	7	7	0	0	0	0	0
brain6-lava-canonical-v3	d730debf45266d298401564f3260bdecb14739d1c1f1835a5aebd615c83fa60b	986	6	7	7	0	0	0	0	0
brain6-lava-canonical-v3	d730debf45266d298401564f3260bdecb14739d1c1f1835a5aebd615c83fa60b	987	6	7	7	0	0	0	0	0
brain6-lava-canonical-v3	d730debf45266d298401564f3260bdecb14739d1c1f1835a5aebd615c83fa60b	988	6	7	6	1	0	1	0	0
brain6-lava-canonical-v3	d730debf45266d298401564f3260bdecb14739d1c1f1835a5aebd615c83fa60b	989	6	7	6	1	0	1	0	0
brain6-lava-canonical-v3	d730debf45266d298401564f3260bdecb14739d1c1f1835a5aebd615c83fa60b	990	6	7	5	2	0	2	0	0
brain6-lava-canonical-v3	d730debf45266d298401564f3260bdecb14739d1c1f1835a5aebd615c83fa60b	991	6	7	5	2	0	2	0	0
brain6-lava-canonical-v3	d730debf45266d298401564f3260bdecb14739d1c1f1835a5aebd615c83fa60b	992	6	7	3	4	0	4	0	0
brain6-lava-canonical-v3	d730debf45266d298401564f3260bdecb14739d1c1f1835a5aebd615c83fa60b	993	6	7	3	4	0	4	0	0
brain6-lava-canonical-v3	d730debf45266d298401564f3260bdecb14739d1c1f1835a5aebd615c83fa60b	994	6	7	5	2	0	2	0	0
brain6-lava-canonical-v3	d730debf45266d298401564f3260bdecb14739d1c1f1835a5aebd615c83fa60b	995	6	7	7	0	0	0	0	0
brain6-lava-canonical-v3	d730debf45266d298401564f3260bdecb14739d1c1f1835a5aebd615c83fa60b	996	6	7	7	0	0	0	0	0
brain6-lava-canonical-v3	d730debf45266d298401564f3260bdecb14739d1c1f1835a5aebd615c83fa60b	997	6	7	5	2	0	2	0	0
brain6-lava-canonical-v3	d730debf45266d298401564f3260bdecb14739d1c1f1835a5aebd615c83fa60b	998	6	7	5	2	0	2	0	0
brain6-lava-canonical-v3	d730debf45266d298401564f3260bdecb14739d1c1f1835a5aebd615c83fa60b	999	6	7	5	2	0	2	0	0
brain6-lava-canonical-v3	d730debf45266d298401564f3260bdecb14739d1c1f1835a5aebd615c83fa60b	1000	6	7	5	2	0	2	0	0
brain6-lava-canonical-v3	d730debf45266d298401564f3260bdecb14739d1c1f1835a5aebd615c83fa60b	1001	6	7	5	2	0	2	0	0
brain6-lava-canonical-v3	d730debf45266d298401564f3260bdecb14739d1c1f1835a5aebd615c83fa60b	1002	6	7	4	3	0	3	0	0
brain6-lava-canonical-v3	d730debf45266d298401564f3260bdecb14739d1c1f1835a5aebd615c83fa60b	1003	6	7	6	1	0	1	0	0
brain6-lava-canonical-v3	d730debf45266d298401564f3260bdecb14739d1c1f1835a5aebd615c83fa60b	1004	6	7	6	1	0	1	0	0
brain6-lava-canonical-v3	d730debf45266d298401564f3260bdecb14739d1c1f1835a5aebd615c83fa60b	1005	6	7	5	2	0	2	0	0
brain6-lava-canonical-v3	d730debf45266d298401564f3260bdecb14739d1c1f1835a5aebd615c83fa60b	1006	6	7	7	0	0	0	0	0
brain6-lava-canonical-v3	d730debf45266d298401564f3260bdecb14739d1c1f1835a5aebd615c83fa60b	1007	6	7	5	2	0	2	0	0
brain6-lava-canonical-v3	d730debf45266d298401564f3260bdecb14739d1c1f1835a5aebd615c83fa60b	1008	6	7	6	1	0	1	0	0
brain6-lava-canonical-v3	d730debf45266d298401564f3260bdecb14739d1c1f1835a5aebd615c83fa60b	1009	6	7	7	0	0	0	0	0
brain6-lava-canonical-v3	d730debf45266d298401564f3260bdecb14739d1c1f1835a5aebd615c83fa60b	1010	6	7	6	1	0	1	0	0
brain6-lava-canonical-v3	d730debf45266d298401564f3260bdecb14739d1c1f1835a5aebd615c83fa60b	1011	6	7	4	3	0	3	0	0
brain6-lava-canonical-v3	d730debf45266d298401564f3260bdecb14739d1c1f1835a5aebd615c83fa60b	1012	6	7	5	2	0	2	0	0
brain6-lava-canonical-v3	d730debf45266d298401564f3260bdecb14739d1c1f1835a5aebd615c83fa60b	1013	6	7	5	2	0	2	0	0
brain6-lava-canonical-v3	d730debf45266d298401564f3260bdecb14739d1c1f1835a5aebd615c83fa60b	1014	6	7	4	3	0	3	0	0
brain6-lava-canonical-v3	d730debf45266d298401564f3260bdecb14739d1c1f1835a5aebd615c83fa60b	1015	6	7	6	1	0	1	0	0
brain6-lava-canonical-v3	d730debf45266d298401564f3260bdecb14739d1c1f1835a5aebd615c83fa60b	1016	6	7	6	1	0	1	0	0
brain6-lava-canonical-v3	d730debf45266d298401564f3260bdecb14739d1c1f1835a5aebd615c83fa60b	1017	6	7	5	2	0	2	0	0
brain6-lava-canonical-v3	d730debf45266d298401564f3260bdecb14739d1c1f1835a5aebd615c83fa60b	1018	6	7	4	3	0	3	0	0
brain6-lava-canonical-v3	d730debf45266d298401564f3260bdecb14739d1c1f1835a5aebd615c83fa60b	1019	6	7	5	2	0	2	0	0
brain6-lava-canonical-v3	d730debf45266d298401564f3260bdecb14739d1c1f1835a5aebd615c83fa60b	1020	6	7	5	2	0	2	0	0
brain6-lava-canonical-v3	d730debf45266d298401564f3260bdecb14739d1c1f1835a5aebd615c83fa60b	1021	6	7	4	3	0	3	0	0
brain6-lava-canonical-v3	d730debf45266d298401564f3260bdecb14739d1c1f1835a5aebd615c83fa60b	1022	6	7	6	1	0	1	0	0
brain6-lava-canonical-v3	d730debf45266d298401564f3260bdecb14739d1c1f1835a5aebd615c83fa60b	1023	6	7	7	0	0	0	0	0
brain6-lava-canonical-v3	d730debf45266d298401564f3260bdecb14739d1c1f1835a5aebd615c83fa60b	1024	6	7	5	2	0	2	0	0
brain6-lava-canonical-v3	d730debf45266d298401564f3260bdecb14739d1c1f1835a5aebd615c83fa60b	1025	6	7	5	2	0	2	0	0
brain6-lava-canonical-v3	d730debf45266d298401564f3260bdecb14739d1c1f1835a5aebd615c83fa60b	1026	6	7	6	1	0	1	0	0
brain6-lava-canonical-v3	d730debf45266d298401564f3260bdecb14739d1c1f1835a5aebd615c83fa60b	1027	6	7	6	1	0	1	0	0
brain6-lava-canonical-v3	d730debf45266d298401564f3260bdecb14739d1c1f1835a5aebd615c83fa60b	1028	6	7	7	0	0	0	0	0
brain6-lava-canonical-v3	d730debf45266d298401564f3260bdecb14739d1c1f1835a5aebd615c83fa60b	1029	6	7	6	1	0	1	0	0
brain6-lava-canonical-v3	d730debf45266d298401564f3260bdecb14739d1c1f1835a5aebd615c83fa60b	1030	6	7	6	1	0	1	0	0
brain6-lava-canonical-v3	d730debf45266d298401564f3260bdecb14739d1c1f1835a5aebd615c83fa60b	1031	6	7	7	0	0	0	0	0
brain6-lava-canonical-v3	d730debf45266d298401564f3260bdecb14739d1c1f1835a5aebd615c83fa60b	1032	6	7	6	1	0	1	0	0
brain6-lava-canonical-v3	d730debf45266d298401564f3260bdecb14739d1c1f1835a5aebd615c83fa60b	1033	6	7	5	2	0	2	0	0
brain6-lava-canonical-v3	d730debf45266d298401564f3260bdecb14739d1c1f1835a5aebd615c83fa60b	1034	6	7	2	5	0	5	0	0
brain6-lava-canonical-v3	d730debf45266d298401564f3260bdecb14739d1c1f1835a5aebd615c83fa60b	1035	6	7	4	3	0	3	0	0
brain6-lava-canonical-v3	d730debf45266d298401564f3260bdecb14739d1c1f1835a5aebd615c83fa60b	1036	6	7	5	2	0	2	0	0
brain6-lava-canonical-v3	d730debf45266d298401564f3260bdecb14739d1c1f1835a5aebd615c83fa60b	1037	6	7	5	2	0	2	0	0
brain6-lava-canonical-v3	d730debf45266d298401564f3260bdecb14739d1c1f1835a5aebd615c83fa60b	1038	6	7	7	0	0	0	0	0
brain6-lava-canonical-v3	d730debf45266d298401564f3260bdecb14739d1c1f1835a5aebd615c83fa60b	1039	6	7	5	2	0	2	0	0
brain6-lava-canonical-v3	d730debf45266d298401564f3260bdecb14739d1c1f1835a5aebd615c83fa60b	1040	6	7	5	2	0	2	0	0
brain6-lava-canonical-v3	d730debf45266d298401564f3260bdecb14739d1c1f1835a5aebd615c83fa60b	1041	6	7	5	2	0	2	0	0
brain6-lava-canonical-v3	d730debf45266d298401564f3260bdecb14739d1c1f1835a5aebd615c83fa60b	1042	6	7	5	2	0	2	0	0
brain6-lava-canonical-v3	d730debf45266d298401564f3260bdecb14739d1c1f1835a5aebd615c83fa60b	1043	6	7	7	0	0	0	0	0
brain6-lava-canonical-v3	d730debf45266d298401564f3260bdecb14739d1c1f1835a5aebd615c83fa60b	1044	6	7	4	3	0	3	0	0
brain6-lava-canonical-v3	d730debf45266d298401564f3260bdecb14739d1c1f1835a5aebd615c83fa60b	1045	6	7	4	3	0	3	0	0
brain6-lava-canonical-v3	d730debf45266d298401564f3260bdecb14739d1c1f1835a5aebd615c83fa60b	1046	6	7	7	0	0	0	0	0
brain6-lava-canonical-v3	d730debf45266d298401564f3260bdecb14739d1c1f1835a5aebd615c83fa60b	1047	6	7	6	1	0	1	0	0
brain6-lava-canonical-v3	d730debf45266d298401564f3260bdecb14739d1c1f1835a5aebd615c83fa60b	1048	6	7	6	1	0	1	0	0
brain6-lava-canonical-v3	d730debf45266d298401564f3260bdecb14739d1c1f1835a5aebd615c83fa60b	1049	6	7	5	2	0	2	0	0
brain6-lava-canonical-v3	d730debf45266d298401564f3260bdecb14739d1c1f1835a5aebd615c83fa60b	1050	6	7	5	2	0	2	0	0
brain6-lava-canonical-v3	d730debf45266d298401564f3260bdecb14739d1c1f1835a5aebd615c83fa60b	1051	6	7	4	3	0	3	0	0
brain6-lava-canonical-v3	d730debf45266d298401564f3260bdecb14739d1c1f1835a5aebd615c83fa60b	1052	6	7	6	1	0	1	0	0
brain6-lava-canonical-v3	d730debf45266d298401564f3260bdecb14739d1c1f1835a5aebd615c83fa60b	1053	6	7	6	1	0	1	0	0
brain6-lava-canonical-v3	d730debf45266d298401564f3260bdecb14739d1c1f1835a5aebd615c83fa60b	1054	6	7	7	0	0	0	0	0
brain6-lava-canonical-v3	d730debf45266d298401564f3260bdecb14739d1c1f1835a5aebd615c83fa60b	1055	6	7	5	2	0	2	0	0
brain6-lava-canonical-v3	d730debf45266d298401564f3260bdecb14739d1c1f1835a5aebd615c83fa60b	1056	6	7	6	1	0	1	0	0
brain6-lava-canonical-v3	d730debf45266d298401564f3260bdecb14739d1c1f1835a5aebd615c83fa60b	1057	6	7	7	0	0	0	0	0
brain6-lava-canonical-v3	d730debf45266d298401564f3260bdecb14739d1c1f1835a5aebd615c83fa60b	1058	6	7	5	2	0	2	0	0
brain6-lava-canonical-v3	d730debf45266d298401564f3260bdecb14739d1c1f1835a5aebd615c83fa60b	1059	6	7	4	3	0	3	0	0
brain6-lava-canonical-v3	d730debf45266d298401564f3260bdecb14739d1c1f1835a5aebd615c83fa60b	1060	6	7	5	2	0	2	0	0
brain6-lava-canonical-v3	d730debf45266d298401564f3260bdecb14739d1c1f1835a5aebd615c83fa60b	1061	6	7	5	2	0	2	0	0
brain6-lava-canonical-v3	d730debf45266d298401564f3260bdecb14739d1c1f1835a5aebd615c83fa60b	1062	6	7	5	2	0	2	0	0
brain6-lava-canonical-v3	d730debf45266d298401564f3260bdecb14739d1c1f1835a5aebd615c83fa60b	1063	6	7	6	1	0	1	0	0
brain6-lava-canonical-v3	d730debf45266d298401564f3260bdecb14739d1c1f1835a5aebd615c83fa60b	1064	6	7	7	0	0	0	0	0
brain6-lava-canonical-v3	d730debf45266d298401564f3260bdecb14739d1c1f1835a5aebd615c83fa60b	1065	6	7	6	1	0	1	0	0
brain6-lava-canonical-v3	d730debf45266d298401564f3260bdecb14739d1c1f1835a5aebd615c83fa60b	1066	6	7	6	1	0	1	0	0
brain6-lava-canonical-v3	d730debf45266d298401564f3260bdecb14739d1c1f1835a5aebd615c83fa60b	1067	6	7	6	1	0	1	0	0
brain6-lava-canonical-v3	d730debf45266d298401564f3260bdecb14739d1c1f1835a5aebd615c83fa60b	1068	6	7	5	2	0	2	0	0
brain6-lava-canonical-v3	d730debf45266d298401564f3260bdecb14739d1c1f1835a5aebd615c83fa60b	1069	6	7	4	3	0	3	0	0
brain6-lava-canonical-v3	d730debf45266d298401564f3260bdecb14739d1c1f1835a5aebd615c83fa60b	1070	6	7	6	1	0	1	0	0
brain6-lava-canonical-v3	d730debf45266d298401564f3260bdecb14739d1c1f1835a5aebd615c83fa60b	1071	6	7	5	2	0	2	0	0
brain6-lava-canonical-v3	d730debf45266d298401564f3260bdecb14739d1c1f1835a5aebd615c83fa60b	1072	6	7	4	3	0	3	0	0
brain6-lava-canonical-v3	d730debf45266d298401564f3260bdecb14739d1c1f1835a5aebd615c83fa60b	1073	6	7	5	2	0	2	0	0
brain6-lava-canonical-v3	d730debf45266d298401564f3260bdecb14739d1c1f1835a5aebd615c83fa60b	1074	6	7	5	2	0	2	0	0
brain6-lava-canonical-v3	d730debf45266d298401564f3260bdecb14739d1c1f1835a5aebd615c83fa60b	1075	6	7	6	1	0	1	0	0
brain6-lava-canonical-v3	d730debf45266d298401564f3260bdecb14739d1c1f1835a5aebd615c83fa60b	1076	6	7	7	0	0	0	0	0
brain6-lava-canonical-v3	d730debf45266d298401564f3260bdecb14739d1c1f1835a5aebd615c83fa60b	1077	6	7	7	0	0	0	0	0
brain6-lava-canonical-v3	d730debf45266d298401564f3260bdecb14739d1c1f1835a5aebd615c83fa60b	1078	6	7	4	3	0	3	0	0
brain6-lava-canonical-v3	d730debf45266d298401564f3260bdecb14739d1c1f1835a5aebd615c83fa60b	1079	6	7	6	1	0	1	0	0
brain6-lava-canonical-v3	d730debf45266d298401564f3260bdecb14739d1c1f1835a5aebd615c83fa60b	1080	6	7	6	1	0	1	0	0
brain6-lava-canonical-v3	d730debf45266d298401564f3260bdecb14739d1c1f1835a5aebd615c83fa60b	1081	6	7	6	1	0	1	0	0
brain6-lava-canonical-v3	d730debf45266d298401564f3260bdecb14739d1c1f1835a5aebd615c83fa60b	1082	6	7	6	1	0	1	0	0
brain6-lava-canonical-v3	d730debf45266d298401564f3260bdecb14739d1c1f1835a5aebd615c83fa60b	1083	6	7	6	1	0	1	0	0
brain6-lava-canonical-v3	d730debf45266d298401564f3260bdecb14739d1c1f1835a5aebd615c83fa60b	1084	6	7	5	2	0	2	0	0
brain6-lava-canonical-v3	d730debf45266d298401564f3260bdecb14739d1c1f1835a5aebd615c83fa60b	1085	6	7	3	4	0	4	0	0
brain6-lava-canonical-v3	d730debf45266d298401564f3260bdecb14739d1c1f1835a5aebd615c83fa60b	1086	6	7	7	0	0	0	0	0
brain6-lava-canonical-v3	d730debf45266d298401564f3260bdecb14739d1c1f1835a5aebd615c83fa60b	1087	6	7	7	0	0	0	0	0
brain6-lava-canonical-v3	d730debf45266d298401564f3260bdecb14739d1c1f1835a5aebd615c83fa60b	1088	6	7	6	1	0	1	0	0
brain6-lava-canonical-v3	d730debf45266d298401564f3260bdecb14739d1c1f1835a5aebd615c83fa60b	1089	6	7	5	2	0	2	0	0
brain6-lava-canonical-v3	d730debf45266d298401564f3260bdecb14739d1c1f1835a5aebd615c83fa60b	1090	6	7	7	0	0	0	0	0
brain6-lava-canonical-v3	d730debf45266d298401564f3260bdecb14739d1c1f1835a5aebd615c83fa60b	1091	6	7	4	3	0	3	0	0
brain6-lava-canonical-v3	d730debf45266d298401564f3260bdecb14739d1c1f1835a5aebd615c83fa60b	1092	6	7	3	4	0	4	0	0
brain6-lava-canonical-v3	d730debf45266d298401564f3260bdecb14739d1c1f1835a5aebd615c83fa60b	1093	6	7	7	0	0	0	0	0
brain6-lava-canonical-v3	d730debf45266d298401564f3260bdecb14739d1c1f1835a5aebd615c83fa60b	1094	7	7	3	4	0	4	0	0
brain6-lava-canonical-v3	d730debf45266d298401564f3260bdecb14739d1c1f1835a5aebd615c83fa60b	1095	7	7	7	0	0	0	0	0
brain6-lava-canonical-v3	d730debf45266d298401564f3260bdecb14739d1c1f1835a5aebd615c83fa60b	1096	7	7	6	1	0	1	0	0
brain6-lava-canonical-v3	d730debf45266d298401564f3260bdecb14739d1c1f1835a5aebd615c83fa60b	1097	7	7	6	1	0	1	0	0
brain6-lava-canonical-v3	d730debf45266d298401564f3260bdecb14739d1c1f1835a5aebd615c83fa60b	1098	7	7	5	2	0	2	0	0
brain6-lava-canonical-v3	d730debf45266d298401564f3260bdecb14739d1c1f1835a5aebd615c83fa60b	1099	7	7	7	0	0	0	0	0
brain6-lava-canonical-v3	d730debf45266d298401564f3260bdecb14739d1c1f1835a5aebd615c83fa60b	1100	7	7	7	0	0	0	0	0
brain6-lava-canonical-v3	d730debf45266d298401564f3260bdecb14739d1c1f1835a5aebd615c83fa60b	1101	7	7	6	1	0	1	0	0
brain6-lava-canonical-v3	d730debf45266d298401564f3260bdecb14739d1c1f1835a5aebd615c83fa60b	1102	7	7	5	2	0	2	0	0
brain6-lava-canonical-v3	d730debf45266d298401564f3260bdecb14739d1c1f1835a5aebd615c83fa60b	1103	7	7	3	4	0	4	0	0
brain6-lava-canonical-v3	d730debf45266d298401564f3260bdecb14739d1c1f1835a5aebd615c83fa60b	1104	7	7	3	4	0	4	0	0
brain6-lava-canonical-v3	d730debf45266d298401564f3260bdecb14739d1c1f1835a5aebd615c83fa60b	1105	7	7	6	1	0	1	0	0
brain6-lava-canonical-v3	d730debf45266d298401564f3260bdecb14739d1c1f1835a5aebd615c83fa60b	1106	7	7	5	2	0	2	0	0
brain6-lava-canonical-v3	d730debf45266d298401564f3260bdecb14739d1c1f1835a5aebd615c83fa60b	1107	7	7	5	2	0	2	0	0
brain6-lava-canonical-v3	d730debf45266d298401564f3260bdecb14739d1c1f1835a5aebd615c83fa60b	1108	7	7	6	1	0	1	0	0
brain6-lava-canonical-v3	d730debf45266d298401564f3260bdecb14739d1c1f1835a5aebd615c83fa60b	1109	7	7	5	2	0	2	0	0
brain6-lava-canonical-v3	d730debf45266d298401564f3260bdecb14739d1c1f1835a5aebd615c83fa60b	1110	7	7	7	0	0	0	0	0
brain6-lava-canonical-v3	d730debf45266d298401564f3260bdecb14739d1c1f1835a5aebd615c83fa60b	1111	7	7	4	3	0	3	0	0
brain6-lava-canonical-v3	d730debf45266d298401564f3260bdecb14739d1c1f1835a5aebd615c83fa60b	1112	7	7	3	4	0	4	0	0
brain6-lava-canonical-v3	d730debf45266d298401564f3260bdecb14739d1c1f1835a5aebd615c83fa60b	1113	7	7	7	0	0	0	0	0
brain6-lava-canonical-v3	d730debf45266d298401564f3260bdecb14739d1c1f1835a5aebd615c83fa60b	1114	7	7	6	1	0	1	0	0
brain6-lava-canonical-v3	d730debf45266d298401564f3260bdecb14739d1c1f1835a5aebd615c83fa60b	1115	7	7	6	1	0	1	0	0
brain6-lava-canonical-v3	d730debf45266d298401564f3260bdecb14739d1c1f1835a5aebd615c83fa60b	1116	7	7	6	1	0	1	0	0
brain6-lava-canonical-v3	d730debf45266d298401564f3260bdecb14739d1c1f1835a5aebd615c83fa60b	1117	7	7	6	1	0	1	0	0
brain6-lava-canonical-v3	d730debf45266d298401564f3260bdecb14739d1c1f1835a5aebd615c83fa60b	1118	7	7	4	3	0	3	0	0
brain6-lava-canonical-v3	d730debf45266d298401564f3260bdecb14739d1c1f1835a5aebd615c83fa60b	1119	7	7	5	2	0	2	0	0
brain6-lava-canonical-v3	d730debf45266d298401564f3260bdecb14739d1c1f1835a5aebd615c83fa60b	1120	7	7	5	2	0	2	0	0
brain6-lava-canonical-v3	d730debf45266d298401564f3260bdecb14739d1c1f1835a5aebd615c83fa60b	1121	7	7	4	3	0	3	0	0
brain6-lava-canonical-v3	d730debf45266d298401564f3260bdecb14739d1c1f1835a5aebd615c83fa60b	1122	7	7	5	2	0	2	0	0
brain6-lava-canonical-v3	d730debf45266d298401564f3260bdecb14739d1c1f1835a5aebd615c83fa60b	1123	7	7	7	0	0	0	0	0
brain6-lava-canonical-v3	d730debf45266d298401564f3260bdecb14739d1c1f1835a5aebd615c83fa60b	1124	7	7	6	1	0	1	0	0
brain6-lava-canonical-v3	d730debf45266d298401564f3260bdecb14739d1c1f1835a5aebd615c83fa60b	1125	7	7	6	1	0	1	0	0
brain6-lava-canonical-v3	d730debf45266d298401564f3260bdecb14739d1c1f1835a5aebd615c83fa60b	1126	7	7	6	1	0	1	0	0
brain6-lava-canonical-v3	d730debf45266d298401564f3260bdecb14739d1c1f1835a5aebd615c83fa60b	1127	7	7	6	1	0	1	0	0
brain6-lava-canonical-v3	d730debf45266d298401564f3260bdecb14739d1c1f1835a5aebd615c83fa60b	1128	7	7	5	2	0	2	0	0
brain6-lava-canonical-v3	d730debf45266d298401564f3260bdecb14739d1c1f1835a5aebd615c83fa60b	1129	7	7	5	2	0	2	0	0
brain6-lava-canonical-v3	d730debf45266d298401564f3260bdecb14739d1c1f1835a5aebd615c83fa60b	1130	7	7	5	2	0	2	0	0
brain6-lava-canonical-v3	d730debf45266d298401564f3260bdecb14739d1c1f1835a5aebd615c83fa60b	1131	7	7	6	1	0	1	0	0
brain6-lava-canonical-v3	d730debf45266d298401564f3260bdecb14739d1c1f1835a5aebd615c83fa60b	1132	7	7	4	3	0	3	0	0
brain6-lava-canonical-v3	d730debf45266d298401564f3260bdecb14739d1c1f1835a5aebd615c83fa60b	1133	7	7	6	1	0	1	0	0
brain6-lava-canonical-v3	d730debf45266d298401564f3260bdecb14739d1c1f1835a5aebd615c83fa60b	1134	7	7	6	1	0	1	0	0
brain6-lava-canonical-v3	d730debf45266d298401564f3260bdecb14739d1c1f1835a5aebd615c83fa60b	1135	7	7	4	3	0	3	0	0
brain6-lava-canonical-v3	d730debf45266d298401564f3260bdecb14739d1c1f1835a5aebd615c83fa60b	1136	7	7	6	1	0	1	0	0
brain6-lava-canonical-v3	d730debf45266d298401564f3260bdecb14739d1c1f1835a5aebd615c83fa60b	1137	7	7	6	1	0	1	0	0
brain6-lava-canonical-v3	d730debf45266d298401564f3260bdecb14739d1c1f1835a5aebd615c83fa60b	1138	7	7	5	2	0	2	0	0
brain6-lava-canonical-v3	d730debf45266d298401564f3260bdecb14739d1c1f1835a5aebd615c83fa60b	1139	7	7	4	3	0	3	0	0
brain6-lava-canonical-v3	d730debf45266d298401564f3260bdecb14739d1c1f1835a5aebd615c83fa60b	1140	7	7	7	0	0	0	0	0
brain6-lava-canonical-v3	d730debf45266d298401564f3260bdecb14739d1c1f1835a5aebd615c83fa60b	1141	7	7	6	1	0	1	0	0
brain6-lava-canonical-v3	d730debf45266d298401564f3260bdecb14739d1c1f1835a5aebd615c83fa60b	1142	7	7	4	3	0	3	0	0
brain6-lava-canonical-v3	d730debf45266d298401564f3260bdecb14739d1c1f1835a5aebd615c83fa60b	1143	7	7	5	2	0	2	0	0
brain6-lava-canonical-v3	d730debf45266d298401564f3260bdecb14739d1c1f1835a5aebd615c83fa60b	1144	7	7	6	1	0	1	0	0
brain6-lava-canonical-v3	d730debf45266d298401564f3260bdecb14739d1c1f1835a5aebd615c83fa60b	1145	7	7	6	1	0	1	0	0
brain6-lava-canonical-v3	d730debf45266d298401564f3260bdecb14739d1c1f1835a5aebd615c83fa60b	1146	7	7	7	0	0	0	0	0
brain6-lava-canonical-v3	d730debf45266d298401564f3260bdecb14739d1c1f1835a5aebd615c83fa60b	1147	7	7	5	2	0	2	0	0
brain6-lava-canonical-v3	d730debf45266d298401564f3260bdecb14739d1c1f1835a5aebd615c83fa60b	1148	7	7	7	0	0	0	0	0
brain6-lava-canonical-v3	d730debf45266d298401564f3260bdecb14739d1c1f1835a5aebd615c83fa60b	1149	7	7	7	0	0	0	0	0
brain6-lava-canonical-v3	d730debf45266d298401564f3260bdecb14739d1c1f1835a5aebd615c83fa60b	1150	7	7	6	1	0	1	0	0
brain6-lava-canonical-v3	d730debf45266d298401564f3260bdecb14739d1c1f1835a5aebd615c83fa60b	1151	7	7	4	3	0	3	0	0
brain6-lava-canonical-v3	d730debf45266d298401564f3260bdecb14739d1c1f1835a5aebd615c83fa60b	1152	7	7	5	2	0	2	0	0
brain6-lava-canonical-v3	d730debf45266d298401564f3260bdecb14739d1c1f1835a5aebd615c83fa60b	1153	7	7	5	2	0	2	0	0
brain6-lava-canonical-v3	d730debf45266d298401564f3260bdecb14739d1c1f1835a5aebd615c83fa60b	1154	7	7	6	1	0	1	0	0
brain6-lava-canonical-v3	d730debf45266d298401564f3260bdecb14739d1c1f1835a5aebd615c83fa60b	1155	7	7	4	3	0	3	0	0
brain6-lava-canonical-v3	d730debf45266d298401564f3260bdecb14739d1c1f1835a5aebd615c83fa60b	1156	7	7	6	1	0	1	0	0
brain6-lava-canonical-v3	d730debf45266d298401564f3260bdecb14739d1c1f1835a5aebd615c83fa60b	1157	7	7	5	2	0	2	0	0
brain6-lava-canonical-v3	d730debf45266d298401564f3260bdecb14739d1c1f1835a5aebd615c83fa60b	1158	7	7	5	2	0	2	0	0
brain6-lava-canonical-v3	d730debf45266d298401564f3260bdecb14739d1c1f1835a5aebd615c83fa60b	1159	7	7	5	2	0	2	0	0
brain6-lava-canonical-v3	d730debf45266d298401564f3260bdecb14739d1c1f1835a5aebd615c83fa60b	1160	7	7	5	2	0	2	0	0
brain6-lava-canonical-v3	d730debf45266d298401564f3260bdecb14739d1c1f1835a5aebd615c83fa60b	1161	7	7	6	1	0	1	0	0
brain6-lava-canonical-v3	d730debf45266d298401564f3260bdecb14739d1c1f1835a5aebd615c83fa60b	1162	7	7	7	0	0	0	0	0
brain6-lava-canonical-v3	d730debf45266d298401564f3260bdecb14739d1c1f1835a5aebd615c83fa60b	1163	7	7	6	1	0	1	0	0
brain6-lava-canonical-v3	d730debf45266d298401564f3260bdecb14739d1c1f1835a5aebd615c83fa60b	1164	7	7	5	2	0	2	0	0
brain6-lava-canonical-v3	d730debf45266d298401564f3260bdecb14739d1c1f1835a5aebd615c83fa60b	1165	7	7	5	2	0	2	0	0
brain6-lava-canonical-v3	d730debf45266d298401564f3260bdecb14739d1c1f1835a5aebd615c83fa60b	1166	7	7	6	1	0	1	0	0
brain6-lava-canonical-v3	d730debf45266d298401564f3260bdecb14739d1c1f1835a5aebd615c83fa60b	1167	7	7	6	1	0	1	0	0
brain6-lava-canonical-v3	d730debf45266d298401564f3260bdecb14739d1c1f1835a5aebd615c83fa60b	1168	7	7	3	4	0	4	0	0
brain6-lava-canonical-v3	d730debf45266d298401564f3260bdecb14739d1c1f1835a5aebd615c83fa60b	1169	7	7	6	1	0	1	0	0
brain6-lava-canonical-v3	d730debf45266d298401564f3260bdecb14739d1c1f1835a5aebd615c83fa60b	1170	7	7	6	1	0	1	0	0
brain6-lava-canonical-v3	d730debf45266d298401564f3260bdecb14739d1c1f1835a5aebd615c83fa60b	1171	7	7	7	0	0	0	0	0
brain6-lava-canonical-v3	d730debf45266d298401564f3260bdecb14739d1c1f1835a5aebd615c83fa60b	1172	7	7	6	1	0	1	0	0
brain6-lava-canonical-v3	d730debf45266d298401564f3260bdecb14739d1c1f1835a5aebd615c83fa60b	1173	7	7	6	1	0	1	0	0
brain6-lava-canonical-v3	d730debf45266d298401564f3260bdecb14739d1c1f1835a5aebd615c83fa60b	1174	7	7	6	1	0	1	0	0
brain6-lava-canonical-v3	d730debf45266d298401564f3260bdecb14739d1c1f1835a5aebd615c83fa60b	1175	7	7	5	2	0	2	0	0
brain6-lava-canonical-v3	d730debf45266d298401564f3260bdecb14739d1c1f1835a5aebd615c83fa60b	1176	7	7	5	2	0	2	0	0
brain6-lava-canonical-v3	d730debf45266d298401564f3260bdecb14739d1c1f1835a5aebd615c83fa60b	1177	7	7	7	0	0	0	0	0
brain6-lava-canonical-v3	d730debf45266d298401564f3260bdecb14739d1c1f1835a5aebd615c83fa60b	1178	7	7	6	1	0	1	0	0
brain6-lava-canonical-v3	d730debf45266d298401564f3260bdecb14739d1c1f1835a5aebd615c83fa60b	1179	7	7	6	1	0	1	0	0
brain6-lava-canonical-v3	d730debf45266d298401564f3260bdecb14739d1c1f1835a5aebd615c83fa60b	1180	7	7	6	1	0	1	0	0
brain6-lava-canonical-v3	d730debf45266d298401564f3260bdecb14739d1c1f1835a5aebd615c83fa60b	1181	7	7	7	0	0	0	0	0
brain6-lava-canonical-v3	d730debf45266d298401564f3260bdecb14739d1c1f1835a5aebd615c83fa60b	1182	7	7	7	0	0	0	0	0
brain6-lava-canonical-v3	d730debf45266d298401564f3260bdecb14739d1c1f1835a5aebd615c83fa60b	1183	7	7	5	2	0	2	0	0
brain6-lava-canonical-v3	d730debf45266d298401564f3260bdecb14739d1c1f1835a5aebd615c83fa60b	1184	7	7	6	1	0	1	0	0
brain6-lava-canonical-v3	d730debf45266d298401564f3260bdecb14739d1c1f1835a5aebd615c83fa60b	1185	7	7	5	2	0	2	0	0
brain6-lava-canonical-v3	d730debf45266d298401564f3260bdecb14739d1c1f1835a5aebd615c83fa60b	1186	7	7	5	2	0	2	0	0
brain6-lava-canonical-v3	d730debf45266d298401564f3260bdecb14739d1c1f1835a5aebd615c83fa60b	1187	7	7	5	2	0	2	0	0
brain6-lava-canonical-v3	d730debf45266d298401564f3260bdecb14739d1c1f1835a5aebd615c83fa60b	1188	7	7	4	3	0	3	0	0
brain6-lava-canonical-v3	d730debf45266d298401564f3260bdecb14739d1c1f1835a5aebd615c83fa60b	1189	7	7	6	1	0	1	0	0
brain6-lava-canonical-v3	d730debf45266d298401564f3260bdecb14739d1c1f1835a5aebd615c83fa60b	1190	7	7	6	1	0	1	0	0
brain6-lava-canonical-v3	d730debf45266d298401564f3260bdecb14739d1c1f1835a5aebd615c83fa60b	1191	7	7	7	0	0	0	0	0
brain6-lava-canonical-v3	d730debf45266d298401564f3260bdecb14739d1c1f1835a5aebd615c83fa60b	1192	7	7	5	2	0	2	0	0
brain6-lava-canonical-v3	d730debf45266d298401564f3260bdecb14739d1c1f1835a5aebd615c83fa60b	1193	7	7	7	0	0	0	0	0
brain6-lava-canonical-v3	d730debf45266d298401564f3260bdecb14739d1c1f1835a5aebd615c83fa60b	1194	7	7	6	1	0	1	0	0
brain6-lava-canonical-v3	d730debf45266d298401564f3260bdecb14739d1c1f1835a5aebd615c83fa60b	1195	7	7	7	0	0	0	0	0
brain6-lava-canonical-v3	d730debf45266d298401564f3260bdecb14739d1c1f1835a5aebd615c83fa60b	1196	7	7	6	1	0	1	0	0
brain6-lava-canonical-v3	d730debf45266d298401564f3260bdecb14739d1c1f1835a5aebd615c83fa60b	1197	7	7	6	1	0	1	0	0
brain6-lava-canonical-v3	d730debf45266d298401564f3260bdecb14739d1c1f1835a5aebd615c83fa60b	1198	7	7	7	0	0	0	0	0
brain6-lava-canonical-v3	d730debf45266d298401564f3260bdecb14739d1c1f1835a5aebd615c83fa60b	1199	7	7	6	1	0	1	0	0
brain6-lava-canonical-v3	d730debf45266d298401564f3260bdecb14739d1c1f1835a5aebd615c83fa60b	1200	7	7	6	1	0	1	0	0
brain6-lava-canonical-v3	d730debf45266d298401564f3260bdecb14739d1c1f1835a5aebd615c83fa60b	1201	7	7	4	3	0	3	0	0
brain6-lava-canonical-v3	d730debf45266d298401564f3260bdecb14739d1c1f1835a5aebd615c83fa60b	1202	7	7	5	2	0	2	0	0
brain6-lava-canonical-v3	d730debf45266d298401564f3260bdecb14739d1c1f1835a5aebd615c83fa60b	1203	7	7	6	1	0	1	0	0
brain6-lava-canonical-v3	d730debf45266d298401564f3260bdecb14739d1c1f1835a5aebd615c83fa60b	1204	7	7	6	1	0	1	0	0
brain6-lava-canonical-v3	d730debf45266d298401564f3260bdecb14739d1c1f1835a5aebd615c83fa60b	1205	7	7	6	1	0	1	0	0
brain6-lava-canonical-v3	d730debf45266d298401564f3260bdecb14739d1c1f1835a5aebd615c83fa60b	1206	7	7	7	0	0	0	0	0
brain6-lava-canonical-v3	d730debf45266d298401564f3260bdecb14739d1c1f1835a5aebd615c83fa60b	1207	7	7	5	2	0	2	0	0
brain6-lava-canonical-v3	d730debf45266d298401564f3260bdecb14739d1c1f1835a5aebd615c83fa60b	1208	7	7	5	2	0	2	0	0
brain6-lava-canonical-v3	d730debf45266d298401564f3260bdecb14739d1c1f1835a5aebd615c83fa60b	1209	7	7	7	0	0	0	0	0
brain6-lava-canonical-v3	d730debf45266d298401564f3260bdecb14739d1c1f1835a5aebd615c83fa60b	1210	7	7	7	0	0	0	0	0
brain6-lava-canonical-v3	d730debf45266d298401564f3260bdecb14739d1c1f1835a5aebd615c83fa60b	1211	7	7	6	1	0	1	0	0
brain6-lava-canonical-v3	d730debf45266d298401564f3260bdecb14739d1c1f1835a5aebd615c83fa60b	1212	7	7	5	2	0	2	0	0
brain6-lava-canonical-v3	d730debf45266d298401564f3260bdecb14739d1c1f1835a5aebd615c83fa60b	1213	7	7	6	1	0	1	0	0
brain6-lava-canonical-v3	d730debf45266d298401564f3260bdecb14739d1c1f1835a5aebd615c83fa60b	1214	7	7	5	2	0	2	0	0
brain6-lava-canonical-v3	d730debf45266d298401564f3260bdecb14739d1c1f1835a5aebd615c83fa60b	1215	7	7	4	3	0	3	0	0
brain6-lava-canonical-v3	d730debf45266d298401564f3260bdecb14739d1c1f1835a5aebd615c83fa60b	1216	7	7	6	1	0	1	0	0
brain6-lava-canonical-v3	d730debf45266d298401564f3260bdecb14739d1c1f1835a5aebd615c83fa60b	1217	7	7	5	2	0	2	0	0
brain6-lava-canonical-v3	d730debf45266d298401564f3260bdecb14739d1c1f1835a5aebd615c83fa60b	1218	7	7	5	2	0	2	0	0
brain6-lava-canonical-v3	d730debf45266d298401564f3260bdecb14739d1c1f1835a5aebd615c83fa60b	1219	7	7	6	1	0	1	0	0
brain6-lava-canonical-v3	d730debf45266d298401564f3260bdecb14739d1c1f1835a5aebd615c83fa60b	1220	7	7	6	1	0	1	0	0
brain6-lava-canonical-v3	d730debf45266d298401564f3260bdecb14739d1c1f1835a5aebd615c83fa60b	1221	7	7	7	0	0	0	0	0
brain6-lava-canonical-v3	d730debf45266d298401564f3260bdecb14739d1c1f1835a5aebd615c83fa60b	1222	7	7	5	2	0	2	0	0
brain6-lava-canonical-v3	d730debf45266d298401564f3260bdecb14739d1c1f1835a5aebd615c83fa60b	1223	7	7	6	1	0	1	0	0
brain6-lava-canonical-v3	d730debf45266d298401564f3260bdecb14739d1c1f1835a5aebd615c83fa60b	1224	7	7	3	4	0	4	0	0
brain6-lava-canonical-v3	d730debf45266d298401564f3260bdecb14739d1c1f1835a5aebd615c83fa60b	1225	7	7	4	3	0	3	0	0
brain6-lava-canonical-v3	d730debf45266d298401564f3260bdecb14739d1c1f1835a5aebd615c83fa60b	1226	7	7	4	3	0	3	0	0
brain6-lava-canonical-v3	d730debf45266d298401564f3260bdecb14739d1c1f1835a5aebd615c83fa60b	1227	7	7	5	2	0	2	0	0
brain6-lava-canonical-v3	d730debf45266d298401564f3260bdecb14739d1c1f1835a5aebd615c83fa60b	1228	7	7	5	2	0	2	0	0
brain6-lava-canonical-v3	d730debf45266d298401564f3260bdecb14739d1c1f1835a5aebd615c83fa60b	1229	7	7	2	5	0	5	0	0
brain6-lava-canonical-v3	d730debf45266d298401564f3260bdecb14739d1c1f1835a5aebd615c83fa60b	1230	7	7	6	1	0	1	0	0
brain6-lava-canonical-v3	d730debf45266d298401564f3260bdecb14739d1c1f1835a5aebd615c83fa60b	1231	7	7	5	2	0	2	0	0
brain6-lava-canonical-v3	d730debf45266d298401564f3260bdecb14739d1c1f1835a5aebd615c83fa60b	1232	8	7	5	2	0	2	0	0
brain6-lava-canonical-v3	d730debf45266d298401564f3260bdecb14739d1c1f1835a5aebd615c83fa60b	1233	8	7	6	1	0	1	0	0
brain6-lava-canonical-v3	d730debf45266d298401564f3260bdecb14739d1c1f1835a5aebd615c83fa60b	1234	8	7	6	1	0	1	0	0
brain6-lava-canonical-v3	d730debf45266d298401564f3260bdecb14739d1c1f1835a5aebd615c83fa60b	1235	8	7	7	0	0	0	0	0
brain6-lava-canonical-v3	d730debf45266d298401564f3260bdecb14739d1c1f1835a5aebd615c83fa60b	1236	8	7	5	2	0	2	0	0
brain6-lava-canonical-v3	d730debf45266d298401564f3260bdecb14739d1c1f1835a5aebd615c83fa60b	1237	8	7	7	0	0	0	0	0
brain6-lava-canonical-v3	d730debf45266d298401564f3260bdecb14739d1c1f1835a5aebd615c83fa60b	1238	8	7	4	3	0	3	0	0
brain6-lava-canonical-v3	d730debf45266d298401564f3260bdecb14739d1c1f1835a5aebd615c83fa60b	1239	8	7	7	0	0	0	0	0
brain6-lava-canonical-v3	d730debf45266d298401564f3260bdecb14739d1c1f1835a5aebd615c83fa60b	1240	8	7	4	3	0	3	0	0
brain6-lava-canonical-v3	d730debf45266d298401564f3260bdecb14739d1c1f1835a5aebd615c83fa60b	1241	8	7	6	1	0	1	0	0
brain6-lava-canonical-v3	d730debf45266d298401564f3260bdecb14739d1c1f1835a5aebd615c83fa60b	1242	8	7	7	0	0	0	0	0
brain6-lava-canonical-v3	d730debf45266d298401564f3260bdecb14739d1c1f1835a5aebd615c83fa60b	1243	8	7	5	2	0	2	0	0
brain6-lava-canonical-v3	d730debf45266d298401564f3260bdecb14739d1c1f1835a5aebd615c83fa60b	1244	8	7	4	3	0	3	0	0
brain6-lava-canonical-v3	d730debf45266d298401564f3260bdecb14739d1c1f1835a5aebd615c83fa60b	1245	8	7	6	1	0	1	0	0
brain6-lava-canonical-v3	d730debf45266d298401564f3260bdecb14739d1c1f1835a5aebd615c83fa60b	1246	8	7	7	0	0	0	0	0
brain6-lava-canonical-v3	d730debf45266d298401564f3260bdecb14739d1c1f1835a5aebd615c83fa60b	1247	8	7	7	0	0	0	0	0
brain6-lava-canonical-v3	d730debf45266d298401564f3260bdecb14739d1c1f1835a5aebd615c83fa60b	1248	8	7	7	0	0	0	0	0
brain6-lava-canonical-v3	d730debf45266d298401564f3260bdecb14739d1c1f1835a5aebd615c83fa60b	1249	8	7	7	0	0	0	0	0
brain6-lava-canonical-v3	d730debf45266d298401564f3260bdecb14739d1c1f1835a5aebd615c83fa60b	1250	8	7	6	1	0	1	0	0
brain6-lava-canonical-v3	d730debf45266d298401564f3260bdecb14739d1c1f1835a5aebd615c83fa60b	1251	8	7	6	1	0	1	0	0
brain6-lava-canonical-v3	d730debf45266d298401564f3260bdecb14739d1c1f1835a5aebd615c83fa60b	1252	8	7	5	2	0	2	0	0
brain6-lava-canonical-v3	d730debf45266d298401564f3260bdecb14739d1c1f1835a5aebd615c83fa60b	1253	8	7	5	2	0	2	0	0
brain6-lava-canonical-v3	d730debf45266d298401564f3260bdecb14739d1c1f1835a5aebd615c83fa60b	1254	8	7	7	0	0	0	0	0
brain6-lava-canonical-v3	d730debf45266d298401564f3260bdecb14739d1c1f1835a5aebd615c83fa60b	1255	8	7	6	1	0	1	0	0
brain6-lava-canonical-v3	d730debf45266d298401564f3260bdecb14739d1c1f1835a5aebd615c83fa60b	1256	8	7	7	0	0	0	0	0
brain6-lava-canonical-v3	d730debf45266d298401564f3260bdecb14739d1c1f1835a5aebd615c83fa60b	1257	8	7	5	2	0	2	0	0
brain6-lava-canonical-v3	d730debf45266d298401564f3260bdecb14739d1c1f1835a5aebd615c83fa60b	1258	8	7	4	3	0	3	0	0
brain6-lava-canonical-v3	d730debf45266d298401564f3260bdecb14739d1c1f1835a5aebd615c83fa60b	1259	8	7	7	0	0	0	0	0
brain6-lava-canonical-v3	d730debf45266d298401564f3260bdecb14739d1c1f1835a5aebd615c83fa60b	1260	8	7	5	2	0	2	0	0
brain6-lava-canonical-v3	d730debf45266d298401564f3260bdecb14739d1c1f1835a5aebd615c83fa60b	1261	8	7	5	2	0	2	0	0
brain6-lava-canonical-v3	d730debf45266d298401564f3260bdecb14739d1c1f1835a5aebd615c83fa60b	1262	8	7	6	1	0	1	0	0
brain6-lava-canonical-v3	d730debf45266d298401564f3260bdecb14739d1c1f1835a5aebd615c83fa60b	1263	8	7	5	2	0	2	0	0
brain6-lava-canonical-v3	d730debf45266d298401564f3260bdecb14739d1c1f1835a5aebd615c83fa60b	1264	8	7	4	3	0	3	0	0
brain6-lava-canonical-v3	d730debf45266d298401564f3260bdecb14739d1c1f1835a5aebd615c83fa60b	1265	8	7	6	1	0	1	0	0
brain6-lava-canonical-v3	d730debf45266d298401564f3260bdecb14739d1c1f1835a5aebd615c83fa60b	1266	8	7	6	1	0	1	0	0
brain6-lava-canonical-v3	d730debf45266d298401564f3260bdecb14739d1c1f1835a5aebd615c83fa60b	1267	8	7	7	0	0	0	0	0
brain6-lava-canonical-v3	d730debf45266d298401564f3260bdecb14739d1c1f1835a5aebd615c83fa60b	1268	8	7	5	2	0	2	0	0
brain6-lava-canonical-v3	d730debf45266d298401564f3260bdecb14739d1c1f1835a5aebd615c83fa60b	1269	8	7	3	4	0	4	0	0
brain6-lava-canonical-v3	d730debf45266d298401564f3260bdecb14739d1c1f1835a5aebd615c83fa60b	1270	8	7	6	1	0	1	0	0
brain6-lava-canonical-v3	d730debf45266d298401564f3260bdecb14739d1c1f1835a5aebd615c83fa60b	1271	8	7	7	0	0	0	0	0
brain6-lava-canonical-v3	d730debf45266d298401564f3260bdecb14739d1c1f1835a5aebd615c83fa60b	1272	8	7	5	2	0	2	0	0
brain6-lava-canonical-v3	d730debf45266d298401564f3260bdecb14739d1c1f1835a5aebd615c83fa60b	1273	8	7	7	0	0	0	0	0
brain6-lava-canonical-v3	d730debf45266d298401564f3260bdecb14739d1c1f1835a5aebd615c83fa60b	1274	8	7	5	2	0	2	0	0
brain6-lava-canonical-v3	d730debf45266d298401564f3260bdecb14739d1c1f1835a5aebd615c83fa60b	1275	8	7	4	3	0	3	0	0
brain6-lava-canonical-v3	d730debf45266d298401564f3260bdecb14739d1c1f1835a5aebd615c83fa60b	1276	8	7	7	0	0	0	0	0
brain6-lava-canonical-v3	d730debf45266d298401564f3260bdecb14739d1c1f1835a5aebd615c83fa60b	1277	8	7	7	0	0	0	0	0
brain6-lava-canonical-v3	d730debf45266d298401564f3260bdecb14739d1c1f1835a5aebd615c83fa60b	1278	8	7	7	0	0	0	0	0
brain6-lava-canonical-v3	d730debf45266d298401564f3260bdecb14739d1c1f1835a5aebd615c83fa60b	1279	8	7	5	2	0	2	0	0
brain6-lava-canonical-v3	d730debf45266d298401564f3260bdecb14739d1c1f1835a5aebd615c83fa60b	1280	8	7	6	1	0	1	0	0
brain6-lava-canonical-v3	d730debf45266d298401564f3260bdecb14739d1c1f1835a5aebd615c83fa60b	1281	8	7	5	2	0	2	0	0
brain6-lava-canonical-v3	d730debf45266d298401564f3260bdecb14739d1c1f1835a5aebd615c83fa60b	1282	8	7	7	0	0	0	0	0
brain6-lava-canonical-v3	d730debf45266d298401564f3260bdecb14739d1c1f1835a5aebd615c83fa60b	1283	8	7	5	2	0	2	0	0
brain6-lava-canonical-v3	d730debf45266d298401564f3260bdecb14739d1c1f1835a5aebd615c83fa60b	1284	8	7	5	2	0	2	0	0
brain6-lava-canonical-v3	d730debf45266d298401564f3260bdecb14739d1c1f1835a5aebd615c83fa60b	1285	8	7	5	2	0	2	0	0
brain6-lava-canonical-v3	d730debf45266d298401564f3260bdecb14739d1c1f1835a5aebd615c83fa60b	1286	8	7	4	3	0	3	0	0
brain6-lava-canonical-v3	d730debf45266d298401564f3260bdecb14739d1c1f1835a5aebd615c83fa60b	1287	8	7	5	2	0	2	0	0
brain6-lava-canonical-v3	d730debf45266d298401564f3260bdecb14739d1c1f1835a5aebd615c83fa60b	1288	8	7	4	3	0	3	0	0
brain6-lava-canonical-v3	d730debf45266d298401564f3260bdecb14739d1c1f1835a5aebd615c83fa60b	1289	8	7	2	5	0	5	0	0
brain6-lava-canonical-v3	d730debf45266d298401564f3260bdecb14739d1c1f1835a5aebd615c83fa60b	1290	8	7	5	2	0	2	0	0
brain6-lava-canonical-v3	d730debf45266d298401564f3260bdecb14739d1c1f1835a5aebd615c83fa60b	1291	8	7	7	0	0	0	0	0
brain6-lava-canonical-v3	d730debf45266d298401564f3260bdecb14739d1c1f1835a5aebd615c83fa60b	1292	8	7	6	1	0	1	0	0
brain6-lava-canonical-v3	d730debf45266d298401564f3260bdecb14739d1c1f1835a5aebd615c83fa60b	1293	8	7	7	0	0	0	0	0
brain6-lava-canonical-v3	d730debf45266d298401564f3260bdecb14739d1c1f1835a5aebd615c83fa60b	1294	8	7	5	2	0	2	0	0
brain6-lava-canonical-v3	d730debf45266d298401564f3260bdecb14739d1c1f1835a5aebd615c83fa60b	1295	8	7	7	0	0	0	0	0
brain6-lava-canonical-v3	d730debf45266d298401564f3260bdecb14739d1c1f1835a5aebd615c83fa60b	1296	8	7	5	2	0	2	0	0
brain6-lava-canonical-v3	d730debf45266d298401564f3260bdecb14739d1c1f1835a5aebd615c83fa60b	1297	8	7	6	1	0	1	0	0
brain6-lava-canonical-v3	d730debf45266d298401564f3260bdecb14739d1c1f1835a5aebd615c83fa60b	1298	8	7	6	1	0	1	0	0
brain6-lava-canonical-v3	d730debf45266d298401564f3260bdecb14739d1c1f1835a5aebd615c83fa60b	1299	8	7	7	0	0	0	0	0
brain6-lava-canonical-v3	d730debf45266d298401564f3260bdecb14739d1c1f1835a5aebd615c83fa60b	1300	8	7	6	1	0	1	0	0
brain6-lava-canonical-v3	d730debf45266d298401564f3260bdecb14739d1c1f1835a5aebd615c83fa60b	1301	8	7	7	0	0	0	0	0
brain6-lava-canonical-v3	d730debf45266d298401564f3260bdecb14739d1c1f1835a5aebd615c83fa60b	1302	8	7	5	2	0	2	0	0
brain6-lava-canonical-v3	d730debf45266d298401564f3260bdecb14739d1c1f1835a5aebd615c83fa60b	1303	8	7	3	4	0	4	0	0
brain6-lava-canonical-v3	d730debf45266d298401564f3260bdecb14739d1c1f1835a5aebd615c83fa60b	1304	8	7	5	2	0	2	0	0
brain6-lava-canonical-v3	d730debf45266d298401564f3260bdecb14739d1c1f1835a5aebd615c83fa60b	1305	8	7	6	1	0	1	0	0
brain6-lava-canonical-v3	d730debf45266d298401564f3260bdecb14739d1c1f1835a5aebd615c83fa60b	1306	8	7	5	2	0	2	0	0
brain6-lava-canonical-v3	d730debf45266d298401564f3260bdecb14739d1c1f1835a5aebd615c83fa60b	1307	8	7	6	1	0	1	0	0
brain6-lava-canonical-v3	d730debf45266d298401564f3260bdecb14739d1c1f1835a5aebd615c83fa60b	1308	8	7	5	2	0	2	0	0
brain6-lava-canonical-v3	d730debf45266d298401564f3260bdecb14739d1c1f1835a5aebd615c83fa60b	1309	8	7	6	1	0	1	0	0
brain6-lava-canonical-v3	d730debf45266d298401564f3260bdecb14739d1c1f1835a5aebd615c83fa60b	1310	8	7	6	1	0	1	0	0
brain6-lava-canonical-v3	d730debf45266d298401564f3260bdecb14739d1c1f1835a5aebd615c83fa60b	1311	8	7	5	2	0	2	0	0
brain6-lava-canonical-v3	d730debf45266d298401564f3260bdecb14739d1c1f1835a5aebd615c83fa60b	1312	8	7	5	2	0	2	0	0
brain6-lava-canonical-v3	d730debf45266d298401564f3260bdecb14739d1c1f1835a5aebd615c83fa60b	1313	8	7	6	1	0	1	0	0
brain6-lava-canonical-v3	d730debf45266d298401564f3260bdecb14739d1c1f1835a5aebd615c83fa60b	1314	8	7	6	1	0	1	0	0
brain6-lava-canonical-v3	d730debf45266d298401564f3260bdecb14739d1c1f1835a5aebd615c83fa60b	1315	8	7	4	3	0	3	0	0
brain6-lava-canonical-v3	d730debf45266d298401564f3260bdecb14739d1c1f1835a5aebd615c83fa60b	1316	8	7	4	3	0	3	0	0
brain6-lava-canonical-v3	d730debf45266d298401564f3260bdecb14739d1c1f1835a5aebd615c83fa60b	1317	8	7	5	2	0	2	0	0
brain6-lava-canonical-v3	d730debf45266d298401564f3260bdecb14739d1c1f1835a5aebd615c83fa60b	1318	8	7	5	2	0	2	0	0
brain6-lava-canonical-v3	d730debf45266d298401564f3260bdecb14739d1c1f1835a5aebd615c83fa60b	1319	8	7	5	2	0	2	0	0
brain6-lava-canonical-v3	d730debf45266d298401564f3260bdecb14739d1c1f1835a5aebd615c83fa60b	1320	8	7	5	2	0	2	0	0
brain6-lava-canonical-v3	d730debf45266d298401564f3260bdecb14739d1c1f1835a5aebd615c83fa60b	1321	8	7	6	1	0	1	0	0
brain6-lava-canonical-v3	d730debf45266d298401564f3260bdecb14739d1c1f1835a5aebd615c83fa60b	1322	8	7	6	1	0	1	0	0
brain6-lava-canonical-v3	d730debf45266d298401564f3260bdecb14739d1c1f1835a5aebd615c83fa60b	1323	8	7	6	1	0	1	0	0
brain6-lava-canonical-v3	d730debf45266d298401564f3260bdecb14739d1c1f1835a5aebd615c83fa60b	1324	8	7	6	1	0	1	0	0
brain6-lava-canonical-v3	d730debf45266d298401564f3260bdecb14739d1c1f1835a5aebd615c83fa60b	1325	8	7	6	1	0	1	0	0
brain6-lava-canonical-v3	d730debf45266d298401564f3260bdecb14739d1c1f1835a5aebd615c83fa60b	1326	8	7	7	0	0	0	0	0
brain6-lava-canonical-v3	d730debf45266d298401564f3260bdecb14739d1c1f1835a5aebd615c83fa60b	1327	8	7	6	1	0	1	0	0
brain6-lava-canonical-v3	d730debf45266d298401564f3260bdecb14739d1c1f1835a5aebd615c83fa60b	1328	8	7	7	0	0	0	0	0
brain6-lava-canonical-v3	d730debf45266d298401564f3260bdecb14739d1c1f1835a5aebd615c83fa60b	1329	8	7	5	2	0	2	0	0
brain6-lava-canonical-v3	d730debf45266d298401564f3260bdecb14739d1c1f1835a5aebd615c83fa60b	1330	8	7	3	4	0	4	0	0
brain6-lava-canonical-v3	d730debf45266d298401564f3260bdecb14739d1c1f1835a5aebd615c83fa60b	1331	8	7	6	1	0	1	0	0
brain6-lava-canonical-v3	d730debf45266d298401564f3260bdecb14739d1c1f1835a5aebd615c83fa60b	1332	8	7	6	1	0	1	0	0
brain6-lava-canonical-v3	d730debf45266d298401564f3260bdecb14739d1c1f1835a5aebd615c83fa60b	1333	8	7	5	2	0	2	0	0
brain6-lava-canonical-v3	d730debf45266d298401564f3260bdecb14739d1c1f1835a5aebd615c83fa60b	1334	8	7	5	2	0	2	0	0
brain6-lava-canonical-v3	d730debf45266d298401564f3260bdecb14739d1c1f1835a5aebd615c83fa60b	1335	8	7	5	2	0	2	0	0
brain6-lava-canonical-v3	d730debf45266d298401564f3260bdecb14739d1c1f1835a5aebd615c83fa60b	1336	8	7	6	1	0	1	0	0
brain6-lava-canonical-v3	d730debf45266d298401564f3260bdecb14739d1c1f1835a5aebd615c83fa60b	1337	8	7	5	2	0	2	0	0
brain6-lava-canonical-v3	d730debf45266d298401564f3260bdecb14739d1c1f1835a5aebd615c83fa60b	1338	8	7	4	3	0	3	0	0
brain6-lava-canonical-v3	d730debf45266d298401564f3260bdecb14739d1c1f1835a5aebd615c83fa60b	1339	8	7	5	2	0	2	0	0
brain6-lava-canonical-v3	d730debf45266d298401564f3260bdecb14739d1c1f1835a5aebd615c83fa60b	1340	8	7	6	1	0	1	0	0
brain6-lava-canonical-v3	d730debf45266d298401564f3260bdecb14739d1c1f1835a5aebd615c83fa60b	1341	8	7	6	1	0	1	0	0
brain6-lava-canonical-v3	d730debf45266d298401564f3260bdecb14739d1c1f1835a5aebd615c83fa60b	1342	8	7	6	1	0	1	0	0
brain6-lava-canonical-v3	d730debf45266d298401564f3260bdecb14739d1c1f1835a5aebd615c83fa60b	1343	8	7	7	0	0	0	0	0
brain6-lava-canonical-v3	d730debf45266d298401564f3260bdecb14739d1c1f1835a5aebd615c83fa60b	1344	8	7	7	0	0	0	0	0
brain6-lava-canonical-v3	d730debf45266d298401564f3260bdecb14739d1c1f1835a5aebd615c83fa60b	1345	8	7	6	1	0	1	0	0
brain6-lava-canonical-v3	d730debf45266d298401564f3260bdecb14739d1c1f1835a5aebd615c83fa60b	1346	8	7	6	1	0	1	0	0
brain6-lava-canonical-v3	d730debf45266d298401564f3260bdecb14739d1c1f1835a5aebd615c83fa60b	1347	8	7	4	3	0	3	0	0
brain6-lava-canonical-v3	d730debf45266d298401564f3260bdecb14739d1c1f1835a5aebd615c83fa60b	1348	8	7	7	0	0	0	0	0
brain6-lava-canonical-v3	d730debf45266d298401564f3260bdecb14739d1c1f1835a5aebd615c83fa60b	1349	8	7	4	3	0	3	0	0
brain6-lava-canonical-v3	d730debf45266d298401564f3260bdecb14739d1c1f1835a5aebd615c83fa60b	1350	8	7	4	3	0	3	0	0
brain6-lava-canonical-v3	d730debf45266d298401564f3260bdecb14739d1c1f1835a5aebd615c83fa60b	1351	8	7	3	4	0	4	0	0
brain6-lava-canonical-v3	d730debf45266d298401564f3260bdecb14739d1c1f1835a5aebd615c83fa60b	1352	8	7	5	2	0	2	0	0
brain6-lava-canonical-v3	d730debf45266d298401564f3260bdecb14739d1c1f1835a5aebd615c83fa60b	1353	8	7	5	2	0	2	0	0
brain6-lava-canonical-v3	d730debf45266d298401564f3260bdecb14739d1c1f1835a5aebd615c83fa60b	1354	8	7	5	2	0	2	0	0
brain6-lava-canonical-v3	d730debf45266d298401564f3260bdecb14739d1c1f1835a5aebd615c83fa60b	1355	8	7	5	2	0	2	0	0
brain6-lava-canonical-v3	d730debf45266d298401564f3260bdecb14739d1c1f1835a5aebd615c83fa60b	1356	8	7	7	0	0	0	0	0
brain6-lava-canonical-v3	d730debf45266d298401564f3260bdecb14739d1c1f1835a5aebd615c83fa60b	1357	8	7	6	1	0	1	0	0
brain6-lava-canonical-v3	d730debf45266d298401564f3260bdecb14739d1c1f1835a5aebd615c83fa60b	1358	8	7	7	0	0	0	0	0
brain6-lava-canonical-v3	d730debf45266d298401564f3260bdecb14739d1c1f1835a5aebd615c83fa60b	1359	8	7	4	3	0	3	0	0
brain6-lava-canonical-v3	d730debf45266d298401564f3260bdecb14739d1c1f1835a5aebd615c83fa60b	1360	8	7	4	3	0	3	0	0
brain6-lava-canonical-v3	d730debf45266d298401564f3260bdecb14739d1c1f1835a5aebd615c83fa60b	1361	8	7	6	1	0	1	0	0
brain6-lava-canonical-v3	d730debf45266d298401564f3260bdecb14739d1c1f1835a5aebd615c83fa60b	1362	8	7	4	3	0	3	0	0
brain6-lava-canonical-v3	d730debf45266d298401564f3260bdecb14739d1c1f1835a5aebd615c83fa60b	1363	8	7	6	1	0	1	0	0
brain6-lava-canonical-v3	d730debf45266d298401564f3260bdecb14739d1c1f1835a5aebd615c83fa60b	1364	8	7	5	2	0	2	0	0
brain6-lava-canonical-v3	d730debf45266d298401564f3260bdecb14739d1c1f1835a5aebd615c83fa60b	1365	8	7	5	2	0	2	0	0
brain6-lava-canonical-v3	d730debf45266d298401564f3260bdecb14739d1c1f1835a5aebd615c83fa60b	1366	8	7	6	1	0	1	0	0
brain6-lava-canonical-v3	d730debf45266d298401564f3260bdecb14739d1c1f1835a5aebd615c83fa60b	1367	8	7	6	1	0	1	0	0
brain6-lava-canonical-v3	d730debf45266d298401564f3260bdecb14739d1c1f1835a5aebd615c83fa60b	1368	8	7	5	2	0	2	0	0
brain6-lava-canonical-v3	d730debf45266d298401564f3260bdecb14739d1c1f1835a5aebd615c83fa60b	1369	8	7	7	0	0	0	0	0
brain6-lava-canonical-v3	d730debf45266d298401564f3260bdecb14739d1c1f1835a5aebd615c83fa60b	1370	9	7	5	2	0	2	0	0
brain6-lava-canonical-v3	d730debf45266d298401564f3260bdecb14739d1c1f1835a5aebd615c83fa60b	1371	9	7	5	2	0	2	0	0
brain6-lava-canonical-v3	d730debf45266d298401564f3260bdecb14739d1c1f1835a5aebd615c83fa60b	1372	9	7	3	4	0	4	0	0
brain6-lava-canonical-v3	d730debf45266d298401564f3260bdecb14739d1c1f1835a5aebd615c83fa60b	1373	9	7	6	1	0	1	0	0
brain6-lava-canonical-v3	d730debf45266d298401564f3260bdecb14739d1c1f1835a5aebd615c83fa60b	1374	9	7	7	0	0	0	0	0
brain6-lava-canonical-v3	d730debf45266d298401564f3260bdecb14739d1c1f1835a5aebd615c83fa60b	1375	9	7	5	2	0	2	0	0
brain6-lava-canonical-v3	d730debf45266d298401564f3260bdecb14739d1c1f1835a5aebd615c83fa60b	1376	9	7	6	1	0	1	0	0
brain6-lava-canonical-v3	d730debf45266d298401564f3260bdecb14739d1c1f1835a5aebd615c83fa60b	1377	9	7	6	1	0	1	0	0
brain6-lava-canonical-v3	d730debf45266d298401564f3260bdecb14739d1c1f1835a5aebd615c83fa60b	1378	9	7	7	0	0	0	0	0
brain6-lava-canonical-v3	d730debf45266d298401564f3260bdecb14739d1c1f1835a5aebd615c83fa60b	1379	9	7	5	2	0	2	0	0
brain6-lava-canonical-v3	d730debf45266d298401564f3260bdecb14739d1c1f1835a5aebd615c83fa60b	1380	9	7	6	1	0	1	0	0
brain6-lava-canonical-v3	d730debf45266d298401564f3260bdecb14739d1c1f1835a5aebd615c83fa60b	1381	9	7	5	2	0	2	0	0
brain6-lava-canonical-v3	d730debf45266d298401564f3260bdecb14739d1c1f1835a5aebd615c83fa60b	1382	9	7	7	0	0	0	0	0
brain6-lava-canonical-v3	d730debf45266d298401564f3260bdecb14739d1c1f1835a5aebd615c83fa60b	1383	9	7	5	2	0	2	0	0
brain6-lava-canonical-v3	d730debf45266d298401564f3260bdecb14739d1c1f1835a5aebd615c83fa60b	1384	9	7	6	1	0	1	0	0
brain6-lava-canonical-v3	d730debf45266d298401564f3260bdecb14739d1c1f1835a5aebd615c83fa60b	1385	9	7	6	1	0	1	0	0
brain6-lava-canonical-v3	d730debf45266d298401564f3260bdecb14739d1c1f1835a5aebd615c83fa60b	1386	9	7	5	2	0	2	0	0
brain6-lava-canonical-v3	d730debf45266d298401564f3260bdecb14739d1c1f1835a5aebd615c83fa60b	1387	9	7	4	3	0	3	0	0
brain6-lava-canonical-v3	d730debf45266d298401564f3260bdecb14739d1c1f1835a5aebd615c83fa60b	1388	9	7	7	0	0	0	0	0
brain6-lava-canonical-v3	d730debf45266d298401564f3260bdecb14739d1c1f1835a5aebd615c83fa60b	1389	9	7	6	1	0	1	0	0
brain6-lava-canonical-v3	d730debf45266d298401564f3260bdecb14739d1c1f1835a5aebd615c83fa60b	1390	9	7	7	0	0	0	0	0
brain6-lava-canonical-v3	d730debf45266d298401564f3260bdecb14739d1c1f1835a5aebd615c83fa60b	1391	9	7	4	3	0	3	0	0
brain6-lava-canonical-v3	d730debf45266d298401564f3260bdecb14739d1c1f1835a5aebd615c83fa60b	1392	9	7	5	2	0	2	0	0
brain6-lava-canonical-v3	d730debf45266d298401564f3260bdecb14739d1c1f1835a5aebd615c83fa60b	1393	9	7	7	0	0	0	0	0
brain6-lava-canonical-v3	d730debf45266d298401564f3260bdecb14739d1c1f1835a5aebd615c83fa60b	1394	9	7	7	0	0	0	0	0
brain6-lava-canonical-v3	d730debf45266d298401564f3260bdecb14739d1c1f1835a5aebd615c83fa60b	1395	9	7	4	3	0	3	0	0
brain6-lava-canonical-v3	d730debf45266d298401564f3260bdecb14739d1c1f1835a5aebd615c83fa60b	1396	9	7	7	0	0	0	0	0
brain6-lava-canonical-v3	d730debf45266d298401564f3260bdecb14739d1c1f1835a5aebd615c83fa60b	1397	9	7	7	0	0	0	0	0
brain6-lava-canonical-v3	d730debf45266d298401564f3260bdecb14739d1c1f1835a5aebd615c83fa60b	1398	9	7	4	3	0	3	0	0
brain6-lava-canonical-v3	d730debf45266d298401564f3260bdecb14739d1c1f1835a5aebd615c83fa60b	1399	9	7	7	0	0	0	0	0
brain6-lava-canonical-v3	d730debf45266d298401564f3260bdecb14739d1c1f1835a5aebd615c83fa60b	1400	9	7	6	1	0	1	0	0
brain6-lava-canonical-v3	d730debf45266d298401564f3260bdecb14739d1c1f1835a5aebd615c83fa60b	1401	9	7	7	0	0	0	0	0
brain6-lava-canonical-v3	d730debf45266d298401564f3260bdecb14739d1c1f1835a5aebd615c83fa60b	1402	9	7	6	1	0	1	0	0
brain6-lava-canonical-v3	d730debf45266d298401564f3260bdecb14739d1c1f1835a5aebd615c83fa60b	1403	9	7	5	2	0	2	0	0
brain6-lava-canonical-v3	d730debf45266d298401564f3260bdecb14739d1c1f1835a5aebd615c83fa60b	1404	9	7	4	3	0	3	0	0
brain6-lava-canonical-v3	d730debf45266d298401564f3260bdecb14739d1c1f1835a5aebd615c83fa60b	1405	9	7	7	0	0	0	0	0
brain6-lava-canonical-v3	d730debf45266d298401564f3260bdecb14739d1c1f1835a5aebd615c83fa60b	1406	9	7	7	0	0	0	0	0
brain6-lava-canonical-v3	d730debf45266d298401564f3260bdecb14739d1c1f1835a5aebd615c83fa60b	1407	9	7	5	2	0	2	0	0
brain6-lava-canonical-v3	d730debf45266d298401564f3260bdecb14739d1c1f1835a5aebd615c83fa60b	1408	9	7	5	2	0	2	0	0
brain6-lava-canonical-v3	d730debf45266d298401564f3260bdecb14739d1c1f1835a5aebd615c83fa60b	1409	9	7	7	0	0	0	0	0
brain6-lava-canonical-v3	d730debf45266d298401564f3260bdecb14739d1c1f1835a5aebd615c83fa60b	1410	9	7	5	2	0	2	0	0
brain6-lava-canonical-v3	d730debf45266d298401564f3260bdecb14739d1c1f1835a5aebd615c83fa60b	1411	9	7	6	1	0	1	0	0
brain6-lava-canonical-v3	d730debf45266d298401564f3260bdecb14739d1c1f1835a5aebd615c83fa60b	1412	9	7	6	1	0	1	0	0
brain6-lava-canonical-v3	d730debf45266d298401564f3260bdecb14739d1c1f1835a5aebd615c83fa60b	1413	9	7	7	0	0	0	0	0
brain6-lava-canonical-v3	d730debf45266d298401564f3260bdecb14739d1c1f1835a5aebd615c83fa60b	1414	9	7	7	0	0	0	0	0
brain6-lava-canonical-v3	d730debf45266d298401564f3260bdecb14739d1c1f1835a5aebd615c83fa60b	1415	9	7	4	3	0	3	0	0
brain6-lava-canonical-v3	d730debf45266d298401564f3260bdecb14739d1c1f1835a5aebd615c83fa60b	1416	9	7	1	6	0	1	3	2
brain6-lava-canonical-v3	d730debf45266d298401564f3260bdecb14739d1c1f1835a5aebd615c83fa60b	1417	9	7	1	6	0	1	5	0
brain6-lava-canonical-v3	d730debf45266d298401564f3260bdecb14739d1c1f1835a5aebd615c83fa60b	1418	9	7	5	2	0	2	0	0
brain6-lava-canonical-v3	d730debf45266d298401564f3260bdecb14739d1c1f1835a5aebd615c83fa60b	1419	9	7	7	0	0	0	0	0
brain6-lava-canonical-v3	d730debf45266d298401564f3260bdecb14739d1c1f1835a5aebd615c83fa60b	1420	9	7	5	2	0	2	0	0
brain6-lava-canonical-v3	d730debf45266d298401564f3260bdecb14739d1c1f1835a5aebd615c83fa60b	1421	9	7	5	2	0	2	0	0
brain6-lava-canonical-v3	d730debf45266d298401564f3260bdecb14739d1c1f1835a5aebd615c83fa60b	1422	9	7	7	0	0	0	0	0
brain6-lava-canonical-v3	d730debf45266d298401564f3260bdecb14739d1c1f1835a5aebd615c83fa60b	1423	9	7	5	2	0	2	0	0
brain6-lava-canonical-v3	d730debf45266d298401564f3260bdecb14739d1c1f1835a5aebd615c83fa60b	1424	9	7	5	2	0	2	0	0
brain6-lava-canonical-v3	d730debf45266d298401564f3260bdecb14739d1c1f1835a5aebd615c83fa60b	1425	9	7	6	1	0	1	0	0
brain6-lava-canonical-v3	d730debf45266d298401564f3260bdecb14739d1c1f1835a5aebd615c83fa60b	1426	9	7	4	3	0	3	0	0
brain6-lava-canonical-v3	d730debf45266d298401564f3260bdecb14739d1c1f1835a5aebd615c83fa60b	1427	9	7	6	1	0	1	0	0
brain6-lava-canonical-v3	d730debf45266d298401564f3260bdecb14739d1c1f1835a5aebd615c83fa60b	1428	9	7	7	0	0	0	0	0
brain6-lava-canonical-v3	d730debf45266d298401564f3260bdecb14739d1c1f1835a5aebd615c83fa60b	1429	9	7	6	1	0	1	0	0
brain6-lava-canonical-v3	d730debf45266d298401564f3260bdecb14739d1c1f1835a5aebd615c83fa60b	1430	9	7	7	0	0	0	0	0
brain6-lava-canonical-v3	d730debf45266d298401564f3260bdecb14739d1c1f1835a5aebd615c83fa60b	1431	9	7	5	2	0	2	0	0
brain6-lava-canonical-v3	d730debf45266d298401564f3260bdecb14739d1c1f1835a5aebd615c83fa60b	1432	9	7	6	1	0	1	0	0
brain6-lava-canonical-v3	d730debf45266d298401564f3260bdecb14739d1c1f1835a5aebd615c83fa60b	1433	9	7	6	1	0	1	0	0
brain6-lava-canonical-v3	d730debf45266d298401564f3260bdecb14739d1c1f1835a5aebd615c83fa60b	1434	9	7	5	2	0	2	0	0
brain6-lava-canonical-v3	d730debf45266d298401564f3260bdecb14739d1c1f1835a5aebd615c83fa60b	1435	9	7	6	1	0	1	0	0
brain6-lava-canonical-v3	d730debf45266d298401564f3260bdecb14739d1c1f1835a5aebd615c83fa60b	1436	9	7	7	0	0	0	0	0
brain6-lava-canonical-v3	d730debf45266d298401564f3260bdecb14739d1c1f1835a5aebd615c83fa60b	1437	9	7	4	3	0	3	0	0
brain6-lava-canonical-v3	d730debf45266d298401564f3260bdecb14739d1c1f1835a5aebd615c83fa60b	1438	9	7	7	0	0	0	0	0
brain6-lava-canonical-v3	d730debf45266d298401564f3260bdecb14739d1c1f1835a5aebd615c83fa60b	1439	9	7	5	2	0	2	0	0
brain6-lava-canonical-v3	d730debf45266d298401564f3260bdecb14739d1c1f1835a5aebd615c83fa60b	1440	9	7	4	3	0	3	0	0
brain6-lava-canonical-v3	d730debf45266d298401564f3260bdecb14739d1c1f1835a5aebd615c83fa60b	1441	9	7	7	0	0	0	0	0
brain6-lava-canonical-v3	d730debf45266d298401564f3260bdecb14739d1c1f1835a5aebd615c83fa60b	1442	9	7	5	2	0	2	0	0
brain6-lava-canonical-v3	d730debf45266d298401564f3260bdecb14739d1c1f1835a5aebd615c83fa60b	1443	9	7	6	1	0	1	0	0
brain6-lava-canonical-v3	d730debf45266d298401564f3260bdecb14739d1c1f1835a5aebd615c83fa60b	1444	9	7	6	1	0	1	0	0
brain6-lava-canonical-v3	d730debf45266d298401564f3260bdecb14739d1c1f1835a5aebd615c83fa60b	1445	9	7	5	2	0	2	0	0
brain6-lava-canonical-v3	d730debf45266d298401564f3260bdecb14739d1c1f1835a5aebd615c83fa60b	1446	9	7	5	2	0	2	0	0
brain6-lava-canonical-v3	d730debf45266d298401564f3260bdecb14739d1c1f1835a5aebd615c83fa60b	1447	9	7	6	1	0	1	0	0
brain6-lava-canonical-v3	d730debf45266d298401564f3260bdecb14739d1c1f1835a5aebd615c83fa60b	1448	9	7	7	0	0	0	0	0
brain6-lava-canonical-v3	d730debf45266d298401564f3260bdecb14739d1c1f1835a5aebd615c83fa60b	1449	9	7	4	3	0	3	0	0
brain6-lava-canonical-v3	d730debf45266d298401564f3260bdecb14739d1c1f1835a5aebd615c83fa60b	1450	9	7	7	0	0	0	0	0
brain6-lava-canonical-v3	d730debf45266d298401564f3260bdecb14739d1c1f1835a5aebd615c83fa60b	1451	9	7	5	2	0	2	0	0
brain6-lava-canonical-v3	d730debf45266d298401564f3260bdecb14739d1c1f1835a5aebd615c83fa60b	1452	9	7	6	1	0	1	0	0
brain6-lava-canonical-v3	d730debf45266d298401564f3260bdecb14739d1c1f1835a5aebd615c83fa60b	1453	9	7	7	0	0	0	0	0
brain6-lava-canonical-v3	d730debf45266d298401564f3260bdecb14739d1c1f1835a5aebd615c83fa60b	1454	9	7	4	3	0	3	0	0
brain6-lava-canonical-v3	d730debf45266d298401564f3260bdecb14739d1c1f1835a5aebd615c83fa60b	1455	9	7	4	3	0	3	0	0
brain6-lava-canonical-v3	d730debf45266d298401564f3260bdecb14739d1c1f1835a5aebd615c83fa60b	1456	9	7	6	1	0	1	0	0
brain6-lava-canonical-v3	d730debf45266d298401564f3260bdecb14739d1c1f1835a5aebd615c83fa60b	1457	9	7	7	0	0	0	0	0
brain6-lava-canonical-v3	d730debf45266d298401564f3260bdecb14739d1c1f1835a5aebd615c83fa60b	1458	9	7	6	1	0	1	0	0
brain6-lava-canonical-v3	d730debf45266d298401564f3260bdecb14739d1c1f1835a5aebd615c83fa60b	1459	9	7	5	2	0	2	0	0
brain6-lava-canonical-v3	d730debf45266d298401564f3260bdecb14739d1c1f1835a5aebd615c83fa60b	1460	9	7	5	2	0	2	0	0
brain6-lava-canonical-v3	d730debf45266d298401564f3260bdecb14739d1c1f1835a5aebd615c83fa60b	1461	9	7	5	2	0	2	0	0
brain6-lava-canonical-v3	d730debf45266d298401564f3260bdecb14739d1c1f1835a5aebd615c83fa60b	1462	9	7	6	1	0	1	0	0
brain6-lava-canonical-v3	d730debf45266d298401564f3260bdecb14739d1c1f1835a5aebd615c83fa60b	1463	9	7	6	1	0	1	0	0
brain6-lava-canonical-v3	d730debf45266d298401564f3260bdecb14739d1c1f1835a5aebd615c83fa60b	1464	9	7	5	2	0	2	0	0
brain6-lava-canonical-v3	d730debf45266d298401564f3260bdecb14739d1c1f1835a5aebd615c83fa60b	1465	9	7	7	0	0	0	0	0
brain6-lava-canonical-v3	d730debf45266d298401564f3260bdecb14739d1c1f1835a5aebd615c83fa60b	1466	9	7	7	0	0	0	0	0
brain6-lava-canonical-v3	d730debf45266d298401564f3260bdecb14739d1c1f1835a5aebd615c83fa60b	1467	9	7	6	1	0	1	0	0
brain6-lava-canonical-v3	d730debf45266d298401564f3260bdecb14739d1c1f1835a5aebd615c83fa60b	1468	9	7	7	0	0	0	0	0
brain6-lava-canonical-v3	d730debf45266d298401564f3260bdecb14739d1c1f1835a5aebd615c83fa60b	1469	9	7	5	2	0	2	0	0
brain6-lava-canonical-v3	d730debf45266d298401564f3260bdecb14739d1c1f1835a5aebd615c83fa60b	1470	9	7	5	2	0	2	0	0
brain6-lava-canonical-v3	d730debf45266d298401564f3260bdecb14739d1c1f1835a5aebd615c83fa60b	1471	9	7	5	2	0	2	0	0
brain6-lava-canonical-v3	d730debf45266d298401564f3260bdecb14739d1c1f1835a5aebd615c83fa60b	1472	9	7	5	2	0	2	0	0
brain6-lava-canonical-v3	d730debf45266d298401564f3260bdecb14739d1c1f1835a5aebd615c83fa60b	1473	9	7	4	3	0	3	0	0
brain6-lava-canonical-v3	d730debf45266d298401564f3260bdecb14739d1c1f1835a5aebd615c83fa60b	1474	9	7	6	1	0	1	0	0
brain6-lava-canonical-v3	d730debf45266d298401564f3260bdecb14739d1c1f1835a5aebd615c83fa60b	1475	9	7	5	2	0	2	0	0
brain6-lava-canonical-v3	d730debf45266d298401564f3260bdecb14739d1c1f1835a5aebd615c83fa60b	1476	9	7	6	1	0	1	0	0
brain6-lava-canonical-v3	d730debf45266d298401564f3260bdecb14739d1c1f1835a5aebd615c83fa60b	1477	9	7	5	2	0	2	0	0
brain6-lava-canonical-v3	d730debf45266d298401564f3260bdecb14739d1c1f1835a5aebd615c83fa60b	1478	9	7	5	2	0	2	0	0
brain6-lava-canonical-v3	d730debf45266d298401564f3260bdecb14739d1c1f1835a5aebd615c83fa60b	1479	9	7	4	3	0	3	0	0
brain6-lava-canonical-v3	d730debf45266d298401564f3260bdecb14739d1c1f1835a5aebd615c83fa60b	1480	9	7	5	2	0	2	0	0
brain6-lava-canonical-v3	d730debf45266d298401564f3260bdecb14739d1c1f1835a5aebd615c83fa60b	1481	9	7	5	2	0	2	0	0
brain6-lava-canonical-v3	d730debf45266d298401564f3260bdecb14739d1c1f1835a5aebd615c83fa60b	1482	9	7	6	1	0	1	0	0
brain6-lava-canonical-v3	d730debf45266d298401564f3260bdecb14739d1c1f1835a5aebd615c83fa60b	1483	9	7	5	2	0	2	0	0
brain6-lava-canonical-v3	d730debf45266d298401564f3260bdecb14739d1c1f1835a5aebd615c83fa60b	1484	9	7	6	1	0	0	1	0
brain6-lava-canonical-v3	d730debf45266d298401564f3260bdecb14739d1c1f1835a5aebd615c83fa60b	1485	10	7	6	1	0	1	0	0
brain6-lava-canonical-v3	d730debf45266d298401564f3260bdecb14739d1c1f1835a5aebd615c83fa60b	1486	10	7	7	0	0	0	0	0
brain6-lava-canonical-v3	d730debf45266d298401564f3260bdecb14739d1c1f1835a5aebd615c83fa60b	1487	10	7	7	0	0	0	0	0
brain6-lava-canonical-v3	d730debf45266d298401564f3260bdecb14739d1c1f1835a5aebd615c83fa60b	1488	10	7	5	2	0	2	0	0
brain6-lava-canonical-v3	d730debf45266d298401564f3260bdecb14739d1c1f1835a5aebd615c83fa60b	1489	10	7	4	3	0	3	0	0
brain6-lava-canonical-v3	d730debf45266d298401564f3260bdecb14739d1c1f1835a5aebd615c83fa60b	1490	10	7	4	3	0	3	0	0
brain6-lava-canonical-v3	d730debf45266d298401564f3260bdecb14739d1c1f1835a5aebd615c83fa60b	1491	10	7	5	2	0	2	0	0
brain6-lava-canonical-v3	d730debf45266d298401564f3260bdecb14739d1c1f1835a5aebd615c83fa60b	1492	10	7	6	1	0	1	0	0
brain6-lava-canonical-v3	d730debf45266d298401564f3260bdecb14739d1c1f1835a5aebd615c83fa60b	1493	10	7	5	2	0	2	0	0
brain6-lava-canonical-v3	d730debf45266d298401564f3260bdecb14739d1c1f1835a5aebd615c83fa60b	1494	10	7	4	3	0	3	0	0
brain6-lava-canonical-v3	d730debf45266d298401564f3260bdecb14739d1c1f1835a5aebd615c83fa60b	1495	10	7	6	1	0	1	0	0
brain6-lava-canonical-v3	d730debf45266d298401564f3260bdecb14739d1c1f1835a5aebd615c83fa60b	1496	10	7	5	2	0	2	0	0
brain6-lava-canonical-v3	d730debf45266d298401564f3260bdecb14739d1c1f1835a5aebd615c83fa60b	1497	10	7	6	1	0	1	0	0
brain6-lava-canonical-v3	d730debf45266d298401564f3260bdecb14739d1c1f1835a5aebd615c83fa60b	1498	10	7	6	1	0	1	0	0
brain6-lava-canonical-v3	d730debf45266d298401564f3260bdecb14739d1c1f1835a5aebd615c83fa60b	1499	10	7	5	2	0	2	0	0
brain6-lava-canonical-v3	d730debf45266d298401564f3260bdecb14739d1c1f1835a5aebd615c83fa60b	1500	10	7	6	1	0	1	0	0
brain6-lava-canonical-v3	d730debf45266d298401564f3260bdecb14739d1c1f1835a5aebd615c83fa60b	1501	10	7	5	2	0	2	0	0
brain6-lava-canonical-v3	d730debf45266d298401564f3260bdecb14739d1c1f1835a5aebd615c83fa60b	1502	10	7	5	2	0	2	0	0
brain6-lava-canonical-v3	d730debf45266d298401564f3260bdecb14739d1c1f1835a5aebd615c83fa60b	1503	10	7	6	1	0	1	0	0
brain6-lava-canonical-v3	d730debf45266d298401564f3260bdecb14739d1c1f1835a5aebd615c83fa60b	1504	10	7	6	1	0	1	0	0
brain6-lava-canonical-v3	d730debf45266d298401564f3260bdecb14739d1c1f1835a5aebd615c83fa60b	1505	10	7	6	1	0	1	0	0
brain6-lava-canonical-v3	d730debf45266d298401564f3260bdecb14739d1c1f1835a5aebd615c83fa60b	1506	10	7	7	0	0	0	0	0
brain6-lava-canonical-v3	d730debf45266d298401564f3260bdecb14739d1c1f1835a5aebd615c83fa60b	1507	10	7	4	3	0	3	0	0
brain6-lava-canonical-v3	d730debf45266d298401564f3260bdecb14739d1c1f1835a5aebd615c83fa60b	1508	10	7	6	1	0	1	0	0
brain6-lava-canonical-v3	d730debf45266d298401564f3260bdecb14739d1c1f1835a5aebd615c83fa60b	1509	10	7	6	1	0	1	0	0
brain6-lava-canonical-v3	d730debf45266d298401564f3260bdecb14739d1c1f1835a5aebd615c83fa60b	1510	10	7	5	2	0	2	0	0
brain6-lava-canonical-v3	d730debf45266d298401564f3260bdecb14739d1c1f1835a5aebd615c83fa60b	1511	10	7	5	2	0	2	0	0
brain6-lava-canonical-v3	d730debf45266d298401564f3260bdecb14739d1c1f1835a5aebd615c83fa60b	1512	10	7	6	1	0	1	0	0
brain6-lava-canonical-v3	d730debf45266d298401564f3260bdecb14739d1c1f1835a5aebd615c83fa60b	1513	10	7	6	1	0	1	0	0
brain6-lava-canonical-v3	d730debf45266d298401564f3260bdecb14739d1c1f1835a5aebd615c83fa60b	1514	10	7	6	1	0	1	0	0
brain6-lava-canonical-v3	d730debf45266d298401564f3260bdecb14739d1c1f1835a5aebd615c83fa60b	1515	10	7	5	2	0	2	0	0
brain6-lava-canonical-v3	d730debf45266d298401564f3260bdecb14739d1c1f1835a5aebd615c83fa60b	1516	10	7	7	0	0	0	0	0
brain6-lava-canonical-v3	d730debf45266d298401564f3260bdecb14739d1c1f1835a5aebd615c83fa60b	1517	10	7	6	1	0	1	0	0
brain6-lava-canonical-v3	d730debf45266d298401564f3260bdecb14739d1c1f1835a5aebd615c83fa60b	1518	10	7	5	2	0	2	0	0
brain6-lava-canonical-v3	d730debf45266d298401564f3260bdecb14739d1c1f1835a5aebd615c83fa60b	1519	10	7	5	2	0	2	0	0
brain6-lava-canonical-v3	d730debf45266d298401564f3260bdecb14739d1c1f1835a5aebd615c83fa60b	1520	10	7	6	1	0	1	0	0
brain6-lava-canonical-v3	d730debf45266d298401564f3260bdecb14739d1c1f1835a5aebd615c83fa60b	1521	10	7	6	1	0	1	0	0
brain6-lava-canonical-v3	d730debf45266d298401564f3260bdecb14739d1c1f1835a5aebd615c83fa60b	1522	10	7	6	1	0	1	0	0
brain6-lava-canonical-v3	d730debf45266d298401564f3260bdecb14739d1c1f1835a5aebd615c83fa60b	1523	10	7	6	1	0	1	0	0
brain6-lava-canonical-v3	d730debf45266d298401564f3260bdecb14739d1c1f1835a5aebd615c83fa60b	1524	10	7	6	1	0	1	0	0
brain6-lava-canonical-v3	d730debf45266d298401564f3260bdecb14739d1c1f1835a5aebd615c83fa60b	1525	10	7	5	2	0	2	0	0
brain6-lava-canonical-v3	d730debf45266d298401564f3260bdecb14739d1c1f1835a5aebd615c83fa60b	1526	10	7	4	3	0	3	0	0
brain6-lava-canonical-v3	d730debf45266d298401564f3260bdecb14739d1c1f1835a5aebd615c83fa60b	1527	10	7	4	3	0	3	0	0
brain6-lava-canonical-v3	d730debf45266d298401564f3260bdecb14739d1c1f1835a5aebd615c83fa60b	1528	10	7	5	2	0	2	0	0
brain6-lava-canonical-v3	d730debf45266d298401564f3260bdecb14739d1c1f1835a5aebd615c83fa60b	1529	10	7	5	2	0	2	0	0
brain6-lava-canonical-v3	d730debf45266d298401564f3260bdecb14739d1c1f1835a5aebd615c83fa60b	1530	10	7	6	1	0	1	0	0
brain6-lava-canonical-v3	d730debf45266d298401564f3260bdecb14739d1c1f1835a5aebd615c83fa60b	1531	10	7	4	3	0	3	0	0
brain6-lava-canonical-v3	d730debf45266d298401564f3260bdecb14739d1c1f1835a5aebd615c83fa60b	1532	10	7	4	3	0	3	0	0
brain6-lava-canonical-v3	d730debf45266d298401564f3260bdecb14739d1c1f1835a5aebd615c83fa60b	1533	10	7	5	2	0	2	0	0
brain6-lava-canonical-v3	d730debf45266d298401564f3260bdecb14739d1c1f1835a5aebd615c83fa60b	1534	10	7	7	0	0	0	0	0
brain6-lava-canonical-v3	d730debf45266d298401564f3260bdecb14739d1c1f1835a5aebd615c83fa60b	1535	10	7	5	2	0	2	0	0
brain6-lava-canonical-v3	d730debf45266d298401564f3260bdecb14739d1c1f1835a5aebd615c83fa60b	1536	10	7	7	0	0	0	0	0
brain6-lava-canonical-v3	d730debf45266d298401564f3260bdecb14739d1c1f1835a5aebd615c83fa60b	1537	10	7	3	4	0	4	0	0
brain6-lava-canonical-v3	d730debf45266d298401564f3260bdecb14739d1c1f1835a5aebd615c83fa60b	1538	10	7	6	1	0	1	0	0
brain6-lava-canonical-v3	d730debf45266d298401564f3260bdecb14739d1c1f1835a5aebd615c83fa60b	1539	10	7	5	2	0	2	0	0
brain6-lava-canonical-v3	d730debf45266d298401564f3260bdecb14739d1c1f1835a5aebd615c83fa60b	1540	10	7	5	2	0	2	0	0
brain6-lava-canonical-v3	d730debf45266d298401564f3260bdecb14739d1c1f1835a5aebd615c83fa60b	1541	10	7	5	2	0	2	0	0
brain6-lava-canonical-v3	d730debf45266d298401564f3260bdecb14739d1c1f1835a5aebd615c83fa60b	1542	10	7	6	1	0	1	0	0
brain6-lava-canonical-v3	d730debf45266d298401564f3260bdecb14739d1c1f1835a5aebd615c83fa60b	1543	10	7	7	0	0	0	0	0
brain6-lava-canonical-v3	d730debf45266d298401564f3260bdecb14739d1c1f1835a5aebd615c83fa60b	1544	10	7	6	1	0	1	0	0
brain6-lava-canonical-v3	d730debf45266d298401564f3260bdecb14739d1c1f1835a5aebd615c83fa60b	1545	10	7	6	1	0	1	0	0
brain6-lava-canonical-v3	d730debf45266d298401564f3260bdecb14739d1c1f1835a5aebd615c83fa60b	1546	10	7	4	3	0	3	0	0
brain6-lava-canonical-v3	d730debf45266d298401564f3260bdecb14739d1c1f1835a5aebd615c83fa60b	1547	10	7	5	2	0	2	0	0
brain6-lava-canonical-v3	d730debf45266d298401564f3260bdecb14739d1c1f1835a5aebd615c83fa60b	1548	10	7	5	2	0	2	0	0
brain6-lava-canonical-v3	d730debf45266d298401564f3260bdecb14739d1c1f1835a5aebd615c83fa60b	1549	10	7	6	1	0	1	0	0
brain6-lava-canonical-v3	d730debf45266d298401564f3260bdecb14739d1c1f1835a5aebd615c83fa60b	1550	10	7	4	3	0	3	0	0
brain6-lava-canonical-v3	d730debf45266d298401564f3260bdecb14739d1c1f1835a5aebd615c83fa60b	1551	10	7	6	1	0	1	0	0
brain6-lava-canonical-v3	d730debf45266d298401564f3260bdecb14739d1c1f1835a5aebd615c83fa60b	1552	10	7	5	2	0	2	0	0
brain6-lava-canonical-v3	d730debf45266d298401564f3260bdecb14739d1c1f1835a5aebd615c83fa60b	1553	10	7	5	2	0	2	0	0
brain6-lava-canonical-v3	d730debf45266d298401564f3260bdecb14739d1c1f1835a5aebd615c83fa60b	1554	10	7	5	2	0	2	0	0
brain6-lava-canonical-v3	d730debf45266d298401564f3260bdecb14739d1c1f1835a5aebd615c83fa60b	1555	10	7	7	0	0	0	0	0
brain6-lava-canonical-v3	d730debf45266d298401564f3260bdecb14739d1c1f1835a5aebd615c83fa60b	1556	10	7	6	1	0	1	0	0
brain6-lava-canonical-v3	d730debf45266d298401564f3260bdecb14739d1c1f1835a5aebd615c83fa60b	1557	10	7	6	1	0	1	0	0
brain6-lava-canonical-v3	d730debf45266d298401564f3260bdecb14739d1c1f1835a5aebd615c83fa60b	1558	10	7	7	0	0	0	0	0
brain6-lava-canonical-v3	d730debf45266d298401564f3260bdecb14739d1c1f1835a5aebd615c83fa60b	1559	10	7	7	0	0	0	0	0
brain6-lava-canonical-v3	d730debf45266d298401564f3260bdecb14739d1c1f1835a5aebd615c83fa60b	1560	10	7	4	3	0	3	0	0
brain6-lava-canonical-v3	d730debf45266d298401564f3260bdecb14739d1c1f1835a5aebd615c83fa60b	1561	10	7	6	1	0	1	0	0
brain6-lava-canonical-v3	d730debf45266d298401564f3260bdecb14739d1c1f1835a5aebd615c83fa60b	1562	10	7	5	2	0	2	0	0
brain6-lava-canonical-v3	d730debf45266d298401564f3260bdecb14739d1c1f1835a5aebd615c83fa60b	1563	10	7	7	0	0	0	0	0
brain6-lava-canonical-v3	d730debf45266d298401564f3260bdecb14739d1c1f1835a5aebd615c83fa60b	1564	10	7	6	1	0	1	0	0
brain6-lava-canonical-v3	d730debf45266d298401564f3260bdecb14739d1c1f1835a5aebd615c83fa60b	1565	10	7	6	1	0	1	0	0
brain6-lava-canonical-v3	d730debf45266d298401564f3260bdecb14739d1c1f1835a5aebd615c83fa60b	1566	10	7	5	2	0	2	0	0
brain6-lava-canonical-v3	d730debf45266d298401564f3260bdecb14739d1c1f1835a5aebd615c83fa60b	1567	10	7	7	0	0	0	0	0
brain6-lava-canonical-v3	d730debf45266d298401564f3260bdecb14739d1c1f1835a5aebd615c83fa60b	1568	10	7	6	1	0	1	0	0
brain6-lava-canonical-v3	d730debf45266d298401564f3260bdecb14739d1c1f1835a5aebd615c83fa60b	1569	10	7	5	2	0	2	0	0
brain6-lava-canonical-v3	d730debf45266d298401564f3260bdecb14739d1c1f1835a5aebd615c83fa60b	1570	10	7	5	2	0	2	0	0
brain6-lava-canonical-v3	d730debf45266d298401564f3260bdecb14739d1c1f1835a5aebd615c83fa60b	1571	10	7	6	1	0	1	0	0
brain6-lava-canonical-v3	d730debf45266d298401564f3260bdecb14739d1c1f1835a5aebd615c83fa60b	1572	10	7	7	0	0	0	0	0
brain6-lava-canonical-v3	d730debf45266d298401564f3260bdecb14739d1c1f1835a5aebd615c83fa60b	1573	10	7	6	1	0	1	0	0
brain6-lava-canonical-v3	d730debf45266d298401564f3260bdecb14739d1c1f1835a5aebd615c83fa60b	1574	10	7	4	3	0	3	0	0
brain6-lava-canonical-v3	d730debf45266d298401564f3260bdecb14739d1c1f1835a5aebd615c83fa60b	1575	10	7	5	2	0	2	0	0
brain6-lava-canonical-v3	d730debf45266d298401564f3260bdecb14739d1c1f1835a5aebd615c83fa60b	1576	10	7	7	0	0	0	0	0
brain6-lava-canonical-v3	d730debf45266d298401564f3260bdecb14739d1c1f1835a5aebd615c83fa60b	1577	10	7	3	4	0	4	0	0
brain6-lava-canonical-v3	d730debf45266d298401564f3260bdecb14739d1c1f1835a5aebd615c83fa60b	1578	10	7	5	2	0	2	0	0
brain6-lava-canonical-v3	d730debf45266d298401564f3260bdecb14739d1c1f1835a5aebd615c83fa60b	1579	10	7	6	1	0	1	0	0
brain6-lava-canonical-v3	d730debf45266d298401564f3260bdecb14739d1c1f1835a5aebd615c83fa60b	1580	10	7	7	0	0	0	0	0
brain6-lava-canonical-v3	d730debf45266d298401564f3260bdecb14739d1c1f1835a5aebd615c83fa60b	1581	10	7	6	1	0	1	0	0
brain6-lava-canonical-v3	d730debf45266d298401564f3260bdecb14739d1c1f1835a5aebd615c83fa60b	1582	10	7	7	0	0	0	0	0
brain6-lava-canonical-v3	d730debf45266d298401564f3260bdecb14739d1c1f1835a5aebd615c83fa60b	1583	10	7	4	3	0	3	0	0
brain6-lava-canonical-v3	d730debf45266d298401564f3260bdecb14739d1c1f1835a5aebd615c83fa60b	1584	10	7	7	0	0	0	0	0
brain6-lava-canonical-v3	d730debf45266d298401564f3260bdecb14739d1c1f1835a5aebd615c83fa60b	1585	10	7	6	1	0	1	0	0
brain6-lava-canonical-v3	d730debf45266d298401564f3260bdecb14739d1c1f1835a5aebd615c83fa60b	1586	10	7	5	2	0	2	0	0
brain6-lava-canonical-v3	d730debf45266d298401564f3260bdecb14739d1c1f1835a5aebd615c83fa60b	1587	10	7	6	1	0	1	0	0
brain6-lava-canonical-v3	d730debf45266d298401564f3260bdecb14739d1c1f1835a5aebd615c83fa60b	1588	10	7	6	1	0	1	0	0
brain6-lava-canonical-v3	d730debf45266d298401564f3260bdecb14739d1c1f1835a5aebd615c83fa60b	1589	10	7	6	1	0	1	0	0
brain6-lava-canonical-v3	d730debf45266d298401564f3260bdecb14739d1c1f1835a5aebd615c83fa60b	1590	10	7	5	2	0	2	0	0
brain6-lava-canonical-v3	d730debf45266d298401564f3260bdecb14739d1c1f1835a5aebd615c83fa60b	1591	10	7	5	2	0	2	0	0
brain6-lava-canonical-v3	d730debf45266d298401564f3260bdecb14739d1c1f1835a5aebd615c83fa60b	1592	10	7	5	2	0	2	0	0
brain6-lava-canonical-v3	d730debf45266d298401564f3260bdecb14739d1c1f1835a5aebd615c83fa60b	1593	10	7	5	2	0	2	0	0
brain6-lava-canonical-v3	d730debf45266d298401564f3260bdecb14739d1c1f1835a5aebd615c83fa60b	1594	10	7	7	0	0	0	0	0
brain6-lava-canonical-v3	d730debf45266d298401564f3260bdecb14739d1c1f1835a5aebd615c83fa60b	1595	10	7	5	2	0	2	0	0
brain6-lava-canonical-v3	d730debf45266d298401564f3260bdecb14739d1c1f1835a5aebd615c83fa60b	1596	10	7	4	3	0	3	0	0
brain6-lava-canonical-v3	d730debf45266d298401564f3260bdecb14739d1c1f1835a5aebd615c83fa60b	1597	10	7	5	2	0	2	0	0
brain6-lava-canonical-v3	d730debf45266d298401564f3260bdecb14739d1c1f1835a5aebd615c83fa60b	1598	10	7	6	1	0	1	0	0
brain6-lava-canonical-v3	d730debf45266d298401564f3260bdecb14739d1c1f1835a5aebd615c83fa60b	1599	10	7	6	1	0	1	0	0
brain6-lava-canonical-v3	d730debf45266d298401564f3260bdecb14739d1c1f1835a5aebd615c83fa60b	1600	10	7	7	0	0	0	0	0
brain6-lava-canonical-v3	d730debf45266d298401564f3260bdecb14739d1c1f1835a5aebd615c83fa60b	1601	10	7	7	0	0	0	0	0
brain6-lava-canonical-v3	d730debf45266d298401564f3260bdecb14739d1c1f1835a5aebd615c83fa60b	1602	10	7	5	2	0	2	0	0
brain6-lava-canonical-v3	d730debf45266d298401564f3260bdecb14739d1c1f1835a5aebd615c83fa60b	1603	10	7	5	2	0	2	0	0
brain6-lava-canonical-v3	d730debf45266d298401564f3260bdecb14739d1c1f1835a5aebd615c83fa60b	1604	10	7	5	2	0	2	0	0
brain6-lava-canonical-v3	d730debf45266d298401564f3260bdecb14739d1c1f1835a5aebd615c83fa60b	1605	10	7	4	3	0	3	0	0
brain6-lava-canonical-v3	d730debf45266d298401564f3260bdecb14739d1c1f1835a5aebd615c83fa60b	1606	10	7	7	0	0	0	0	0
brain6-lava-canonical-v3	d730debf45266d298401564f3260bdecb14739d1c1f1835a5aebd615c83fa60b	1607	10	7	7	0	0	0	0	0
brain6-lava-canonical-v3	d730debf45266d298401564f3260bdecb14739d1c1f1835a5aebd615c83fa60b	1608	10	7	6	1	0	1	0	0
brain6-lava-canonical-v3	d730debf45266d298401564f3260bdecb14739d1c1f1835a5aebd615c83fa60b	1609	10	7	6	1	0	1	0	0
brain6-lava-canonical-v3	d730debf45266d298401564f3260bdecb14739d1c1f1835a5aebd615c83fa60b	1610	11	7	5	2	0	2	0	0
brain6-lava-canonical-v3	d730debf45266d298401564f3260bdecb14739d1c1f1835a5aebd615c83fa60b	1611	11	7	4	3	0	3	0	0
brain6-lava-canonical-v3	d730debf45266d298401564f3260bdecb14739d1c1f1835a5aebd615c83fa60b	1612	11	7	5	2	0	2	0	0
brain6-lava-canonical-v3	d730debf45266d298401564f3260bdecb14739d1c1f1835a5aebd615c83fa60b	1613	11	7	2	5	0	5	0	0
brain6-lava-canonical-v3	d730debf45266d298401564f3260bdecb14739d1c1f1835a5aebd615c83fa60b	1614	11	7	4	3	0	3	0	0
brain6-lava-canonical-v3	d730debf45266d298401564f3260bdecb14739d1c1f1835a5aebd615c83fa60b	1615	11	7	5	2	0	2	0	0
brain6-lava-canonical-v3	d730debf45266d298401564f3260bdecb14739d1c1f1835a5aebd615c83fa60b	1616	11	7	1	6	0	6	0	0
brain6-lava-canonical-v3	d730debf45266d298401564f3260bdecb14739d1c1f1835a5aebd615c83fa60b	1617	11	7	5	2	0	2	0	0
brain6-lava-canonical-v3	d730debf45266d298401564f3260bdecb14739d1c1f1835a5aebd615c83fa60b	1618	11	7	5	2	0	2	0	0
brain6-lava-canonical-v3	d730debf45266d298401564f3260bdecb14739d1c1f1835a5aebd615c83fa60b	1619	11	7	5	2	0	2	0	0
brain6-lava-canonical-v3	d730debf45266d298401564f3260bdecb14739d1c1f1835a5aebd615c83fa60b	1620	11	7	6	1	0	1	0	0
brain6-lava-canonical-v3	d730debf45266d298401564f3260bdecb14739d1c1f1835a5aebd615c83fa60b	1621	11	7	4	3	0	3	0	0
brain6-lava-canonical-v3	d730debf45266d298401564f3260bdecb14739d1c1f1835a5aebd615c83fa60b	1622	11	7	6	1	0	1	0	0
brain6-lava-canonical-v3	d730debf45266d298401564f3260bdecb14739d1c1f1835a5aebd615c83fa60b	1623	11	7	6	1	0	1	0	0
brain6-lava-canonical-v3	d730debf45266d298401564f3260bdecb14739d1c1f1835a5aebd615c83fa60b	1624	11	7	6	1	0	1	0	0
brain6-lava-canonical-v3	d730debf45266d298401564f3260bdecb14739d1c1f1835a5aebd615c83fa60b	1625	11	7	6	1	0	1	0	0
brain6-lava-canonical-v3	d730debf45266d298401564f3260bdecb14739d1c1f1835a5aebd615c83fa60b	1626	11	7	6	1	0	1	0	0
brain6-lava-canonical-v3	d730debf45266d298401564f3260bdecb14739d1c1f1835a5aebd615c83fa60b	1627	11	7	6	1	0	1	0	0
brain6-lava-canonical-v3	d730debf45266d298401564f3260bdecb14739d1c1f1835a5aebd615c83fa60b	1628	11	7	5	2	0	2	0	0
brain6-lava-canonical-v3	d730debf45266d298401564f3260bdecb14739d1c1f1835a5aebd615c83fa60b	1629	11	7	6	1	0	1	0	0
brain6-lava-canonical-v3	d730debf45266d298401564f3260bdecb14739d1c1f1835a5aebd615c83fa60b	1630	11	7	6	1	0	1	0	0
brain6-lava-canonical-v3	d730debf45266d298401564f3260bdecb14739d1c1f1835a5aebd615c83fa60b	1631	11	7	5	2	0	2	0	0
brain6-lava-canonical-v3	d730debf45266d298401564f3260bdecb14739d1c1f1835a5aebd615c83fa60b	1632	11	7	5	2	0	2	0	0
brain6-lava-canonical-v3	d730debf45266d298401564f3260bdecb14739d1c1f1835a5aebd615c83fa60b	1633	11	7	6	1	0	1	0	0
brain6-lava-canonical-v3	d730debf45266d298401564f3260bdecb14739d1c1f1835a5aebd615c83fa60b	1634	11	7	5	2	0	2	0	0
brain6-lava-canonical-v3	d730debf45266d298401564f3260bdecb14739d1c1f1835a5aebd615c83fa60b	1635	11	7	6	1	0	1	0	0
brain6-lava-canonical-v3	d730debf45266d298401564f3260bdecb14739d1c1f1835a5aebd615c83fa60b	1636	11	7	6	1	0	1	0	0
brain6-lava-canonical-v3	d730debf45266d298401564f3260bdecb14739d1c1f1835a5aebd615c83fa60b	1637	11	7	5	2	0	2	0	0
brain6-lava-canonical-v3	d730debf45266d298401564f3260bdecb14739d1c1f1835a5aebd615c83fa60b	1638	11	7	3	4	0	4	0	0
brain6-lava-canonical-v3	d730debf45266d298401564f3260bdecb14739d1c1f1835a5aebd615c83fa60b	1639	11	7	4	3	0	3	0	0
brain6-lava-canonical-v3	d730debf45266d298401564f3260bdecb14739d1c1f1835a5aebd615c83fa60b	1640	11	7	6	1	0	1	0	0
brain6-lava-canonical-v3	d730debf45266d298401564f3260bdecb14739d1c1f1835a5aebd615c83fa60b	1641	11	7	7	0	0	0	0	0
brain6-lava-canonical-v3	d730debf45266d298401564f3260bdecb14739d1c1f1835a5aebd615c83fa60b	1642	11	7	7	0	0	0	0	0
brain6-lava-canonical-v3	d730debf45266d298401564f3260bdecb14739d1c1f1835a5aebd615c83fa60b	1643	11	7	6	1	0	1	0	0
brain6-lava-canonical-v3	d730debf45266d298401564f3260bdecb14739d1c1f1835a5aebd615c83fa60b	1644	11	7	6	1	0	1	0	0
brain6-lava-canonical-v3	d730debf45266d298401564f3260bdecb14739d1c1f1835a5aebd615c83fa60b	1645	11	7	4	3	0	3	0	0
brain6-lava-canonical-v3	d730debf45266d298401564f3260bdecb14739d1c1f1835a5aebd615c83fa60b	1646	11	7	4	3	0	3	0	0
brain6-lava-canonical-v3	d730debf45266d298401564f3260bdecb14739d1c1f1835a5aebd615c83fa60b	1647	11	7	5	2	0	2	0	0
brain6-lava-canonical-v3	d730debf45266d298401564f3260bdecb14739d1c1f1835a5aebd615c83fa60b	1648	11	7	6	1	0	1	0	0
brain6-lava-canonical-v3	d730debf45266d298401564f3260bdecb14739d1c1f1835a5aebd615c83fa60b	1649	11	7	4	3	0	3	0	0
brain6-lava-canonical-v3	d730debf45266d298401564f3260bdecb14739d1c1f1835a5aebd615c83fa60b	1650	11	7	6	1	0	1	0	0
brain6-lava-canonical-v3	d730debf45266d298401564f3260bdecb14739d1c1f1835a5aebd615c83fa60b	1651	11	7	5	2	0	2	0	0
brain6-lava-canonical-v3	d730debf45266d298401564f3260bdecb14739d1c1f1835a5aebd615c83fa60b	1652	11	7	7	0	0	0	0	0
brain6-lava-canonical-v3	d730debf45266d298401564f3260bdecb14739d1c1f1835a5aebd615c83fa60b	1653	11	7	5	2	0	2	0	0
brain6-lava-canonical-v3	d730debf45266d298401564f3260bdecb14739d1c1f1835a5aebd615c83fa60b	1654	11	7	4	3	0	3	0	0
brain6-lava-canonical-v3	d730debf45266d298401564f3260bdecb14739d1c1f1835a5aebd615c83fa60b	1655	11	7	6	1	0	1	0	0
brain6-lava-canonical-v3	d730debf45266d298401564f3260bdecb14739d1c1f1835a5aebd615c83fa60b	1656	11	7	5	2	0	2	0	0
brain6-lava-canonical-v3	d730debf45266d298401564f3260bdecb14739d1c1f1835a5aebd615c83fa60b	1657	11	7	6	1	0	1	0	0
brain6-lava-canonical-v3	d730debf45266d298401564f3260bdecb14739d1c1f1835a5aebd615c83fa60b	1658	11	7	6	1	0	1	0	0
brain6-lava-canonical-v3	d730debf45266d298401564f3260bdecb14739d1c1f1835a5aebd615c83fa60b	1659	11	7	7	0	0	0	0	0
brain6-lava-canonical-v3	d730debf45266d298401564f3260bdecb14739d1c1f1835a5aebd615c83fa60b	1660	11	7	7	0	0	0	0	0
brain6-lava-canonical-v3	d730debf45266d298401564f3260bdecb14739d1c1f1835a5aebd615c83fa60b	1661	11	7	7	0	0	0	0	0
brain6-lava-canonical-v3	d730debf45266d298401564f3260bdecb14739d1c1f1835a5aebd615c83fa60b	1662	11	7	7	0	0	0	0	0
brain6-lava-canonical-v3	d730debf45266d298401564f3260bdecb14739d1c1f1835a5aebd615c83fa60b	1663	11	7	7	0	0	0	0	0
brain6-lava-canonical-v3	d730debf45266d298401564f3260bdecb14739d1c1f1835a5aebd615c83fa60b	1664	11	7	7	0	0	0	0	0
brain6-lava-canonical-v3	d730debf45266d298401564f3260bdecb14739d1c1f1835a5aebd615c83fa60b	1665	11	7	7	0	0	0	0	0
brain6-lava-canonical-v3	d730debf45266d298401564f3260bdecb14739d1c1f1835a5aebd615c83fa60b	1666	11	7	6	1	0	1	0	0
brain6-lava-canonical-v3	d730debf45266d298401564f3260bdecb14739d1c1f1835a5aebd615c83fa60b	1667	11	7	5	2	0	2	0	0
brain6-lava-canonical-v3	d730debf45266d298401564f3260bdecb14739d1c1f1835a5aebd615c83fa60b	1668	11	7	6	1	0	1	0	0
brain6-lava-canonical-v3	d730debf45266d298401564f3260bdecb14739d1c1f1835a5aebd615c83fa60b	1669	11	7	5	2	0	2	0	0
brain6-lava-canonical-v3	d730debf45266d298401564f3260bdecb14739d1c1f1835a5aebd615c83fa60b	1670	11	7	4	3	0	3	0	0
brain6-lava-canonical-v3	d730debf45266d298401564f3260bdecb14739d1c1f1835a5aebd615c83fa60b	1671	11	7	7	0	0	0	0	0
brain6-lava-canonical-v3	d730debf45266d298401564f3260bdecb14739d1c1f1835a5aebd615c83fa60b	1672	11	7	6	1	0	1	0	0
brain6-lava-canonical-v3	d730debf45266d298401564f3260bdecb14739d1c1f1835a5aebd615c83fa60b	1673	11	7	6	1	0	1	0	0
brain6-lava-canonical-v3	d730debf45266d298401564f3260bdecb14739d1c1f1835a5aebd615c83fa60b	1674	11	7	7	0	0	0	0	0
brain6-lava-canonical-v3	d730debf45266d298401564f3260bdecb14739d1c1f1835a5aebd615c83fa60b	1675	11	7	5	2	0	2	0	0
brain6-lava-canonical-v3	d730debf45266d298401564f3260bdecb14739d1c1f1835a5aebd615c83fa60b	1676	11	7	5	2	0	2	0	0
brain6-lava-canonical-v3	d730debf45266d298401564f3260bdecb14739d1c1f1835a5aebd615c83fa60b	1677	11	7	6	1	0	1	0	0
brain6-lava-canonical-v3	d730debf45266d298401564f3260bdecb14739d1c1f1835a5aebd615c83fa60b	1678	11	7	5	2	0	2	0	0
brain6-lava-canonical-v3	d730debf45266d298401564f3260bdecb14739d1c1f1835a5aebd615c83fa60b	1679	11	7	6	1	0	1	0	0
brain6-lava-canonical-v3	d730debf45266d298401564f3260bdecb14739d1c1f1835a5aebd615c83fa60b	1680	11	7	6	1	0	1	0	0
brain6-lava-canonical-v3	d730debf45266d298401564f3260bdecb14739d1c1f1835a5aebd615c83fa60b	1681	11	7	4	3	0	3	0	0
brain6-lava-canonical-v3	d730debf45266d298401564f3260bdecb14739d1c1f1835a5aebd615c83fa60b	1682	11	7	6	1	0	1	0	0
brain6-lava-canonical-v3	d730debf45266d298401564f3260bdecb14739d1c1f1835a5aebd615c83fa60b	1683	11	7	5	2	0	2	0	0
brain6-lava-canonical-v3	d730debf45266d298401564f3260bdecb14739d1c1f1835a5aebd615c83fa60b	1684	11	7	6	1	0	1	0	0
brain6-lava-canonical-v3	d730debf45266d298401564f3260bdecb14739d1c1f1835a5aebd615c83fa60b	1685	11	7	5	2	0	2	0	0
brain6-lava-canonical-v3	d730debf45266d298401564f3260bdecb14739d1c1f1835a5aebd615c83fa60b	1686	11	7	5	2	0	2	0	0
brain6-lava-canonical-v3	d730debf45266d298401564f3260bdecb14739d1c1f1835a5aebd615c83fa60b	1687	11	7	5	2	0	2	0	0
brain6-lava-canonical-v3	d730debf45266d298401564f3260bdecb14739d1c1f1835a5aebd615c83fa60b	1688	11	7	6	1	0	1	0	0
brain6-lava-canonical-v3	d730debf45266d298401564f3260bdecb14739d1c1f1835a5aebd615c83fa60b	1689	11	7	6	1	0	1	0	0
brain6-lava-canonical-v3	d730debf45266d298401564f3260bdecb14739d1c1f1835a5aebd615c83fa60b	1690	11	7	5	2	0	2	0	0
brain6-lava-canonical-v3	d730debf45266d298401564f3260bdecb14739d1c1f1835a5aebd615c83fa60b	1691	11	7	3	4	0	4	0	0
brain6-lava-canonical-v3	d730debf45266d298401564f3260bdecb14739d1c1f1835a5aebd615c83fa60b	1692	11	7	6	1	0	1	0	0
brain6-lava-canonical-v3	d730debf45266d298401564f3260bdecb14739d1c1f1835a5aebd615c83fa60b	1693	11	7	7	0	0	0	0	0
brain6-lava-canonical-v3	d730debf45266d298401564f3260bdecb14739d1c1f1835a5aebd615c83fa60b	1694	11	7	5	2	0	2	0	0
brain6-lava-canonical-v3	d730debf45266d298401564f3260bdecb14739d1c1f1835a5aebd615c83fa60b	1695	11	7	5	2	0	2	0	0
brain6-lava-canonical-v3	d730debf45266d298401564f3260bdecb14739d1c1f1835a5aebd615c83fa60b	1696	11	7	7	0	0	0	0	0
brain6-lava-canonical-v3	d730debf45266d298401564f3260bdecb14739d1c1f1835a5aebd615c83fa60b	1697	11	7	6	1	0	1	0	0
brain6-lava-canonical-v3	d730debf45266d298401564f3260bdecb14739d1c1f1835a5aebd615c83fa60b	1698	11	7	6	1	0	1	0	0
brain6-lava-canonical-v3	d730debf45266d298401564f3260bdecb14739d1c1f1835a5aebd615c83fa60b	1699	11	7	7	0	0	0	0	0
brain6-lava-canonical-v3	d730debf45266d298401564f3260bdecb14739d1c1f1835a5aebd615c83fa60b	1700	11	7	4	3	0	3	0	0
brain6-lava-canonical-v3	d730debf45266d298401564f3260bdecb14739d1c1f1835a5aebd615c83fa60b	1701	11	7	6	1	0	1	0	0
brain6-lava-canonical-v3	d730debf45266d298401564f3260bdecb14739d1c1f1835a5aebd615c83fa60b	1702	11	7	6	1	0	1	0	0
brain6-lava-canonical-v3	d730debf45266d298401564f3260bdecb14739d1c1f1835a5aebd615c83fa60b	1703	11	7	5	2	0	2	0	0
brain6-lava-canonical-v3	d730debf45266d298401564f3260bdecb14739d1c1f1835a5aebd615c83fa60b	1704	11	7	7	0	0	0	0	0
brain6-lava-canonical-v3	d730debf45266d298401564f3260bdecb14739d1c1f1835a5aebd615c83fa60b	1705	11	7	4	3	0	3	0	0
brain6-lava-canonical-v3	d730debf45266d298401564f3260bdecb14739d1c1f1835a5aebd615c83fa60b	1706	11	7	6	1	0	1	0	0
brain6-lava-canonical-v3	d730debf45266d298401564f3260bdecb14739d1c1f1835a5aebd615c83fa60b	1707	11	7	5	2	0	2	0	0
brain6-lava-canonical-v3	d730debf45266d298401564f3260bdecb14739d1c1f1835a5aebd615c83fa60b	1708	11	7	3	4	0	4	0	0
brain6-lava-canonical-v3	d730debf45266d298401564f3260bdecb14739d1c1f1835a5aebd615c83fa60b	1709	11	7	6	1	0	1	0	0
brain6-lava-canonical-v3	d730debf45266d298401564f3260bdecb14739d1c1f1835a5aebd615c83fa60b	1710	11	7	6	1	0	1	0	0
brain6-lava-canonical-v3	d730debf45266d298401564f3260bdecb14739d1c1f1835a5aebd615c83fa60b	1711	11	7	3	4	0	4	0	0
brain6-lava-canonical-v3	d730debf45266d298401564f3260bdecb14739d1c1f1835a5aebd615c83fa60b	1712	11	7	6	1	0	1	0	0
brain6-lava-canonical-v3	d730debf45266d298401564f3260bdecb14739d1c1f1835a5aebd615c83fa60b	1713	11	7	7	0	0	0	0	0
brain6-lava-canonical-v3	d730debf45266d298401564f3260bdecb14739d1c1f1835a5aebd615c83fa60b	1714	11	7	5	2	0	2	0	0
brain6-lava-canonical-v3	d730debf45266d298401564f3260bdecb14739d1c1f1835a5aebd615c83fa60b	1715	11	7	6	1	0	1	0	0
brain6-lava-canonical-v3	d730debf45266d298401564f3260bdecb14739d1c1f1835a5aebd615c83fa60b	1716	11	7	6	1	0	1	0	0
brain6-lava-canonical-v3	d730debf45266d298401564f3260bdecb14739d1c1f1835a5aebd615c83fa60b	1717	11	7	7	0	0	0	0	0
brain6-lava-canonical-v3	d730debf45266d298401564f3260bdecb14739d1c1f1835a5aebd615c83fa60b	1718	11	7	7	0	0	0	0	0
brain6-lava-canonical-v3	d730debf45266d298401564f3260bdecb14739d1c1f1835a5aebd615c83fa60b	1719	11	7	7	0	0	0	0	0
brain6-lava-canonical-v3	d730debf45266d298401564f3260bdecb14739d1c1f1835a5aebd615c83fa60b	1720	11	7	5	2	0	2	0	0
brain6-lava-canonical-v3	d730debf45266d298401564f3260bdecb14739d1c1f1835a5aebd615c83fa60b	1721	11	7	7	0	0	0	0	0
brain6-lava-canonical-v3	d730debf45266d298401564f3260bdecb14739d1c1f1835a5aebd615c83fa60b	1722	11	7	6	1	0	1	0	0
brain6-lava-canonical-v3	d730debf45266d298401564f3260bdecb14739d1c1f1835a5aebd615c83fa60b	1723	11	7	7	0	0	0	0	0
brain6-lava-canonical-v3	d730debf45266d298401564f3260bdecb14739d1c1f1835a5aebd615c83fa60b	1724	11	7	6	1	0	1	0	0
brain6-lava-canonical-v3	d730debf45266d298401564f3260bdecb14739d1c1f1835a5aebd615c83fa60b	1725	11	7	4	3	0	3	0	0
brain6-lava-canonical-v3	d730debf45266d298401564f3260bdecb14739d1c1f1835a5aebd615c83fa60b	1726	11	7	6	1	0	1	0	0
brain6-lava-canonical-v3	d730debf45266d298401564f3260bdecb14739d1c1f1835a5aebd615c83fa60b	1727	11	7	7	0	0	0	0	0
brain6-lava-canonical-v3	d730debf45266d298401564f3260bdecb14739d1c1f1835a5aebd615c83fa60b	1728	11	7	4	3	0	3	0	0
brain6-lava-canonical-v3	d730debf45266d298401564f3260bdecb14739d1c1f1835a5aebd615c83fa60b	1729	11	7	6	1	0	1	0	0
brain6-lava-canonical-v3	d730debf45266d298401564f3260bdecb14739d1c1f1835a5aebd615c83fa60b	1730	11	7	5	2	0	2	0	0
brain6-lava-canonical-v3	d730debf45266d298401564f3260bdecb14739d1c1f1835a5aebd615c83fa60b	1731	11	7	6	1	0	1	0	0
brain6-lava-canonical-v3	d730debf45266d298401564f3260bdecb14739d1c1f1835a5aebd615c83fa60b	1732	11	7	7	0	0	0	0	0
brain6-lava-canonical-v3	d730debf45266d298401564f3260bdecb14739d1c1f1835a5aebd615c83fa60b	1733	11	7	6	1	0	1	0	0
brain6-lava-canonical-v3	d730debf45266d298401564f3260bdecb14739d1c1f1835a5aebd615c83fa60b	1734	11	7	6	1	0	1	0	0
brain6-lava-canonical-v3	d730debf45266d298401564f3260bdecb14739d1c1f1835a5aebd615c83fa60b	1735	11	7	6	1	0	1	0	0
brain6-lava-canonical-v3	d730debf45266d298401564f3260bdecb14739d1c1f1835a5aebd615c83fa60b	1736	11	7	6	1	0	1	0	0
brain6-lava-canonical-v3	d730debf45266d298401564f3260bdecb14739d1c1f1835a5aebd615c83fa60b	1737	11	7	7	0	0	0	0	0
brain6-lava-canonical-v3	d730debf45266d298401564f3260bdecb14739d1c1f1835a5aebd615c83fa60b	1738	11	7	6	1	0	1	0	0
brain6-lava-canonical-v3	d730debf45266d298401564f3260bdecb14739d1c1f1835a5aebd615c83fa60b	1739	11	7	5	2	0	2	0	0
brain6-lava-canonical-v3	d730debf45266d298401564f3260bdecb14739d1c1f1835a5aebd615c83fa60b	1740	12	7	5	2	0	2	0	0
brain6-lava-canonical-v3	d730debf45266d298401564f3260bdecb14739d1c1f1835a5aebd615c83fa60b	1741	12	7	7	0	0	0	0	0
brain6-lava-canonical-v3	d730debf45266d298401564f3260bdecb14739d1c1f1835a5aebd615c83fa60b	1742	12	7	5	2	0	2	0	0
brain6-lava-canonical-v3	d730debf45266d298401564f3260bdecb14739d1c1f1835a5aebd615c83fa60b	1743	12	7	5	2	0	2	0	0
brain6-lava-canonical-v3	d730debf45266d298401564f3260bdecb14739d1c1f1835a5aebd615c83fa60b	1744	12	7	5	2	0	2	0	0
brain6-lava-canonical-v3	d730debf45266d298401564f3260bdecb14739d1c1f1835a5aebd615c83fa60b	1745	12	7	6	1	0	1	0	0
brain6-lava-canonical-v3	d730debf45266d298401564f3260bdecb14739d1c1f1835a5aebd615c83fa60b	1746	12	7	4	3	0	3	0	0
brain6-lava-canonical-v3	d730debf45266d298401564f3260bdecb14739d1c1f1835a5aebd615c83fa60b	1747	12	7	7	0	0	0	0	0
brain6-lava-canonical-v3	d730debf45266d298401564f3260bdecb14739d1c1f1835a5aebd615c83fa60b	1748	12	7	4	3	0	3	0	0
brain6-lava-canonical-v3	d730debf45266d298401564f3260bdecb14739d1c1f1835a5aebd615c83fa60b	1749	12	7	6	1	0	1	0	0
brain6-lava-canonical-v3	d730debf45266d298401564f3260bdecb14739d1c1f1835a5aebd615c83fa60b	1750	12	7	5	2	0	2	0	0
brain6-lava-canonical-v3	d730debf45266d298401564f3260bdecb14739d1c1f1835a5aebd615c83fa60b	1751	12	7	7	0	0	0	0	0
brain6-lava-canonical-v3	d730debf45266d298401564f3260bdecb14739d1c1f1835a5aebd615c83fa60b	1752	12	7	6	1	0	1	0	0
brain6-lava-canonical-v3	d730debf45266d298401564f3260bdecb14739d1c1f1835a5aebd615c83fa60b	1753	12	7	4	3	0	3	0	0
brain6-lava-canonical-v3	d730debf45266d298401564f3260bdecb14739d1c1f1835a5aebd615c83fa60b	1754	12	7	7	0	0	0	0	0
brain6-lava-canonical-v3	d730debf45266d298401564f3260bdecb14739d1c1f1835a5aebd615c83fa60b	1755	12	7	7	0	0	0	0	0
brain6-lava-canonical-v3	d730debf45266d298401564f3260bdecb14739d1c1f1835a5aebd615c83fa60b	1756	12	7	5	2	0	2	0	0
brain6-lava-canonical-v3	d730debf45266d298401564f3260bdecb14739d1c1f1835a5aebd615c83fa60b	1757	12	7	4	3	0	3	0	0
brain6-lava-canonical-v3	d730debf45266d298401564f3260bdecb14739d1c1f1835a5aebd615c83fa60b	1758	12	7	4	3	0	3	0	0
brain6-lava-canonical-v3	d730debf45266d298401564f3260bdecb14739d1c1f1835a5aebd615c83fa60b	1759	12	7	6	1	0	1	0	0
brain6-lava-canonical-v3	d730debf45266d298401564f3260bdecb14739d1c1f1835a5aebd615c83fa60b	1760	12	7	5	2	0	2	0	0
brain6-lava-canonical-v3	d730debf45266d298401564f3260bdecb14739d1c1f1835a5aebd615c83fa60b	1761	12	7	3	4	0	4	0	0
brain6-lava-canonical-v3	d730debf45266d298401564f3260bdecb14739d1c1f1835a5aebd615c83fa60b	1762	12	7	4	3	0	3	0	0
brain6-lava-canonical-v3	d730debf45266d298401564f3260bdecb14739d1c1f1835a5aebd615c83fa60b	1763	12	7	5	2	0	2	0	0
brain6-lava-canonical-v3	d730debf45266d298401564f3260bdecb14739d1c1f1835a5aebd615c83fa60b	1764	12	7	7	0	0	0	0	0
brain6-lava-canonical-v3	d730debf45266d298401564f3260bdecb14739d1c1f1835a5aebd615c83fa60b	1765	12	7	6	1	0	1	0	0
brain6-lava-canonical-v3	d730debf45266d298401564f3260bdecb14739d1c1f1835a5aebd615c83fa60b	1766	12	7	5	2	0	2	0	0
brain6-lava-canonical-v3	d730debf45266d298401564f3260bdecb14739d1c1f1835a5aebd615c83fa60b	1767	12	7	3	4	0	4	0	0
brain6-lava-canonical-v3	d730debf45266d298401564f3260bdecb14739d1c1f1835a5aebd615c83fa60b	1768	12	7	7	0	0	0	0	0
brain6-lava-canonical-v3	d730debf45266d298401564f3260bdecb14739d1c1f1835a5aebd615c83fa60b	1769	12	7	6	1	0	1	0	0
brain6-lava-canonical-v3	d730debf45266d298401564f3260bdecb14739d1c1f1835a5aebd615c83fa60b	1770	12	7	7	0	0	0	0	0
brain6-lava-canonical-v3	d730debf45266d298401564f3260bdecb14739d1c1f1835a5aebd615c83fa60b	1771	12	7	4	3	0	3	0	0
brain6-lava-canonical-v3	d730debf45266d298401564f3260bdecb14739d1c1f1835a5aebd615c83fa60b	1772	12	7	2	5	0	5	0	0
brain6-lava-canonical-v3	d730debf45266d298401564f3260bdecb14739d1c1f1835a5aebd615c83fa60b	1773	12	7	5	2	0	2	0	0
brain6-lava-canonical-v3	d730debf45266d298401564f3260bdecb14739d1c1f1835a5aebd615c83fa60b	1774	12	7	6	1	0	1	0	0
brain6-lava-canonical-v3	d730debf45266d298401564f3260bdecb14739d1c1f1835a5aebd615c83fa60b	1775	12	7	6	1	0	1	0	0
brain6-lava-canonical-v3	d730debf45266d298401564f3260bdecb14739d1c1f1835a5aebd615c83fa60b	1776	12	7	4	3	0	3	0	0
brain6-lava-canonical-v3	d730debf45266d298401564f3260bdecb14739d1c1f1835a5aebd615c83fa60b	1777	12	7	6	1	0	1	0	0
brain6-lava-canonical-v3	d730debf45266d298401564f3260bdecb14739d1c1f1835a5aebd615c83fa60b	1778	12	7	6	1	0	1	0	0
brain6-lava-canonical-v3	d730debf45266d298401564f3260bdecb14739d1c1f1835a5aebd615c83fa60b	1779	12	7	7	0	0	0	0	0
brain6-lava-canonical-v3	d730debf45266d298401564f3260bdecb14739d1c1f1835a5aebd615c83fa60b	1780	12	7	6	1	0	1	0	0
brain6-lava-canonical-v3	d730debf45266d298401564f3260bdecb14739d1c1f1835a5aebd615c83fa60b	1781	12	7	6	1	0	1	0	0
brain6-lava-canonical-v3	d730debf45266d298401564f3260bdecb14739d1c1f1835a5aebd615c83fa60b	1782	12	7	5	2	0	2	0	0
brain6-lava-canonical-v3	d730debf45266d298401564f3260bdecb14739d1c1f1835a5aebd615c83fa60b	1783	12	7	4	3	0	3	0	0
brain6-lava-canonical-v3	d730debf45266d298401564f3260bdecb14739d1c1f1835a5aebd615c83fa60b	1784	12	7	5	2	0	2	0	0
brain6-lava-canonical-v3	d730debf45266d298401564f3260bdecb14739d1c1f1835a5aebd615c83fa60b	1785	12	7	5	2	0	2	0	0
brain6-lava-canonical-v3	d730debf45266d298401564f3260bdecb14739d1c1f1835a5aebd615c83fa60b	1786	12	7	5	2	0	2	0	0
brain6-lava-canonical-v3	d730debf45266d298401564f3260bdecb14739d1c1f1835a5aebd615c83fa60b	1787	12	7	6	1	0	1	0	0
brain6-lava-canonical-v3	d730debf45266d298401564f3260bdecb14739d1c1f1835a5aebd615c83fa60b	1788	12	7	6	1	0	1	0	0
brain6-lava-canonical-v3	d730debf45266d298401564f3260bdecb14739d1c1f1835a5aebd615c83fa60b	1789	12	7	5	2	0	2	0	0
brain6-lava-canonical-v3	d730debf45266d298401564f3260bdecb14739d1c1f1835a5aebd615c83fa60b	1790	12	7	5	2	0	2	0	0
brain6-lava-canonical-v3	d730debf45266d298401564f3260bdecb14739d1c1f1835a5aebd615c83fa60b	1791	12	7	5	2	0	2	0	0
brain6-lava-canonical-v3	d730debf45266d298401564f3260bdecb14739d1c1f1835a5aebd615c83fa60b	1792	12	7	5	2	0	2	0	0
brain6-lava-canonical-v3	d730debf45266d298401564f3260bdecb14739d1c1f1835a5aebd615c83fa60b	1793	12	7	6	1	0	1	0	0
brain6-lava-canonical-v3	d730debf45266d298401564f3260bdecb14739d1c1f1835a5aebd615c83fa60b	1794	12	7	6	1	0	1	0	0
brain6-lava-canonical-v3	d730debf45266d298401564f3260bdecb14739d1c1f1835a5aebd615c83fa60b	1795	12	7	4	3	0	3	0	0
brain6-lava-canonical-v3	d730debf45266d298401564f3260bdecb14739d1c1f1835a5aebd615c83fa60b	1796	12	7	6	1	0	1	0	0
brain6-lava-canonical-v3	d730debf45266d298401564f3260bdecb14739d1c1f1835a5aebd615c83fa60b	1797	12	7	6	1	0	1	0	0
brain6-lava-canonical-v3	d730debf45266d298401564f3260bdecb14739d1c1f1835a5aebd615c83fa60b	1798	12	7	5	2	0	2	0	0
brain6-lava-canonical-v3	d730debf45266d298401564f3260bdecb14739d1c1f1835a5aebd615c83fa60b	1799	12	7	6	1	0	1	0	0
brain6-lava-canonical-v3	d730debf45266d298401564f3260bdecb14739d1c1f1835a5aebd615c83fa60b	1800	12	7	5	2	0	2	0	0
brain6-lava-canonical-v3	d730debf45266d298401564f3260bdecb14739d1c1f1835a5aebd615c83fa60b	1801	12	7	3	4	0	4	0	0
brain6-lava-canonical-v3	d730debf45266d298401564f3260bdecb14739d1c1f1835a5aebd615c83fa60b	1802	12	7	5	2	0	2	0	0
brain6-lava-canonical-v3	d730debf45266d298401564f3260bdecb14739d1c1f1835a5aebd615c83fa60b	1803	12	7	5	2	0	2	0	0
brain6-lava-canonical-v3	d730debf45266d298401564f3260bdecb14739d1c1f1835a5aebd615c83fa60b	1804	12	7	7	0	0	0	0	0
brain6-lava-canonical-v3	d730debf45266d298401564f3260bdecb14739d1c1f1835a5aebd615c83fa60b	1805	12	7	7	0	0	0	0	0
brain6-lava-canonical-v3	d730debf45266d298401564f3260bdecb14739d1c1f1835a5aebd615c83fa60b	1806	12	7	4	3	0	3	0	0
brain6-lava-canonical-v3	d730debf45266d298401564f3260bdecb14739d1c1f1835a5aebd615c83fa60b	1807	12	7	5	2	0	2	0	0
brain6-lava-canonical-v3	d730debf45266d298401564f3260bdecb14739d1c1f1835a5aebd615c83fa60b	1808	12	7	6	1	0	1	0	0
brain6-lava-canonical-v3	d730debf45266d298401564f3260bdecb14739d1c1f1835a5aebd615c83fa60b	1809	12	7	7	0	0	0	0	0
brain6-lava-canonical-v3	d730debf45266d298401564f3260bdecb14739d1c1f1835a5aebd615c83fa60b	1810	12	7	5	2	0	2	0	0
brain6-lava-canonical-v3	d730debf45266d298401564f3260bdecb14739d1c1f1835a5aebd615c83fa60b	1811	12	7	6	1	0	1	0	0
brain6-lava-canonical-v3	d730debf45266d298401564f3260bdecb14739d1c1f1835a5aebd615c83fa60b	1812	12	7	5	2	0	2	0	0
brain6-lava-canonical-v3	d730debf45266d298401564f3260bdecb14739d1c1f1835a5aebd615c83fa60b	1813	12	7	6	1	0	1	0	0
brain6-lava-canonical-v3	d730debf45266d298401564f3260bdecb14739d1c1f1835a5aebd615c83fa60b	1814	12	7	6	1	0	1	0	0
brain6-lava-canonical-v3	d730debf45266d298401564f3260bdecb14739d1c1f1835a5aebd615c83fa60b	1815	12	7	5	2	0	2	0	0
brain6-lava-canonical-v3	d730debf45266d298401564f3260bdecb14739d1c1f1835a5aebd615c83fa60b	1816	12	7	7	0	0	0	0	0
brain6-lava-canonical-v3	d730debf45266d298401564f3260bdecb14739d1c1f1835a5aebd615c83fa60b	1817	12	7	5	2	0	2	0	0
brain6-lava-canonical-v3	d730debf45266d298401564f3260bdecb14739d1c1f1835a5aebd615c83fa60b	1818	12	7	6	1	0	1	0	0
brain6-lava-canonical-v3	d730debf45266d298401564f3260bdecb14739d1c1f1835a5aebd615c83fa60b	1819	12	7	6	1	0	1	0	0
brain6-lava-canonical-v3	d730debf45266d298401564f3260bdecb14739d1c1f1835a5aebd615c83fa60b	1820	12	7	6	1	0	1	0	0
brain6-lava-canonical-v3	d730debf45266d298401564f3260bdecb14739d1c1f1835a5aebd615c83fa60b	1821	12	7	6	1	0	1	0	0
brain6-lava-canonical-v3	d730debf45266d298401564f3260bdecb14739d1c1f1835a5aebd615c83fa60b	1822	12	7	4	3	0	3	0	0
brain6-lava-canonical-v3	d730debf45266d298401564f3260bdecb14739d1c1f1835a5aebd615c83fa60b	1823	12	7	5	2	0	2	0	0
brain6-lava-canonical-v3	d730debf45266d298401564f3260bdecb14739d1c1f1835a5aebd615c83fa60b	1824	12	7	6	1	0	1	0	0
brain6-lava-canonical-v3	d730debf45266d298401564f3260bdecb14739d1c1f1835a5aebd615c83fa60b	1825	12	7	6	1	0	1	0	0
brain6-lava-canonical-v3	d730debf45266d298401564f3260bdecb14739d1c1f1835a5aebd615c83fa60b	1826	12	7	3	4	0	4	0	0
brain6-lava-canonical-v3	d730debf45266d298401564f3260bdecb14739d1c1f1835a5aebd615c83fa60b	1827	12	7	6	1	0	1	0	0
brain6-lava-canonical-v3	d730debf45266d298401564f3260bdecb14739d1c1f1835a5aebd615c83fa60b	1828	12	7	5	2	0	2	0	0
brain6-lava-canonical-v3	d730debf45266d298401564f3260bdecb14739d1c1f1835a5aebd615c83fa60b	1829	12	7	6	1	0	1	0	0
brain6-lava-canonical-v3	d730debf45266d298401564f3260bdecb14739d1c1f1835a5aebd615c83fa60b	1830	12	7	7	0	0	0	0	0
brain6-lava-canonical-v3	d730debf45266d298401564f3260bdecb14739d1c1f1835a5aebd615c83fa60b	1831	12	7	5	2	0	2	0	0
brain6-lava-canonical-v3	d730debf45266d298401564f3260bdecb14739d1c1f1835a5aebd615c83fa60b	1832	12	7	5	2	0	2	0	0
brain6-lava-canonical-v3	d730debf45266d298401564f3260bdecb14739d1c1f1835a5aebd615c83fa60b	1833	12	7	7	0	0	0	0	0
brain6-lava-canonical-v3	d730debf45266d298401564f3260bdecb14739d1c1f1835a5aebd615c83fa60b	1834	12	7	6	1	0	1	0	0
brain6-lava-canonical-v3	d730debf45266d298401564f3260bdecb14739d1c1f1835a5aebd615c83fa60b	1835	12	7	4	3	0	3	0	0
brain6-lava-canonical-v3	d730debf45266d298401564f3260bdecb14739d1c1f1835a5aebd615c83fa60b	1836	12	7	5	2	0	2	0	0
brain6-lava-canonical-v3	d730debf45266d298401564f3260bdecb14739d1c1f1835a5aebd615c83fa60b	1837	12	7	5	2	0	2	0	0
brain6-lava-canonical-v3	d730debf45266d298401564f3260bdecb14739d1c1f1835a5aebd615c83fa60b	1838	12	7	7	0	0	0	0	0
brain6-lava-canonical-v3	d730debf45266d298401564f3260bdecb14739d1c1f1835a5aebd615c83fa60b	1839	12	7	6	1	0	1	0	0
brain6-lava-canonical-v3	d730debf45266d298401564f3260bdecb14739d1c1f1835a5aebd615c83fa60b	1840	12	7	6	1	0	1	0	0
brain6-lava-canonical-v3	d730debf45266d298401564f3260bdecb14739d1c1f1835a5aebd615c83fa60b	1841	12	7	7	0	0	0	0	0
brain6-lava-canonical-v3	d730debf45266d298401564f3260bdecb14739d1c1f1835a5aebd615c83fa60b	1842	12	7	5	2	0	2	0	0
brain6-lava-canonical-v3	d730debf45266d298401564f3260bdecb14739d1c1f1835a5aebd615c83fa60b	1843	12	7	6	1	0	1	0	0
brain6-lava-canonical-v3	d730debf45266d298401564f3260bdecb14739d1c1f1835a5aebd615c83fa60b	1844	12	7	6	1	0	1	0	0
brain6-lava-canonical-v3	d730debf45266d298401564f3260bdecb14739d1c1f1835a5aebd615c83fa60b	1845	12	7	7	0	0	0	0	0
brain6-lava-canonical-v3	d730debf45266d298401564f3260bdecb14739d1c1f1835a5aebd615c83fa60b	1846	12	7	6	1	0	1	0	0
brain6-lava-canonical-v3	d730debf45266d298401564f3260bdecb14739d1c1f1835a5aebd615c83fa60b	1847	12	7	6	1	0	1	0	0
brain6-lava-canonical-v3	d730debf45266d298401564f3260bdecb14739d1c1f1835a5aebd615c83fa60b	1848	12	7	6	1	0	1	0	0
brain6-lava-canonical-v3	d730debf45266d298401564f3260bdecb14739d1c1f1835a5aebd615c83fa60b	1849	12	7	6	1	0	1	0	0
brain6-lava-canonical-v3	d730debf45266d298401564f3260bdecb14739d1c1f1835a5aebd615c83fa60b	1850	12	7	6	1	0	1	0	0
brain6-lava-canonical-v3	d730debf45266d298401564f3260bdecb14739d1c1f1835a5aebd615c83fa60b	1851	12	7	6	1	0	1	0	0
brain6-lava-canonical-v3	d730debf45266d298401564f3260bdecb14739d1c1f1835a5aebd615c83fa60b	1852	12	7	7	0	0	0	0	0
brain6-lava-canonical-v3	d730debf45266d298401564f3260bdecb14739d1c1f1835a5aebd615c83fa60b	1853	12	7	5	2	0	2	0	0
brain6-lava-canonical-v3	d730debf45266d298401564f3260bdecb14739d1c1f1835a5aebd615c83fa60b	1854	12	7	5	2	0	2	0	0
brain6-lava-canonical-v3	d730debf45266d298401564f3260bdecb14739d1c1f1835a5aebd615c83fa60b	1855	12	7	7	0	0	0	0	0
brain6-lava-canonical-v3	d730debf45266d298401564f3260bdecb14739d1c1f1835a5aebd615c83fa60b	1856	12	7	4	3	0	3	0	0
brain6-lava-canonical-v3	d730debf45266d298401564f3260bdecb14739d1c1f1835a5aebd615c83fa60b	1857	12	7	4	3	0	3	0	0
brain6-lava-canonical-v3	d730debf45266d298401564f3260bdecb14739d1c1f1835a5aebd615c83fa60b	1858	12	7	4	3	0	3	0	0
brain6-lava-canonical-v3	d730debf45266d298401564f3260bdecb14739d1c1f1835a5aebd615c83fa60b	1859	12	7	5	2	0	2	0	0
brain6-lava-canonical-v3	d730debf45266d298401564f3260bdecb14739d1c1f1835a5aebd615c83fa60b	1860	12	7	5	2	0	2	0	0
brain6-lava-canonical-v3	d730debf45266d298401564f3260bdecb14739d1c1f1835a5aebd615c83fa60b	1861	12	7	6	1	0	1	0	0
brain6-lava-canonical-v3	d730debf45266d298401564f3260bdecb14739d1c1f1835a5aebd615c83fa60b	1862	12	7	5	2	0	2	0	0
brain6-lava-canonical-v3	d730debf45266d298401564f3260bdecb14739d1c1f1835a5aebd615c83fa60b	1863	13	7	6	1	0	1	0	0
brain6-lava-canonical-v3	d730debf45266d298401564f3260bdecb14739d1c1f1835a5aebd615c83fa60b	1864	13	7	5	2	0	2	0	0
brain6-lava-canonical-v3	d730debf45266d298401564f3260bdecb14739d1c1f1835a5aebd615c83fa60b	1865	13	7	4	3	0	3	0	0
brain6-lava-canonical-v3	d730debf45266d298401564f3260bdecb14739d1c1f1835a5aebd615c83fa60b	1866	13	7	5	2	0	2	0	0
brain6-lava-canonical-v3	d730debf45266d298401564f3260bdecb14739d1c1f1835a5aebd615c83fa60b	1867	13	7	5	2	0	2	0	0
brain6-lava-canonical-v3	d730debf45266d298401564f3260bdecb14739d1c1f1835a5aebd615c83fa60b	1868	13	7	6	1	0	1	0	0
brain6-lava-canonical-v3	d730debf45266d298401564f3260bdecb14739d1c1f1835a5aebd615c83fa60b	1869	13	7	5	2	0	2	0	0
brain6-lava-canonical-v3	d730debf45266d298401564f3260bdecb14739d1c1f1835a5aebd615c83fa60b	1870	13	7	6	1	0	1	0	0
brain6-lava-canonical-v3	d730debf45266d298401564f3260bdecb14739d1c1f1835a5aebd615c83fa60b	1871	13	7	6	1	0	1	0	0
brain6-lava-canonical-v3	d730debf45266d298401564f3260bdecb14739d1c1f1835a5aebd615c83fa60b	1872	13	7	6	1	0	1	0	0
brain6-lava-canonical-v3	d730debf45266d298401564f3260bdecb14739d1c1f1835a5aebd615c83fa60b	1873	13	7	5	2	0	2	0	0
brain6-lava-canonical-v3	d730debf45266d298401564f3260bdecb14739d1c1f1835a5aebd615c83fa60b	1874	13	7	6	1	0	1	0	0
brain6-lava-canonical-v3	d730debf45266d298401564f3260bdecb14739d1c1f1835a5aebd615c83fa60b	1875	13	7	6	1	0	1	0	0
brain6-lava-canonical-v3	d730debf45266d298401564f3260bdecb14739d1c1f1835a5aebd615c83fa60b	1876	13	7	4	3	0	3	0	0
brain6-lava-canonical-v3	d730debf45266d298401564f3260bdecb14739d1c1f1835a5aebd615c83fa60b	1877	13	7	4	3	0	3	0	0
brain6-lava-canonical-v3	d730debf45266d298401564f3260bdecb14739d1c1f1835a5aebd615c83fa60b	1878	13	7	6	1	0	1	0	0
brain6-lava-canonical-v3	d730debf45266d298401564f3260bdecb14739d1c1f1835a5aebd615c83fa60b	1879	13	7	6	1	0	1	0	0
brain6-lava-canonical-v3	d730debf45266d298401564f3260bdecb14739d1c1f1835a5aebd615c83fa60b	1880	13	7	6	1	0	1	0	0
brain6-lava-canonical-v3	d730debf45266d298401564f3260bdecb14739d1c1f1835a5aebd615c83fa60b	1881	13	7	5	2	0	2	0	0
brain6-lava-canonical-v3	d730debf45266d298401564f3260bdecb14739d1c1f1835a5aebd615c83fa60b	1882	13	7	4	3	0	3	0	0
brain6-lava-canonical-v3	d730debf45266d298401564f3260bdecb14739d1c1f1835a5aebd615c83fa60b	1883	13	7	7	0	0	0	0	0
brain6-lava-canonical-v3	d730debf45266d298401564f3260bdecb14739d1c1f1835a5aebd615c83fa60b	1884	13	7	5	2	0	2	0	0
brain6-lava-canonical-v3	d730debf45266d298401564f3260bdecb14739d1c1f1835a5aebd615c83fa60b	1885	13	7	7	0	0	0	0	0
brain6-lava-canonical-v3	d730debf45266d298401564f3260bdecb14739d1c1f1835a5aebd615c83fa60b	1886	13	7	7	0	0	0	0	0
brain6-lava-canonical-v3	d730debf45266d298401564f3260bdecb14739d1c1f1835a5aebd615c83fa60b	1887	13	7	7	0	0	0	0	0
brain6-lava-canonical-v3	d730debf45266d298401564f3260bdecb14739d1c1f1835a5aebd615c83fa60b	1888	13	7	7	0	0	0	0	0
brain6-lava-canonical-v3	d730debf45266d298401564f3260bdecb14739d1c1f1835a5aebd615c83fa60b	1889	13	7	5	2	0	2	0	0
brain6-lava-canonical-v3	d730debf45266d298401564f3260bdecb14739d1c1f1835a5aebd615c83fa60b	1890	13	7	6	1	0	1	0	0
brain6-lava-canonical-v3	d730debf45266d298401564f3260bdecb14739d1c1f1835a5aebd615c83fa60b	1891	13	7	5	2	0	2	0	0
brain6-lava-canonical-v3	d730debf45266d298401564f3260bdecb14739d1c1f1835a5aebd615c83fa60b	1892	13	7	6	1	0	1	0	0
brain6-lava-canonical-v3	d730debf45266d298401564f3260bdecb14739d1c1f1835a5aebd615c83fa60b	1893	13	7	5	2	0	2	0	0
brain6-lava-canonical-v3	d730debf45266d298401564f3260bdecb14739d1c1f1835a5aebd615c83fa60b	1894	13	7	5	2	0	2	0	0
brain6-lava-canonical-v3	d730debf45266d298401564f3260bdecb14739d1c1f1835a5aebd615c83fa60b	1895	13	7	7	0	0	0	0	0
brain6-lava-canonical-v3	d730debf45266d298401564f3260bdecb14739d1c1f1835a5aebd615c83fa60b	1896	13	7	7	0	0	0	0	0
brain6-lava-canonical-v3	d730debf45266d298401564f3260bdecb14739d1c1f1835a5aebd615c83fa60b	1897	13	7	6	1	0	1	0	0
brain6-lava-canonical-v3	d730debf45266d298401564f3260bdecb14739d1c1f1835a5aebd615c83fa60b	1898	13	7	6	1	0	1	0	0
brain6-lava-canonical-v3	d730debf45266d298401564f3260bdecb14739d1c1f1835a5aebd615c83fa60b	1899	13	7	6	1	0	1	0	0
brain6-lava-canonical-v3	d730debf45266d298401564f3260bdecb14739d1c1f1835a5aebd615c83fa60b	1900	13	7	7	0	0	0	0	0
brain6-lava-canonical-v3	d730debf45266d298401564f3260bdecb14739d1c1f1835a5aebd615c83fa60b	1901	13	7	5	2	0	2	0	0
brain6-lava-canonical-v3	d730debf45266d298401564f3260bdecb14739d1c1f1835a5aebd615c83fa60b	1902	13	7	6	1	0	1	0	0
brain6-lava-canonical-v3	d730debf45266d298401564f3260bdecb14739d1c1f1835a5aebd615c83fa60b	1903	13	7	4	3	0	3	0	0
brain6-lava-canonical-v3	d730debf45266d298401564f3260bdecb14739d1c1f1835a5aebd615c83fa60b	1904	13	7	5	2	0	2	0	0
brain6-lava-canonical-v3	d730debf45266d298401564f3260bdecb14739d1c1f1835a5aebd615c83fa60b	1905	13	7	6	1	0	1	0	0
brain6-lava-canonical-v3	d730debf45266d298401564f3260bdecb14739d1c1f1835a5aebd615c83fa60b	1906	13	7	6	1	0	1	0	0
brain6-lava-canonical-v3	d730debf45266d298401564f3260bdecb14739d1c1f1835a5aebd615c83fa60b	1907	13	7	6	1	0	1	0	0
brain6-lava-canonical-v3	d730debf45266d298401564f3260bdecb14739d1c1f1835a5aebd615c83fa60b	1908	13	7	7	0	0	0	0	0
brain6-lava-canonical-v3	d730debf45266d298401564f3260bdecb14739d1c1f1835a5aebd615c83fa60b	1909	13	7	6	1	0	1	0	0
brain6-lava-canonical-v3	d730debf45266d298401564f3260bdecb14739d1c1f1835a5aebd615c83fa60b	1910	13	7	6	1	0	1	0	0
brain6-lava-canonical-v3	d730debf45266d298401564f3260bdecb14739d1c1f1835a5aebd615c83fa60b	1911	13	7	7	0	0	0	0	0
brain6-lava-canonical-v3	d730debf45266d298401564f3260bdecb14739d1c1f1835a5aebd615c83fa60b	1912	13	7	6	1	0	1	0	0
brain6-lava-canonical-v3	d730debf45266d298401564f3260bdecb14739d1c1f1835a5aebd615c83fa60b	1913	13	7	6	1	0	1	0	0
brain6-lava-canonical-v3	d730debf45266d298401564f3260bdecb14739d1c1f1835a5aebd615c83fa60b	1914	13	7	5	2	0	2	0	0
brain6-lava-canonical-v3	d730debf45266d298401564f3260bdecb14739d1c1f1835a5aebd615c83fa60b	1915	13	7	7	0	0	0	0	0
brain6-lava-canonical-v3	d730debf45266d298401564f3260bdecb14739d1c1f1835a5aebd615c83fa60b	1916	13	7	7	0	0	0	0	0
brain6-lava-canonical-v3	d730debf45266d298401564f3260bdecb14739d1c1f1835a5aebd615c83fa60b	1917	13	7	5	2	0	2	0	0
brain6-lava-canonical-v3	d730debf45266d298401564f3260bdecb14739d1c1f1835a5aebd615c83fa60b	1918	13	7	7	0	0	0	0	0
brain6-lava-canonical-v3	d730debf45266d298401564f3260bdecb14739d1c1f1835a5aebd615c83fa60b	1919	13	7	7	0	0	0	0	0
brain6-lava-canonical-v3	d730debf45266d298401564f3260bdecb14739d1c1f1835a5aebd615c83fa60b	1920	13	7	6	1	0	1	0	0
brain6-lava-canonical-v3	d730debf45266d298401564f3260bdecb14739d1c1f1835a5aebd615c83fa60b	1921	13	7	6	1	0	1	0	0
brain6-lava-canonical-v3	d730debf45266d298401564f3260bdecb14739d1c1f1835a5aebd615c83fa60b	1922	13	7	5	2	0	2	0	0
brain6-lava-canonical-v3	d730debf45266d298401564f3260bdecb14739d1c1f1835a5aebd615c83fa60b	1923	13	7	6	1	0	1	0	0
brain6-lava-canonical-v3	d730debf45266d298401564f3260bdecb14739d1c1f1835a5aebd615c83fa60b	1924	13	7	6	1	0	1	0	0
brain6-lava-canonical-v3	d730debf45266d298401564f3260bdecb14739d1c1f1835a5aebd615c83fa60b	1925	13	7	7	0	0	0	0	0
brain6-lava-canonical-v3	d730debf45266d298401564f3260bdecb14739d1c1f1835a5aebd615c83fa60b	1926	13	7	5	2	0	2	0	0
brain6-lava-canonical-v3	d730debf45266d298401564f3260bdecb14739d1c1f1835a5aebd615c83fa60b	1927	13	7	4	3	0	3	0	0
brain6-lava-canonical-v3	d730debf45266d298401564f3260bdecb14739d1c1f1835a5aebd615c83fa60b	1928	13	7	7	0	0	0	0	0
brain6-lava-canonical-v3	d730debf45266d298401564f3260bdecb14739d1c1f1835a5aebd615c83fa60b	1929	13	7	6	1	0	1	0	0
brain6-lava-canonical-v3	d730debf45266d298401564f3260bdecb14739d1c1f1835a5aebd615c83fa60b	1930	13	7	5	2	0	2	0	0
brain6-lava-canonical-v3	d730debf45266d298401564f3260bdecb14739d1c1f1835a5aebd615c83fa60b	1931	13	7	4	3	0	3	0	0
brain6-lava-canonical-v3	d730debf45266d298401564f3260bdecb14739d1c1f1835a5aebd615c83fa60b	1932	13	7	6	1	0	1	0	0
brain6-lava-canonical-v3	d730debf45266d298401564f3260bdecb14739d1c1f1835a5aebd615c83fa60b	1933	13	7	5	2	0	2	0	0
brain6-lava-canonical-v3	d730debf45266d298401564f3260bdecb14739d1c1f1835a5aebd615c83fa60b	1934	13	7	6	1	0	1	0	0
brain6-lava-canonical-v3	d730debf45266d298401564f3260bdecb14739d1c1f1835a5aebd615c83fa60b	1935	13	7	6	1	0	1	0	0
brain6-lava-canonical-v3	d730debf45266d298401564f3260bdecb14739d1c1f1835a5aebd615c83fa60b	1936	13	7	7	0	0	0	0	0
brain6-lava-canonical-v3	d730debf45266d298401564f3260bdecb14739d1c1f1835a5aebd615c83fa60b	1937	13	7	7	0	0	0	0	0
brain6-lava-canonical-v3	d730debf45266d298401564f3260bdecb14739d1c1f1835a5aebd615c83fa60b	1938	13	7	7	0	0	0	0	0
brain6-lava-canonical-v3	d730debf45266d298401564f3260bdecb14739d1c1f1835a5aebd615c83fa60b	1939	13	7	7	0	0	0	0	0
brain6-lava-canonical-v3	d730debf45266d298401564f3260bdecb14739d1c1f1835a5aebd615c83fa60b	1940	13	7	7	0	0	0	0	0
brain6-lava-canonical-v3	d730debf45266d298401564f3260bdecb14739d1c1f1835a5aebd615c83fa60b	1941	13	7	6	1	0	1	0	0
brain6-lava-canonical-v3	d730debf45266d298401564f3260bdecb14739d1c1f1835a5aebd615c83fa60b	1942	13	7	2	5	0	5	0	0
brain6-lava-canonical-v3	d730debf45266d298401564f3260bdecb14739d1c1f1835a5aebd615c83fa60b	1943	13	7	4	3	0	3	0	0
brain6-lava-canonical-v3	d730debf45266d298401564f3260bdecb14739d1c1f1835a5aebd615c83fa60b	1944	13	7	4	3	0	3	0	0
brain6-lava-canonical-v3	d730debf45266d298401564f3260bdecb14739d1c1f1835a5aebd615c83fa60b	1945	13	7	5	2	0	2	0	0
brain6-lava-canonical-v3	d730debf45266d298401564f3260bdecb14739d1c1f1835a5aebd615c83fa60b	1946	13	7	6	1	0	1	0	0
brain6-lava-canonical-v3	d730debf45266d298401564f3260bdecb14739d1c1f1835a5aebd615c83fa60b	1947	13	7	6	1	0	1	0	0
brain6-lava-canonical-v3	d730debf45266d298401564f3260bdecb14739d1c1f1835a5aebd615c83fa60b	1948	13	7	7	0	0	0	0	0
brain6-lava-canonical-v3	d730debf45266d298401564f3260bdecb14739d1c1f1835a5aebd615c83fa60b	1949	13	7	7	0	0	0	0	0
brain6-lava-canonical-v3	d730debf45266d298401564f3260bdecb14739d1c1f1835a5aebd615c83fa60b	1950	13	7	5	2	0	2	0	0
brain6-lava-canonical-v3	d730debf45266d298401564f3260bdecb14739d1c1f1835a5aebd615c83fa60b	1951	13	7	7	0	0	0	0	0
brain6-lava-canonical-v3	d730debf45266d298401564f3260bdecb14739d1c1f1835a5aebd615c83fa60b	1952	13	7	6	1	0	1	0	0
brain6-lava-canonical-v3	d730debf45266d298401564f3260bdecb14739d1c1f1835a5aebd615c83fa60b	1953	13	7	5	2	0	2	0	0
brain6-lava-canonical-v3	d730debf45266d298401564f3260bdecb14739d1c1f1835a5aebd615c83fa60b	1954	14	7	3	4	0	4	0	0
brain6-lava-canonical-v3	d730debf45266d298401564f3260bdecb14739d1c1f1835a5aebd615c83fa60b	1955	14	7	6	1	0	1	0	0
brain6-lava-canonical-v3	d730debf45266d298401564f3260bdecb14739d1c1f1835a5aebd615c83fa60b	1956	14	7	6	1	0	1	0	0
brain6-lava-canonical-v3	d730debf45266d298401564f3260bdecb14739d1c1f1835a5aebd615c83fa60b	1957	14	7	6	1	0	1	0	0
brain6-lava-canonical-v3	d730debf45266d298401564f3260bdecb14739d1c1f1835a5aebd615c83fa60b	1958	14	7	5	2	0	2	0	0
brain6-lava-canonical-v3	d730debf45266d298401564f3260bdecb14739d1c1f1835a5aebd615c83fa60b	1959	14	7	6	1	0	1	0	0
brain6-lava-canonical-v3	d730debf45266d298401564f3260bdecb14739d1c1f1835a5aebd615c83fa60b	1960	14	7	6	1	0	1	0	0
brain6-lava-canonical-v3	d730debf45266d298401564f3260bdecb14739d1c1f1835a5aebd615c83fa60b	1961	14	7	7	0	0	0	0	0
brain6-lava-canonical-v3	d730debf45266d298401564f3260bdecb14739d1c1f1835a5aebd615c83fa60b	1962	14	7	7	0	0	0	0	0
brain6-lava-canonical-v3	d730debf45266d298401564f3260bdecb14739d1c1f1835a5aebd615c83fa60b	1963	14	7	7	0	0	0	0	0
brain6-lava-canonical-v3	d730debf45266d298401564f3260bdecb14739d1c1f1835a5aebd615c83fa60b	1964	14	7	5	2	0	2	0	0
brain6-lava-canonical-v3	d730debf45266d298401564f3260bdecb14739d1c1f1835a5aebd615c83fa60b	1965	14	7	5	2	0	2	0	0
brain6-lava-canonical-v3	d730debf45266d298401564f3260bdecb14739d1c1f1835a5aebd615c83fa60b	1966	14	7	7	0	0	0	0	0
brain6-lava-canonical-v3	d730debf45266d298401564f3260bdecb14739d1c1f1835a5aebd615c83fa60b	1967	14	7	5	2	0	2	0	0
brain6-lava-canonical-v3	d730debf45266d298401564f3260bdecb14739d1c1f1835a5aebd615c83fa60b	1968	14	7	5	2	0	2	0	0
brain6-lava-canonical-v3	d730debf45266d298401564f3260bdecb14739d1c1f1835a5aebd615c83fa60b	1969	14	7	4	3	0	3	0	0
brain6-lava-canonical-v3	d730debf45266d298401564f3260bdecb14739d1c1f1835a5aebd615c83fa60b	1970	14	7	7	0	0	0	0	0
brain6-lava-canonical-v3	d730debf45266d298401564f3260bdecb14739d1c1f1835a5aebd615c83fa60b	1971	14	7	6	1	0	1	0	0
brain6-lava-canonical-v3	d730debf45266d298401564f3260bdecb14739d1c1f1835a5aebd615c83fa60b	1972	14	7	6	1	0	1	0	0
brain6-lava-canonical-v3	d730debf45266d298401564f3260bdecb14739d1c1f1835a5aebd615c83fa60b	1973	14	7	5	2	0	2	0	0
brain6-lava-canonical-v3	d730debf45266d298401564f3260bdecb14739d1c1f1835a5aebd615c83fa60b	1974	14	7	7	0	0	0	0	0
brain6-lava-canonical-v3	d730debf45266d298401564f3260bdecb14739d1c1f1835a5aebd615c83fa60b	1975	14	7	6	1	0	1	0	0
brain6-lava-canonical-v3	d730debf45266d298401564f3260bdecb14739d1c1f1835a5aebd615c83fa60b	1976	14	7	3	4	0	4	0	0
brain6-lava-canonical-v3	d730debf45266d298401564f3260bdecb14739d1c1f1835a5aebd615c83fa60b	1977	14	7	6	1	0	1	0	0
brain6-lava-canonical-v3	d730debf45266d298401564f3260bdecb14739d1c1f1835a5aebd615c83fa60b	1978	14	7	6	1	0	1	0	0
brain6-lava-canonical-v3	d730debf45266d298401564f3260bdecb14739d1c1f1835a5aebd615c83fa60b	1979	14	7	6	1	0	1	0	0
brain6-lava-canonical-v3	d730debf45266d298401564f3260bdecb14739d1c1f1835a5aebd615c83fa60b	1980	14	7	6	1	0	1	0	0
brain6-lava-canonical-v3	d730debf45266d298401564f3260bdecb14739d1c1f1835a5aebd615c83fa60b	1981	14	7	7	0	0	0	0	0
brain6-lava-canonical-v3	d730debf45266d298401564f3260bdecb14739d1c1f1835a5aebd615c83fa60b	1982	14	7	7	0	0	0	0	0
brain6-lava-canonical-v3	d730debf45266d298401564f3260bdecb14739d1c1f1835a5aebd615c83fa60b	1983	14	7	6	1	0	1	0	0
brain6-lava-canonical-v3	d730debf45266d298401564f3260bdecb14739d1c1f1835a5aebd615c83fa60b	1984	14	7	7	0	0	0	0	0
brain6-lava-canonical-v3	d730debf45266d298401564f3260bdecb14739d1c1f1835a5aebd615c83fa60b	1985	14	7	5	2	0	2	0	0
brain6-lava-canonical-v3	d730debf45266d298401564f3260bdecb14739d1c1f1835a5aebd615c83fa60b	1986	14	7	5	2	0	2	0	0
brain6-lava-canonical-v3	d730debf45266d298401564f3260bdecb14739d1c1f1835a5aebd615c83fa60b	1987	14	7	7	0	0	0	0	0
brain6-lava-canonical-v3	d730debf45266d298401564f3260bdecb14739d1c1f1835a5aebd615c83fa60b	1988	14	7	5	2	0	2	0	0
brain6-lava-canonical-v3	d730debf45266d298401564f3260bdecb14739d1c1f1835a5aebd615c83fa60b	1989	14	7	5	2	0	2	0	0
brain6-lava-canonical-v3	d730debf45266d298401564f3260bdecb14739d1c1f1835a5aebd615c83fa60b	1990	14	7	6	1	0	1	0	0
brain6-lava-canonical-v3	d730debf45266d298401564f3260bdecb14739d1c1f1835a5aebd615c83fa60b	1991	14	7	5	2	0	2	0	0
brain6-lava-canonical-v3	d730debf45266d298401564f3260bdecb14739d1c1f1835a5aebd615c83fa60b	1992	14	7	6	1	0	1	0	0
brain6-lava-canonical-v3	d730debf45266d298401564f3260bdecb14739d1c1f1835a5aebd615c83fa60b	1993	14	7	6	1	0	1	0	0
brain6-lava-canonical-v3	d730debf45266d298401564f3260bdecb14739d1c1f1835a5aebd615c83fa60b	1994	14	7	6	1	0	1	0	0
brain6-lava-canonical-v3	d730debf45266d298401564f3260bdecb14739d1c1f1835a5aebd615c83fa60b	1995	14	7	5	2	0	2	0	0
brain6-lava-canonical-v3	d730debf45266d298401564f3260bdecb14739d1c1f1835a5aebd615c83fa60b	1996	14	7	6	1	0	1	0	0
brain6-lava-canonical-v3	d730debf45266d298401564f3260bdecb14739d1c1f1835a5aebd615c83fa60b	1997	14	7	6	1	0	1	0	0
brain6-lava-canonical-v3	d730debf45266d298401564f3260bdecb14739d1c1f1835a5aebd615c83fa60b	1998	14	7	7	0	0	0	0	0
brain6-lava-canonical-v3	d730debf45266d298401564f3260bdecb14739d1c1f1835a5aebd615c83fa60b	1999	14	7	5	2	0	2	0	0
brain6-lava-canonical-v3	d730debf45266d298401564f3260bdecb14739d1c1f1835a5aebd615c83fa60b	2000	14	7	6	1	0	1	0	0
brain6-lava-canonical-v3	d730debf45266d298401564f3260bdecb14739d1c1f1835a5aebd615c83fa60b	2001	14	7	6	1	0	1	0	0
brain6-lava-canonical-v3	d730debf45266d298401564f3260bdecb14739d1c1f1835a5aebd615c83fa60b	2002	14	7	5	2	0	2	0	0
brain6-lava-canonical-v3	d730debf45266d298401564f3260bdecb14739d1c1f1835a5aebd615c83fa60b	2003	14	7	5	2	0	2	0	0
brain6-lava-canonical-v3	d730debf45266d298401564f3260bdecb14739d1c1f1835a5aebd615c83fa60b	2004	14	7	6	1	0	1	0	0
brain6-lava-canonical-v3	d730debf45266d298401564f3260bdecb14739d1c1f1835a5aebd615c83fa60b	2005	14	7	5	2	0	2	0	0
brain6-lava-canonical-v3	d730debf45266d298401564f3260bdecb14739d1c1f1835a5aebd615c83fa60b	2006	14	7	4	3	0	3	0	0
brain6-lava-canonical-v3	d730debf45266d298401564f3260bdecb14739d1c1f1835a5aebd615c83fa60b	2007	14	7	6	1	0	1	0	0
brain6-lava-canonical-v3	d730debf45266d298401564f3260bdecb14739d1c1f1835a5aebd615c83fa60b	2008	14	7	7	0	0	0	0	0
brain6-lava-canonical-v3	d730debf45266d298401564f3260bdecb14739d1c1f1835a5aebd615c83fa60b	2009	14	7	5	2	0	2	0	0
brain6-lava-canonical-v3	d730debf45266d298401564f3260bdecb14739d1c1f1835a5aebd615c83fa60b	2010	14	7	6	1	0	1	0	0
brain6-lava-canonical-v3	d730debf45266d298401564f3260bdecb14739d1c1f1835a5aebd615c83fa60b	2011	14	7	7	0	0	0	0	0
brain6-lava-canonical-v3	d730debf45266d298401564f3260bdecb14739d1c1f1835a5aebd615c83fa60b	2012	14	7	5	2	0	2	0	0
brain6-lava-canonical-v3	d730debf45266d298401564f3260bdecb14739d1c1f1835a5aebd615c83fa60b	2013	14	7	4	3	0	3	0	0
brain6-lava-canonical-v3	d730debf45266d298401564f3260bdecb14739d1c1f1835a5aebd615c83fa60b	2014	14	7	5	2	0	2	0	0
brain6-lava-canonical-v3	d730debf45266d298401564f3260bdecb14739d1c1f1835a5aebd615c83fa60b	2015	14	7	6	1	0	1	0	0
brain6-lava-canonical-v3	d730debf45266d298401564f3260bdecb14739d1c1f1835a5aebd615c83fa60b	2016	14	7	6	1	0	1	0	0
brain6-lava-canonical-v3	d730debf45266d298401564f3260bdecb14739d1c1f1835a5aebd615c83fa60b	2017	14	7	6	1	0	1	0	0
brain6-lava-canonical-v3	d730debf45266d298401564f3260bdecb14739d1c1f1835a5aebd615c83fa60b	2018	14	7	7	0	0	0	0	0
brain6-lava-canonical-v3	d730debf45266d298401564f3260bdecb14739d1c1f1835a5aebd615c83fa60b	2019	14	7	5	2	0	2	0	0
brain6-lava-canonical-v3	d730debf45266d298401564f3260bdecb14739d1c1f1835a5aebd615c83fa60b	2020	14	7	7	0	0	0	0	0
brain6-lava-canonical-v3	d730debf45266d298401564f3260bdecb14739d1c1f1835a5aebd615c83fa60b	2021	14	7	5	2	0	2	0	0
brain6-lava-canonical-v3	d730debf45266d298401564f3260bdecb14739d1c1f1835a5aebd615c83fa60b	2022	14	7	5	2	0	2	0	0
brain6-lava-canonical-v3	d730debf45266d298401564f3260bdecb14739d1c1f1835a5aebd615c83fa60b	2023	14	7	6	1	0	1	0	0
brain6-lava-canonical-v3	d730debf45266d298401564f3260bdecb14739d1c1f1835a5aebd615c83fa60b	2024	14	7	5	2	0	2	0	0
brain6-lava-canonical-v3	d730debf45266d298401564f3260bdecb14739d1c1f1835a5aebd615c83fa60b	2025	14	7	4	3	0	3	0	0
brain6-lava-canonical-v3	d730debf45266d298401564f3260bdecb14739d1c1f1835a5aebd615c83fa60b	2026	14	7	7	0	0	0	0	0
brain6-lava-canonical-v3	d730debf45266d298401564f3260bdecb14739d1c1f1835a5aebd615c83fa60b	2027	14	7	5	2	0	2	0	0
brain6-lava-canonical-v3	d730debf45266d298401564f3260bdecb14739d1c1f1835a5aebd615c83fa60b	2028	14	7	7	0	0	0	0	0
brain6-lava-canonical-v3	d730debf45266d298401564f3260bdecb14739d1c1f1835a5aebd615c83fa60b	2029	14	7	7	0	0	0	0	0
brain6-lava-canonical-v3	d730debf45266d298401564f3260bdecb14739d1c1f1835a5aebd615c83fa60b	2030	14	7	4	3	0	3	0	0
brain6-lava-canonical-v3	d730debf45266d298401564f3260bdecb14739d1c1f1835a5aebd615c83fa60b	2031	14	7	5	2	0	2	0	0
brain6-lava-canonical-v3	d730debf45266d298401564f3260bdecb14739d1c1f1835a5aebd615c83fa60b	2032	14	7	1	6	0	1	5	0
brain6-lava-canonical-v3	d730debf45266d298401564f3260bdecb14739d1c1f1835a5aebd615c83fa60b	2033	14	7	2	5	0	5	0	0
brain6-lava-canonical-v3	d730debf45266d298401564f3260bdecb14739d1c1f1835a5aebd615c83fa60b	2034	15	7	3	4	0	4	0	0
brain6-lava-canonical-v3	d730debf45266d298401564f3260bdecb14739d1c1f1835a5aebd615c83fa60b	2035	15	7	5	2	0	2	0	0
brain6-lava-canonical-v3	d730debf45266d298401564f3260bdecb14739d1c1f1835a5aebd615c83fa60b	2036	15	7	2	5	0	5	0	0
brain6-lava-canonical-v3	d730debf45266d298401564f3260bdecb14739d1c1f1835a5aebd615c83fa60b	2037	15	7	4	3	0	3	0	0
brain6-lava-canonical-v3	d730debf45266d298401564f3260bdecb14739d1c1f1835a5aebd615c83fa60b	2038	15	7	4	3	0	3	0	0
brain6-lava-canonical-v3	d730debf45266d298401564f3260bdecb14739d1c1f1835a5aebd615c83fa60b	2039	15	7	5	2	0	2	0	0
brain6-lava-canonical-v3	d730debf45266d298401564f3260bdecb14739d1c1f1835a5aebd615c83fa60b	2040	15	7	5	2	0	2	0	0
brain6-lava-canonical-v3	d730debf45266d298401564f3260bdecb14739d1c1f1835a5aebd615c83fa60b	2041	15	7	6	1	0	1	0	0
brain6-lava-canonical-v3	d730debf45266d298401564f3260bdecb14739d1c1f1835a5aebd615c83fa60b	2042	15	7	6	1	0	1	0	0
brain6-lava-canonical-v3	d730debf45266d298401564f3260bdecb14739d1c1f1835a5aebd615c83fa60b	2043	15	7	4	3	0	3	0	0
brain6-lava-canonical-v3	d730debf45266d298401564f3260bdecb14739d1c1f1835a5aebd615c83fa60b	2044	15	7	6	1	0	1	0	0
brain6-lava-canonical-v3	d730debf45266d298401564f3260bdecb14739d1c1f1835a5aebd615c83fa60b	2045	15	7	6	1	0	1	0	0
brain6-lava-canonical-v3	d730debf45266d298401564f3260bdecb14739d1c1f1835a5aebd615c83fa60b	2046	15	7	6	1	0	1	0	0
brain6-lava-canonical-v3	d730debf45266d298401564f3260bdecb14739d1c1f1835a5aebd615c83fa60b	2047	15	7	6	1	0	1	0	0
brain6-lava-canonical-v3	d730debf45266d298401564f3260bdecb14739d1c1f1835a5aebd615c83fa60b	2048	15	7	7	0	0	0	0	0
brain6-lava-canonical-v3	d730debf45266d298401564f3260bdecb14739d1c1f1835a5aebd615c83fa60b	2049	15	7	5	2	0	2	0	0
brain6-lava-canonical-v3	d730debf45266d298401564f3260bdecb14739d1c1f1835a5aebd615c83fa60b	2050	15	7	6	1	0	1	0	0
brain6-lava-canonical-v3	d730debf45266d298401564f3260bdecb14739d1c1f1835a5aebd615c83fa60b	2051	15	7	5	2	0	2	0	0
brain6-lava-canonical-v3	d730debf45266d298401564f3260bdecb14739d1c1f1835a5aebd615c83fa60b	2052	15	7	6	1	0	1	0	0
brain6-lava-canonical-v3	d730debf45266d298401564f3260bdecb14739d1c1f1835a5aebd615c83fa60b	2053	15	7	5	2	0	2	0	0
brain6-lava-canonical-v3	d730debf45266d298401564f3260bdecb14739d1c1f1835a5aebd615c83fa60b	2054	15	7	6	1	0	1	0	0
brain6-lava-canonical-v3	d730debf45266d298401564f3260bdecb14739d1c1f1835a5aebd615c83fa60b	2055	15	7	7	0	0	0	0	0
brain6-lava-canonical-v3	d730debf45266d298401564f3260bdecb14739d1c1f1835a5aebd615c83fa60b	2056	15	7	7	0	0	0	0	0
brain6-lava-canonical-v3	d730debf45266d298401564f3260bdecb14739d1c1f1835a5aebd615c83fa60b	2057	15	7	6	1	0	1	0	0
brain6-lava-canonical-v3	d730debf45266d298401564f3260bdecb14739d1c1f1835a5aebd615c83fa60b	2058	15	7	7	0	0	0	0	0
brain6-lava-canonical-v3	d730debf45266d298401564f3260bdecb14739d1c1f1835a5aebd615c83fa60b	2059	15	7	7	0	0	0	0	0
brain6-lava-canonical-v3	d730debf45266d298401564f3260bdecb14739d1c1f1835a5aebd615c83fa60b	2060	15	7	6	1	0	1	0	0
brain6-lava-canonical-v3	d730debf45266d298401564f3260bdecb14739d1c1f1835a5aebd615c83fa60b	2061	15	7	7	0	0	0	0	0
brain6-lava-canonical-v3	d730debf45266d298401564f3260bdecb14739d1c1f1835a5aebd615c83fa60b	2062	15	7	6	1	0	1	0	0
brain6-lava-canonical-v3	d730debf45266d298401564f3260bdecb14739d1c1f1835a5aebd615c83fa60b	2063	15	7	5	2	0	2	0	0
brain6-lava-canonical-v3	d730debf45266d298401564f3260bdecb14739d1c1f1835a5aebd615c83fa60b	2064	15	7	7	0	0	0	0	0
brain6-lava-canonical-v3	d730debf45266d298401564f3260bdecb14739d1c1f1835a5aebd615c83fa60b	2065	15	7	5	2	0	2	0	0
brain6-lava-canonical-v3	d730debf45266d298401564f3260bdecb14739d1c1f1835a5aebd615c83fa60b	2066	15	7	7	0	0	0	0	0
brain6-lava-canonical-v3	d730debf45266d298401564f3260bdecb14739d1c1f1835a5aebd615c83fa60b	2067	15	7	4	3	0	3	0	0
brain6-lava-canonical-v3	d730debf45266d298401564f3260bdecb14739d1c1f1835a5aebd615c83fa60b	2068	15	7	5	2	0	2	0	0
brain6-lava-canonical-v3	d730debf45266d298401564f3260bdecb14739d1c1f1835a5aebd615c83fa60b	2069	15	7	6	1	0	1	0	0
brain6-lava-canonical-v3	d730debf45266d298401564f3260bdecb14739d1c1f1835a5aebd615c83fa60b	2070	15	7	6	1	0	1	0	0
brain6-lava-canonical-v3	d730debf45266d298401564f3260bdecb14739d1c1f1835a5aebd615c83fa60b	2071	15	7	5	2	0	2	0	0
brain6-lava-canonical-v3	d730debf45266d298401564f3260bdecb14739d1c1f1835a5aebd615c83fa60b	2072	15	7	6	1	0	1	0	0
brain6-lava-canonical-v3	d730debf45266d298401564f3260bdecb14739d1c1f1835a5aebd615c83fa60b	2073	15	7	4	3	0	3	0	0
brain6-lava-canonical-v3	d730debf45266d298401564f3260bdecb14739d1c1f1835a5aebd615c83fa60b	2074	15	7	4	3	0	3	0	0
brain6-lava-canonical-v3	d730debf45266d298401564f3260bdecb14739d1c1f1835a5aebd615c83fa60b	2075	15	7	6	1	0	1	0	0
brain6-lava-canonical-v3	d730debf45266d298401564f3260bdecb14739d1c1f1835a5aebd615c83fa60b	2076	15	7	6	1	0	1	0	0
brain6-lava-canonical-v3	d730debf45266d298401564f3260bdecb14739d1c1f1835a5aebd615c83fa60b	2077	15	7	5	2	0	2	0	0
brain6-lava-canonical-v3	d730debf45266d298401564f3260bdecb14739d1c1f1835a5aebd615c83fa60b	2078	15	7	5	2	0	2	0	0
brain6-lava-canonical-v3	d730debf45266d298401564f3260bdecb14739d1c1f1835a5aebd615c83fa60b	2079	15	7	6	1	0	1	0	0
brain6-lava-canonical-v3	d730debf45266d298401564f3260bdecb14739d1c1f1835a5aebd615c83fa60b	2080	15	7	7	0	0	0	0	0
brain6-lava-canonical-v3	d730debf45266d298401564f3260bdecb14739d1c1f1835a5aebd615c83fa60b	2081	15	7	6	1	0	1	0	0
brain6-lava-canonical-v3	d730debf45266d298401564f3260bdecb14739d1c1f1835a5aebd615c83fa60b	2082	15	7	2	5	0	5	0	0
brain6-lava-canonical-v3	d730debf45266d298401564f3260bdecb14739d1c1f1835a5aebd615c83fa60b	2083	15	7	7	0	0	0	0	0
brain6-lava-canonical-v3	d730debf45266d298401564f3260bdecb14739d1c1f1835a5aebd615c83fa60b	2084	15	7	6	1	0	1	0	0
brain6-lava-canonical-v3	d730debf45266d298401564f3260bdecb14739d1c1f1835a5aebd615c83fa60b	2085	15	7	5	2	0	2	0	0
brain6-lava-canonical-v3	d730debf45266d298401564f3260bdecb14739d1c1f1835a5aebd615c83fa60b	2086	15	7	6	1	0	1	0	0
brain6-lava-canonical-v3	d730debf45266d298401564f3260bdecb14739d1c1f1835a5aebd615c83fa60b	2087	15	7	7	0	0	0	0	0
brain6-lava-canonical-v3	d730debf45266d298401564f3260bdecb14739d1c1f1835a5aebd615c83fa60b	2088	15	7	6	1	0	1	0	0
brain6-lava-canonical-v3	d730debf45266d298401564f3260bdecb14739d1c1f1835a5aebd615c83fa60b	2089	15	7	5	2	0	2	0	0
brain6-lava-canonical-v3	d730debf45266d298401564f3260bdecb14739d1c1f1835a5aebd615c83fa60b	2090	15	7	6	1	0	1	0	0
brain6-lava-canonical-v3	d730debf45266d298401564f3260bdecb14739d1c1f1835a5aebd615c83fa60b	2091	15	7	6	1	0	1	0	0
brain6-lava-canonical-v3	d730debf45266d298401564f3260bdecb14739d1c1f1835a5aebd615c83fa60b	2092	15	7	7	0	0	0	0	0
brain6-lava-canonical-v3	d730debf45266d298401564f3260bdecb14739d1c1f1835a5aebd615c83fa60b	2093	15	7	5	2	0	2	0	0
brain6-lava-canonical-v3	d730debf45266d298401564f3260bdecb14739d1c1f1835a5aebd615c83fa60b	2094	15	7	6	1	0	1	0	0
brain6-lava-canonical-v3	d730debf45266d298401564f3260bdecb14739d1c1f1835a5aebd615c83fa60b	2095	15	7	6	1	0	1	0	0
brain6-lava-canonical-v3	d730debf45266d298401564f3260bdecb14739d1c1f1835a5aebd615c83fa60b	2096	15	7	6	1	0	1	0	0
brain6-lava-canonical-v3	d730debf45266d298401564f3260bdecb14739d1c1f1835a5aebd615c83fa60b	2097	15	7	5	2	0	2	0	0
brain6-lava-canonical-v3	d730debf45266d298401564f3260bdecb14739d1c1f1835a5aebd615c83fa60b	2098	15	7	6	1	0	1	0	0
brain6-lava-canonical-v3	d730debf45266d298401564f3260bdecb14739d1c1f1835a5aebd615c83fa60b	2099	15	7	4	3	0	3	0	0
brain6-lava-canonical-v3	d730debf45266d298401564f3260bdecb14739d1c1f1835a5aebd615c83fa60b	2100	15	7	4	3	0	3	0	0
brain6-lava-canonical-v3	d730debf45266d298401564f3260bdecb14739d1c1f1835a5aebd615c83fa60b	2101	15	7	5	2	0	2	0	0
brain6-lava-canonical-v3	d730debf45266d298401564f3260bdecb14739d1c1f1835a5aebd615c83fa60b	2102	16	7	5	2	0	2	0	0
brain6-lava-canonical-v3	d730debf45266d298401564f3260bdecb14739d1c1f1835a5aebd615c83fa60b	2103	16	7	7	0	0	0	0	0
brain6-lava-canonical-v3	d730debf45266d298401564f3260bdecb14739d1c1f1835a5aebd615c83fa60b	2104	16	7	5	2	0	2	0	0
brain6-lava-canonical-v3	d730debf45266d298401564f3260bdecb14739d1c1f1835a5aebd615c83fa60b	2105	16	7	6	1	0	1	0	0
brain6-lava-canonical-v3	d730debf45266d298401564f3260bdecb14739d1c1f1835a5aebd615c83fa60b	2106	16	7	7	0	0	0	0	0
brain6-lava-canonical-v3	d730debf45266d298401564f3260bdecb14739d1c1f1835a5aebd615c83fa60b	2107	16	7	5	2	0	2	0	0
brain6-lava-canonical-v3	d730debf45266d298401564f3260bdecb14739d1c1f1835a5aebd615c83fa60b	2108	16	7	7	0	0	0	0	0
brain6-lava-canonical-v3	d730debf45266d298401564f3260bdecb14739d1c1f1835a5aebd615c83fa60b	2109	16	7	6	1	0	1	0	0
brain6-lava-canonical-v3	d730debf45266d298401564f3260bdecb14739d1c1f1835a5aebd615c83fa60b	2110	16	7	6	1	0	1	0	0
brain6-lava-canonical-v3	d730debf45266d298401564f3260bdecb14739d1c1f1835a5aebd615c83fa60b	2111	16	7	6	1	0	1	0	0
brain6-lava-canonical-v3	d730debf45266d298401564f3260bdecb14739d1c1f1835a5aebd615c83fa60b	2112	16	7	5	2	0	2	0	0
brain6-lava-canonical-v3	d730debf45266d298401564f3260bdecb14739d1c1f1835a5aebd615c83fa60b	2113	16	7	7	0	0	0	0	0
brain6-lava-canonical-v3	d730debf45266d298401564f3260bdecb14739d1c1f1835a5aebd615c83fa60b	2114	16	7	6	1	0	1	0	0
brain6-lava-canonical-v3	d730debf45266d298401564f3260bdecb14739d1c1f1835a5aebd615c83fa60b	2115	16	7	7	0	0	0	0	0
brain6-lava-canonical-v3	d730debf45266d298401564f3260bdecb14739d1c1f1835a5aebd615c83fa60b	2116	16	7	5	2	0	2	0	0
brain6-lava-canonical-v3	d730debf45266d298401564f3260bdecb14739d1c1f1835a5aebd615c83fa60b	2117	16	7	5	2	0	2	0	0
brain6-lava-canonical-v3	d730debf45266d298401564f3260bdecb14739d1c1f1835a5aebd615c83fa60b	2118	16	7	6	1	0	1	0	0
brain6-lava-canonical-v3	d730debf45266d298401564f3260bdecb14739d1c1f1835a5aebd615c83fa60b	2119	16	7	4	3	0	3	0	0
brain6-lava-canonical-v3	d730debf45266d298401564f3260bdecb14739d1c1f1835a5aebd615c83fa60b	2120	16	7	5	2	0	2	0	0
brain6-lava-canonical-v3	d730debf45266d298401564f3260bdecb14739d1c1f1835a5aebd615c83fa60b	2121	16	7	5	2	0	2	0	0
brain6-lava-canonical-v3	d730debf45266d298401564f3260bdecb14739d1c1f1835a5aebd615c83fa60b	2122	16	7	5	2	0	2	0	0
brain6-lava-canonical-v3	d730debf45266d298401564f3260bdecb14739d1c1f1835a5aebd615c83fa60b	2123	16	7	6	1	0	1	0	0
brain6-lava-canonical-v3	d730debf45266d298401564f3260bdecb14739d1c1f1835a5aebd615c83fa60b	2124	16	7	7	0	0	0	0	0
brain6-lava-canonical-v3	d730debf45266d298401564f3260bdecb14739d1c1f1835a5aebd615c83fa60b	2125	16	7	6	1	0	1	0	0
brain6-lava-canonical-v3	d730debf45266d298401564f3260bdecb14739d1c1f1835a5aebd615c83fa60b	2126	16	7	7	0	0	0	0	0
brain6-lava-canonical-v3	d730debf45266d298401564f3260bdecb14739d1c1f1835a5aebd615c83fa60b	2127	16	7	7	0	0	0	0	0
brain6-lava-canonical-v3	d730debf45266d298401564f3260bdecb14739d1c1f1835a5aebd615c83fa60b	2128	16	7	7	0	0	0	0	0
brain6-lava-canonical-v3	d730debf45266d298401564f3260bdecb14739d1c1f1835a5aebd615c83fa60b	2129	16	7	7	0	0	0	0	0
brain6-lava-canonical-v3	d730debf45266d298401564f3260bdecb14739d1c1f1835a5aebd615c83fa60b	2130	16	7	4	3	0	3	0	0
brain6-lava-canonical-v3	d730debf45266d298401564f3260bdecb14739d1c1f1835a5aebd615c83fa60b	2131	16	7	6	1	0	1	0	0
brain6-lava-canonical-v3	d730debf45266d298401564f3260bdecb14739d1c1f1835a5aebd615c83fa60b	2132	16	7	4	3	0	3	0	0
brain6-lava-canonical-v3	d730debf45266d298401564f3260bdecb14739d1c1f1835a5aebd615c83fa60b	2133	16	7	7	0	0	0	0	0
brain6-lava-canonical-v3	d730debf45266d298401564f3260bdecb14739d1c1f1835a5aebd615c83fa60b	2134	16	7	6	1	0	1	0	0
brain6-lava-canonical-v3	d730debf45266d298401564f3260bdecb14739d1c1f1835a5aebd615c83fa60b	2135	16	7	6	1	0	1	0	0
brain6-lava-canonical-v3	d730debf45266d298401564f3260bdecb14739d1c1f1835a5aebd615c83fa60b	2136	16	7	5	2	0	2	0	0
brain6-lava-canonical-v3	d730debf45266d298401564f3260bdecb14739d1c1f1835a5aebd615c83fa60b	2137	16	7	4	3	0	3	0	0
brain6-lava-canonical-v3	d730debf45266d298401564f3260bdecb14739d1c1f1835a5aebd615c83fa60b	2138	16	7	5	2	0	2	0	0
brain6-lava-canonical-v3	d730debf45266d298401564f3260bdecb14739d1c1f1835a5aebd615c83fa60b	2139	16	7	7	0	0	0	0	0
brain6-lava-canonical-v3	d730debf45266d298401564f3260bdecb14739d1c1f1835a5aebd615c83fa60b	2140	16	7	7	0	0	0	0	0
brain6-lava-canonical-v3	d730debf45266d298401564f3260bdecb14739d1c1f1835a5aebd615c83fa60b	2141	16	7	5	2	0	2	0	0
brain6-lava-canonical-v3	d730debf45266d298401564f3260bdecb14739d1c1f1835a5aebd615c83fa60b	2142	16	7	7	0	0	0	0	0
brain6-lava-canonical-v3	d730debf45266d298401564f3260bdecb14739d1c1f1835a5aebd615c83fa60b	2143	16	7	5	2	0	2	0	0
brain6-lava-canonical-v3	d730debf45266d298401564f3260bdecb14739d1c1f1835a5aebd615c83fa60b	2144	16	7	4	3	0	3	0	0
brain6-lava-canonical-v3	d730debf45266d298401564f3260bdecb14739d1c1f1835a5aebd615c83fa60b	2145	16	7	5	2	0	2	0	0
brain6-lava-canonical-v3	d730debf45266d298401564f3260bdecb14739d1c1f1835a5aebd615c83fa60b	2146	16	7	5	2	0	2	0	0
brain6-lava-canonical-v3	d730debf45266d298401564f3260bdecb14739d1c1f1835a5aebd615c83fa60b	2147	16	7	6	1	0	1	0	0
brain6-lava-canonical-v3	d730debf45266d298401564f3260bdecb14739d1c1f1835a5aebd615c83fa60b	2148	16	7	6	1	0	1	0	0
brain6-lava-canonical-v3	d730debf45266d298401564f3260bdecb14739d1c1f1835a5aebd615c83fa60b	2149	16	7	6	1	0	1	0	0
brain6-lava-canonical-v3	d730debf45266d298401564f3260bdecb14739d1c1f1835a5aebd615c83fa60b	2150	16	7	6	1	0	1	0	0
brain6-lava-canonical-v3	d730debf45266d298401564f3260bdecb14739d1c1f1835a5aebd615c83fa60b	2151	16	7	6	1	0	1	0	0
brain6-lava-canonical-v3	d730debf45266d298401564f3260bdecb14739d1c1f1835a5aebd615c83fa60b	2152	16	7	4	3	0	3	0	0
brain6-lava-canonical-v3	d730debf45266d298401564f3260bdecb14739d1c1f1835a5aebd615c83fa60b	2153	16	7	3	4	0	4	0	0
brain6-lava-canonical-v3	d730debf45266d298401564f3260bdecb14739d1c1f1835a5aebd615c83fa60b	2154	16	7	6	1	0	1	0	0
brain6-lava-canonical-v3	d730debf45266d298401564f3260bdecb14739d1c1f1835a5aebd615c83fa60b	2155	16	7	6	1	0	1	0	0
brain6-lava-canonical-v3	d730debf45266d298401564f3260bdecb14739d1c1f1835a5aebd615c83fa60b	2156	16	7	6	1	0	1	0	0
brain6-lava-canonical-v3	d730debf45266d298401564f3260bdecb14739d1c1f1835a5aebd615c83fa60b	2157	16	7	6	1	0	1	0	0
brain6-lava-canonical-v3	d730debf45266d298401564f3260bdecb14739d1c1f1835a5aebd615c83fa60b	2158	16	7	6	1	0	1	0	0
brain6-lava-canonical-v3	d730debf45266d298401564f3260bdecb14739d1c1f1835a5aebd615c83fa60b	2159	16	7	4	3	0	3	0	0
brain6-lava-canonical-v3	d730debf45266d298401564f3260bdecb14739d1c1f1835a5aebd615c83fa60b	2160	16	7	7	0	0	0	0	0
brain6-lava-canonical-v3	d730debf45266d298401564f3260bdecb14739d1c1f1835a5aebd615c83fa60b	2161	16	7	4	3	0	3	0	0
brain6-lava-canonical-v3	d730debf45266d298401564f3260bdecb14739d1c1f1835a5aebd615c83fa60b	2162	16	7	5	2	0	2	0	0
brain6-lava-canonical-v3	d730debf45266d298401564f3260bdecb14739d1c1f1835a5aebd615c83fa60b	2163	16	7	7	0	0	0	0	0
brain6-lava-canonical-v3	d730debf45266d298401564f3260bdecb14739d1c1f1835a5aebd615c83fa60b	2164	16	7	6	1	0	1	0	0
brain6-lava-canonical-v3	d730debf45266d298401564f3260bdecb14739d1c1f1835a5aebd615c83fa60b	2165	16	7	5	2	0	2	0	0
brain6-lava-canonical-v3	d730debf45266d298401564f3260bdecb14739d1c1f1835a5aebd615c83fa60b	2166	16	7	5	2	0	2	0	0
brain6-lava-canonical-v3	d730debf45266d298401564f3260bdecb14739d1c1f1835a5aebd615c83fa60b	2167	16	7	5	2	0	2	0	0
brain6-lava-canonical-v3	d730debf45266d298401564f3260bdecb14739d1c1f1835a5aebd615c83fa60b	2168	16	7	5	2	0	2	0	0
brain6-lava-canonical-v3	d730debf45266d298401564f3260bdecb14739d1c1f1835a5aebd615c83fa60b	2169	16	7	5	2	0	2	0	0
brain6-lava-canonical-v3	d730debf45266d298401564f3260bdecb14739d1c1f1835a5aebd615c83fa60b	2170	16	7	5	2	0	2	0	0
brain6-lava-canonical-v3	d730debf45266d298401564f3260bdecb14739d1c1f1835a5aebd615c83fa60b	2171	16	7	6	1	0	1	0	0
brain6-lava-canonical-v3	d730debf45266d298401564f3260bdecb14739d1c1f1835a5aebd615c83fa60b	2172	16	7	5	2	0	2	0	0
brain6-lava-canonical-v3	d730debf45266d298401564f3260bdecb14739d1c1f1835a5aebd615c83fa60b	2173	17	7	5	2	0	2	0	0
brain6-lava-canonical-v3	d730debf45266d298401564f3260bdecb14739d1c1f1835a5aebd615c83fa60b	2174	17	7	5	2	0	2	0	0
brain6-lava-canonical-v3	d730debf45266d298401564f3260bdecb14739d1c1f1835a5aebd615c83fa60b	2175	17	7	5	2	0	2	0	0
brain6-lava-canonical-v3	d730debf45266d298401564f3260bdecb14739d1c1f1835a5aebd615c83fa60b	2176	17	7	5	2	0	2	0	0
brain6-lava-canonical-v3	d730debf45266d298401564f3260bdecb14739d1c1f1835a5aebd615c83fa60b	2177	17	7	5	2	0	2	0	0
brain6-lava-canonical-v3	d730debf45266d298401564f3260bdecb14739d1c1f1835a5aebd615c83fa60b	2178	17	7	6	1	0	1	0	0
brain6-lava-canonical-v3	d730debf45266d298401564f3260bdecb14739d1c1f1835a5aebd615c83fa60b	2179	17	7	5	2	0	2	0	0
brain6-lava-canonical-v3	d730debf45266d298401564f3260bdecb14739d1c1f1835a5aebd615c83fa60b	2180	17	7	5	2	0	2	0	0
brain6-lava-canonical-v3	d730debf45266d298401564f3260bdecb14739d1c1f1835a5aebd615c83fa60b	2181	17	7	7	0	0	0	0	0
brain6-lava-canonical-v3	d730debf45266d298401564f3260bdecb14739d1c1f1835a5aebd615c83fa60b	2182	17	7	6	1	0	1	0	0
brain6-lava-canonical-v3	d730debf45266d298401564f3260bdecb14739d1c1f1835a5aebd615c83fa60b	2183	17	7	3	4	0	4	0	0
brain6-lava-canonical-v3	d730debf45266d298401564f3260bdecb14739d1c1f1835a5aebd615c83fa60b	2184	17	7	4	3	0	3	0	0
brain6-lava-canonical-v3	d730debf45266d298401564f3260bdecb14739d1c1f1835a5aebd615c83fa60b	2185	17	7	6	1	0	1	0	0
brain6-lava-canonical-v3	d730debf45266d298401564f3260bdecb14739d1c1f1835a5aebd615c83fa60b	2186	17	7	7	0	0	0	0	0
brain6-lava-canonical-v3	d730debf45266d298401564f3260bdecb14739d1c1f1835a5aebd615c83fa60b	2187	17	7	3	4	0	4	0	0
brain6-lava-canonical-v3	d730debf45266d298401564f3260bdecb14739d1c1f1835a5aebd615c83fa60b	2188	17	7	6	1	0	1	0	0
brain6-lava-canonical-v3	d730debf45266d298401564f3260bdecb14739d1c1f1835a5aebd615c83fa60b	2189	17	7	3	4	0	4	0	0
brain6-lava-canonical-v3	d730debf45266d298401564f3260bdecb14739d1c1f1835a5aebd615c83fa60b	2190	17	7	6	1	0	1	0	0
brain6-lava-canonical-v3	d730debf45266d298401564f3260bdecb14739d1c1f1835a5aebd615c83fa60b	2191	17	7	7	0	0	0	0	0
brain6-lava-canonical-v3	d730debf45266d298401564f3260bdecb14739d1c1f1835a5aebd615c83fa60b	2192	17	7	7	0	0	0	0	0
brain6-lava-canonical-v3	d730debf45266d298401564f3260bdecb14739d1c1f1835a5aebd615c83fa60b	2193	17	7	7	0	0	0	0	0
brain6-lava-canonical-v3	d730debf45266d298401564f3260bdecb14739d1c1f1835a5aebd615c83fa60b	2194	17	7	5	2	0	2	0	0
brain6-lava-canonical-v3	d730debf45266d298401564f3260bdecb14739d1c1f1835a5aebd615c83fa60b	2195	17	7	6	1	0	1	0	0
brain6-lava-canonical-v3	d730debf45266d298401564f3260bdecb14739d1c1f1835a5aebd615c83fa60b	2196	17	7	7	0	0	0	0	0
brain6-lava-canonical-v3	d730debf45266d298401564f3260bdecb14739d1c1f1835a5aebd615c83fa60b	2197	17	7	7	0	0	0	0	0
brain6-lava-canonical-v3	d730debf45266d298401564f3260bdecb14739d1c1f1835a5aebd615c83fa60b	2198	17	7	4	3	0	3	0	0
brain6-lava-canonical-v3	d730debf45266d298401564f3260bdecb14739d1c1f1835a5aebd615c83fa60b	2199	17	7	5	2	0	2	0	0
brain6-lava-canonical-v3	d730debf45266d298401564f3260bdecb14739d1c1f1835a5aebd615c83fa60b	2200	17	7	4	3	0	3	0	0
brain6-lava-canonical-v3	d730debf45266d298401564f3260bdecb14739d1c1f1835a5aebd615c83fa60b	2201	17	7	6	1	0	1	0	0
brain6-lava-canonical-v3	d730debf45266d298401564f3260bdecb14739d1c1f1835a5aebd615c83fa60b	2202	17	7	5	2	0	2	0	0
brain6-lava-canonical-v3	d730debf45266d298401564f3260bdecb14739d1c1f1835a5aebd615c83fa60b	2203	17	7	6	1	0	1	0	0
brain6-lava-canonical-v3	d730debf45266d298401564f3260bdecb14739d1c1f1835a5aebd615c83fa60b	2204	17	7	5	2	0	2	0	0
brain6-lava-canonical-v3	d730debf45266d298401564f3260bdecb14739d1c1f1835a5aebd615c83fa60b	2205	17	7	6	1	0	1	0	0
brain6-lava-canonical-v3	d730debf45266d298401564f3260bdecb14739d1c1f1835a5aebd615c83fa60b	2206	17	7	7	0	0	0	0	0
brain6-lava-canonical-v3	d730debf45266d298401564f3260bdecb14739d1c1f1835a5aebd615c83fa60b	2207	17	7	7	0	0	0	0	0
brain6-lava-canonical-v3	d730debf45266d298401564f3260bdecb14739d1c1f1835a5aebd615c83fa60b	2208	17	7	6	1	0	1	0	0
brain6-lava-canonical-v3	d730debf45266d298401564f3260bdecb14739d1c1f1835a5aebd615c83fa60b	2209	17	7	6	1	0	1	0	0
brain6-lava-canonical-v3	d730debf45266d298401564f3260bdecb14739d1c1f1835a5aebd615c83fa60b	2210	17	7	5	2	0	2	0	0
brain6-lava-canonical-v3	d730debf45266d298401564f3260bdecb14739d1c1f1835a5aebd615c83fa60b	2211	17	7	7	0	0	0	0	0
brain6-lava-canonical-v3	d730debf45266d298401564f3260bdecb14739d1c1f1835a5aebd615c83fa60b	2212	17	7	7	0	0	0	0	0
brain6-lava-canonical-v3	d730debf45266d298401564f3260bdecb14739d1c1f1835a5aebd615c83fa60b	2213	17	7	6	1	0	1	0	0
brain6-lava-canonical-v3	d730debf45266d298401564f3260bdecb14739d1c1f1835a5aebd615c83fa60b	2214	17	7	5	2	0	2	0	0
brain6-lava-canonical-v3	d730debf45266d298401564f3260bdecb14739d1c1f1835a5aebd615c83fa60b	2215	17	7	6	1	0	1	0	0
brain6-lava-canonical-v3	d730debf45266d298401564f3260bdecb14739d1c1f1835a5aebd615c83fa60b	2216	17	7	5	2	0	2	0	0
brain6-lava-canonical-v3	d730debf45266d298401564f3260bdecb14739d1c1f1835a5aebd615c83fa60b	2217	17	7	7	0	0	0	0	0
brain6-lava-canonical-v3	d730debf45266d298401564f3260bdecb14739d1c1f1835a5aebd615c83fa60b	2218	17	7	2	5	0	5	0	0
brain6-lava-canonical-v3	d730debf45266d298401564f3260bdecb14739d1c1f1835a5aebd615c83fa60b	2219	17	7	4	3	0	3	0	0
brain6-lava-canonical-v3	d730debf45266d298401564f3260bdecb14739d1c1f1835a5aebd615c83fa60b	2220	17	7	5	2	0	2	0	0
brain6-lava-canonical-v3	d730debf45266d298401564f3260bdecb14739d1c1f1835a5aebd615c83fa60b	2221	17	7	7	0	0	0	0	0
brain6-lava-canonical-v3	d730debf45266d298401564f3260bdecb14739d1c1f1835a5aebd615c83fa60b	2222	17	7	6	1	0	1	0	0
brain6-lava-canonical-v3	d730debf45266d298401564f3260bdecb14739d1c1f1835a5aebd615c83fa60b	2223	17	7	6	1	0	1	0	0
brain6-lava-canonical-v3	d730debf45266d298401564f3260bdecb14739d1c1f1835a5aebd615c83fa60b	2224	17	7	3	4	0	4	0	0
brain6-lava-canonical-v3	d730debf45266d298401564f3260bdecb14739d1c1f1835a5aebd615c83fa60b	2225	17	7	6	1	0	1	0	0
brain6-lava-canonical-v3	d730debf45266d298401564f3260bdecb14739d1c1f1835a5aebd615c83fa60b	2226	17	7	6	1	0	1	0	0
brain6-lava-canonical-v3	d730debf45266d298401564f3260bdecb14739d1c1f1835a5aebd615c83fa60b	2227	17	7	3	4	0	4	0	0
brain6-lava-canonical-v3	d730debf45266d298401564f3260bdecb14739d1c1f1835a5aebd615c83fa60b	2228	17	7	5	2	0	2	0	0
brain6-lava-canonical-v3	d730debf45266d298401564f3260bdecb14739d1c1f1835a5aebd615c83fa60b	2229	17	7	6	1	0	1	0	0
brain6-lava-canonical-v3	d730debf45266d298401564f3260bdecb14739d1c1f1835a5aebd615c83fa60b	2230	17	7	7	0	0	0	0	0
brain6-lava-canonical-v3	d730debf45266d298401564f3260bdecb14739d1c1f1835a5aebd615c83fa60b	2231	17	7	6	1	0	1	0	0
brain6-lava-canonical-v3	d730debf45266d298401564f3260bdecb14739d1c1f1835a5aebd615c83fa60b	2232	17	7	6	1	0	1	0	0
brain6-lava-canonical-v3	d730debf45266d298401564f3260bdecb14739d1c1f1835a5aebd615c83fa60b	2233	17	7	4	3	0	3	0	0
brain6-lava-canonical-v3	d730debf45266d298401564f3260bdecb14739d1c1f1835a5aebd615c83fa60b	2234	17	7	6	1	0	1	0	0
brain6-lava-canonical-v3	d730debf45266d298401564f3260bdecb14739d1c1f1835a5aebd615c83fa60b	2235	17	7	6	1	0	1	0	0
brain6-lava-canonical-v3	d730debf45266d298401564f3260bdecb14739d1c1f1835a5aebd615c83fa60b	2236	17	7	6	1	0	1	0	0
brain6-lava-canonical-v3	d730debf45266d298401564f3260bdecb14739d1c1f1835a5aebd615c83fa60b	2237	17	7	5	2	0	2	0	0
brain6-lava-canonical-v3	d730debf45266d298401564f3260bdecb14739d1c1f1835a5aebd615c83fa60b	2238	18	7	3	4	0	4	0	0
brain6-lava-canonical-v3	d730debf45266d298401564f3260bdecb14739d1c1f1835a5aebd615c83fa60b	2239	18	7	5	2	0	2	0	0
brain6-lava-canonical-v3	d730debf45266d298401564f3260bdecb14739d1c1f1835a5aebd615c83fa60b	2240	18	7	4	3	0	3	0	0
brain6-lava-canonical-v3	d730debf45266d298401564f3260bdecb14739d1c1f1835a5aebd615c83fa60b	2241	18	7	3	4	0	4	0	0
brain6-lava-canonical-v3	d730debf45266d298401564f3260bdecb14739d1c1f1835a5aebd615c83fa60b	2242	18	7	6	1	0	1	0	0
brain6-lava-canonical-v3	d730debf45266d298401564f3260bdecb14739d1c1f1835a5aebd615c83fa60b	2243	18	7	5	2	0	2	0	0
brain6-lava-canonical-v3	d730debf45266d298401564f3260bdecb14739d1c1f1835a5aebd615c83fa60b	2244	18	7	5	2	0	2	0	0
brain6-lava-canonical-v3	d730debf45266d298401564f3260bdecb14739d1c1f1835a5aebd615c83fa60b	2245	18	7	4	3	0	3	0	0
brain6-lava-canonical-v3	d730debf45266d298401564f3260bdecb14739d1c1f1835a5aebd615c83fa60b	2246	18	7	6	1	0	1	0	0
brain6-lava-canonical-v3	d730debf45266d298401564f3260bdecb14739d1c1f1835a5aebd615c83fa60b	2247	18	7	6	1	0	1	0	0
brain6-lava-canonical-v3	d730debf45266d298401564f3260bdecb14739d1c1f1835a5aebd615c83fa60b	2248	18	7	5	2	0	2	0	0
brain6-lava-canonical-v3	d730debf45266d298401564f3260bdecb14739d1c1f1835a5aebd615c83fa60b	2249	18	7	5	2	0	2	0	0
brain6-lava-canonical-v3	d730debf45266d298401564f3260bdecb14739d1c1f1835a5aebd615c83fa60b	2250	18	7	5	2	0	2	0	0
brain6-lava-canonical-v3	d730debf45266d298401564f3260bdecb14739d1c1f1835a5aebd615c83fa60b	2251	18	7	6	1	0	1	0	0
brain6-lava-canonical-v3	d730debf45266d298401564f3260bdecb14739d1c1f1835a5aebd615c83fa60b	2252	18	7	4	3	0	3	0	0
brain6-lava-canonical-v3	d730debf45266d298401564f3260bdecb14739d1c1f1835a5aebd615c83fa60b	2253	18	7	2	5	0	5	0	0
brain6-lava-canonical-v3	d730debf45266d298401564f3260bdecb14739d1c1f1835a5aebd615c83fa60b	2254	18	7	5	2	0	2	0	0
brain6-lava-canonical-v3	d730debf45266d298401564f3260bdecb14739d1c1f1835a5aebd615c83fa60b	2255	18	7	5	2	0	2	0	0
brain6-lava-canonical-v3	d730debf45266d298401564f3260bdecb14739d1c1f1835a5aebd615c83fa60b	2256	18	7	6	1	0	1	0	0
brain6-lava-canonical-v3	d730debf45266d298401564f3260bdecb14739d1c1f1835a5aebd615c83fa60b	2257	18	7	7	0	0	0	0	0
brain6-lava-canonical-v3	d730debf45266d298401564f3260bdecb14739d1c1f1835a5aebd615c83fa60b	2258	18	7	6	1	0	1	0	0
brain6-lava-canonical-v3	d730debf45266d298401564f3260bdecb14739d1c1f1835a5aebd615c83fa60b	2259	18	7	7	0	0	0	0	0
brain6-lava-canonical-v3	d730debf45266d298401564f3260bdecb14739d1c1f1835a5aebd615c83fa60b	2260	18	7	6	1	0	1	0	0
brain6-lava-canonical-v3	d730debf45266d298401564f3260bdecb14739d1c1f1835a5aebd615c83fa60b	2261	18	7	5	2	0	2	0	0
brain6-lava-canonical-v3	d730debf45266d298401564f3260bdecb14739d1c1f1835a5aebd615c83fa60b	2262	18	7	7	0	0	0	0	0
brain6-lava-canonical-v3	d730debf45266d298401564f3260bdecb14739d1c1f1835a5aebd615c83fa60b	2263	18	7	6	1	0	1	0	0
brain6-lava-canonical-v3	d730debf45266d298401564f3260bdecb14739d1c1f1835a5aebd615c83fa60b	2264	18	7	7	0	0	0	0	0
brain6-lava-canonical-v3	d730debf45266d298401564f3260bdecb14739d1c1f1835a5aebd615c83fa60b	2265	18	7	6	1	0	1	0	0
brain6-lava-canonical-v3	d730debf45266d298401564f3260bdecb14739d1c1f1835a5aebd615c83fa60b	2266	18	7	7	0	0	0	0	0
brain6-lava-canonical-v3	d730debf45266d298401564f3260bdecb14739d1c1f1835a5aebd615c83fa60b	2267	18	7	7	0	0	0	0	0
brain6-lava-canonical-v3	d730debf45266d298401564f3260bdecb14739d1c1f1835a5aebd615c83fa60b	2268	18	7	6	1	0	1	0	0
brain6-lava-canonical-v3	d730debf45266d298401564f3260bdecb14739d1c1f1835a5aebd615c83fa60b	2269	18	7	5	2	0	2	0	0
brain6-lava-canonical-v3	d730debf45266d298401564f3260bdecb14739d1c1f1835a5aebd615c83fa60b	2270	18	7	6	1	0	1	0	0
brain6-lava-canonical-v3	d730debf45266d298401564f3260bdecb14739d1c1f1835a5aebd615c83fa60b	2271	18	7	6	1	0	1	0	0
brain6-lava-canonical-v3	d730debf45266d298401564f3260bdecb14739d1c1f1835a5aebd615c83fa60b	2272	18	7	6	1	0	1	0	0
brain6-lava-canonical-v3	d730debf45266d298401564f3260bdecb14739d1c1f1835a5aebd615c83fa60b	2273	18	7	4	3	0	3	0	0
brain6-lava-canonical-v3	d730debf45266d298401564f3260bdecb14739d1c1f1835a5aebd615c83fa60b	2274	18	7	5	2	0	2	0	0
brain6-lava-canonical-v3	d730debf45266d298401564f3260bdecb14739d1c1f1835a5aebd615c83fa60b	2275	18	7	3	4	0	4	0	0
brain6-lava-canonical-v3	d730debf45266d298401564f3260bdecb14739d1c1f1835a5aebd615c83fa60b	2276	18	7	5	2	0	2	0	0
brain6-lava-canonical-v3	d730debf45266d298401564f3260bdecb14739d1c1f1835a5aebd615c83fa60b	2277	18	7	6	1	0	1	0	0
brain6-lava-canonical-v3	d730debf45266d298401564f3260bdecb14739d1c1f1835a5aebd615c83fa60b	2278	18	7	6	1	0	1	0	0
brain6-lava-canonical-v3	d730debf45266d298401564f3260bdecb14739d1c1f1835a5aebd615c83fa60b	2279	18	7	7	0	0	0	0	0
brain6-lava-canonical-v3	d730debf45266d298401564f3260bdecb14739d1c1f1835a5aebd615c83fa60b	2280	18	7	6	1	0	1	0	0
brain6-lava-canonical-v3	d730debf45266d298401564f3260bdecb14739d1c1f1835a5aebd615c83fa60b	2281	18	7	6	1	0	1	0	0
brain6-lava-canonical-v3	d730debf45266d298401564f3260bdecb14739d1c1f1835a5aebd615c83fa60b	2282	18	7	6	1	0	1	0	0
brain6-lava-canonical-v3	d730debf45266d298401564f3260bdecb14739d1c1f1835a5aebd615c83fa60b	2283	18	7	6	1	0	1	0	0
brain6-lava-canonical-v3	d730debf45266d298401564f3260bdecb14739d1c1f1835a5aebd615c83fa60b	2284	18	7	6	1	0	1	0	0
brain6-lava-canonical-v3	d730debf45266d298401564f3260bdecb14739d1c1f1835a5aebd615c83fa60b	2285	18	7	5	2	0	2	0	0
brain6-lava-canonical-v3	d730debf45266d298401564f3260bdecb14739d1c1f1835a5aebd615c83fa60b	2286	18	7	5	2	0	2	0	0
brain6-lava-canonical-v3	d730debf45266d298401564f3260bdecb14739d1c1f1835a5aebd615c83fa60b	2287	18	7	6	1	0	1	0	0
brain6-lava-canonical-v3	d730debf45266d298401564f3260bdecb14739d1c1f1835a5aebd615c83fa60b	2288	18	7	6	1	0	1	0	0
brain6-lava-canonical-v3	d730debf45266d298401564f3260bdecb14739d1c1f1835a5aebd615c83fa60b	2289	18	7	4	3	0	3	0	0
brain6-lava-canonical-v3	d730debf45266d298401564f3260bdecb14739d1c1f1835a5aebd615c83fa60b	2290	18	7	4	3	0	3	0	0
brain6-lava-canonical-v3	d730debf45266d298401564f3260bdecb14739d1c1f1835a5aebd615c83fa60b	2291	18	7	6	1	0	1	0	0
brain6-lava-canonical-v3	d730debf45266d298401564f3260bdecb14739d1c1f1835a5aebd615c83fa60b	2292	18	7	6	1	0	1	0	0
brain6-lava-canonical-v3	d730debf45266d298401564f3260bdecb14739d1c1f1835a5aebd615c83fa60b	2293	18	7	6	1	0	1	0	0
brain6-lava-canonical-v3	d730debf45266d298401564f3260bdecb14739d1c1f1835a5aebd615c83fa60b	2294	18	7	4	3	0	3	0	0
brain6-lava-canonical-v3	d730debf45266d298401564f3260bdecb14739d1c1f1835a5aebd615c83fa60b	2295	18	7	6	1	0	1	0	0
brain6-lava-canonical-v3	d730debf45266d298401564f3260bdecb14739d1c1f1835a5aebd615c83fa60b	2296	18	7	7	0	0	0	0	0
brain6-lava-canonical-v3	d730debf45266d298401564f3260bdecb14739d1c1f1835a5aebd615c83fa60b	2297	18	7	6	1	0	1	0	0
brain6-lava-canonical-v3	d730debf45266d298401564f3260bdecb14739d1c1f1835a5aebd615c83fa60b	2298	18	7	4	3	0	3	0	0
brain6-lava-canonical-v3	d730debf45266d298401564f3260bdecb14739d1c1f1835a5aebd615c83fa60b	2299	18	7	5	2	0	2	0	0
brain6-lava-canonical-v3	d730debf45266d298401564f3260bdecb14739d1c1f1835a5aebd615c83fa60b	2300	18	7	4	3	0	3	0	0
brain6-lava-canonical-v3	d730debf45266d298401564f3260bdecb14739d1c1f1835a5aebd615c83fa60b	2301	18	7	3	4	0	4	0	0
brain6-lava-canonical-v3	d730debf45266d298401564f3260bdecb14739d1c1f1835a5aebd615c83fa60b	2302	18	7	6	1	0	1	0	0
brain6-lava-canonical-v3	d730debf45266d298401564f3260bdecb14739d1c1f1835a5aebd615c83fa60b	2303	18	7	3	4	0	4	0	0
brain6-lava-canonical-v3	d730debf45266d298401564f3260bdecb14739d1c1f1835a5aebd615c83fa60b	2304	18	7	6	1	0	1	0	0
brain6-lava-canonical-v3	d730debf45266d298401564f3260bdecb14739d1c1f1835a5aebd615c83fa60b	2305	18	7	7	0	0	0	0	0
brain6-lava-canonical-v3	d730debf45266d298401564f3260bdecb14739d1c1f1835a5aebd615c83fa60b	2306	19	7	3	4	0	4	0	0
brain6-lava-canonical-v3	d730debf45266d298401564f3260bdecb14739d1c1f1835a5aebd615c83fa60b	2307	19	7	4	3	0	3	0	0
brain6-lava-canonical-v3	d730debf45266d298401564f3260bdecb14739d1c1f1835a5aebd615c83fa60b	2308	19	7	5	2	0	2	0	0
brain6-lava-canonical-v3	d730debf45266d298401564f3260bdecb14739d1c1f1835a5aebd615c83fa60b	2309	19	7	5	2	0	2	0	0
brain6-lava-canonical-v3	d730debf45266d298401564f3260bdecb14739d1c1f1835a5aebd615c83fa60b	2310	19	7	4	3	0	3	0	0
brain6-lava-canonical-v3	d730debf45266d298401564f3260bdecb14739d1c1f1835a5aebd615c83fa60b	2311	19	7	5	2	0	2	0	0
brain6-lava-canonical-v3	d730debf45266d298401564f3260bdecb14739d1c1f1835a5aebd615c83fa60b	2312	19	7	4	3	0	3	0	0
brain6-lava-canonical-v3	d730debf45266d298401564f3260bdecb14739d1c1f1835a5aebd615c83fa60b	2313	19	7	6	1	0	1	0	0
brain6-lava-canonical-v3	d730debf45266d298401564f3260bdecb14739d1c1f1835a5aebd615c83fa60b	2314	19	7	6	1	0	1	0	0
brain6-lava-canonical-v3	d730debf45266d298401564f3260bdecb14739d1c1f1835a5aebd615c83fa60b	2315	19	7	5	2	0	2	0	0
brain6-lava-canonical-v3	d730debf45266d298401564f3260bdecb14739d1c1f1835a5aebd615c83fa60b	2316	19	7	5	2	0	2	0	0
brain6-lava-canonical-v3	d730debf45266d298401564f3260bdecb14739d1c1f1835a5aebd615c83fa60b	2317	19	7	4	3	0	3	0	0
brain6-lava-canonical-v3	d730debf45266d298401564f3260bdecb14739d1c1f1835a5aebd615c83fa60b	2318	19	7	6	1	0	1	0	0
brain6-lava-canonical-v3	d730debf45266d298401564f3260bdecb14739d1c1f1835a5aebd615c83fa60b	2319	19	7	5	2	0	2	0	0
brain6-lava-canonical-v3	d730debf45266d298401564f3260bdecb14739d1c1f1835a5aebd615c83fa60b	2320	19	7	5	2	0	2	0	0
brain6-lava-canonical-v3	d730debf45266d298401564f3260bdecb14739d1c1f1835a5aebd615c83fa60b	2321	19	7	7	0	0	0	0	0
brain6-lava-canonical-v3	d730debf45266d298401564f3260bdecb14739d1c1f1835a5aebd615c83fa60b	2322	19	7	7	0	0	0	0	0
brain6-lava-canonical-v3	d730debf45266d298401564f3260bdecb14739d1c1f1835a5aebd615c83fa60b	2323	19	7	3	4	0	4	0	0
brain6-lava-canonical-v3	d730debf45266d298401564f3260bdecb14739d1c1f1835a5aebd615c83fa60b	2324	19	7	6	1	0	1	0	0
brain6-lava-canonical-v3	d730debf45266d298401564f3260bdecb14739d1c1f1835a5aebd615c83fa60b	2325	19	7	4	3	0	3	0	0
brain6-lava-canonical-v3	d730debf45266d298401564f3260bdecb14739d1c1f1835a5aebd615c83fa60b	2326	19	7	6	1	0	1	0	0
brain6-lava-canonical-v3	d730debf45266d298401564f3260bdecb14739d1c1f1835a5aebd615c83fa60b	2327	19	7	6	1	0	1	0	0
brain6-lava-canonical-v3	d730debf45266d298401564f3260bdecb14739d1c1f1835a5aebd615c83fa60b	2328	19	7	6	1	0	1	0	0
brain6-lava-canonical-v3	d730debf45266d298401564f3260bdecb14739d1c1f1835a5aebd615c83fa60b	2329	19	7	6	1	0	1	0	0
brain6-lava-canonical-v3	d730debf45266d298401564f3260bdecb14739d1c1f1835a5aebd615c83fa60b	2330	19	7	5	2	0	2	0	0
brain6-lava-canonical-v3	d730debf45266d298401564f3260bdecb14739d1c1f1835a5aebd615c83fa60b	2331	19	7	5	2	0	2	0	0
brain6-lava-canonical-v3	d730debf45266d298401564f3260bdecb14739d1c1f1835a5aebd615c83fa60b	2332	19	7	4	3	0	3	0	0
brain6-lava-canonical-v3	d730debf45266d298401564f3260bdecb14739d1c1f1835a5aebd615c83fa60b	2333	19	7	5	2	0	2	0	0
brain6-lava-canonical-v3	d730debf45266d298401564f3260bdecb14739d1c1f1835a5aebd615c83fa60b	2334	19	7	5	2	0	2	0	0
brain6-lava-canonical-v3	d730debf45266d298401564f3260bdecb14739d1c1f1835a5aebd615c83fa60b	2335	19	7	6	1	0	1	0	0
brain6-lava-canonical-v3	d730debf45266d298401564f3260bdecb14739d1c1f1835a5aebd615c83fa60b	2336	19	7	7	0	0	0	0	0
brain6-lava-canonical-v3	d730debf45266d298401564f3260bdecb14739d1c1f1835a5aebd615c83fa60b	2337	19	7	5	2	0	2	0	0
brain6-lava-canonical-v3	d730debf45266d298401564f3260bdecb14739d1c1f1835a5aebd615c83fa60b	2338	19	7	7	0	0	0	0	0
brain6-lava-canonical-v3	d730debf45266d298401564f3260bdecb14739d1c1f1835a5aebd615c83fa60b	2339	19	7	5	2	0	2	0	0
brain6-lava-canonical-v3	d730debf45266d298401564f3260bdecb14739d1c1f1835a5aebd615c83fa60b	2340	19	7	6	1	0	1	0	0
brain6-lava-canonical-v3	d730debf45266d298401564f3260bdecb14739d1c1f1835a5aebd615c83fa60b	2341	19	7	5	2	0	2	0	0
brain6-lava-canonical-v3	d730debf45266d298401564f3260bdecb14739d1c1f1835a5aebd615c83fa60b	2342	19	7	6	1	0	1	0	0
brain6-lava-canonical-v3	d730debf45266d298401564f3260bdecb14739d1c1f1835a5aebd615c83fa60b	2343	19	7	4	3	0	3	0	0
brain6-lava-canonical-v3	d730debf45266d298401564f3260bdecb14739d1c1f1835a5aebd615c83fa60b	2344	19	7	7	0	0	0	0	0
brain6-lava-canonical-v3	d730debf45266d298401564f3260bdecb14739d1c1f1835a5aebd615c83fa60b	2345	19	7	5	2	0	2	0	0
brain6-lava-canonical-v3	d730debf45266d298401564f3260bdecb14739d1c1f1835a5aebd615c83fa60b	2346	19	7	2	5	0	5	0	0
brain6-lava-canonical-v3	d730debf45266d298401564f3260bdecb14739d1c1f1835a5aebd615c83fa60b	2347	19	7	5	2	0	2	0	0
brain6-lava-canonical-v3	d730debf45266d298401564f3260bdecb14739d1c1f1835a5aebd615c83fa60b	2348	19	7	6	1	0	1	0	0
brain6-lava-canonical-v3	d730debf45266d298401564f3260bdecb14739d1c1f1835a5aebd615c83fa60b	2349	19	7	1	6	0	6	0	0
brain6-lava-canonical-v3	d730debf45266d298401564f3260bdecb14739d1c1f1835a5aebd615c83fa60b	2350	19	7	6	1	0	1	0	0
brain6-lava-canonical-v3	d730debf45266d298401564f3260bdecb14739d1c1f1835a5aebd615c83fa60b	2351	19	7	3	4	0	4	0	0
brain6-lava-canonical-v3	d730debf45266d298401564f3260bdecb14739d1c1f1835a5aebd615c83fa60b	2352	19	7	6	1	0	1	0	0
brain6-lava-canonical-v3	d730debf45266d298401564f3260bdecb14739d1c1f1835a5aebd615c83fa60b	2353	19	7	6	1	0	1	0	0
brain6-lava-canonical-v3	d730debf45266d298401564f3260bdecb14739d1c1f1835a5aebd615c83fa60b	2354	19	7	6	1	0	1	0	0
brain6-lava-canonical-v3	d730debf45266d298401564f3260bdecb14739d1c1f1835a5aebd615c83fa60b	2355	19	7	6	1	0	1	0	0
brain6-lava-canonical-v3	d730debf45266d298401564f3260bdecb14739d1c1f1835a5aebd615c83fa60b	2356	19	7	5	2	0	2	0	0
brain6-lava-canonical-v3	d730debf45266d298401564f3260bdecb14739d1c1f1835a5aebd615c83fa60b	2357	19	7	6	1	0	1	0	0
brain6-lava-canonical-v3	d730debf45266d298401564f3260bdecb14739d1c1f1835a5aebd615c83fa60b	2358	19	7	4	3	0	3	0	0
brain6-lava-canonical-v3	d730debf45266d298401564f3260bdecb14739d1c1f1835a5aebd615c83fa60b	2359	19	7	6	1	0	1	0	0
brain6-lava-canonical-v3	d730debf45266d298401564f3260bdecb14739d1c1f1835a5aebd615c83fa60b	2360	19	7	6	1	0	1	0	0
brain6-lava-canonical-v3	d730debf45266d298401564f3260bdecb14739d1c1f1835a5aebd615c83fa60b	2361	19	7	3	4	0	4	0	0
brain6-lava-canonical-v3	d730debf45266d298401564f3260bdecb14739d1c1f1835a5aebd615c83fa60b	2362	19	7	5	2	0	2	0	0
brain6-lava-canonical-v3	d730debf45266d298401564f3260bdecb14739d1c1f1835a5aebd615c83fa60b	2363	19	7	4	3	0	3	0	0
brain6-lava-canonical-v3	d730debf45266d298401564f3260bdecb14739d1c1f1835a5aebd615c83fa60b	2364	19	7	5	2	0	2	0	0
brain6-lava-canonical-v3	d730debf45266d298401564f3260bdecb14739d1c1f1835a5aebd615c83fa60b	2365	19	7	5	2	0	2	0	0
brain6-lava-canonical-v3	d730debf45266d298401564f3260bdecb14739d1c1f1835a5aebd615c83fa60b	2366	19	7	6	1	0	1	0	0
brain6-lava-canonical-v3	d730debf45266d298401564f3260bdecb14739d1c1f1835a5aebd615c83fa60b	2367	19	7	6	1	0	1	0	0
brain6-lava-canonical-v3	d730debf45266d298401564f3260bdecb14739d1c1f1835a5aebd615c83fa60b	2368	19	7	7	0	0	0	0	0
brain6-lava-canonical-v3	d730debf45266d298401564f3260bdecb14739d1c1f1835a5aebd615c83fa60b	2369	20	7	6	1	0	1	0	0
brain6-lava-canonical-v3	d730debf45266d298401564f3260bdecb14739d1c1f1835a5aebd615c83fa60b	2370	20	7	7	0	0	0	0	0
brain6-lava-canonical-v3	d730debf45266d298401564f3260bdecb14739d1c1f1835a5aebd615c83fa60b	2371	20	7	6	1	0	1	0	0
brain6-lava-canonical-v3	d730debf45266d298401564f3260bdecb14739d1c1f1835a5aebd615c83fa60b	2372	20	7	7	0	0	0	0	0
brain6-lava-canonical-v3	d730debf45266d298401564f3260bdecb14739d1c1f1835a5aebd615c83fa60b	2373	20	7	7	0	0	0	0	0
brain6-lava-canonical-v3	d730debf45266d298401564f3260bdecb14739d1c1f1835a5aebd615c83fa60b	2374	20	7	5	2	0	2	0	0
brain6-lava-canonical-v3	d730debf45266d298401564f3260bdecb14739d1c1f1835a5aebd615c83fa60b	2375	20	7	5	2	0	2	0	0
brain6-lava-canonical-v3	d730debf45266d298401564f3260bdecb14739d1c1f1835a5aebd615c83fa60b	2376	20	7	6	1	0	1	0	0
brain6-lava-canonical-v3	d730debf45266d298401564f3260bdecb14739d1c1f1835a5aebd615c83fa60b	2377	20	7	7	0	0	0	0	0
brain6-lava-canonical-v3	d730debf45266d298401564f3260bdecb14739d1c1f1835a5aebd615c83fa60b	2378	20	7	5	2	0	2	0	0
brain6-lava-canonical-v3	d730debf45266d298401564f3260bdecb14739d1c1f1835a5aebd615c83fa60b	2379	20	7	5	2	0	2	0	0
brain6-lava-canonical-v3	d730debf45266d298401564f3260bdecb14739d1c1f1835a5aebd615c83fa60b	2380	20	7	7	0	0	0	0	0
brain6-lava-canonical-v3	d730debf45266d298401564f3260bdecb14739d1c1f1835a5aebd615c83fa60b	2381	20	7	6	1	0	1	0	0
brain6-lava-canonical-v3	d730debf45266d298401564f3260bdecb14739d1c1f1835a5aebd615c83fa60b	2382	20	7	7	0	0	0	0	0
brain6-lava-canonical-v3	d730debf45266d298401564f3260bdecb14739d1c1f1835a5aebd615c83fa60b	2383	20	7	5	2	0	2	0	0
brain6-lava-canonical-v3	d730debf45266d298401564f3260bdecb14739d1c1f1835a5aebd615c83fa60b	2384	20	7	6	1	0	1	0	0
brain6-lava-canonical-v3	d730debf45266d298401564f3260bdecb14739d1c1f1835a5aebd615c83fa60b	2385	20	7	4	3	0	3	0	0
brain6-lava-canonical-v3	d730debf45266d298401564f3260bdecb14739d1c1f1835a5aebd615c83fa60b	2386	20	7	4	3	0	3	0	0
brain6-lava-canonical-v3	d730debf45266d298401564f3260bdecb14739d1c1f1835a5aebd615c83fa60b	2387	20	7	4	3	0	3	0	0
brain6-lava-canonical-v3	d730debf45266d298401564f3260bdecb14739d1c1f1835a5aebd615c83fa60b	2388	20	7	4	3	0	3	0	0
brain6-lava-canonical-v3	d730debf45266d298401564f3260bdecb14739d1c1f1835a5aebd615c83fa60b	2389	20	7	5	2	0	2	0	0
brain6-lava-canonical-v3	d730debf45266d298401564f3260bdecb14739d1c1f1835a5aebd615c83fa60b	2390	20	7	6	1	0	1	0	0
brain6-lava-canonical-v3	d730debf45266d298401564f3260bdecb14739d1c1f1835a5aebd615c83fa60b	2391	20	7	5	2	0	2	0	0
brain6-lava-canonical-v3	d730debf45266d298401564f3260bdecb14739d1c1f1835a5aebd615c83fa60b	2392	20	7	5	2	0	2	0	0
brain6-lava-canonical-v3	d730debf45266d298401564f3260bdecb14739d1c1f1835a5aebd615c83fa60b	2393	20	7	6	1	0	1	0	0
brain6-lava-canonical-v3	d730debf45266d298401564f3260bdecb14739d1c1f1835a5aebd615c83fa60b	2394	20	7	4	3	0	3	0	0
brain6-lava-canonical-v3	d730debf45266d298401564f3260bdecb14739d1c1f1835a5aebd615c83fa60b	2395	20	7	5	2	0	2	0	0
brain6-lava-canonical-v3	d730debf45266d298401564f3260bdecb14739d1c1f1835a5aebd615c83fa60b	2396	20	7	5	2	0	2	0	0
brain6-lava-canonical-v3	d730debf45266d298401564f3260bdecb14739d1c1f1835a5aebd615c83fa60b	2397	20	7	6	1	0	1	0	0
brain6-lava-canonical-v3	d730debf45266d298401564f3260bdecb14739d1c1f1835a5aebd615c83fa60b	2398	20	7	6	1	0	1	0	0
brain6-lava-canonical-v3	d730debf45266d298401564f3260bdecb14739d1c1f1835a5aebd615c83fa60b	2399	20	7	5	2	0	2	0	0
brain6-lava-canonical-v3	d730debf45266d298401564f3260bdecb14739d1c1f1835a5aebd615c83fa60b	2400	20	7	6	1	0	1	0	0
brain6-lava-canonical-v3	d730debf45266d298401564f3260bdecb14739d1c1f1835a5aebd615c83fa60b	2401	20	7	6	1	0	1	0	0
brain6-lava-canonical-v3	d730debf45266d298401564f3260bdecb14739d1c1f1835a5aebd615c83fa60b	2402	20	7	7	0	0	0	0	0
brain6-lava-canonical-v3	d730debf45266d298401564f3260bdecb14739d1c1f1835a5aebd615c83fa60b	2403	20	7	6	1	0	1	0	0
brain6-lava-canonical-v3	d730debf45266d298401564f3260bdecb14739d1c1f1835a5aebd615c83fa60b	2404	20	7	5	2	0	2	0	0
brain6-lava-canonical-v3	d730debf45266d298401564f3260bdecb14739d1c1f1835a5aebd615c83fa60b	2405	20	7	7	0	0	0	0	0
brain6-lava-canonical-v3	d730debf45266d298401564f3260bdecb14739d1c1f1835a5aebd615c83fa60b	2406	20	7	5	2	0	2	0	0
brain6-lava-canonical-v3	d730debf45266d298401564f3260bdecb14739d1c1f1835a5aebd615c83fa60b	2407	20	7	7	0	0	0	0	0
brain6-lava-canonical-v3	d730debf45266d298401564f3260bdecb14739d1c1f1835a5aebd615c83fa60b	2408	20	7	5	2	0	2	0	0
brain6-lava-canonical-v3	d730debf45266d298401564f3260bdecb14739d1c1f1835a5aebd615c83fa60b	2409	20	7	6	1	0	1	0	0
brain6-lava-canonical-v3	d730debf45266d298401564f3260bdecb14739d1c1f1835a5aebd615c83fa60b	2410	20	7	5	2	0	2	0	0
brain6-lava-canonical-v3	d730debf45266d298401564f3260bdecb14739d1c1f1835a5aebd615c83fa60b	2411	20	7	7	0	0	0	0	0
brain6-lava-canonical-v3	d730debf45266d298401564f3260bdecb14739d1c1f1835a5aebd615c83fa60b	2412	20	7	6	1	0	1	0	0
brain6-lava-canonical-v3	d730debf45266d298401564f3260bdecb14739d1c1f1835a5aebd615c83fa60b	2413	20	7	4	3	0	3	0	0
brain6-lava-canonical-v3	d730debf45266d298401564f3260bdecb14739d1c1f1835a5aebd615c83fa60b	2414	20	7	5	2	0	2	0	0
brain6-lava-canonical-v3	d730debf45266d298401564f3260bdecb14739d1c1f1835a5aebd615c83fa60b	2415	20	7	7	0	0	0	0	0
brain6-lava-canonical-v3	d730debf45266d298401564f3260bdecb14739d1c1f1835a5aebd615c83fa60b	2416	20	7	6	1	0	1	0	0
brain6-lava-canonical-v3	d730debf45266d298401564f3260bdecb14739d1c1f1835a5aebd615c83fa60b	2417	20	7	5	2	0	2	0	0
brain6-lava-canonical-v3	d730debf45266d298401564f3260bdecb14739d1c1f1835a5aebd615c83fa60b	2418	20	7	6	1	0	1	0	0
brain6-lava-canonical-v3	d730debf45266d298401564f3260bdecb14739d1c1f1835a5aebd615c83fa60b	2419	20	7	7	0	0	0	0	0
brain6-lava-canonical-v3	d730debf45266d298401564f3260bdecb14739d1c1f1835a5aebd615c83fa60b	2420	20	7	5	2	0	2	0	0
brain6-lava-canonical-v3	d730debf45266d298401564f3260bdecb14739d1c1f1835a5aebd615c83fa60b	2421	20	7	4	3	0	3	0	0
brain6-lava-canonical-v3	d730debf45266d298401564f3260bdecb14739d1c1f1835a5aebd615c83fa60b	2422	20	7	4	3	0	3	0	0
brain6-lava-canonical-v3	d730debf45266d298401564f3260bdecb14739d1c1f1835a5aebd615c83fa60b	2423	20	7	5	2	0	2	0	0
brain6-lava-canonical-v3	d730debf45266d298401564f3260bdecb14739d1c1f1835a5aebd615c83fa60b	2424	20	7	5	2	0	2	0	0
brain6-lava-canonical-v3	d730debf45266d298401564f3260bdecb14739d1c1f1835a5aebd615c83fa60b	2425	20	7	4	3	0	3	0	0
brain6-lava-canonical-v3	d730debf45266d298401564f3260bdecb14739d1c1f1835a5aebd615c83fa60b	2426	20	7	5	2	0	2	0	0
brain6-lava-canonical-v3	d730debf45266d298401564f3260bdecb14739d1c1f1835a5aebd615c83fa60b	2427	20	7	4	3	0	3	0	0
brain6-lava-canonical-v3	d730debf45266d298401564f3260bdecb14739d1c1f1835a5aebd615c83fa60b	2428	20	7	7	0	0	0	0	0
brain6-lava-canonical-v3	d730debf45266d298401564f3260bdecb14739d1c1f1835a5aebd615c83fa60b	2429	20	7	7	0	0	0	0	0
brain6-lava-canonical-v3	d730debf45266d298401564f3260bdecb14739d1c1f1835a5aebd615c83fa60b	2430	21	7	5	2	0	2	0	0
brain6-lava-canonical-v3	d730debf45266d298401564f3260bdecb14739d1c1f1835a5aebd615c83fa60b	2431	21	7	5	2	0	2	0	0
brain6-lava-canonical-v3	d730debf45266d298401564f3260bdecb14739d1c1f1835a5aebd615c83fa60b	2432	21	7	6	1	0	1	0	0
brain6-lava-canonical-v3	d730debf45266d298401564f3260bdecb14739d1c1f1835a5aebd615c83fa60b	2433	21	7	5	2	0	2	0	0
brain6-lava-canonical-v3	d730debf45266d298401564f3260bdecb14739d1c1f1835a5aebd615c83fa60b	2434	21	7	6	1	0	1	0	0
brain6-lava-canonical-v3	d730debf45266d298401564f3260bdecb14739d1c1f1835a5aebd615c83fa60b	2435	21	7	6	1	0	1	0	0
brain6-lava-canonical-v3	d730debf45266d298401564f3260bdecb14739d1c1f1835a5aebd615c83fa60b	2436	21	7	6	1	0	1	0	0
brain6-lava-canonical-v3	d730debf45266d298401564f3260bdecb14739d1c1f1835a5aebd615c83fa60b	2437	21	7	6	1	0	1	0	0
brain6-lava-canonical-v3	d730debf45266d298401564f3260bdecb14739d1c1f1835a5aebd615c83fa60b	2438	21	7	5	2	0	2	0	0
brain6-lava-canonical-v3	d730debf45266d298401564f3260bdecb14739d1c1f1835a5aebd615c83fa60b	2439	21	7	6	1	0	1	0	0
brain6-lava-canonical-v3	d730debf45266d298401564f3260bdecb14739d1c1f1835a5aebd615c83fa60b	2440	21	7	4	3	0	3	0	0
brain6-lava-canonical-v3	d730debf45266d298401564f3260bdecb14739d1c1f1835a5aebd615c83fa60b	2441	21	7	7	0	0	0	0	0
brain6-lava-canonical-v3	d730debf45266d298401564f3260bdecb14739d1c1f1835a5aebd615c83fa60b	2442	21	7	6	1	0	1	0	0
brain6-lava-canonical-v3	d730debf45266d298401564f3260bdecb14739d1c1f1835a5aebd615c83fa60b	2443	21	7	6	1	0	1	0	0
brain6-lava-canonical-v3	d730debf45266d298401564f3260bdecb14739d1c1f1835a5aebd615c83fa60b	2444	21	7	5	2	0	2	0	0
brain6-lava-canonical-v3	d730debf45266d298401564f3260bdecb14739d1c1f1835a5aebd615c83fa60b	2445	21	7	6	1	0	1	0	0
brain6-lava-canonical-v3	d730debf45266d298401564f3260bdecb14739d1c1f1835a5aebd615c83fa60b	2446	21	7	6	1	0	1	0	0
brain6-lava-canonical-v3	d730debf45266d298401564f3260bdecb14739d1c1f1835a5aebd615c83fa60b	2447	21	7	5	2	0	2	0	0
brain6-lava-canonical-v3	d730debf45266d298401564f3260bdecb14739d1c1f1835a5aebd615c83fa60b	2448	21	7	6	1	0	1	0	0
brain6-lava-canonical-v3	d730debf45266d298401564f3260bdecb14739d1c1f1835a5aebd615c83fa60b	2449	21	7	7	0	0	0	0	0
brain6-lava-canonical-v3	d730debf45266d298401564f3260bdecb14739d1c1f1835a5aebd615c83fa60b	2450	21	7	6	1	0	1	0	0
brain6-lava-canonical-v3	d730debf45266d298401564f3260bdecb14739d1c1f1835a5aebd615c83fa60b	2451	21	7	4	3	0	3	0	0
brain6-lava-canonical-v3	d730debf45266d298401564f3260bdecb14739d1c1f1835a5aebd615c83fa60b	2452	21	7	6	1	0	1	0	0
brain6-lava-canonical-v3	d730debf45266d298401564f3260bdecb14739d1c1f1835a5aebd615c83fa60b	2453	21	7	6	1	0	1	0	0
brain6-lava-canonical-v3	d730debf45266d298401564f3260bdecb14739d1c1f1835a5aebd615c83fa60b	2454	21	7	7	0	0	0	0	0
brain6-lava-canonical-v3	d730debf45266d298401564f3260bdecb14739d1c1f1835a5aebd615c83fa60b	2455	21	7	5	2	0	2	0	0
brain6-lava-canonical-v3	d730debf45266d298401564f3260bdecb14739d1c1f1835a5aebd615c83fa60b	2456	21	7	5	2	0	2	0	0
brain6-lava-canonical-v3	d730debf45266d298401564f3260bdecb14739d1c1f1835a5aebd615c83fa60b	2457	21	7	6	1	0	1	0	0
brain6-lava-canonical-v3	d730debf45266d298401564f3260bdecb14739d1c1f1835a5aebd615c83fa60b	2458	21	7	6	1	0	1	0	0
brain6-lava-canonical-v3	d730debf45266d298401564f3260bdecb14739d1c1f1835a5aebd615c83fa60b	2459	21	7	5	2	0	2	0	0
brain6-lava-canonical-v3	d730debf45266d298401564f3260bdecb14739d1c1f1835a5aebd615c83fa60b	2460	21	7	7	0	0	0	0	0
brain6-lava-canonical-v3	d730debf45266d298401564f3260bdecb14739d1c1f1835a5aebd615c83fa60b	2461	21	7	5	2	0	2	0	0
brain6-lava-canonical-v3	d730debf45266d298401564f3260bdecb14739d1c1f1835a5aebd615c83fa60b	2462	22	7	4	3	0	3	0	0
brain6-lava-canonical-v3	d730debf45266d298401564f3260bdecb14739d1c1f1835a5aebd615c83fa60b	2463	22	7	6	1	0	1	0	0
brain6-lava-canonical-v3	d730debf45266d298401564f3260bdecb14739d1c1f1835a5aebd615c83fa60b	2464	22	7	7	0	0	0	0	0
brain6-lava-canonical-v3	d730debf45266d298401564f3260bdecb14739d1c1f1835a5aebd615c83fa60b	2465	22	7	7	0	0	0	0	0
brain6-lava-canonical-v3	d730debf45266d298401564f3260bdecb14739d1c1f1835a5aebd615c83fa60b	2466	22	7	6	1	0	1	0	0
brain6-lava-canonical-v3	d730debf45266d298401564f3260bdecb14739d1c1f1835a5aebd615c83fa60b	2467	22	7	4	3	0	3	0	0
brain6-lava-canonical-v3	d730debf45266d298401564f3260bdecb14739d1c1f1835a5aebd615c83fa60b	2468	22	7	6	1	0	1	0	0
brain6-lava-canonical-v3	d730debf45266d298401564f3260bdecb14739d1c1f1835a5aebd615c83fa60b	2469	22	7	7	0	0	0	0	0
brain6-lava-canonical-v3	d730debf45266d298401564f3260bdecb14739d1c1f1835a5aebd615c83fa60b	2470	22	7	7	0	0	0	0	0
brain6-lava-canonical-v3	d730debf45266d298401564f3260bdecb14739d1c1f1835a5aebd615c83fa60b	2471	22	7	5	2	0	2	0	0
brain6-lava-canonical-v3	d730debf45266d298401564f3260bdecb14739d1c1f1835a5aebd615c83fa60b	2472	22	7	6	1	0	1	0	0
brain6-lava-canonical-v3	d730debf45266d298401564f3260bdecb14739d1c1f1835a5aebd615c83fa60b	2473	22	7	6	1	0	1	0	0
brain6-lava-canonical-v3	d730debf45266d298401564f3260bdecb14739d1c1f1835a5aebd615c83fa60b	2474	22	7	7	0	0	0	0	0
brain6-lava-canonical-v3	d730debf45266d298401564f3260bdecb14739d1c1f1835a5aebd615c83fa60b	2475	22	7	5	2	0	2	0	0
brain6-lava-canonical-v3	d730debf45266d298401564f3260bdecb14739d1c1f1835a5aebd615c83fa60b	2476	22	7	6	1	0	1	0	0
brain6-lava-canonical-v3	d730debf45266d298401564f3260bdecb14739d1c1f1835a5aebd615c83fa60b	2477	22	7	5	2	0	2	0	0
brain6-lava-canonical-v3	d730debf45266d298401564f3260bdecb14739d1c1f1835a5aebd615c83fa60b	2478	22	7	5	2	0	2	0	0
brain6-lava-canonical-v3	d730debf45266d298401564f3260bdecb14739d1c1f1835a5aebd615c83fa60b	2479	22	7	5	2	0	2	0	0
brain6-lava-canonical-v3	d730debf45266d298401564f3260bdecb14739d1c1f1835a5aebd615c83fa60b	2480	22	7	6	1	0	1	0	0
brain6-lava-canonical-v3	d730debf45266d298401564f3260bdecb14739d1c1f1835a5aebd615c83fa60b	2481	22	7	5	2	0	2	0	0
brain6-lava-canonical-v3	d730debf45266d298401564f3260bdecb14739d1c1f1835a5aebd615c83fa60b	2482	22	7	6	1	0	1	0	0
brain6-lava-canonical-v3	d730debf45266d298401564f3260bdecb14739d1c1f1835a5aebd615c83fa60b	2483	22	7	6	1	0	1	0	0
brain6-lava-canonical-v3	d730debf45266d298401564f3260bdecb14739d1c1f1835a5aebd615c83fa60b	2484	22	7	5	2	0	2	0	0
brain6-lava-canonical-v3	d730debf45266d298401564f3260bdecb14739d1c1f1835a5aebd615c83fa60b	2485	22	7	6	1	0	1	0	0
brain6-lava-canonical-v3	d730debf45266d298401564f3260bdecb14739d1c1f1835a5aebd615c83fa60b	2486	22	7	6	1	0	1	0	0
brain6-lava-canonical-v3	d730debf45266d298401564f3260bdecb14739d1c1f1835a5aebd615c83fa60b	2487	22	7	7	0	0	0	0	0
brain6-lava-canonical-v3	d730debf45266d298401564f3260bdecb14739d1c1f1835a5aebd615c83fa60b	2488	22	7	6	1	0	1	0	0
brain6-lava-canonical-v3	d730debf45266d298401564f3260bdecb14739d1c1f1835a5aebd615c83fa60b	2489	22	7	5	2	0	2	0	0
brain6-lava-canonical-v3	d730debf45266d298401564f3260bdecb14739d1c1f1835a5aebd615c83fa60b	2490	22	7	6	1	0	1	0	0
brain6-lava-canonical-v3	d730debf45266d298401564f3260bdecb14739d1c1f1835a5aebd615c83fa60b	2491	22	7	6	1	0	1	0	0
brain6-lava-canonical-v3	d730debf45266d298401564f3260bdecb14739d1c1f1835a5aebd615c83fa60b	2492	22	7	5	2	0	2	0	0
brain6-lava-canonical-v3	d730debf45266d298401564f3260bdecb14739d1c1f1835a5aebd615c83fa60b	2493	22	7	4	3	0	3	0	0
brain6-lava-canonical-v3	d730debf45266d298401564f3260bdecb14739d1c1f1835a5aebd615c83fa60b	2494	22	7	4	3	0	3	0	0
brain6-lava-canonical-v3	d730debf45266d298401564f3260bdecb14739d1c1f1835a5aebd615c83fa60b	2495	22	7	4	3	0	3	0	0
