contracts	Set up job	﻿2026-10-07T22:10:06.0136881Z Current runner version: '2.337.0'
contracts	Set up job	2026-10-07T22:10:06.0175338Z ##[group]Runner Image Provisioner
contracts	Set up job	2026-10-07T22:10:06.0176781Z Hosted Compute Agent
contracts	Set up job	2026-10-07T22:10:06.0177829Z Version: 20260901.588
contracts	Set up job	2026-10-07T22:10:06.0179058Z Commit: f88ec8081b781fac6c440065ac7ff9e710ce3d0b
contracts	Set up job	2026-10-07T22:10:06.0180643Z Build Date: 2026-09-01T19:56:44Z
contracts	Set up job	2026-10-07T22:10:06.0181936Z Worker ID: {11630d5d-6a89-4586-a035-87d422d85979}
contracts	Set up job	2026-10-07T22:10:06.0183406Z Azure Region: southcentralus
contracts	Set up job	2026-10-07T22:10:06.0184492Z ##[endgroup]
contracts	Set up job	2026-10-07T22:10:06.0186684Z ##[group]Operating System
contracts	Set up job	2026-10-07T22:10:06.0187926Z Ubuntu
contracts	Set up job	2026-10-07T22:10:06.0188802Z 24.04.5
contracts	Set up job	2026-10-07T22:10:06.0189998Z LTS
contracts	Set up job	2026-10-07T22:10:06.0190880Z ##[endgroup]
contracts	Set up job	2026-10-07T22:10:06.0191776Z ##[group]Runner Image
contracts	Set up job	2026-10-07T22:10:06.0192815Z Image: ubuntu-24.04
contracts	Set up job	2026-10-07T22:10:06.0193749Z Version: 20260927.320.1
contracts	Set up job	2026-10-07T22:10:06.0195574Z Included Software: https://github.com/actions/runner-images/blob/ubuntu24/20260927.320/images/ubuntu/Ubuntu2404-Readme.md
contracts	Set up job	2026-10-07T22:10:06.0198435Z Image Release: https://github.com/actions/runner-images/releases/tag/ubuntu24%2F20260927.320
contracts	Set up job	2026-10-07T22:10:06.0200924Z ##[endgroup]
contracts	Set up job	2026-10-07T22:10:06.0202882Z ##[group]GITHUB_TOKEN Permissions
contracts	Set up job	2026-10-07T22:10:06.0205968Z Contents: read
contracts	Set up job	2026-10-07T22:10:06.0207064Z Metadata: read
contracts	Set up job	2026-10-07T22:10:06.0208114Z Packages: read
contracts	Set up job	2026-10-07T22:10:06.0209170Z ##[endgroup]
contracts	Set up job	2026-10-07T22:10:06.0212718Z Secret source: Actions
contracts	Set up job	2026-10-07T22:10:06.0214413Z Cache mode: write
contracts	Set up job	2026-10-07T22:10:06.0215830Z Prepare workflow directory
contracts	Set up job	2026-10-07T22:10:06.0582188Z Prepare all required actions
contracts	Set up job	2026-10-07T22:10:06.0632096Z Getting action download info
contracts	Set up job	2026-10-07T22:10:06.3456514Z Download action repository 'actions/checkout@11bd71901bbe5b1630ceea73d27597364c9af683' (SHA:11bd71901bbe5b1630ceea73d27597364c9af683)
contracts	Set up job	2026-10-07T22:10:06.4707772Z Download action repository 'actions/setup-python@a26af69be951a213d495a4c3e4e4022e16d87065' (SHA:a26af69be951a213d495a4c3e4e4022e16d87065)
contracts	Set up job	2026-10-07T22:10:06.5524380Z Download action repository 'actions/upload-artifact@v4' (SHA:ea165f8d65b6e75b540449e92b4886f43607fa02)
contracts	Set up job	2026-10-07T22:10:06.7803735Z Complete job name: contracts
contracts	Run actions/checkout@11bd71901bbe5b1630ceea73d27597364c9af683	﻿2026-10-07T22:10:06.8615806Z ##[group]Run actions/checkout@11bd71901bbe5b1630ceea73d27597364c9af683
contracts	Run actions/checkout@11bd71901bbe5b1630ceea73d27597364c9af683	2026-10-07T22:10:06.8616916Z with:
contracts	Run actions/checkout@11bd71901bbe5b1630ceea73d27597364c9af683	2026-10-07T22:10:06.8617412Z   repository: uskutsav-cpu/sleep-gwas-atlas
contracts	Run actions/checkout@11bd71901bbe5b1630ceea73d27597364c9af683	2026-10-07T22:10:06.8621375Z   token: ***
contracts	Run actions/checkout@11bd71901bbe5b1630ceea73d27597364c9af683	2026-10-07T22:10:06.8621831Z   ssh-strict: true
contracts	Run actions/checkout@11bd71901bbe5b1630ceea73d27597364c9af683	2026-10-07T22:10:06.8622281Z   ssh-user: git
contracts	Run actions/checkout@11bd71901bbe5b1630ceea73d27597364c9af683	2026-10-07T22:10:06.8622740Z   persist-credentials: true
contracts	Run actions/checkout@11bd71901bbe5b1630ceea73d27597364c9af683	2026-10-07T22:10:06.8623252Z   clean: true
contracts	Run actions/checkout@11bd71901bbe5b1630ceea73d27597364c9af683	2026-10-07T22:10:06.8623703Z   sparse-checkout-cone-mode: true
contracts	Run actions/checkout@11bd71901bbe5b1630ceea73d27597364c9af683	2026-10-07T22:10:06.8624235Z   fetch-depth: 1
contracts	Run actions/checkout@11bd71901bbe5b1630ceea73d27597364c9af683	2026-10-07T22:10:06.8624721Z   fetch-tags: false
contracts	Run actions/checkout@11bd71901bbe5b1630ceea73d27597364c9af683	2026-10-07T22:10:06.8625174Z   show-progress: true
contracts	Run actions/checkout@11bd71901bbe5b1630ceea73d27597364c9af683	2026-10-07T22:10:06.8625637Z   lfs: false
contracts	Run actions/checkout@11bd71901bbe5b1630ceea73d27597364c9af683	2026-10-07T22:10:06.8626060Z   submodules: false
contracts	Run actions/checkout@11bd71901bbe5b1630ceea73d27597364c9af683	2026-10-07T22:10:06.8626515Z   set-safe-directory: true
contracts	Run actions/checkout@11bd71901bbe5b1630ceea73d27597364c9af683	2026-10-07T22:10:06.8627279Z ##[endgroup]
contracts	Run actions/checkout@11bd71901bbe5b1630ceea73d27597364c9af683	2026-10-07T22:10:06.9660766Z Syncing repository: uskutsav-cpu/sleep-gwas-atlas
contracts	Run actions/checkout@11bd71901bbe5b1630ceea73d27597364c9af683	2026-10-07T22:10:06.9663629Z ##[group]Getting Git version info
contracts	Run actions/checkout@11bd71901bbe5b1630ceea73d27597364c9af683	2026-10-07T22:10:06.9664935Z Working directory is '/home/runner/work/sleep-gwas-atlas/sleep-gwas-atlas'
contracts	Run actions/checkout@11bd71901bbe5b1630ceea73d27597364c9af683	2026-10-07T22:10:06.9667020Z [command]/usr/bin/git version
contracts	Run actions/checkout@11bd71901bbe5b1630ceea73d27597364c9af683	2026-10-07T22:10:06.9746255Z git version 2.55.0
contracts	Run actions/checkout@11bd71901bbe5b1630ceea73d27597364c9af683	2026-10-07T22:10:06.9769240Z ##[endgroup]
contracts	Run actions/checkout@11bd71901bbe5b1630ceea73d27597364c9af683	2026-10-07T22:10:06.9787529Z Temporarily overriding HOME='/home/runner/work/_temp/ef2f69ce-9489-425c-9516-114ef4a369ff' before making global git config changes
contracts	Run actions/checkout@11bd71901bbe5b1630ceea73d27597364c9af683	2026-10-07T22:10:06.9790170Z Adding repository directory to the temporary git global config as a safe directory
contracts	Run actions/checkout@11bd71901bbe5b1630ceea73d27597364c9af683	2026-10-07T22:10:06.9795512Z [command]/usr/bin/git config --global --add safe.directory /home/runner/work/sleep-gwas-atlas/sleep-gwas-atlas
contracts	Run actions/checkout@11bd71901bbe5b1630ceea73d27597364c9af683	2026-10-07T22:10:06.9874340Z Deleting the contents of '/home/runner/work/sleep-gwas-atlas/sleep-gwas-atlas'
contracts	Run actions/checkout@11bd71901bbe5b1630ceea73d27597364c9af683	2026-10-07T22:10:06.9880526Z ##[group]Initializing the repository
contracts	Run actions/checkout@11bd71901bbe5b1630ceea73d27597364c9af683	2026-10-07T22:10:06.9887273Z [command]/usr/bin/git init /home/runner/work/sleep-gwas-atlas/sleep-gwas-atlas
contracts	Run actions/checkout@11bd71901bbe5b1630ceea73d27597364c9af683	2026-10-07T22:10:07.0075627Z hint: Using 'master' as the name for the initial branch. This default branch name
contracts	Run actions/checkout@11bd71901bbe5b1630ceea73d27597364c9af683	2026-10-07T22:10:07.0077604Z hint: will change to "main" in Git 3.0. To configure the initial branch name
contracts	Run actions/checkout@11bd71901bbe5b1630ceea73d27597364c9af683	2026-10-07T22:10:07.0079513Z hint: to use in all of your new repositories, which will suppress this warning,
contracts	Run actions/checkout@11bd71901bbe5b1630ceea73d27597364c9af683	2026-10-07T22:10:07.0081302Z hint: call:
contracts	Run actions/checkout@11bd71901bbe5b1630ceea73d27597364c9af683	2026-10-07T22:10:07.0082318Z hint:
contracts	Run actions/checkout@11bd71901bbe5b1630ceea73d27597364c9af683	2026-10-07T22:10:07.0083641Z hint: 	git config --global init.defaultBranch <name>
contracts	Run actions/checkout@11bd71901bbe5b1630ceea73d27597364c9af683	2026-10-07T22:10:07.0084916Z hint:
contracts	Run actions/checkout@11bd71901bbe5b1630ceea73d27597364c9af683	2026-10-07T22:10:07.0085767Z hint: Names commonly chosen instead of 'master' are 'main', 'trunk' and
contracts	Run actions/checkout@11bd71901bbe5b1630ceea73d27597364c9af683	2026-10-07T22:10:07.0086909Z hint: 'development'. The just-created branch can be renamed via this command:
contracts	Run actions/checkout@11bd71901bbe5b1630ceea73d27597364c9af683	2026-10-07T22:10:07.0087774Z hint:
contracts	Run actions/checkout@11bd71901bbe5b1630ceea73d27597364c9af683	2026-10-07T22:10:07.0088244Z hint: 	git branch -m <name>
contracts	Run actions/checkout@11bd71901bbe5b1630ceea73d27597364c9af683	2026-10-07T22:10:07.0088786Z hint:
contracts	Run actions/checkout@11bd71901bbe5b1630ceea73d27597364c9af683	2026-10-07T22:10:07.0089407Z hint: Disable this message with "git config set advice.defaultBranchName false"
contracts	Run actions/checkout@11bd71901bbe5b1630ceea73d27597364c9af683	2026-10-07T22:10:07.0091190Z Initialized empty Git repository in /home/runner/work/sleep-gwas-atlas/sleep-gwas-atlas/.git/
contracts	Run actions/checkout@11bd71901bbe5b1630ceea73d27597364c9af683	2026-10-07T22:10:07.0094039Z [command]/usr/bin/git remote add origin https://github.com/uskutsav-cpu/sleep-gwas-atlas
contracts	Run actions/checkout@11bd71901bbe5b1630ceea73d27597364c9af683	2026-10-07T22:10:07.0151259Z ##[endgroup]
contracts	Run actions/checkout@11bd71901bbe5b1630ceea73d27597364c9af683	2026-10-07T22:10:07.0152861Z ##[group]Disabling automatic garbage collection
contracts	Run actions/checkout@11bd71901bbe5b1630ceea73d27597364c9af683	2026-10-07T22:10:07.0155467Z [command]/usr/bin/git config --local gc.auto 0
contracts	Run actions/checkout@11bd71901bbe5b1630ceea73d27597364c9af683	2026-10-07T22:10:07.0190508Z ##[endgroup]
contracts	Run actions/checkout@11bd71901bbe5b1630ceea73d27597364c9af683	2026-10-07T22:10:07.0191757Z ##[group]Setting up auth
contracts	Run actions/checkout@11bd71901bbe5b1630ceea73d27597364c9af683	2026-10-07T22:10:07.0200359Z [command]/usr/bin/git config --local --name-only --get-regexp core\.sshCommand
contracts	Run actions/checkout@11bd71901bbe5b1630ceea73d27597364c9af683	2026-10-07T22:10:07.0236921Z [command]/usr/bin/git submodule foreach --recursive sh -c "git config --local --name-only --get-regexp 'core\.sshCommand' && git config --local --unset-all 'core.sshCommand' || :"
contracts	Run actions/checkout@11bd71901bbe5b1630ceea73d27597364c9af683	2026-10-07T22:10:07.0686836Z [command]/usr/bin/git config --local --name-only --get-regexp http\.https\:\/\/github\.com\/\.extraheader
contracts	Run actions/checkout@11bd71901bbe5b1630ceea73d27597364c9af683	2026-10-07T22:10:07.0733693Z [command]/usr/bin/git submodule foreach --recursive sh -c "git config --local --name-only --get-regexp 'http\.https\:\/\/github\.com\/\.extraheader' && git config --local --unset-all 'http.https://github.com/.extraheader' || :"
contracts	Run actions/checkout@11bd71901bbe5b1630ceea73d27597364c9af683	2026-10-07T22:10:07.0998274Z [command]/usr/bin/git config --local http.https://github.com/.extraheader AUTHORIZATION: basic ***
contracts	Run actions/checkout@11bd71901bbe5b1630ceea73d27597364c9af683	2026-10-07T22:10:07.1051026Z ##[endgroup]
contracts	Run actions/checkout@11bd71901bbe5b1630ceea73d27597364c9af683	2026-10-07T22:10:07.1052499Z ##[group]Fetching the repository
contracts	Run actions/checkout@11bd71901bbe5b1630ceea73d27597364c9af683	2026-10-07T22:10:07.1066420Z [command]/usr/bin/git -c protocol.version=2 fetch --no-tags --prune --no-recurse-submodules --depth=1 origin +b1efd82cc53a00c365adc98bb99b18d6852cf9a0:refs/remotes/origin/brain6/continuation-2026-10-07
contracts	Run actions/checkout@11bd71901bbe5b1630ceea73d27597364c9af683	2026-10-07T22:10:11.3352625Z From https://github.com/uskutsav-cpu/sleep-gwas-atlas
contracts	Run actions/checkout@11bd71901bbe5b1630ceea73d27597364c9af683	2026-10-07T22:10:11.3355195Z  * [new ref]         b1efd82cc53a00c365adc98bb99b18d6852cf9a0 -> origin/brain6/continuation-2026-10-07
contracts	Run actions/checkout@11bd71901bbe5b1630ceea73d27597364c9af683	2026-10-07T22:10:11.3360018Z ##[endgroup]
contracts	Run actions/checkout@11bd71901bbe5b1630ceea73d27597364c9af683	2026-10-07T22:10:11.3361556Z ##[group]Determining the checkout info
contracts	Run actions/checkout@11bd71901bbe5b1630ceea73d27597364c9af683	2026-10-07T22:10:11.3363298Z ##[endgroup]
contracts	Run actions/checkout@11bd71901bbe5b1630ceea73d27597364c9af683	2026-10-07T22:10:11.3370576Z [command]/usr/bin/git sparse-checkout disable
contracts	Run actions/checkout@11bd71901bbe5b1630ceea73d27597364c9af683	2026-10-07T22:10:11.3435282Z [command]/usr/bin/git config --local --unset-all extensions.worktreeConfig
contracts	Run actions/checkout@11bd71901bbe5b1630ceea73d27597364c9af683	2026-10-07T22:10:11.3474220Z ##[group]Checking out the ref
contracts	Run actions/checkout@11bd71901bbe5b1630ceea73d27597364c9af683	2026-10-07T22:10:11.3480697Z [command]/usr/bin/git checkout --progress --force -B brain6/continuation-2026-10-07 refs/remotes/origin/brain6/continuation-2026-10-07
contracts	Run actions/checkout@11bd71901bbe5b1630ceea73d27597364c9af683	2026-10-07T22:10:12.3600057Z Updating files:  63% (3579/5667)
contracts	Run actions/checkout@11bd71901bbe5b1630ceea73d27597364c9af683	2026-10-07T22:10:12.3649312Z Updating files:  64% (3627/5667)
contracts	Run actions/checkout@11bd71901bbe5b1630ceea73d27597364c9af683	2026-10-07T22:10:12.3693335Z Updating files:  65% (3684/5667)
contracts	Run actions/checkout@11bd71901bbe5b1630ceea73d27597364c9af683	2026-10-07T22:10:12.3735474Z Updating files:  66% (3741/5667)
contracts	Run actions/checkout@11bd71901bbe5b1630ceea73d27597364c9af683	2026-10-07T22:10:12.3762280Z Updating files:  67% (3797/5667)
contracts	Run actions/checkout@11bd71901bbe5b1630ceea73d27597364c9af683	2026-10-07T22:10:12.3790454Z Updating files:  68% (3854/5667)
contracts	Run actions/checkout@11bd71901bbe5b1630ceea73d27597364c9af683	2026-10-07T22:10:12.3820876Z Updating files:  69% (3911/5667)
contracts	Run actions/checkout@11bd71901bbe5b1630ceea73d27597364c9af683	2026-10-07T22:10:12.3852567Z Updating files:  70% (3967/5667)
contracts	Run actions/checkout@11bd71901bbe5b1630ceea73d27597364c9af683	2026-10-07T22:10:12.3882760Z Updating files:  71% (4024/5667)
contracts	Run actions/checkout@11bd71901bbe5b1630ceea73d27597364c9af683	2026-10-07T22:10:12.3907941Z Updating files:  72% (4081/5667)
contracts	Run actions/checkout@11bd71901bbe5b1630ceea73d27597364c9af683	2026-10-07T22:10:12.3931223Z Updating files:  73% (4137/5667)
contracts	Run actions/checkout@11bd71901bbe5b1630ceea73d27597364c9af683	2026-10-07T22:10:12.3957301Z Updating files:  74% (4194/5667)
contracts	Run actions/checkout@11bd71901bbe5b1630ceea73d27597364c9af683	2026-10-07T22:10:12.3982977Z Updating files:  75% (4251/5667)
contracts	Run actions/checkout@11bd71901bbe5b1630ceea73d27597364c9af683	2026-10-07T22:10:12.4009538Z Updating files:  76% (4307/5667)
contracts	Run actions/checkout@11bd71901bbe5b1630ceea73d27597364c9af683	2026-10-07T22:10:12.4037476Z Updating files:  77% (4364/5667)
contracts	Run actions/checkout@11bd71901bbe5b1630ceea73d27597364c9af683	2026-10-07T22:10:12.4063340Z Updating files:  78% (4421/5667)
contracts	Run actions/checkout@11bd71901bbe5b1630ceea73d27597364c9af683	2026-10-07T22:10:12.4092661Z Updating files:  79% (4477/5667)
contracts	Run actions/checkout@11bd71901bbe5b1630ceea73d27597364c9af683	2026-10-07T22:10:12.4117117Z Updating files:  80% (4534/5667)
contracts	Run actions/checkout@11bd71901bbe5b1630ceea73d27597364c9af683	2026-10-07T22:10:12.4145484Z Updating files:  81% (4591/5667)
contracts	Run actions/checkout@11bd71901bbe5b1630ceea73d27597364c9af683	2026-10-07T22:10:12.4177841Z Updating files:  82% (4647/5667)
contracts	Run actions/checkout@11bd71901bbe5b1630ceea73d27597364c9af683	2026-10-07T22:10:12.4220440Z Updating files:  83% (4704/5667)
contracts	Run actions/checkout@11bd71901bbe5b1630ceea73d27597364c9af683	2026-10-07T22:10:12.4245422Z Updating files:  84% (4761/5667)
contracts	Run actions/checkout@11bd71901bbe5b1630ceea73d27597364c9af683	2026-10-07T22:10:12.4292965Z Updating files:  85% (4817/5667)
contracts	Run actions/checkout@11bd71901bbe5b1630ceea73d27597364c9af683	2026-10-07T22:10:12.4329186Z Updating files:  86% (4874/5667)
contracts	Run actions/checkout@11bd71901bbe5b1630ceea73d27597364c9af683	2026-10-07T22:10:12.4370342Z Updating files:  87% (4931/5667)
contracts	Run actions/checkout@11bd71901bbe5b1630ceea73d27597364c9af683	2026-10-07T22:10:12.4402915Z Updating files:  88% (4987/5667)
contracts	Run actions/checkout@11bd71901bbe5b1630ceea73d27597364c9af683	2026-10-07T22:10:12.4443528Z Updating files:  89% (5044/5667)
contracts	Run actions/checkout@11bd71901bbe5b1630ceea73d27597364c9af683	2026-10-07T22:10:12.5110415Z Updating files:  90% (5101/5667)
contracts	Run actions/checkout@11bd71901bbe5b1630ceea73d27597364c9af683	2026-10-07T22:10:12.5151592Z Updating files:  91% (5157/5667)
contracts	Run actions/checkout@11bd71901bbe5b1630ceea73d27597364c9af683	2026-10-07T22:10:12.5185214Z Updating files:  92% (5214/5667)
contracts	Run actions/checkout@11bd71901bbe5b1630ceea73d27597364c9af683	2026-10-07T22:10:12.5679767Z Updating files:  93% (5271/5667)
contracts	Run actions/checkout@11bd71901bbe5b1630ceea73d27597364c9af683	2026-10-07T22:10:12.6072216Z Updating files:  94% (5327/5667)
contracts	Run actions/checkout@11bd71901bbe5b1630ceea73d27597364c9af683	2026-10-07T22:10:12.6168177Z Updating files:  95% (5384/5667)
contracts	Run actions/checkout@11bd71901bbe5b1630ceea73d27597364c9af683	2026-10-07T22:10:12.6236945Z Updating files:  96% (5441/5667)
contracts	Run actions/checkout@11bd71901bbe5b1630ceea73d27597364c9af683	2026-10-07T22:10:12.6317444Z Updating files:  97% (5497/5667)
contracts	Run actions/checkout@11bd71901bbe5b1630ceea73d27597364c9af683	2026-10-07T22:10:12.6366961Z Updating files:  98% (5554/5667)
contracts	Run actions/checkout@11bd71901bbe5b1630ceea73d27597364c9af683	2026-10-07T22:10:12.6423031Z Updating files:  99% (5611/5667)
contracts	Run actions/checkout@11bd71901bbe5b1630ceea73d27597364c9af683	2026-10-07T22:10:12.6423500Z Updating files: 100% (5667/5667)
contracts	Run actions/checkout@11bd71901bbe5b1630ceea73d27597364c9af683	2026-10-07T22:10:12.6423932Z Updating files: 100% (5667/5667), done.
contracts	Run actions/checkout@11bd71901bbe5b1630ceea73d27597364c9af683	2026-10-07T22:10:12.6493741Z Switched to a new branch 'brain6/continuation-2026-10-07'
contracts	Run actions/checkout@11bd71901bbe5b1630ceea73d27597364c9af683	2026-10-07T22:10:12.6499944Z branch 'brain6/continuation-2026-10-07' set up to track 'origin/brain6/continuation-2026-10-07'.
contracts	Run actions/checkout@11bd71901bbe5b1630ceea73d27597364c9af683	2026-10-07T22:10:12.7018630Z ##[endgroup]
contracts	Run actions/checkout@11bd71901bbe5b1630ceea73d27597364c9af683	2026-10-07T22:10:12.7073386Z [command]/usr/bin/git log -1 --format=%H
contracts	Run actions/checkout@11bd71901bbe5b1630ceea73d27597364c9af683	2026-10-07T22:10:12.7101539Z b1efd82cc53a00c365adc98bb99b18d6852cf9a0
contracts	Run actions/setup-python@a26af69be951a213d495a4c3e4e4022e16d87065	﻿2026-10-07T22:10:12.7450581Z ##[group]Run actions/setup-python@a26af69be951a213d495a4c3e4e4022e16d87065
contracts	Run actions/setup-python@a26af69be951a213d495a4c3e4e4022e16d87065	2026-10-07T22:10:12.7451068Z with:
contracts	Run actions/setup-python@a26af69be951a213d495a4c3e4e4022e16d87065	2026-10-07T22:10:12.7451327Z   python-version: 3.11.11
contracts	Run actions/setup-python@a26af69be951a213d495a4c3e4e4022e16d87065	2026-10-07T22:10:12.7451582Z   cache: pip
contracts	Run actions/setup-python@a26af69be951a213d495a4c3e4e4022e16d87065	2026-10-07T22:10:12.7451804Z   check-latest: false
contracts	Run actions/setup-python@a26af69be951a213d495a4c3e4e4022e16d87065	2026-10-07T22:10:12.7454319Z   token: ***
contracts	Run actions/setup-python@a26af69be951a213d495a4c3e4e4022e16d87065	2026-10-07T22:10:12.7454556Z   update-environment: true
contracts	Run actions/setup-python@a26af69be951a213d495a4c3e4e4022e16d87065	2026-10-07T22:10:12.7454823Z   allow-prereleases: false
contracts	Run actions/setup-python@a26af69be951a213d495a4c3e4e4022e16d87065	2026-10-07T22:10:12.7455076Z   freethreaded: false
contracts	Run actions/setup-python@a26af69be951a213d495a4c3e4e4022e16d87065	2026-10-07T22:10:12.7455306Z ##[endgroup]
contracts	Run actions/setup-python@a26af69be951a213d495a4c3e4e4022e16d87065	2026-10-07T22:10:12.8814309Z ##[group]Installed versions
contracts	Run actions/setup-python@a26af69be951a213d495a4c3e4e4022e16d87065	2026-10-07T22:10:12.8840707Z Version 3.11.11 was not found in the local cache
contracts	Run actions/setup-python@a26af69be951a213d495a4c3e4e4022e16d87065	2026-10-07T22:10:12.8951404Z (node:2390) [DEP0040] DeprecationWarning: The `punycode` module is deprecated. Please use a userland alternative instead.
contracts	Run actions/setup-python@a26af69be951a213d495a4c3e4e4022e16d87065	2026-10-07T22:10:12.8952497Z (Use `node --trace-deprecation ...` to show where the warning was created)
contracts	Run actions/setup-python@a26af69be951a213d495a4c3e4e4022e16d87065	2026-10-07T22:10:13.8165749Z Version 3.11.11 is available for downloading
contracts	Run actions/setup-python@a26af69be951a213d495a4c3e4e4022e16d87065	2026-10-07T22:10:13.8167870Z Download from "https://github.com/actions/python-versions/releases/download/3.11.11-12160100664/python-3.11.11-linux-24.04-x64.tar.gz"
contracts	Run actions/setup-python@a26af69be951a213d495a4c3e4e4022e16d87065	2026-10-07T22:10:14.6286777Z Extract downloaded archive
contracts	Run actions/setup-python@a26af69be951a213d495a4c3e4e4022e16d87065	2026-10-07T22:10:14.6419041Z [command]/usr/bin/tar xz --warning=no-unknown-keyword --overwrite -C /home/runner/work/_temp/0135868c-9bbe-4d0c-aa80-60ba857019ba -f /home/runner/work/_temp/e380a5db-7403-4b88-b6e1-0ec9e031bc72
contracts	Run actions/setup-python@a26af69be951a213d495a4c3e4e4022e16d87065	2026-10-07T22:10:16.6679343Z Execute installation script
contracts	Run actions/setup-python@a26af69be951a213d495a4c3e4e4022e16d87065	2026-10-07T22:10:16.6784322Z Check if Python hostedtoolcache folder exist...
contracts	Run actions/setup-python@a26af69be951a213d495a4c3e4e4022e16d87065	2026-10-07T22:10:16.6785401Z Create Python 3.11.11 folder
contracts	Run actions/setup-python@a26af69be951a213d495a4c3e4e4022e16d87065	2026-10-07T22:10:16.6801222Z Copy Python binaries to hostedtoolcache folder
contracts	Run actions/setup-python@a26af69be951a213d495a4c3e4e4022e16d87065	2026-10-07T22:10:17.1923434Z Create additional symlinks (Required for the UsePythonVersion Azure Pipelines task and the setup-python GitHub Action)
contracts	Run actions/setup-python@a26af69be951a213d495a4c3e4e4022e16d87065	2026-10-07T22:10:17.1966635Z Upgrading pip...
contracts	Run actions/setup-python@a26af69be951a213d495a4c3e4e4022e16d87065	2026-10-07T22:10:19.5065947Z Looking in links: /tmp/tmp9cfrr349
contracts	Run actions/setup-python@a26af69be951a213d495a4c3e4e4022e16d87065	2026-10-07T22:10:19.5076848Z Requirement already satisfied: setuptools in /opt/hostedtoolcache/Python/3.11.11/x64/lib/python3.11/site-packages (65.5.0)
contracts	Run actions/setup-python@a26af69be951a213d495a4c3e4e4022e16d87065	2026-10-07T22:10:19.5085835Z Requirement already satisfied: pip in /opt/hostedtoolcache/Python/3.11.11/x64/lib/python3.11/site-packages (24.0)
contracts	Run actions/setup-python@a26af69be951a213d495a4c3e4e4022e16d87065	2026-10-07T22:10:20.7524809Z Collecting pip
contracts	Run actions/setup-python@a26af69be951a213d495a4c3e4e4022e16d87065	2026-10-07T22:10:20.8128043Z Downloading pip-26.2.1-py3-none-any.whl.metadata (4.6 kB)
contracts	Run actions/setup-python@a26af69be951a213d495a4c3e4e4022e16d87065	2026-10-07T22:10:20.8300878Z Downloading pip-26.2.1-py3-none-any.whl (1.8 MB)
contracts	Run actions/setup-python@a26af69be951a213d495a4c3e4e4022e16d87065	2026-10-07T22:10:20.9139929Z ━━━━━━━━━━━━━━━━━━━━━━━━━━━━━━━━━━━━━━━━ 1.8/1.8 MB 22.9 MB/s eta 0:00:00
contracts	Run actions/setup-python@a26af69be951a213d495a4c3e4e4022e16d87065	2026-10-07T22:10:20.9140731Z 
contracts	Run actions/setup-python@a26af69be951a213d495a4c3e4e4022e16d87065	2026-10-07T22:10:20.9570488Z Installing collected packages: pip
contracts	Run actions/setup-python@a26af69be951a213d495a4c3e4e4022e16d87065	2026-10-07T22:10:20.9571182Z Attempting uninstall: pip
contracts	Run actions/setup-python@a26af69be951a213d495a4c3e4e4022e16d87065	2026-10-07T22:10:20.9589650Z Found existing installation: pip 24.0
contracts	Run actions/setup-python@a26af69be951a213d495a4c3e4e4022e16d87065	2026-10-07T22:10:20.9986899Z Uninstalling pip-24.0:
contracts	Run actions/setup-python@a26af69be951a213d495a4c3e4e4022e16d87065	2026-10-07T22:10:21.0047142Z Successfully uninstalled pip-24.0
contracts	Run actions/setup-python@a26af69be951a213d495a4c3e4e4022e16d87065	2026-10-07T22:10:21.8391991Z Successfully installed pip-26.2.1
contracts	Run actions/setup-python@a26af69be951a213d495a4c3e4e4022e16d87065	2026-10-07T22:10:21.8961689Z Create complete file
contracts	Run actions/setup-python@a26af69be951a213d495a4c3e4e4022e16d87065	2026-10-07T22:10:21.9003385Z Successfully set up CPython (3.11.11)
contracts	Run actions/setup-python@a26af69be951a213d495a4c3e4e4022e16d87065	2026-10-07T22:10:21.9004918Z ##[endgroup]
contracts	Run actions/setup-python@a26af69be951a213d495a4c3e4e4022e16d87065	2026-10-07T22:10:22.7921126Z [command]/opt/hostedtoolcache/Python/3.11.11/x64/bin/pip cache dir
contracts	Run actions/setup-python@a26af69be951a213d495a4c3e4e4022e16d87065	2026-10-07T22:10:22.9429251Z /home/runner/.cache/pip
contracts	Run actions/setup-python@a26af69be951a213d495a4c3e4e4022e16d87065	2026-10-07T22:10:23.1128163Z pip cache is not found
contracts	Install pinned pipeline and workflow dependencies	﻿2026-10-07T22:10:23.1360485Z ##[group]Run pip install -r requirements-pipeline.txt -r requirements-workflow.txt
contracts	Install pinned pipeline and workflow dependencies	2026-10-07T22:10:23.1361274Z ^[[36;1mpip install -r requirements-pipeline.txt -r requirements-workflow.txt^[[0m
contracts	Install pinned pipeline and workflow dependencies	2026-10-07T22:10:23.1655466Z shell: /usr/bin/bash -e {0}
contracts	Install pinned pipeline and workflow dependencies	2026-10-07T22:10:23.1655799Z env:
contracts	Install pinned pipeline and workflow dependencies	2026-10-07T22:10:23.1656116Z   pythonLocation: /opt/hostedtoolcache/Python/3.11.11/x64
contracts	Install pinned pipeline and workflow dependencies	2026-10-07T22:10:23.1656628Z   PKG_CONFIG_PATH: /opt/hostedtoolcache/Python/3.11.11/x64/lib/pkgconfig
contracts	Install pinned pipeline and workflow dependencies	2026-10-07T22:10:23.1657127Z   Python_ROOT_DIR: /opt/hostedtoolcache/Python/3.11.11/x64
contracts	Install pinned pipeline and workflow dependencies	2026-10-07T22:10:23.1657611Z   Python2_ROOT_DIR: /opt/hostedtoolcache/Python/3.11.11/x64
contracts	Install pinned pipeline and workflow dependencies	2026-10-07T22:10:23.1658067Z   Python3_ROOT_DIR: /opt/hostedtoolcache/Python/3.11.11/x64
contracts	Install pinned pipeline and workflow dependencies	2026-10-07T22:10:23.1658521Z   LD_LIBRARY_PATH: /opt/hostedtoolcache/Python/3.11.11/x64/lib
contracts	Install pinned pipeline and workflow dependencies	2026-10-07T22:10:23.1658909Z ##[endgroup]
contracts	Install pinned pipeline and workflow dependencies	2026-10-07T22:10:23.8151596Z Collecting numpy==1.26.4 (from -r requirements-pipeline.txt (line 4))
contracts	Install pinned pipeline and workflow dependencies	2026-10-07T22:10:23.8952711Z   Downloading numpy-1.26.4-cp311-cp311-manylinux_2_17_x86_64.manylinux2014_x86_64.whl.metadata (61 kB)
contracts	Install pinned pipeline and workflow dependencies	2026-10-07T22:10:24.0530187Z Collecting pandas==2.2.3 (from -r requirements-pipeline.txt (line 5))
contracts	Install pinned pipeline and workflow dependencies	2026-10-07T22:10:24.0680835Z   Downloading pandas-2.2.3-cp311-cp311-manylinux_2_17_x86_64.manylinux2014_x86_64.whl.metadata (89 kB)
contracts	Install pinned pipeline and workflow dependencies	2026-10-07T22:10:24.2404956Z Collecting scipy==1.14.1 (from -r requirements-pipeline.txt (line 6))
contracts	Install pinned pipeline and workflow dependencies	2026-10-07T22:10:24.2559455Z   Downloading scipy-1.14.1-cp311-cp311-manylinux_2_17_x86_64.manylinux2014_x86_64.whl.metadata (60 kB)
contracts	Install pinned pipeline and workflow dependencies	2026-10-07T22:10:24.4320960Z Collecting matplotlib==3.9.4 (from -r requirements-pipeline.txt (line 7))
contracts	Install pinned pipeline and workflow dependencies	2026-10-07T22:10:24.4503284Z   Downloading matplotlib-3.9.4-cp311-cp311-manylinux_2_17_x86_64.manylinux2014_x86_64.whl.metadata (11 kB)
contracts	Install pinned pipeline and workflow dependencies	2026-10-07T22:10:24.6977100Z Collecting lxml==6.1.3 (from -r requirements-pipeline.txt (line 8))
contracts	Install pinned pipeline and workflow dependencies	2026-10-07T22:10:24.7125035Z   Downloading lxml-6.1.3-cp311-cp311-manylinux_2_26_x86_64.manylinux_2_28_x86_64.whl.metadata (3.3 kB)
contracts	Install pinned pipeline and workflow dependencies	2026-10-07T22:10:24.7579006Z Collecting snakemake==8.30.0 (from -r requirements-workflow.txt (line 2))
contracts	Install pinned pipeline and workflow dependencies	2026-10-07T22:10:24.8091710Z   Downloading snakemake-8.30.0-py3-none-any.whl.metadata (2.4 kB)
contracts	Install pinned pipeline and workflow dependencies	2026-10-07T22:10:24.8340823Z Collecting python-dateutil>=2.8.2 (from pandas==2.2.3->-r requirements-pipeline.txt (line 5))
contracts	Install pinned pipeline and workflow dependencies	2026-10-07T22:10:24.8510918Z   Downloading python_dateutil-2.9.0.post0-py2.py3-none-any.whl.metadata (8.4 kB)
contracts	Install pinned pipeline and workflow dependencies	2026-10-07T22:10:24.8923786Z Collecting pytz>=2020.1 (from pandas==2.2.3->-r requirements-pipeline.txt (line 5))
contracts	Install pinned pipeline and workflow dependencies	2026-10-07T22:10:24.9075336Z   Downloading pytz-2026.5-py2.py3-none-any.whl.metadata (22 kB)
contracts	Install pinned pipeline and workflow dependencies	2026-10-07T22:10:24.9315098Z Collecting tzdata>=2022.7 (from pandas==2.2.3->-r requirements-pipeline.txt (line 5))
contracts	Install pinned pipeline and workflow dependencies	2026-10-07T22:10:24.9464488Z   Downloading tzdata-2026.5-py2.py3-none-any.whl.metadata (1.4 kB)
contracts	Install pinned pipeline and workflow dependencies	2026-10-07T22:10:25.0350983Z Collecting contourpy>=1.0.1 (from matplotlib==3.9.4->-r requirements-pipeline.txt (line 7))
contracts	Install pinned pipeline and workflow dependencies	2026-10-07T22:10:25.0500878Z   Downloading contourpy-1.3.3-cp311-cp311-manylinux_2_27_x86_64.manylinux_2_28_x86_64.whl.metadata (5.5 kB)
contracts	Install pinned pipeline and workflow dependencies	2026-10-07T22:10:25.0698971Z Collecting cycler>=0.10 (from matplotlib==3.9.4->-r requirements-pipeline.txt (line 7))
contracts	Install pinned pipeline and workflow dependencies	2026-10-07T22:10:25.0853390Z   Downloading cycler-0.12.1-py3-none-any.whl.metadata (3.8 kB)
contracts	Install pinned pipeline and workflow dependencies	2026-10-07T22:10:25.2418096Z Collecting fonttools>=4.22.0 (from matplotlib==3.9.4->-r requirements-pipeline.txt (line 7))
contracts	Install pinned pipeline and workflow dependencies	2026-10-07T22:10:25.2573925Z   Downloading fonttools-4.66.1-cp311-cp311-manylinux2014_x86_64.manylinux_2_17_x86_64.whl.metadata (130 kB)
contracts	Install pinned pipeline and workflow dependencies	2026-10-07T22:10:25.3563263Z Collecting kiwisolver>=1.3.1 (from matplotlib==3.9.4->-r requirements-pipeline.txt (line 7))
contracts	Install pinned pipeline and workflow dependencies	2026-10-07T22:10:25.3712185Z   Downloading kiwisolver-1.5.1-cp311-cp311-manylinux2014_x86_64.manylinux_2_17_x86_64.whl.metadata (5.2 kB)
contracts	Install pinned pipeline and workflow dependencies	2026-10-07T22:10:25.3962732Z Collecting packaging>=20.0 (from matplotlib==3.9.4->-r requirements-pipeline.txt (line 7))
contracts	Install pinned pipeline and workflow dependencies	2026-10-07T22:10:25.4122556Z   Downloading packaging-26.3-py3-none-any.whl.metadata (3.5 kB)
contracts	Install pinned pipeline and workflow dependencies	2026-10-07T22:10:25.6065726Z Collecting pillow>=8 (from matplotlib==3.9.4->-r requirements-pipeline.txt (line 7))
contracts	Install pinned pipeline and workflow dependencies	2026-10-07T22:10:25.6216639Z   Downloading pillow-12.3.0-cp311-cp311-manylinux_2_27_x86_64.manylinux_2_28_x86_64.whl.metadata (9.1 kB)
contracts	Install pinned pipeline and workflow dependencies	2026-10-07T22:10:25.6539170Z Collecting pyparsing>=2.3.1 (from matplotlib==3.9.4->-r requirements-pipeline.txt (line 7))
contracts	Install pinned pipeline and workflow dependencies	2026-10-07T22:10:25.6684428Z   Downloading pyparsing-3.3.3-py3-none-any.whl.metadata (5.9 kB)
contracts	Install pinned pipeline and workflow dependencies	2026-10-07T22:10:25.6890679Z Collecting appdirs (from snakemake==8.30.0->-r requirements-workflow.txt (line 2))
contracts	Install pinned pipeline and workflow dependencies	2026-10-07T22:10:25.7044008Z   Downloading appdirs-1.4.4-py2.py3-none-any.whl.metadata (9.0 kB)
contracts	Install pinned pipeline and workflow dependencies	2026-10-07T22:10:25.7435542Z Collecting immutables (from snakemake==8.30.0->-r requirements-workflow.txt (line 2))
contracts	Install pinned pipeline and workflow dependencies	2026-10-07T22:10:25.7589567Z   Downloading immutables-0.21-cp311-cp311-manylinux_2_5_x86_64.manylinux1_x86_64.manylinux_2_17_x86_64.manylinux2014_x86_64.whl.metadata (4.5 kB)
contracts	Install pinned pipeline and workflow dependencies	2026-10-07T22:10:25.7831401Z Collecting configargparse (from snakemake==8.30.0->-r requirements-workflow.txt (line 2))
contracts	Install pinned pipeline and workflow dependencies	2026-10-07T22:10:25.7979219Z   Downloading configargparse-1.8.0-py3-none-any.whl.metadata (23 kB)
contracts	Install pinned pipeline and workflow dependencies	2026-10-07T22:10:25.8193242Z Collecting connection_pool>=0.0.3 (from snakemake==8.30.0->-r requirements-workflow.txt (line 2))
contracts	Install pinned pipeline and workflow dependencies	2026-10-07T22:10:25.8347889Z   Downloading connection_pool-0.0.3.tar.gz (3.8 kB)
contracts	Install pinned pipeline and workflow dependencies	2026-10-07T22:10:25.8414781Z   Installing build dependencies: started
contracts	Install pinned pipeline and workflow dependencies	2026-10-07T22:10:26.6374980Z   Installing build dependencies: finished with status 'done'
contracts	Install pinned pipeline and workflow dependencies	2026-10-07T22:10:26.6380185Z   Getting requirements to build wheel: started
contracts	Install pinned pipeline and workflow dependencies	2026-10-07T22:10:26.9720166Z   Getting requirements to build wheel: finished with status 'done'
contracts	Install pinned pipeline and workflow dependencies	2026-10-07T22:10:26.9728802Z   Preparing metadata (pyproject.toml): started
contracts	Install pinned pipeline and workflow dependencies	2026-10-07T22:10:27.1365042Z   Preparing metadata (pyproject.toml): finished with status 'done'
contracts	Install pinned pipeline and workflow dependencies	2026-10-07T22:10:27.1587998Z Collecting docutils (from snakemake==8.30.0->-r requirements-workflow.txt (line 2))
contracts	Install pinned pipeline and workflow dependencies	2026-10-07T22:10:27.1734549Z   Downloading docutils-0.23-py3-none-any.whl.metadata (15 kB)
contracts	Install pinned pipeline and workflow dependencies	2026-10-07T22:10:27.2049365Z Collecting gitpython (from snakemake==8.30.0->-r requirements-workflow.txt (line 2))
contracts	Install pinned pipeline and workflow dependencies	2026-10-07T22:10:27.2192615Z   Downloading gitpython-3.2.0-py3-none-any.whl.metadata (13 kB)
contracts	Install pinned pipeline and workflow dependencies	2026-10-07T22:10:27.2484936Z Collecting humanfriendly (from snakemake==8.30.0->-r requirements-workflow.txt (line 2))
contracts	Install pinned pipeline and workflow dependencies	2026-10-07T22:10:27.2645239Z   Downloading humanfriendly-10.0-py2.py3-none-any.whl.metadata (9.2 kB)
contracts	Install pinned pipeline and workflow dependencies	2026-10-07T22:10:27.2867917Z Collecting jinja2<4.0,>=3.0 (from snakemake==8.30.0->-r requirements-workflow.txt (line 2))
contracts	Install pinned pipeline and workflow dependencies	2026-10-07T22:10:27.3017957Z   Downloading jinja2-3.1.6-py3-none-any.whl.metadata (2.9 kB)
contracts	Install pinned pipeline and workflow dependencies	2026-10-07T22:10:27.3307638Z Collecting jsonschema (from snakemake==8.30.0->-r requirements-workflow.txt (line 2))
contracts	Install pinned pipeline and workflow dependencies	2026-10-07T22:10:27.3454596Z   Downloading jsonschema-4.26.0-py3-none-any.whl.metadata (7.6 kB)
contracts	Install pinned pipeline and workflow dependencies	2026-10-07T22:10:27.3696698Z Collecting nbformat (from snakemake==8.30.0->-r requirements-workflow.txt (line 2))
contracts	Install pinned pipeline and workflow dependencies	2026-10-07T22:10:27.3842797Z   Downloading nbformat-5.11.1-py3-none-any.whl.metadata (3.7 kB)
contracts	Install pinned pipeline and workflow dependencies	2026-10-07T22:10:27.4578464Z Collecting psutil (from snakemake==8.30.0->-r requirements-workflow.txt (line 2))
contracts	Install pinned pipeline and workflow dependencies	2026-10-07T22:10:27.4729879Z   Downloading psutil-7.2.2-cp36-abi3-manylinux2010_x86_64.manylinux_2_12_x86_64.manylinux_2_28_x86_64.whl.metadata (22 kB)
contracts	Install pinned pipeline and workflow dependencies	2026-10-07T22:10:27.5551110Z Collecting pulp<2.10,>=2.3.1 (from snakemake==8.30.0->-r requirements-workflow.txt (line 2))
contracts	Install pinned pipeline and workflow dependencies	2026-10-07T22:10:27.5729275Z   Downloading PuLP-2.9.0-py3-none-any.whl.metadata (5.4 kB)
contracts	Install pinned pipeline and workflow dependencies	2026-10-07T22:10:27.6152221Z Collecting pyyaml (from snakemake==8.30.0->-r requirements-workflow.txt (line 2))
contracts	Install pinned pipeline and workflow dependencies	2026-10-07T22:10:27.6326694Z   Downloading pyyaml-6.0.3-cp311-cp311-manylinux2014_x86_64.manylinux_2_17_x86_64.manylinux_2_28_x86_64.whl.metadata (2.4 kB)
contracts	Install pinned pipeline and workflow dependencies	2026-10-07T22:10:27.6622964Z Collecting requests<3.0,>=2.8.1 (from snakemake==8.30.0->-r requirements-workflow.txt (line 2))
contracts	Install pinned pipeline and workflow dependencies	2026-10-07T22:10:27.6767219Z   Downloading requests-2.34.2-py3-none-any.whl.metadata (4.8 kB)
contracts	Install pinned pipeline and workflow dependencies	2026-10-07T22:10:27.6986633Z Collecting reretry (from snakemake==8.30.0->-r requirements-workflow.txt (line 2))
contracts	Install pinned pipeline and workflow dependencies	2026-10-07T22:10:27.7157868Z   Downloading reretry-0.11.8-py2.py3-none-any.whl.metadata (5.5 kB)
contracts	Install pinned pipeline and workflow dependencies	2026-10-07T22:10:27.7399636Z Collecting smart-open<8.0,>=4.0 (from snakemake==8.30.0->-r requirements-workflow.txt (line 2))
contracts	Install pinned pipeline and workflow dependencies	2026-10-07T22:10:27.7545452Z   Downloading smart_open-7.7.1-py3-none-any.whl.metadata (25 kB)
contracts	Install pinned pipeline and workflow dependencies	2026-10-07T22:10:27.7829548Z Collecting snakemake-interface-executor-plugins<10.0,>=9.3.2 (from snakemake==8.30.0->-r requirements-workflow.txt (line 2))
contracts	Install pinned pipeline and workflow dependencies	2026-10-07T22:10:27.7988997Z   Downloading snakemake_interface_executor_plugins-9.4.0-py3-none-any.whl.metadata (7.9 kB)
contracts	Install pinned pipeline and workflow dependencies	2026-10-07T22:10:27.8241360Z Collecting snakemake-interface-common<2.0,>=1.17.0 (from snakemake==8.30.0->-r requirements-workflow.txt (line 2))
contracts	Install pinned pipeline and workflow dependencies	2026-10-07T22:10:27.8391614Z   Downloading snakemake_interface_common-1.23.1-py3-none-any.whl.metadata (505 bytes)
contracts	Install pinned pipeline and workflow dependencies	2026-10-07T22:10:27.8606318Z Collecting snakemake-interface-storage-plugins<4.0,>=3.2.3 (from snakemake==8.30.0->-r requirements-workflow.txt (line 2))
contracts	Install pinned pipeline and workflow dependencies	2026-10-07T22:10:27.8770316Z   Downloading snakemake_interface_storage_plugins-3.5.0-py3-none-any.whl.metadata (10 kB)
contracts	Install pinned pipeline and workflow dependencies	2026-10-07T22:10:27.8979401Z Collecting snakemake-interface-report-plugins<2.0.0,>=1.1.0 (from snakemake==8.30.0->-r requirements-workflow.txt (line 2))
contracts	Install pinned pipeline and workflow dependencies	2026-10-07T22:10:27.9476939Z   Downloading snakemake_interface_report_plugins-1.3.0-py3-none-any.whl.metadata (3.6 kB)
contracts	Install pinned pipeline and workflow dependencies	2026-10-07T22:10:27.9678142Z Collecting tabulate (from snakemake==8.30.0->-r requirements-workflow.txt (line 2))
contracts	Install pinned pipeline and workflow dependencies	2026-10-07T22:10:27.9820267Z   Downloading tabulate-0.10.0-py3-none-any.whl.metadata (40 kB)
contracts	Install pinned pipeline and workflow dependencies	2026-10-07T22:10:28.0076048Z Collecting throttler (from snakemake==8.30.0->-r requirements-workflow.txt (line 2))
contracts	Install pinned pipeline and workflow dependencies	2026-10-07T22:10:28.0226513Z   Downloading throttler-1.2.3-py3-none-any.whl.metadata (10 kB)
contracts	Install pinned pipeline and workflow dependencies	2026-10-07T22:10:28.3763094Z Collecting wrapt (from snakemake==8.30.0->-r requirements-workflow.txt (line 2))
contracts	Install pinned pipeline and workflow dependencies	2026-10-07T22:10:28.3913291Z   Downloading wrapt-2.5.0-cp311-cp311-manylinux1_x86_64.manylinux_2_28_x86_64.manylinux_2_5_x86_64.whl.metadata (7.6 kB)
contracts	Install pinned pipeline and workflow dependencies	2026-10-07T22:10:28.4135516Z Collecting yte<2.0,>=1.5.5 (from snakemake==8.30.0->-r requirements-workflow.txt (line 2))
contracts	Install pinned pipeline and workflow dependencies	2026-10-07T22:10:28.4286340Z   Downloading yte-1.9.4-py3-none-any.whl.metadata (3.1 kB)
contracts	Install pinned pipeline and workflow dependencies	2026-10-07T22:10:28.4505955Z Collecting dpath<3.0.0,>=2.1.6 (from snakemake==8.30.0->-r requirements-workflow.txt (line 2))
contracts	Install pinned pipeline and workflow dependencies	2026-10-07T22:10:28.4659500Z   Downloading dpath-2.2.0-py3-none-any.whl.metadata (15 kB)
contracts	Install pinned pipeline and workflow dependencies	2026-10-07T22:10:28.4883004Z Collecting conda-inject<2.0,>=1.3.1 (from snakemake==8.30.0->-r requirements-workflow.txt (line 2))
contracts	Install pinned pipeline and workflow dependencies	2026-10-07T22:10:28.5034517Z   Downloading conda_inject-1.3.2-py3-none-any.whl.metadata (855 bytes)
contracts	Install pinned pipeline and workflow dependencies	2026-10-07T22:10:28.5645210Z Collecting MarkupSafe>=2.0 (from jinja2<4.0,>=3.0->snakemake==8.30.0->-r requirements-workflow.txt (line 2))
contracts	Install pinned pipeline and workflow dependencies	2026-10-07T22:10:28.5793058Z   Downloading markupsafe-3.0.4-cp311-cp311-manylinux2014_x86_64.manylinux_2_17_x86_64.manylinux_2_28_x86_64.whl.metadata (2.7 kB)
contracts	Install pinned pipeline and workflow dependencies	2026-10-07T22:10:28.7044874Z Collecting charset_normalizer<4,>=2 (from requests<3.0,>=2.8.1->snakemake==8.30.0->-r requirements-workflow.txt (line 2))
contracts	Install pinned pipeline and workflow dependencies	2026-10-07T22:10:28.7196189Z   Downloading charset_normalizer-3.5.2-cp311-cp311-manylinux2014_x86_64.manylinux_2_17_x86_64.manylinux_2_28_x86_64.whl.metadata (46 kB)
contracts	Install pinned pipeline and workflow dependencies	2026-10-07T22:10:28.7503091Z Collecting idna<4,>=2.5 (from requests<3.0,>=2.8.1->snakemake==8.30.0->-r requirements-workflow.txt (line 2))
contracts	Install pinned pipeline and workflow dependencies	2026-10-07T22:10:28.7647198Z   Downloading idna-3.20-py3-none-any.whl.metadata (7.2 kB)
contracts	Install pinned pipeline and workflow dependencies	2026-10-07T22:10:28.7936455Z Collecting urllib3<3,>=1.26 (from requests<3.0,>=2.8.1->snakemake==8.30.0->-r requirements-workflow.txt (line 2))
contracts	Install pinned pipeline and workflow dependencies	2026-10-07T22:10:28.8082676Z   Downloading urllib3-2.8.0-py3-none-any.whl.metadata (7.4 kB)
contracts	Install pinned pipeline and workflow dependencies	2026-10-07T22:10:28.8334552Z Collecting certifi>=2023.5.7 (from requests<3.0,>=2.8.1->snakemake==8.30.0->-r requirements-workflow.txt (line 2))
contracts	Install pinned pipeline and workflow dependencies	2026-10-07T22:10:28.8481680Z   Downloading certifi-2026.7.22-py3-none-any.whl.metadata (2.5 kB)
contracts	Install pinned pipeline and workflow dependencies	2026-10-07T22:10:28.8707602Z Collecting argparse-dataclass>=2.0.0 (from snakemake-interface-common<2.0,>=1.17.0->snakemake==8.30.0->-r requirements-workflow.txt (line 2))
contracts	Install pinned pipeline and workflow dependencies	2026-10-07T22:10:28.8861456Z   Downloading argparse_dataclass-2.0.0-py3-none-any.whl.metadata (7.2 kB)
contracts	Install pinned pipeline and workflow dependencies	2026-10-07T22:10:28.8985670Z Collecting wrapt (from snakemake==8.30.0->-r requirements-workflow.txt (line 2))
contracts	Install pinned pipeline and workflow dependencies	2026-10-07T22:10:28.9149150Z   Downloading wrapt-1.17.3-cp311-cp311-manylinux1_x86_64.manylinux_2_28_x86_64.manylinux_2_5_x86_64.whl.metadata (6.4 kB)
contracts	Install pinned pipeline and workflow dependencies	2026-10-07T22:10:28.9466694Z Collecting six>=1.5 (from python-dateutil>=2.8.2->pandas==2.2.3->-r requirements-pipeline.txt (line 5))
contracts	Install pinned pipeline and workflow dependencies	2026-10-07T22:10:28.9607475Z   Downloading six-1.17.0-py2.py3-none-any.whl.metadata (1.7 kB)
contracts	Install pinned pipeline and workflow dependencies	2026-10-07T22:10:28.9834868Z Collecting gitdb<5,>=4.0.1 (from gitpython->snakemake==8.30.0->-r requirements-workflow.txt (line 2))
contracts	Install pinned pipeline and workflow dependencies	2026-10-07T22:10:28.9980014Z   Downloading gitdb-4.0.12-py3-none-any.whl.metadata (1.2 kB)
contracts	Install pinned pipeline and workflow dependencies	2026-10-07T22:10:29.0175238Z Collecting smmap<6,>=3.0.1 (from gitdb<5,>=4.0.1->gitpython->snakemake==8.30.0->-r requirements-workflow.txt (line 2))
contracts	Install pinned pipeline and workflow dependencies	2026-10-07T22:10:29.0318253Z   Downloading smmap-5.0.3-py3-none-any.whl.metadata (4.6 kB)
contracts	Install pinned pipeline and workflow dependencies	2026-10-07T22:10:29.0561469Z Collecting attrs>=22.2.0 (from jsonschema->snakemake==8.30.0->-r requirements-workflow.txt (line 2))
contracts	Install pinned pipeline and workflow dependencies	2026-10-07T22:10:29.0705268Z   Downloading attrs-26.1.0-py3-none-any.whl.metadata (8.8 kB)
contracts	Install pinned pipeline and workflow dependencies	2026-10-07T22:10:29.0916944Z Collecting jsonschema-specifications>=2023.03.6 (from jsonschema->snakemake==8.30.0->-r requirements-workflow.txt (line 2))
contracts	Install pinned pipeline and workflow dependencies	2026-10-07T22:10:29.1059149Z   Downloading jsonschema_specifications-2025.9.1-py3-none-any.whl.metadata (2.9 kB)
contracts	Install pinned pipeline and workflow dependencies	2026-10-07T22:10:29.1339000Z Collecting referencing>=0.28.4 (from jsonschema->snakemake==8.30.0->-r requirements-workflow.txt (line 2))
contracts	Install pinned pipeline and workflow dependencies	2026-10-07T22:10:29.1495467Z   Downloading referencing-0.37.0-py3-none-any.whl.metadata (2.8 kB)
contracts	Install pinned pipeline and workflow dependencies	2026-10-07T22:10:29.4538208Z Collecting rpds-py>=0.25.0 (from jsonschema->snakemake==8.30.0->-r requirements-workflow.txt (line 2))
contracts	Install pinned pipeline and workflow dependencies	2026-10-07T22:10:29.4690523Z   Downloading rpds_py-2026.9.1-cp311-cp311-manylinux_2_17_x86_64.manylinux2014_x86_64.whl.metadata (4.1 kB)
contracts	Install pinned pipeline and workflow dependencies	2026-10-07T22:10:29.4985314Z Collecting typing-extensions>=4.4.0 (from referencing>=0.28.4->jsonschema->snakemake==8.30.0->-r requirements-workflow.txt (line 2))
contracts	Install pinned pipeline and workflow dependencies	2026-10-07T22:10:29.5133884Z   Downloading typing_extensions-4.16.0-py3-none-any.whl.metadata (3.3 kB)
contracts	Install pinned pipeline and workflow dependencies	2026-10-07T22:10:29.5369562Z Collecting fastjsonschema>=2.15 (from nbformat->snakemake==8.30.0->-r requirements-workflow.txt (line 2))
contracts	Install pinned pipeline and workflow dependencies	2026-10-07T22:10:29.5515177Z   Downloading fastjsonschema-2.22.2-py3-none-any.whl.metadata (2.1 kB)
contracts	Install pinned pipeline and workflow dependencies	2026-10-07T22:10:29.5788799Z Collecting jupyter-core!=5.0.*,>=4.12 (from nbformat->snakemake==8.30.0->-r requirements-workflow.txt (line 2))
contracts	Install pinned pipeline and workflow dependencies	2026-10-07T22:10:29.5933023Z   Downloading jupyter_core-5.9.1-py3-none-any.whl.metadata (1.5 kB)
contracts	Install pinned pipeline and workflow dependencies	2026-10-07T22:10:29.6178705Z Collecting traitlets>=5.1 (from nbformat->snakemake==8.30.0->-r requirements-workflow.txt (line 2))
contracts	Install pinned pipeline and workflow dependencies	2026-10-07T22:10:29.6324094Z   Downloading traitlets-5.16.1-py3-none-any.whl.metadata (10 kB)
contracts	Install pinned pipeline and workflow dependencies	2026-10-07T22:10:29.6625953Z Collecting platformdirs>=2.5 (from jupyter-core!=5.0.*,>=4.12->nbformat->snakemake==8.30.0->-r requirements-workflow.txt (line 2))
contracts	Install pinned pipeline and workflow dependencies	2026-10-07T22:10:29.6775854Z   Downloading platformdirs-4.12.3-py3-none-any.whl.metadata (5.5 kB)
contracts	Install pinned pipeline and workflow dependencies	2026-10-07T22:10:29.7004706Z Downloading numpy-1.26.4-cp311-cp311-manylinux_2_17_x86_64.manylinux2014_x86_64.whl (18.3 MB)
contracts	Install pinned pipeline and workflow dependencies	2026-10-07T22:10:30.3309624Z    ━━━━━━━━━━━━━━━━━━━━━━━━━━━━━━━━━━━━━━━━ 18.3/18.3 MB 30.4 MB/s  0:00:00
contracts	Install pinned pipeline and workflow dependencies	2026-10-07T22:10:30.3459848Z Downloading pandas-2.2.3-cp311-cp311-manylinux_2_17_x86_64.manylinux2014_x86_64.whl (13.1 MB)
contracts	Install pinned pipeline and workflow dependencies	2026-10-07T22:10:30.4891353Z    ━━━━━━━━━━━━━━━━━━━━━━━━━━━━━━━━━━━━━━━━ 13.1/13.1 MB 91.7 MB/s  0:00:00
contracts	Install pinned pipeline and workflow dependencies	2026-10-07T22:10:30.5073947Z Downloading scipy-1.14.1-cp311-cp311-manylinux_2_17_x86_64.manylinux2014_x86_64.whl (41.2 MB)
contracts	Install pinned pipeline and workflow dependencies	2026-10-07T22:10:30.8131539Z    ━━━━━━━━━━━━━━━━━━━━━━━━━━━━━━━━━━━━━━━━ 41.2/41.2 MB 135.1 MB/s  0:00:00
contracts	Install pinned pipeline and workflow dependencies	2026-10-07T22:10:30.8310735Z Downloading matplotlib-3.9.4-cp311-cp311-manylinux_2_17_x86_64.manylinux2014_x86_64.whl (8.3 MB)
contracts	Install pinned pipeline and workflow dependencies	2026-10-07T22:10:30.8712453Z    ━━━━━━━━━━━━━━━━━━━━━━━━━━━━━━━━━━━━━━━━ 8.3/8.3 MB 216.9 MB/s  0:00:00
contracts	Install pinned pipeline and workflow dependencies	2026-10-07T22:10:30.8873189Z Downloading lxml-6.1.3-cp311-cp311-manylinux_2_26_x86_64.manylinux_2_28_x86_64.whl (5.2 MB)
contracts	Install pinned pipeline and workflow dependencies	2026-10-07T22:10:30.9116042Z    ━━━━━━━━━━━━━━━━━━━━━━━━━━━━━━━━━━━━━━━━ 5.2/5.2 MB 242.6 MB/s  0:00:00
contracts	Install pinned pipeline and workflow dependencies	2026-10-07T22:10:30.9274110Z Downloading snakemake-8.30.0-py3-none-any.whl (1.0 MB)
contracts	Install pinned pipeline and workflow dependencies	2026-10-07T22:10:30.9354850Z    ━━━━━━━━━━━━━━━━━━━━━━━━━━━━━━━━━━━━━━━━ 1.0/1.0 MB 140.9 MB/s  0:00:00
contracts	Install pinned pipeline and workflow dependencies	2026-10-07T22:10:30.9515888Z Downloading conda_inject-1.3.2-py3-none-any.whl (4.1 kB)
contracts	Install pinned pipeline and workflow dependencies	2026-10-07T22:10:30.9678167Z Downloading dpath-2.2.0-py3-none-any.whl (17 kB)
contracts	Install pinned pipeline and workflow dependencies	2026-10-07T22:10:30.9842133Z Downloading jinja2-3.1.6-py3-none-any.whl (134 kB)
contracts	Install pinned pipeline and workflow dependencies	2026-10-07T22:10:31.0018575Z Downloading PuLP-2.9.0-py3-none-any.whl (17.7 MB)
contracts	Install pinned pipeline and workflow dependencies	2026-10-07T22:10:31.0933902Z    ━━━━━━━━━━━━━━━━━━━━━━━━━━━━━━━━━━━━━━━━ 17.7/17.7 MB 198.3 MB/s  0:00:00
contracts	Install pinned pipeline and workflow dependencies	2026-10-07T22:10:31.1086448Z Downloading pyyaml-6.0.3-cp311-cp311-manylinux2014_x86_64.manylinux_2_17_x86_64.manylinux_2_28_x86_64.whl (806 kB)
contracts	Install pinned pipeline and workflow dependencies	2026-10-07T22:10:31.1141411Z    ━━━━━━━━━━━━━━━━━━━━━━━━━━━━━━━━━━━━━━━━ 806.6/806.6 kB 175.8 MB/s  0:00:00
contracts	Install pinned pipeline and workflow dependencies	2026-10-07T22:10:31.1287130Z Downloading requests-2.34.2-py3-none-any.whl (73 kB)
contracts	Install pinned pipeline and workflow dependencies	2026-10-07T22:10:31.1454398Z Downloading charset_normalizer-3.5.2-cp311-cp311-manylinux2014_x86_64.manylinux_2_17_x86_64.manylinux_2_28_x86_64.whl (269 kB)
contracts	Install pinned pipeline and workflow dependencies	2026-10-07T22:10:31.1622618Z Downloading idna-3.20-py3-none-any.whl (69 kB)
contracts	Install pinned pipeline and workflow dependencies	2026-10-07T22:10:31.1786116Z Downloading smart_open-7.7.1-py3-none-any.whl (65 kB)
contracts	Install pinned pipeline and workflow dependencies	2026-10-07T22:10:31.1956049Z Downloading snakemake_interface_common-1.23.1-py3-none-any.whl (17 kB)
contracts	Install pinned pipeline and workflow dependencies	2026-10-07T22:10:31.2128193Z Downloading snakemake_interface_executor_plugins-9.4.0-py3-none-any.whl (22 kB)
contracts	Install pinned pipeline and workflow dependencies	2026-10-07T22:10:31.2304179Z Downloading snakemake_interface_report_plugins-1.3.0-py3-none-any.whl (7.3 kB)
contracts	Install pinned pipeline and workflow dependencies	2026-10-07T22:10:31.2477567Z Downloading snakemake_interface_storage_plugins-3.5.0-py3-none-any.whl (15 kB)
contracts	Install pinned pipeline and workflow dependencies	2026-10-07T22:10:31.2661351Z Downloading reretry-0.11.8-py2.py3-none-any.whl (5.6 kB)
contracts	Install pinned pipeline and workflow dependencies	2026-10-07T22:10:31.2834808Z Downloading throttler-1.2.3-py3-none-any.whl (9.7 kB)
contracts	Install pinned pipeline and workflow dependencies	2026-10-07T22:10:31.2997206Z Downloading urllib3-2.8.0-py3-none-any.whl (135 kB)
contracts	Install pinned pipeline and workflow dependencies	2026-10-07T22:10:31.3163911Z Downloading wrapt-1.17.3-cp311-cp311-manylinux1_x86_64.manylinux_2_28_x86_64.manylinux_2_5_x86_64.whl (82 kB)
contracts	Install pinned pipeline and workflow dependencies	2026-10-07T22:10:31.3356173Z Downloading yte-1.9.4-py3-none-any.whl (10 kB)
contracts	Install pinned pipeline and workflow dependencies	2026-10-07T22:10:31.3529101Z Downloading argparse_dataclass-2.0.0-py3-none-any.whl (8.8 kB)
contracts	Install pinned pipeline and workflow dependencies	2026-10-07T22:10:31.3694609Z Downloading certifi-2026.7.22-py3-none-any.whl (136 kB)
contracts	Install pinned pipeline and workflow dependencies	2026-10-07T22:10:31.3859273Z Downloading configargparse-1.8.0-py3-none-any.whl (34 kB)
contracts	Install pinned pipeline and workflow dependencies	2026-10-07T22:10:31.4022968Z Downloading contourpy-1.3.3-cp311-cp311-manylinux_2_27_x86_64.manylinux_2_28_x86_64.whl (355 kB)
contracts	Install pinned pipeline and workflow dependencies	2026-10-07T22:10:31.4196877Z Downloading cycler-0.12.1-py3-none-any.whl (8.3 kB)
contracts	Install pinned pipeline and workflow dependencies	2026-10-07T22:10:31.4368276Z Downloading fonttools-4.66.1-cp311-cp311-manylinux2014_x86_64.manylinux_2_17_x86_64.whl (5.4 MB)
contracts	Install pinned pipeline and workflow dependencies	2026-10-07T22:10:31.4597242Z    ━━━━━━━━━━━━━━━━━━━━━━━━━━━━━━━━━━━━━━━━ 5.4/5.4 MB 257.6 MB/s  0:00:00
contracts	Install pinned pipeline and workflow dependencies	2026-10-07T22:10:31.4746591Z Downloading kiwisolver-1.5.1-cp311-cp311-manylinux2014_x86_64.manylinux_2_17_x86_64.whl (1.4 MB)
contracts	Install pinned pipeline and workflow dependencies	2026-10-07T22:10:31.4822676Z    ━━━━━━━━━━━━━━━━━━━━━━━━━━━━━━━━━━━━━━━━ 1.4/1.4 MB 228.0 MB/s  0:00:00
contracts	Install pinned pipeline and workflow dependencies	2026-10-07T22:10:31.4970547Z Downloading markupsafe-3.0.4-cp311-cp311-manylinux2014_x86_64.manylinux_2_17_x86_64.manylinux_2_28_x86_64.whl (22 kB)
contracts	Install pinned pipeline and workflow dependencies	2026-10-07T22:10:31.5140544Z Downloading packaging-26.3-py3-none-any.whl (129 kB)
contracts	Install pinned pipeline and workflow dependencies	2026-10-07T22:10:31.5310834Z Downloading pillow-12.3.0-cp311-cp311-manylinux_2_27_x86_64.manylinux_2_28_x86_64.whl (6.9 MB)
contracts	Install pinned pipeline and workflow dependencies	2026-10-07T22:10:31.5593902Z    ━━━━━━━━━━━━━━━━━━━━━━━━━━━━━━━━━━━━━━━━ 6.9/6.9 MB 262.5 MB/s  0:00:00
contracts	Install pinned pipeline and workflow dependencies	2026-10-07T22:10:31.5740144Z Downloading pyparsing-3.3.3-py3-none-any.whl (126 kB)
contracts	Install pinned pipeline and workflow dependencies	2026-10-07T22:10:31.5907167Z Downloading python_dateutil-2.9.0.post0-py2.py3-none-any.whl (229 kB)
contracts	Install pinned pipeline and workflow dependencies	2026-10-07T22:10:31.6076641Z Downloading pytz-2026.5-py2.py3-none-any.whl (506 kB)
contracts	Install pinned pipeline and workflow dependencies	2026-10-07T22:10:31.6293219Z Downloading six-1.17.0-py2.py3-none-any.whl (11 kB)
contracts	Install pinned pipeline and workflow dependencies	2026-10-07T22:10:31.6458830Z Downloading tzdata-2026.5-py2.py3-none-any.whl (347 kB)
contracts	Install pinned pipeline and workflow dependencies	2026-10-07T22:10:31.6633938Z Downloading appdirs-1.4.4-py2.py3-none-any.whl (9.6 kB)
contracts	Install pinned pipeline and workflow dependencies	2026-10-07T22:10:31.6796257Z Downloading docutils-0.23-py3-none-any.whl (634 kB)
contracts	Install pinned pipeline and workflow dependencies	2026-10-07T22:10:31.6852623Z    ━━━━━━━━━━━━━━━━━━━━━━━━━━━━━━━━━━━━━━━━ 634.7/634.7 kB 125.0 MB/s  0:00:00
contracts	Install pinned pipeline and workflow dependencies	2026-10-07T22:10:31.6998248Z Downloading gitpython-3.2.0-py3-none-any.whl (228 kB)
contracts	Install pinned pipeline and workflow dependencies	2026-10-07T22:10:31.7163439Z Downloading gitdb-4.0.12-py3-none-any.whl (62 kB)
contracts	Install pinned pipeline and workflow dependencies	2026-10-07T22:10:31.7327291Z Downloading smmap-5.0.3-py3-none-any.whl (24 kB)
contracts	Install pinned pipeline and workflow dependencies	2026-10-07T22:10:31.7489199Z Downloading humanfriendly-10.0-py2.py3-none-any.whl (86 kB)
contracts	Install pinned pipeline and workflow dependencies	2026-10-07T22:10:31.7663017Z Downloading immutables-0.21-cp311-cp311-manylinux_2_5_x86_64.manylinux1_x86_64.manylinux_2_17_x86_64.manylinux2014_x86_64.whl (99 kB)
contracts	Install pinned pipeline and workflow dependencies	2026-10-07T22:10:31.7827541Z Downloading jsonschema-4.26.0-py3-none-any.whl (90 kB)
contracts	Install pinned pipeline and workflow dependencies	2026-10-07T22:10:31.7990558Z Downloading attrs-26.1.0-py3-none-any.whl (67 kB)
contracts	Install pinned pipeline and workflow dependencies	2026-10-07T22:10:31.8154403Z Downloading jsonschema_specifications-2025.9.1-py3-none-any.whl (18 kB)
contracts	Install pinned pipeline and workflow dependencies	2026-10-07T22:10:31.8315316Z Downloading referencing-0.37.0-py3-none-any.whl (26 kB)
contracts	Install pinned pipeline and workflow dependencies	2026-10-07T22:10:31.8478913Z Downloading rpds_py-2026.9.1-cp311-cp311-manylinux_2_17_x86_64.manylinux2014_x86_64.whl (375 kB)
contracts	Install pinned pipeline and workflow dependencies	2026-10-07T22:10:31.8650211Z Downloading typing_extensions-4.16.0-py3-none-any.whl (45 kB)
contracts	Install pinned pipeline and workflow dependencies	2026-10-07T22:10:31.8814228Z Downloading nbformat-5.11.1-py3-none-any.whl (79 kB)
contracts	Install pinned pipeline and workflow dependencies	2026-10-07T22:10:31.8979560Z Downloading fastjsonschema-2.22.2-py3-none-any.whl (27 kB)
contracts	Install pinned pipeline and workflow dependencies	2026-10-07T22:10:31.9145564Z Downloading jupyter_core-5.9.1-py3-none-any.whl (29 kB)
contracts	Install pinned pipeline and workflow dependencies	2026-10-07T22:10:31.9309222Z Downloading platformdirs-4.12.3-py3-none-any.whl (32 kB)
contracts	Install pinned pipeline and workflow dependencies	2026-10-07T22:10:31.9469795Z Downloading traitlets-5.16.1-py3-none-any.whl (86 kB)
contracts	Install pinned pipeline and workflow dependencies	2026-10-07T22:10:31.9637575Z Downloading psutil-7.2.2-cp36-abi3-manylinux2010_x86_64.manylinux_2_12_x86_64.manylinux_2_28_x86_64.whl (155 kB)
contracts	Install pinned pipeline and workflow dependencies	2026-10-07T22:10:31.9802883Z Downloading tabulate-0.10.0-py3-none-any.whl (39 kB)
contracts	Install pinned pipeline and workflow dependencies	2026-10-07T22:10:32.2515692Z Building wheels for collected packages: connection_pool
contracts	Install pinned pipeline and workflow dependencies	2026-10-07T22:10:32.2524008Z   Building wheel for connection_pool (pyproject.toml): started
contracts	Install pinned pipeline and workflow dependencies	2026-10-07T22:10:32.4475481Z   Building wheel for connection_pool (pyproject.toml): finished with status 'done'
contracts	Install pinned pipeline and workflow dependencies	2026-10-07T22:10:32.4481249Z   Created wheel for connection_pool: filename=connection_pool-0.0.3-py3-none-any.whl size=4106 sha256=d28a26c6a51f54cb03826ef90d40292abf58825dc6229e69df0a1e3b45766ba0
contracts	Install pinned pipeline and workflow dependencies	2026-10-07T22:10:32.4482815Z   Stored in directory: /home/runner/.cache/pip/wheels/2b/73/ac/bd9807cbc47e95c436b5d5afe6cca8299fdc69bf7bd9930618
contracts	Install pinned pipeline and workflow dependencies	2026-10-07T22:10:32.4497909Z Successfully built connection_pool
contracts	Install pinned pipeline and workflow dependencies	2026-10-07T22:10:32.5839937Z Installing collected packages: pytz, connection_pool, appdirs, wrapt, urllib3, tzdata, typing-extensions, traitlets, throttler, tabulate, smmap, six, rpds-py, reretry, pyyaml, pyparsing, pulp, psutil, platformdirs, pillow, packaging, numpy, MarkupSafe, lxml, kiwisolver, immutables, idna, humanfriendly, fonttools, fastjsonschema, dpath, docutils, cycler, configargparse, charset_normalizer, certifi, attrs, argparse-dataclass, yte, snakemake-interface-common, smart-open, scipy, requests, referencing, python-dateutil, jupyter-core, jinja2, gitdb, contourpy, conda-inject, snakemake-interface-storage-plugins, snakemake-interface-report-plugins, snakemake-interface-executor-plugins, pandas, matplotlib, jsonschema-specifications, gitpython, jsonschema, nbformat, snakemake
contracts	Install pinned pipeline and workflow dependencies	2026-10-07T22:10:46.7291157Z 
contracts	Install pinned pipeline and workflow dependencies	2026-10-07T22:10:46.7322808Z Successfully installed MarkupSafe-3.0.4 appdirs-1.4.4 argparse-dataclass-2.0.0 attrs-26.1.0 certifi-2026.7.22 charset_normalizer-3.5.2 conda-inject-1.3.2 configargparse-1.8.0 connection_pool-0.0.3 contourpy-1.3.3 cycler-0.12.1 docutils-0.23 dpath-2.2.0 fastjsonschema-2.22.2 fonttools-4.66.1 gitdb-4.0.12 gitpython-3.2.0 humanfriendly-10.0 idna-3.20 immutables-0.21 jinja2-3.1.6 jsonschema-4.26.0 jsonschema-specifications-2025.9.1 jupyter-core-5.9.1 kiwisolver-1.5.1 lxml-6.1.3 matplotlib-3.9.4 nbformat-5.11.1 numpy-1.26.4 packaging-26.3 pandas-2.2.3 pillow-12.3.0 platformdirs-4.12.3 psutil-7.2.2 pulp-2.9.0 pyparsing-3.3.3 python-dateutil-2.9.0.post0 pytz-2026.5 pyyaml-6.0.3 referencing-0.37.0 requests-2.34.2 reretry-0.11.8 rpds-py-2026.9.1 scipy-1.14.1 six-1.17.0 smart-open-7.7.1 smmap-5.0.3 snakemake-8.30.0 snakemake-interface-common-1.23.1 snakemake-interface-executor-plugins-9.4.0 snakemake-interface-report-plugins-1.3.0 snakemake-interface-storage-plugins-3.5.0 tabulate-0.10.0 throttler-1.2.3 traitlets-5.16.1 typing-extensions-4.16.0 tzdata-2026.5 urllib3-2.8.0 wrapt-1.17.3 yte-1.9.4
contracts	Compile Python entry points	﻿2026-10-07T22:10:46.9598607Z ##[group]Run python -m py_compile scripts/*.py
contracts	Compile Python entry points	2026-10-07T22:10:46.9599042Z ^[[36;1mpython -m py_compile scripts/*.py^[[0m
contracts	Compile Python entry points	2026-10-07T22:10:46.9666083Z shell: /usr/bin/bash -e {0}
contracts	Compile Python entry points	2026-10-07T22:10:46.9666349Z env:
contracts	Compile Python entry points	2026-10-07T22:10:46.9666633Z   pythonLocation: /opt/hostedtoolcache/Python/3.11.11/x64
contracts	Compile Python entry points	2026-10-07T22:10:46.9667101Z   PKG_CONFIG_PATH: /opt/hostedtoolcache/Python/3.11.11/x64/lib/pkgconfig
contracts	Compile Python entry points	2026-10-07T22:10:46.9667563Z   Python_ROOT_DIR: /opt/hostedtoolcache/Python/3.11.11/x64
contracts	Compile Python entry points	2026-10-07T22:10:46.9667987Z   Python2_ROOT_DIR: /opt/hostedtoolcache/Python/3.11.11/x64
contracts	Compile Python entry points	2026-10-07T22:10:46.9668403Z   Python3_ROOT_DIR: /opt/hostedtoolcache/Python/3.11.11/x64
contracts	Compile Python entry points	2026-10-07T22:10:46.9668991Z   LD_LIBRARY_PATH: /opt/hostedtoolcache/Python/3.11.11/x64/lib
contracts	Compile Python entry points	2026-10-07T22:10:46.9669336Z ##[endgroup]
contracts	Run source-free manifest and contamination contracts	﻿2026-10-07T22:10:47.6962866Z ##[group]Run python brain6/confirmatory_v2/scripts/run_contract_tests.py --suite source-free
contracts	Run source-free manifest and contamination contracts	2026-10-07T22:10:47.6963593Z ^[[36;1mpython brain6/confirmatory_v2/scripts/run_contract_tests.py --suite source-free^[[0m
contracts	Run source-free manifest and contamination contracts	2026-10-07T22:10:47.7027834Z shell: /usr/bin/bash -e {0}
contracts	Run source-free manifest and contamination contracts	2026-10-07T22:10:47.7028102Z env:
contracts	Run source-free manifest and contamination contracts	2026-10-07T22:10:47.7028386Z   pythonLocation: /opt/hostedtoolcache/Python/3.11.11/x64
contracts	Run source-free manifest and contamination contracts	2026-10-07T22:10:47.7028857Z   PKG_CONFIG_PATH: /opt/hostedtoolcache/Python/3.11.11/x64/lib/pkgconfig
contracts	Run source-free manifest and contamination contracts	2026-10-07T22:10:47.7029316Z   Python_ROOT_DIR: /opt/hostedtoolcache/Python/3.11.11/x64
contracts	Run source-free manifest and contamination contracts	2026-10-07T22:10:47.7029975Z   Python2_ROOT_DIR: /opt/hostedtoolcache/Python/3.11.11/x64
contracts	Run source-free manifest and contamination contracts	2026-10-07T22:10:47.7030406Z   Python3_ROOT_DIR: /opt/hostedtoolcache/Python/3.11.11/x64
contracts	Run source-free manifest and contamination contracts	2026-10-07T22:10:47.7030819Z   LD_LIBRARY_PATH: /opt/hostedtoolcache/Python/3.11.11/x64/lib
contracts	Run source-free manifest and contamination contracts	2026-10-07T22:10:47.7031171Z ##[endgroup]
contracts	Run source-free manifest and contamination contracts	2026-10-07T22:10:48.1233497Z test_abc_adapter_requires_nonself_source_link_and_supported_gene (test_contracts.PanelContractTests.test_abc_adapter_requires_nonself_source_link_and_supported_gene) ... ok
contracts	Run source-free manifest and contamination contracts	2026-10-07T22:10:48.1783925Z test_acceptance_audit_distinguishes_contract_from_science (test_contracts.PanelContractTests.test_acceptance_audit_distinguishes_contract_from_science) ... ok
contracts	Run source-free manifest and contamination contracts	2026-10-07T22:10:48.1793559Z test_catlas_adult_source_and_enrichment_design_are_pre_result_locked (test_contracts.PanelContractTests.test_catlas_adult_source_and_enrichment_design_are_pre_result_locked) ... ok
contracts	Run source-free manifest and contamination contracts	2026-10-07T22:10:48.1819548Z test_catlas_cache_policy_fingerprints_are_component_scoped (test_contracts.PanelContractTests.test_catlas_cache_policy_fingerprints_are_component_scoped) ... ok
contracts	Run source-free manifest and contamination contracts	2026-10-07T22:10:48.1842909Z test_catlas_reference_annotation_uses_half_open_adult_intervals (test_contracts.PanelContractTests.test_catlas_reference_annotation_uses_half_open_adult_intervals) ... ok
contracts	Run source-free manifest and contamination contracts	2026-10-07T22:10:48.1862313Z test_catlas_trait_cache_and_enrichment_retain_complete_null_cells (test_contracts.PanelContractTests.test_catlas_trait_cache_and_enrichment_retain_complete_null_cells) ... ok
contracts	Run source-free manifest and contamination contracts	2026-10-07T22:10:48.1864330Z test_catlas_workflow_uses_component_scoped_rerun_triggers (test_contracts.PanelContractTests.test_catlas_workflow_uses_component_scoped_rerun_triggers) ... ok
contracts	Run source-free manifest and contamination contracts	2026-10-07T22:10:48.1874718Z test_causal_reference_builder_streams_exact_snp_major_records (test_contracts.PanelContractTests.test_causal_reference_builder_streams_exact_snp_major_records) ... ok
contracts	Run source-free manifest and contamination contracts	2026-10-07T22:10:48.1887683Z test_causal_runtime_and_estimator_family_are_exactly_pre_result_locked (test_contracts.PanelContractTests.test_causal_runtime_and_estimator_family_are_exactly_pre_result_locked) ... ok
contracts	Run source-free manifest and contamination contracts	2026-10-07T22:10:48.3525270Z test_collator_fails_closed_without_manifest (test_contracts.PanelContractTests.test_collator_fails_closed_without_manifest) ... ok
contracts	Run source-free manifest and contamination contracts	2026-10-07T22:10:48.7158410Z test_complete_rg_merge_labels_qc_failed_sensitivity (test_contracts.PanelContractTests.test_complete_rg_merge_labels_qc_failed_sensitivity) ... ok
contracts	Run source-free manifest and contamination contracts	2026-10-07T22:10:48.7193957Z test_conjfdr_result_receipt_survives_safe_mat_eviction (test_contracts.PanelContractTests.test_conjfdr_result_receipt_survives_safe_mat_eviction) ... ok
contracts	Run source-free manifest and contamination contracts	2026-10-07T22:10:48.7195797Z test_conjfdr_task_and_runtime_require_pinned_overlap_correction (test_contracts.PanelContractTests.test_conjfdr_task_and_runtime_require_pinned_overlap_correction) ... ok
contracts	Run source-free manifest and contamination contracts	2026-10-07T22:10:48.7902515Z test_dense_input_detection_accepts_only_sealed_genome_wide_map_scope (test_contracts.PanelContractTests.test_dense_input_detection_accepts_only_sealed_genome_wide_map_scope) ... ok
contracts	Run source-free manifest and contamination contracts	2026-10-07T22:10:48.7923900Z test_dense_input_detection_rejects_hapmap3_variant_map_without_prefilter_label (test_contracts.PanelContractTests.test_dense_input_detection_rejects_hapmap3_variant_map_without_prefilter_label) ... ok
contracts	Run source-free manifest and contamination contracts	2026-10-07T22:10:49.2125421Z test_dense_map_scope_is_emitted_by_real_harmonization (test_contracts.PanelContractTests.test_dense_map_scope_is_emitted_by_real_harmonization) ... ok
contracts	Run source-free manifest and contamination contracts	2026-10-07T22:10:49.2134275Z test_dense_variant_map_and_harmonization_routes_are_pre_result_locked (test_contracts.PanelContractTests.test_dense_variant_map_and_harmonization_routes_are_pre_result_locked) ... ok
contracts	Run source-free manifest and contamination contracts	2026-10-07T22:10:49.3437729Z test_dense_variant_map_builder_is_deterministic_and_excludes_ambiguous_rsids (test_contracts.PanelContractTests.test_dense_variant_map_builder_is_deterministic_and_excludes_ambiguous_rsids) ... ok
contracts	Run source-free manifest and contamination contracts	2026-10-07T22:10:49.3439980Z test_downstream_policy_and_atlas_core_are_locked_without_placeholders (test_contracts.PanelContractTests.test_downstream_policy_and_atlas_core_are_locked_without_placeholders) ... ok
contracts	Run source-free manifest and contamination contracts	2026-10-07T22:10:49.3441059Z test_exact_panel_shape (test_contracts.PanelContractTests.test_exact_panel_shape) ... ok
contracts	Run source-free manifest and contamination contracts	2026-10-07T22:10:49.3445025Z test_finemapping_allele_alignment_is_signed_and_conservative (test_contracts.PanelContractTests.test_finemapping_allele_alignment_is_signed_and_conservative) ... ok
contracts	Run source-free manifest and contamination contracts	2026-10-07T22:10:49.3446960Z test_finemapping_contract_supports_immutable_zero_locus_publication (test_contracts.PanelContractTests.test_finemapping_contract_supports_immutable_zero_locus_publication) ... ok
contracts	Run source-free manifest and contamination contracts	2026-10-07T22:10:49.3449863Z test_finemapping_policy_is_all_primary_loci_and_signed_lava_ld (test_contracts.PanelContractTests.test_finemapping_policy_is_all_primary_loci_and_signed_lava_ld) ... ok
contracts	Run source-free manifest and contamination contracts	2026-10-07T22:10:49.3512445Z test_finemapping_zero_locus_collation_is_header_bearing_and_validatable (test_contracts.PanelContractTests.test_finemapping_zero_locus_collation_is_header_bearing_and_validatable) ... ok
contracts	Run source-free manifest and contamination contracts	2026-10-07T22:10:49.3519328Z test_four_pathway_sources_are_exactly_locked_before_results (test_contracts.PanelContractTests.test_four_pathway_sources_are_exactly_locked_before_results) ... ok
contracts	Run source-free manifest and contamination contracts	2026-10-07T22:10:49.3523330Z test_full_covariance_runtime_is_locked_to_real_45_trait_inputs (test_contracts.PanelContractTests.test_full_covariance_runtime_is_locked_to_real_45_trait_inputs) ... ok
contracts	Run source-free manifest and contamination contracts	2026-10-07T22:10:49.3537831Z test_fuma_matrix_materializer_preserves_exact_text (test_contracts.PanelContractTests.test_fuma_matrix_materializer_preserves_exact_text) ... ok
contracts	Run source-free manifest and contamination contracts	2026-10-07T22:10:49.3544626Z test_fuma_scrna_source_and_magma_method_are_pre_result_locked (test_contracts.PanelContractTests.test_fuma_scrna_source_and_magma_method_are_pre_result_locked) ... ok
contracts	Run source-free manifest and contamination contracts	2026-10-07T22:10:49.3584539Z test_h2_collator_rejects_out_of_panel_log (test_contracts.PanelContractTests.test_h2_collator_rejects_out_of_panel_log) ... ok
contracts	Run source-free manifest and contamination contracts	2026-10-07T22:10:49.3585843Z test_h2_wrapper_rebuilds_the_cumulative_table (test_contracts.PanelContractTests.test_h2_wrapper_rebuilds_the_cumulative_table) ... ok
contracts	Run source-free manifest and contamination contracts	2026-10-07T22:10:49.3587498Z test_harmonizer_does_not_load_unmapped_annotation_columns (test_contracts.PanelContractTests.test_harmonizer_does_not_load_unmapped_annotation_columns) ... ok
contracts	Run source-free manifest and contamination contracts	2026-10-07T22:10:49.7151817Z test_hg38_liftover_maps_points_and_orients_reverse_strand_alleles (test_contracts.PanelContractTests.test_hg38_liftover_maps_points_and_orients_reverse_strand_alleles) ... ok
contracts	Run source-free manifest and contamination contracts	2026-10-07T22:10:49.7160285Z test_hg38_liftover_rejects_multiple_target_points (test_contracts.PanelContractTests.test_hg38_liftover_rejects_multiple_target_points) ... ok
contracts	Run source-free manifest and contamination contracts	2026-10-07T22:10:50.1170129Z test_hm3_map_assigns_grch37_coordinate_from_rsid_and_alleles (test_contracts.PanelContractTests.test_hm3_map_assigns_grch37_coordinate_from_rsid_and_alleles) ... ok
contracts	Run source-free manifest and contamination contracts	2026-10-07T22:10:50.5235383Z test_hm3_map_assigns_rsid_from_coordinate_and_alleles (test_contracts.PanelContractTests.test_hm3_map_assigns_rsid_from_coordinate_and_alleles) ... ok
contracts	Run source-free manifest and contamination contracts	2026-10-07T22:10:50.6102024Z test_hm3_map_bytes_are_deterministic_across_output_paths (test_contracts.PanelContractTests.test_hm3_map_bytes_are_deterministic_across_output_paths) ... ok
contracts	Run source-free manifest and contamination contracts	2026-10-07T22:10:50.9987708Z test_hm3_map_checksum_mismatch_fails_closed (test_contracts.PanelContractTests.test_hm3_map_checksum_mismatch_fails_closed) ... ok
contracts	Run source-free manifest and contamination contracts	2026-10-07T22:10:51.3916481Z test_hm3_map_registered_hash_mismatch_fails_closed (test_contracts.PanelContractTests.test_hm3_map_registered_hash_mismatch_fails_closed) ... ok
contracts	Run source-free manifest and contamination contracts	2026-10-07T22:10:51.3918311Z test_hm3_prefilter_plan_is_exactly_the_registered_large_traits (test_contracts.PanelContractTests.test_hm3_prefilter_plan_is_exactly_the_registered_large_traits) ... ok
contracts	Run source-free manifest and contamination contracts	2026-10-07T22:10:51.4006926Z test_hocomoco_allele_scanner_uses_pinned_score_thresholds (test_contracts.PanelContractTests.test_hocomoco_allele_scanner_uses_pinned_score_thresholds) ... ok
contracts	Run source-free manifest and contamination contracts	2026-10-07T22:10:51.4330070Z test_identity_lock_rejects_silent_swap (test_contracts.PanelContractTests.test_identity_lock_rejects_silent_swap) ... ok
contracts	Run source-free manifest and contamination contracts	2026-10-07T22:10:51.4768784Z test_integrated_atlas_schema_is_exact_and_currently_fails_closed (test_contracts.PanelContractTests.test_integrated_atlas_schema_is_exact_and_currently_fails_closed) ... ok
contracts	Run source-free manifest and contamination contracts	2026-10-07T22:10:51.4780696Z test_interpretation_bh_and_null_evidence_contract (test_contracts.PanelContractTests.test_interpretation_bh_and_null_evidence_contract) ... ok
contracts	Run source-free manifest and contamination contracts	2026-10-07T22:10:51.4795490Z test_interpretation_task_family_is_exact_cross_product (test_contracts.PanelContractTests.test_interpretation_task_family_is_exact_cross_product) ... ok
contracts	Run source-free manifest and contamination contracts	2026-10-07T22:10:51.4798268Z test_lava_policy_and_reference_plan_are_locked (test_contracts.PanelContractTests.test_lava_policy_and_reference_plan_are_locked) ... ok
contracts	Run source-free manifest and contamination contracts	2026-10-07T22:10:51.4926134Z test_lava_reference_seal_verifies_every_archive_and_chromosome_file (test_contracts.PanelContractTests.test_lava_reference_seal_verifies_every_archive_and_chromosome_file) ... ok
contracts	Run source-free manifest and contamination contracts	2026-10-07T22:10:51.4930295Z test_lava_runtime_fails_closed_and_does_not_filter_on_global_rg (test_contracts.PanelContractTests.test_lava_runtime_fails_closed_and_does_not_filter_on_global_rg) ... ok
contracts	Run source-free manifest and contamination contracts	2026-10-07T22:10:51.4943961Z test_ldsc_seg_acknowledgement_and_result_validation_fail_closed (test_contracts.PanelContractTests.test_ldsc_seg_acknowledgement_and_result_validation_fail_closed) ... ok
contracts	Run source-free manifest and contamination contracts	2026-10-07T22:10:51.4953694Z test_ldsc_seg_annotation_validator_accepts_target_and_control_headers (test_contracts.PanelContractTests.test_ldsc_seg_annotation_validator_accepts_target_and_control_headers) ... ok
contracts	Run source-free manifest and contamination contracts	2026-10-07T22:10:51.4960631Z test_ldsc_seg_gtex_subset_is_pre_result_locked (test_contracts.PanelContractTests.test_ldsc_seg_gtex_subset_is_pre_result_locked) ... ok
contracts	Run source-free manifest and contamination contracts	2026-10-07T22:10:51.4966644Z test_ldsc_seg_reference_and_runtime_are_exactly_pre_result_locked (test_contracts.PanelContractTests.test_ldsc_seg_reference_and_runtime_are_exactly_pre_result_locked) ... ok
contracts	Run source-free manifest and contamination contracts	2026-10-07T22:10:51.4968948Z test_liftover_plans_exactly_cover_verified_hg38_sources (test_contracts.PanelContractTests.test_liftover_plans_exactly_cover_verified_hg38_sources) ... ok
contracts	Run source-free manifest and contamination contracts	2026-10-07T22:10:51.4981073Z test_magma_pvalue_materializer_and_gsa_parser_are_fail_closed (test_contracts.PanelContractTests.test_magma_pvalue_materializer_and_gsa_parser_are_fail_closed) ... ok
contracts	Run source-free manifest and contamination contracts	2026-10-07T22:10:51.8937984Z test_mdd_literal_stderrlogor_header_harmonizes (test_contracts.PanelContractTests.test_mdd_literal_stderrlogor_header_harmonizes) ... ok
contracts	Run source-free manifest and contamination contracts	2026-10-07T22:10:51.8952515Z test_mixer_collator_preserves_a_complete_zero_eligible_pair_family (test_contracts.PanelContractTests.test_mixer_collator_preserves_a_complete_zero_eligible_pair_family) ... ok
contracts	Run source-free manifest and contamination contracts	2026-10-07T22:10:51.8975238Z test_mixer_input_conversion_is_atomic_and_deterministic (test_contracts.PanelContractTests.test_mixer_input_conversion_is_atomic_and_deterministic) ... ok
contracts	Run source-free manifest and contamination contracts	2026-10-07T22:10:51.8980711Z test_mixer_policy_is_version_and_scope_locked (test_contracts.PanelContractTests.test_mixer_policy_is_version_and_scope_locked) ... ok
contracts	Run source-free manifest and contamination contracts	2026-10-07T22:10:51.9001898Z test_mixer_portable_task_families_are_complete_and_deterministic (test_contracts.PanelContractTests.test_mixer_portable_task_families_are_complete_and_deterministic) ... ok
contracts	Run source-free manifest and contamination contracts	2026-10-07T22:10:51.9065144Z test_mixer_proxy_is_not_called_mixer_pass (test_contracts.PanelContractTests.test_mixer_proxy_is_not_called_mixer_pass) ... ok
contracts	Run source-free manifest and contamination contracts	2026-10-07T22:10:51.9084971Z test_mixer_reference_seal_verifies_exact_payload_hashes (test_contracts.PanelContractTests.test_mixer_reference_seal_verifies_exact_payload_hashes) ... ok
contracts	Run source-free manifest and contamination contracts	2026-10-07T22:10:51.9089253Z test_mixer_runtime_is_fail_closed_and_has_no_implicit_pull (test_contracts.PanelContractTests.test_mixer_runtime_is_fail_closed_and_has_no_implicit_pull) ... ok
contracts	Run source-free manifest and contamination contracts	2026-10-07T22:10:51.9383396Z test_mixer_task_manifest_lock_rejects_post_lock_mutation (test_contracts.PanelContractTests.test_mixer_task_manifest_lock_rejects_post_lock_mutation) ... ok
contracts	Run source-free manifest and contamination contracts	2026-10-07T22:10:51.9389250Z test_molecular_coloc_prior_robustness_never_pools_signal_pairs (test_contracts.PanelContractTests.test_molecular_coloc_prior_robustness_never_pools_signal_pairs) ... ok
contracts	Run source-free manifest and contamination contracts	2026-10-07T22:10:51.9392272Z test_molecular_contract_preserves_zero_locus_qtl_but_requires_panel_wide_twas (test_contracts.PanelContractTests.test_molecular_contract_preserves_zero_locus_qtl_but_requires_panel_wide_twas) ... ok
contracts	Run source-free manifest and contamination contracts	2026-10-07T22:10:51.9395784Z test_molecular_source_alignment_is_oriented_to_locked_ld_alleles (test_contracts.PanelContractTests.test_molecular_source_alignment_is_oriented_to_locked_ld_alleles) ... ok
contracts	Run source-free manifest and contamination contracts	2026-10-07T22:10:51.9402167Z test_molecular_workflow_pins_annotation_and_guards_large_download (test_contracts.PanelContractTests.test_molecular_workflow_pins_annotation_and_guards_large_download) ... ok
contracts	Run source-free manifest and contamination contracts	2026-10-07T22:10:51.9404392Z test_munge_accepts_empty_optional_argument_arrays (test_contracts.PanelContractTests.test_munge_accepts_empty_optional_argument_arrays)
contracts	Run source-free manifest and contamination contracts	2026-10-07T22:10:52.0226722Z Empty arrays work on Bash 3.2 and an absent source FRQ is ignored. ... ok
contracts	Run source-free manifest and contamination contracts	2026-10-07T22:10:52.7374882Z test_new_sleep_source_headers_harmonize_with_documented_effects (test_contracts.PanelContractTests.test_new_sleep_source_headers_harmonize_with_documented_effects) ... ok
contracts	Run source-free manifest and contamination contracts	2026-10-07T22:10:52.7403824Z test_nonjournal_citation_is_exactly_the_neale_grip_release (test_contracts.PanelContractTests.test_nonjournal_citation_is_exactly_the_neale_grip_release) ... ok
contracts	Run source-free manifest and contamination contracts	2026-10-07T22:10:52.7427069Z test_nonjournal_citation_rejects_wrong_selected_source (test_contracts.PanelContractTests.test_nonjournal_citation_rejects_wrong_selected_source) ... ok
contracts	Run source-free manifest and contamination contracts	2026-10-07T22:10:52.7454130Z test_opengwas_sbp_vcf_materializes_by_named_format_fields (test_contracts.PanelContractTests.test_opengwas_sbp_vcf_materializes_by_named_format_fields) ... ok
contracts	Run source-free manifest and contamination contracts	2026-10-07T22:10:52.7467574Z test_pathway_parsers_and_hypergeometric_tail_are_fail_closed (test_contracts.PanelContractTests.test_pathway_parsers_and_hypergeometric_tail_are_fail_closed) ... ok
contracts	Run source-free manifest and contamination contracts	2026-10-07T22:10:52.7478787Z test_pchic_adapter_maps_both_contact_directions_at_chicago_five (test_contracts.PanelContractTests.test_pchic_adapter_maps_both_contact_directions_at_chicago_five) ... ok
contracts	Run source-free manifest and contamination contracts	2026-10-07T22:10:53.1548563Z test_per_snp_effective_n_gate_uses_authoritative_source_maximum (test_contracts.PanelContractTests.test_per_snp_effective_n_gate_uses_authoritative_source_maximum) ... ok
contracts	Run source-free manifest and contamination contracts	2026-10-07T22:10:53.5132483Z test_pgc_metadata_and_neffdiv2_harmonize_by_named_fields (test_contracts.PanelContractTests.test_pgc_metadata_and_neffdiv2_harmonize_by_named_fields) ... ok
contracts	Run source-free manifest and contamination contracts	2026-10-07T22:10:53.5678152Z test_phi_model_index_locks_missing_phi_as_pre_result_exclusion (test_contracts.PanelContractTests.test_phi_model_index_locks_missing_phi_as_pre_result_exclusion) ... ok
contracts	Run source-free manifest and contamination contracts	2026-10-07T22:10:53.6335503Z test_phi_model_inventory_snapshot_has_exact_49_context_family (test_contracts.PanelContractTests.test_phi_model_inventory_snapshot_has_exact_49_context_family) ... ok
contracts	Run source-free manifest and contamination contracts	2026-10-07T22:10:53.6337709Z test_placo_task_and_runtime_are_checksum_locked (test_contracts.PanelContractTests.test_placo_task_and_runtime_are_checksum_locked) ... ok
contracts	Run source-free manifest and contamination contracts	2026-10-07T22:10:53.6339957Z test_pleiofdr_trait_materializer_is_reference_ordered_and_opt_in (test_contracts.PanelContractTests.test_pleiofdr_trait_materializer_is_reference_ordered_and_opt_in) ... ok
contracts	Run source-free manifest and contamination contracts	2026-10-07T22:10:53.6347449Z test_pleiotropy_collator_accepts_evicted_pair_only_with_complete_hash_chain (test_contracts.PanelContractTests.test_pleiotropy_collator_accepts_evicted_pair_only_with_complete_hash_chain) ... ok
contracts	Run source-free manifest and contamination contracts	2026-10-07T22:10:53.6351414Z test_pleiotropy_collator_requires_all_pairs_and_same_block_consensus (test_contracts.PanelContractTests.test_pleiotropy_collator_requires_all_pairs_and_same_block_consensus) ... ok
contracts	Run source-free manifest and contamination contracts	2026-10-07T22:10:53.6353963Z test_pleiotropy_materializer_has_no_implicit_large_run (test_contracts.PanelContractTests.test_pleiotropy_materializer_has_no_implicit_large_run) ... ok
contracts	Run source-free manifest and contamination contracts	2026-10-07T22:10:53.6367714Z test_pleiotropy_pair_materializer_aligns_and_rejects_bad_rows (test_contracts.PanelContractTests.test_pleiotropy_pair_materializer_aligns_and_rejects_bad_rows) ... ok
contracts	Run source-free manifest and contamination contracts	2026-10-07T22:10:53.6370231Z test_pleiotropy_policy_locks_both_methods_and_all_pairs (test_contracts.PanelContractTests.test_pleiotropy_policy_locks_both_methods_and_all_pairs) ... ok
contracts	Run source-free manifest and contamination contracts	2026-10-07T22:10:53.6397155Z test_pleiotropy_runtime_payload_binds_every_production_component (test_contracts.PanelContractTests.test_pleiotropy_runtime_payload_binds_every_production_component) ... ok
contracts	Run source-free manifest and contamination contracts	2026-10-07T22:10:53.6399405Z test_pleiotropy_setup_and_manifest_are_fail_closed (test_contracts.PanelContractTests.test_pleiotropy_setup_and_manifest_are_fail_closed) ... ok
contracts	Run source-free manifest and contamination contracts	2026-10-07T22:10:53.6462400Z test_production_code_has_no_historic_manifest_reference (test_contracts.PanelContractTests.test_production_code_has_no_historic_manifest_reference) ... ok
contracts	Run source-free manifest and contamination contracts	2026-10-07T22:10:53.6477039Z test_prostate_materializer_filters_only_wrong_width_rows (test_contracts.PanelContractTests.test_prostate_materializer_filters_only_wrong_width_rows) ... ok
contracts	Run source-free manifest and contamination contracts	2026-10-07T22:10:53.6479151Z test_public_substitutions_use_exact_endpoint_sample_counts (test_contracts.PanelContractTests.test_public_substitutions_use_exact_endpoint_sample_counts) ... ok
contracts	Run source-free manifest and contamination contracts	2026-10-07T22:10:53.6505785Z test_ranged_downloader_supports_md5_bootstrap (test_contracts.PanelContractTests.test_ranged_downloader_supports_md5_bootstrap) ... ok
contracts	Run source-free manifest and contamination contracts	2026-10-07T22:10:53.6524297Z test_regulatory_adapters_preserve_unlinked_screen_and_supported_promoters (test_contracts.PanelContractTests.test_regulatory_adapters_preserve_unlinked_screen_and_supported_promoters) ... ok
contracts	Run source-free manifest and contamination contracts	2026-10-07T22:10:53.6530377Z test_release_workflow_routes_every_terminal_module_and_keeps_transfers_opt_in (test_contracts.PanelContractTests.test_release_workflow_routes_every_terminal_module_and_keeps_transfers_opt_in) ... ok
contracts	Run source-free manifest and contamination contracts	2026-10-07T22:10:53.6558677Z test_retained_prefilter_binds_removed_raw_to_registry (test_contracts.PanelContractTests.test_retained_prefilter_binds_removed_raw_to_registry) ... ok
contracts	Run source-free manifest and contamination contracts	2026-10-07T22:10:53.6663012Z test_rg_collator_parses_input_paths_containing_spaces (test_contracts.PanelContractTests.test_rg_collator_parses_input_paths_containing_spaces) ... ok
contracts	Run source-free manifest and contamination contracts	2026-10-07T22:10:53.6738316Z test_rg_collator_preserves_scalar_p_values_for_multi_pair_log (test_contracts.PanelContractTests.test_rg_collator_preserves_scalar_p_values_for_multi_pair_log) ... ok
contracts	Run source-free manifest and contamination contracts	2026-10-07T22:10:53.6784839Z test_rg_collator_rejects_out_of_panel_pair (test_contracts.PanelContractTests.test_rg_collator_rejects_out_of_panel_pair) ... ok
contracts	Run source-free manifest and contamination contracts	2026-10-07T22:10:53.6878702Z test_rg_matrix_collation_ignores_controlled_pair_logs (test_contracts.PanelContractTests.test_rg_matrix_collation_ignores_controlled_pair_logs) ... ok
contracts	Run source-free manifest and contamination contracts	2026-10-07T22:10:53.7231601Z test_robustness_and_release_are_content_validated_not_presence_gated (test_contracts.PanelContractTests.test_robustness_and_release_are_content_validated_not_presence_gated) ... ok
contracts	Run source-free manifest and contamination contracts	2026-10-07T22:10:53.7236450Z test_robustness_applicability_is_locked_before_results (test_contracts.PanelContractTests.test_robustness_applicability_is_locked_before_results) ... ok
contracts	Run source-free manifest and contamination contracts	2026-10-07T22:10:54.0772590Z test_scz_release_neff_is_doubled_by_registered_schema (test_contracts.PanelContractTests.test_scz_release_neff_is_doubled_by_registered_schema) ... ok
contracts	Run source-free manifest and contamination contracts	2026-10-07T22:10:54.0831455Z test_shell_trait_lookup_is_header_aware (test_contracts.PanelContractTests.test_shell_trait_lookup_is_header_aware) ... ok
contracts	Run source-free manifest and contamination contracts	2026-10-07T22:10:54.0837478Z test_source_registry_maps_only_locked_traits (test_contracts.PanelContractTests.test_source_registry_maps_only_locked_traits) ... ok
contracts	Run source-free manifest and contamination contracts	2026-10-07T22:10:54.0848289Z test_source_schemas_match_selected_source_trait_pairs (test_contracts.PanelContractTests.test_source_schemas_match_selected_source_trait_pairs) ... ok
contracts	Run source-free manifest and contamination contracts	2026-10-07T22:10:54.1471890Z test_streaming_hm3_prefilter_preserves_selected_source_rows (test_contracts.PanelContractTests.test_streaming_hm3_prefilter_preserves_selected_source_rows) ... ok
contracts	Run source-free manifest and contamination contracts	2026-10-07T22:10:54.1474320Z test_substitution_candidates_are_exactly_the_six_blockers (test_contracts.PanelContractTests.test_substitution_candidates_are_exactly_the_six_blockers) ... ok
contracts	Run source-free manifest and contamination contracts	2026-10-07T22:10:54.1483785Z test_substitution_source_auditor_scans_literal_finngen_schema (test_contracts.PanelContractTests.test_substitution_source_auditor_scans_literal_finngen_schema) ... ok
contracts	Run source-free manifest and contamination contracts	2026-10-07T22:10:54.1486986Z test_twas_eligibility_rejects_invalid_h2_without_capping (test_contracts.PanelContractTests.test_twas_eligibility_rejects_invalid_h2_without_capping) ... ok
contracts	Run source-free manifest and contamination contracts	2026-10-07T22:10:54.1492755Z test_twas_gene_to_locus_mapping_uses_exact_grch38_overlap (test_contracts.PanelContractTests.test_twas_gene_to_locus_mapping_uses_exact_grch38_overlap) ... ok
contracts	Run source-free manifest and contamination contracts	2026-10-07T22:10:54.1499296Z test_variant_mapping_plans_exactly_cover_mapping_required_schemas (test_contracts.PanelContractTests.test_variant_mapping_plans_exactly_cover_mapping_required_schemas) ... ok
contracts	Run source-free manifest and contamination contracts	2026-10-07T22:10:54.1560519Z test_deep_analysis_figure_manifest_includes_reviewed_literature_figure (test_contracts.Phase1DeepAnalysisContractTests.test_deep_analysis_figure_manifest_includes_reviewed_literature_figure) ... ok
contracts	Run source-free manifest and contamination contracts	2026-10-07T22:10:54.1564570Z test_deep_analysis_provenance_documents_metadata_discrepancies (test_contracts.Phase1DeepAnalysisContractTests.test_deep_analysis_provenance_documents_metadata_discrepancies) ... ok
contracts	Run source-free manifest and contamination contracts	2026-10-07T22:10:54.1567333Z test_final_report_answers_required_scientific_contract (test_contracts.Phase1DeepAnalysisContractTests.test_final_report_answers_required_scientific_contract) ... ok
contracts	Run source-free manifest and contamination contracts	2026-10-07T22:10:54.1608779Z test_literature_audit_is_pair_complete_and_keeps_sensitivity_out (test_contracts.Phase1DeepAnalysisContractTests.test_literature_audit_is_pair_complete_and_keeps_sensitivity_out) ... ok
contracts	Run source-free manifest and contamination contracts	2026-10-07T22:10:54.1678795Z test_literature_queries_and_replication_contract (test_contracts.Phase1DeepAnalysisContractTests.test_literature_queries_and_replication_contract) ... ok
contracts	Run source-free manifest and contamination contracts	2026-10-07T22:10:54.1731699Z test_phase1_master_preserves_locked_primary_and_sensitivity_counts (test_contracts.Phase1DeepAnalysisContractTests.test_phase1_master_preserves_locked_primary_and_sensitivity_counts) ... ok
contracts	Run source-free manifest and contamination contracts	2026-10-07T22:10:54.1750660Z test_priority_outputs_are_transparent_and_primary_only (test_contracts.Phase1DeepAnalysisContractTests.test_priority_outputs_are_transparent_and_primary_only) ... ok
contracts	Run source-free manifest and contamination contracts	2026-10-07T22:10:54.1757413Z test_sleep_measurement_mapping_is_reviewed_and_exhaustive (test_contracts.Phase1DeepAnalysisContractTests.test_sleep_measurement_mapping_is_reviewed_and_exhaustive) ... ok
contracts	Run source-free manifest and contamination contracts	2026-10-07T22:10:54.1760458Z test_all_required_stages_are_retained_in_order (test_track_b_blocker_ledger.TrackBBlockerLedgerTests.test_all_required_stages_are_retained_in_order) ... ok
contracts	Run source-free manifest and contamination contracts	2026-10-07T22:10:54.1762618Z test_lava_gate_transitions_after_reference_download (test_track_b_blocker_ledger.TrackBBlockerLedgerTests.test_lava_gate_transitions_after_reference_download) ... ok
contracts	Run source-free manifest and contamination contracts	2026-10-07T22:10:54.1764662Z test_lock_binds_replication_evidence_and_forbids_substitution (test_track_b_blocker_ledger.TrackBBlockerLedgerTests.test_lock_binds_replication_evidence_and_forbids_substitution) ... ok
contracts	Run source-free manifest and contamination contracts	2026-10-07T22:10:54.1766831Z test_report_states_terminal_replication_without_mechanistic_promotion (test_track_b_blocker_ledger.TrackBBlockerLedgerTests.test_report_states_terminal_replication_without_mechanistic_promotion) ... ok
contracts	Run source-free manifest and contamination contracts	2026-10-07T22:10:54.1768496Z test_bh_requires_exactly_seven_and_retains_literal_zero (test_track_b_cell_class_execution_v4.CompleteFamilyStatisticsTests.test_bh_requires_exactly_seven_and_retains_literal_zero) ... ok
contracts	Run source-free manifest and contamination contracts	2026-10-07T22:10:54.1775396Z test_classifier_requires_two_corrected_positive_atlas_results (test_track_b_cell_class_execution_v4.CompleteFamilyStatisticsTests.test_classifier_requires_two_corrected_positive_atlas_results) ... ok
contracts	Run source-free manifest and contamination contracts	2026-10-07T22:10:54.1782981Z test_na_and_missing_rows_are_retained_with_p_one_for_bh (test_track_b_cell_class_execution_v4.CompleteFamilyStatisticsTests.test_na_and_missing_rows_are_retained_with_p_one_for_bh) ... ok
contracts	Run source-free manifest and contamination contracts	2026-10-07T22:10:54.1790885Z test_negative_gse_neurons_cannot_replicate_either_neuron_class (test_track_b_cell_class_execution_v4.CompleteFamilyStatisticsTests.test_negative_gse_neurons_cannot_replicate_either_neuron_class) ... ok
contracts	Run source-free manifest and contamination contracts	2026-10-07T22:10:54.1794803Z test_subprocess_failure_forces_all_seven_rows_out_of_inference (test_track_b_cell_class_execution_v4.CompleteFamilyStatisticsTests.test_subprocess_failure_forces_all_seven_rows_out_of_inference) ... ok
contracts	Run source-free manifest and contamination contracts	2026-10-07T22:10:54.1799421Z test_mapping_refuses_missing_duplicate_and_unmapped_columns (test_track_b_cell_class_execution_v4.FrozenLineageAndMappingTests.test_mapping_refuses_missing_duplicate_and_unmapped_columns) ... ok
contracts	Run source-free manifest and contamination contracts	2026-10-07T22:10:54.1808453Z test_policy_is_canonical_result_blind_and_executor_pinned (test_track_b_cell_class_execution_v4.FrozenLineageAndMappingTests.test_policy_is_canonical_result_blind_and_executor_pinned) ... ok
contracts	Run source-free manifest and contamination contracts	2026-10-07T22:10:54.1814626Z test_v1_v2_v3_are_still_byte_exact (test_track_b_cell_class_execution_v4.FrozenLineageAndMappingTests.test_v1_v2_v3_are_still_byte_exact) ... ok
contracts	Run source-free manifest and contamination contracts	2026-10-07T22:10:54.1829417Z test_freeze_rejects_nonidentical_and_unknown_targets (test_track_b_cell_class_execution_v4.NoReplaceAndVerifyTests.test_freeze_rejects_nonidentical_and_unknown_targets) ... ok
contracts	Run source-free manifest and contamination contracts	2026-10-07T22:10:54.2488927Z test_freeze_resumes_exact_partial_family_and_publishes_lock_last (test_track_b_cell_class_execution_v4.NoReplaceAndVerifyTests.test_freeze_resumes_exact_partial_family_and_publishes_lock_last) ... ok
contracts	Run source-free manifest and contamination contracts	2026-10-07T22:10:54.2490952Z test_readiness_is_resource_ready_but_not_scientific_result_ready (test_track_b_cell_class_execution_v4.NoReplaceAndVerifyTests.test_readiness_is_resource_ready_but_not_scientific_result_ready) ... ok
contracts	Run source-free manifest and contamination contracts	2026-10-07T22:10:54.2518079Z test_complete_candidate_family_deterministically_reproduces_eligible_family (test_track_b_cell_class_execution_v4.UpstreamGateTests.test_complete_candidate_family_deterministically_reproduces_eligible_family) ... ok
contracts	Run source-free manifest and contamination contracts	2026-10-07T22:10:54.2528390Z test_execution_does_not_create_temp_or_output_before_gate (test_track_b_cell_class_execution_v4.UpstreamGateTests.test_execution_does_not_create_temp_or_output_before_gate) ... ok
contracts	Run source-free manifest and contamination contracts	2026-10-07T22:10:54.2555336Z test_partial_result_selected_family_cannot_become_pseudo_ready (test_track_b_cell_class_execution_v4.UpstreamGateTests.test_partial_result_selected_family_cannot_become_pseudo_ready) ... ok
contracts	Run source-free manifest and contamination contracts	2026-10-07T22:10:54.2591245Z test_wrong_ancestry_and_symlink_fail_closed (test_track_b_cell_class_execution_v4.UpstreamGateTests.test_wrong_ancestry_and_symlink_fail_closed) ... ok
contracts	Run source-free manifest and contamination contracts	2026-10-07T22:10:54.2594688Z test_all_dense_but_info_limitations_are_not_hidden (test_track_b_dense_qc.TrackBDenseQCTests.test_all_dense_but_info_limitations_are_not_hidden) ... ok
contracts	Run source-free manifest and contamination contracts	2026-10-07T22:10:54.2597009Z test_exact_five_trait_family_and_schema (test_track_b_dense_qc.TrackBDenseQCTests.test_exact_five_trait_family_and_schema) ... ok
contracts	Run source-free manifest and contamination contracts	2026-10-07T22:10:54.2600159Z test_fine_mapping_gate_does_not_claim_mechanism (test_track_b_dense_qc.TrackBDenseQCTests.test_fine_mapping_gate_does_not_claim_mechanism) ... ok
contracts	Run source-free manifest and contamination contracts	2026-10-07T22:10:54.2876380Z test_archive_guard_integration_is_executable_and_two_state (test_track_b_finemapping_continuation_gate.TrackBFineMappingContinuationGateTests.test_archive_guard_integration_is_executable_and_two_state) ... ok
contracts	Run source-free manifest and contamination contracts	2026-10-07T22:10:54.2882640Z test_complete_state_with_any_reference_failure_fails_closed (test_track_b_finemapping_continuation_gate.TrackBFineMappingContinuationGateTests.test_complete_state_with_any_reference_failure_fails_closed) ... ok
contracts	Run source-free manifest and contamination contracts	2026-10-07T22:10:54.2893311Z test_exact_147_rows_method_and_lava_accounting_fail_closed (test_track_b_finemapping_continuation_gate.TrackBFineMappingContinuationGateTests.test_exact_147_rows_method_and_lava_accounting_fail_closed) ... ok
contracts	Run source-free manifest and contamination contracts	2026-10-07T22:10:54.2895938Z test_exact_public_schemas_and_pinned_147_api (test_track_b_finemapping_continuation_gate.TrackBFineMappingContinuationGateTests.test_exact_public_schemas_and_pinned_147_api) ... ok
contracts	Run source-free manifest and contamination contracts	2026-10-07T22:10:54.2903340Z test_mutating_cli_requires_execute_before_any_work (test_track_b_finemapping_continuation_gate.TrackBFineMappingContinuationGateTests.test_mutating_cli_requires_execute_before_any_work) ... ok
contracts	Run source-free manifest and contamination contracts	2026-10-07T22:10:54.2953201Z test_no_replace_publish_and_stable_verify_api_allow_downstream_results (test_track_b_finemapping_continuation_gate.TrackBFineMappingContinuationGateTests.test_no_replace_publish_and_stable_verify_api_allow_downstream_results) ... ok
contracts	Run source-free manifest and contamination contracts	2026-10-07T22:10:54.2963063Z test_pair_block_and_disjoint_clump_evidence_are_verified (test_track_b_finemapping_continuation_gate.TrackBFineMappingContinuationGateTests.test_pair_block_and_disjoint_clump_evidence_are_verified) ... ok
contracts	Run source-free manifest and contamination contracts	2026-10-07T22:10:54.2968302Z test_pair_block_group_preserves_parallel_leads_and_full_clump_union (test_track_b_finemapping_continuation_gate.TrackBFineMappingContinuationGateTests.test_pair_block_group_preserves_parallel_leads_and_full_clump_union) ... ok
contracts	Run source-free manifest and contamination contracts	2026-10-07T22:10:54.2970934Z test_partition_rejects_overlap_and_returns_none_for_unmapped_gap (test_track_b_finemapping_continuation_gate.TrackBFineMappingContinuationGateTests.test_partition_rejects_overlap_and_returns_none_for_unmapped_gap) ... ok
contracts	Run source-free manifest and contamination contracts	2026-10-07T22:10:54.2976567Z test_priority_is_top_three_per_primary_pair_but_does_not_filter_or_reorder (test_track_b_finemapping_continuation_gate.TrackBFineMappingContinuationGateTests.test_priority_is_top_three_per_primary_pair_but_does_not_filter_or_reorder) ... ok
contracts	Run source-free manifest and contamination contracts	2026-10-07T22:10:54.2982020Z test_same_official_block_remains_distinct_across_pairs_and_control (test_track_b_finemapping_continuation_gate.TrackBFineMappingContinuationGateTests.test_same_official_block_remains_distinct_across_pairs_and_control) ... ok
contracts	Run source-free manifest and contamination contracts	2026-10-07T22:10:54.2985733Z test_unmapped_lead_is_blocked_by_data_and_retains_full_evidence (test_track_b_finemapping_continuation_gate.TrackBFineMappingContinuationGateTests.test_unmapped_lead_is_blocked_by_data_and_retains_full_evidence) ... ok
contracts	Run source-free manifest and contamination contracts	2026-10-07T22:10:54.2990880Z test_zero_and_ld_coverage_blocked_states_are_distinct (test_track_b_finemapping_continuation_gate.TrackBFineMappingContinuationGateTests.test_zero_and_ld_coverage_blocked_states_are_distinct) ... ok
contracts	Run source-free manifest and contamination contracts	2026-10-07T22:10:54.2992385Z test_zero_receipt_is_separate_from_later_148_zero_receipt (test_track_b_finemapping_continuation_gate.TrackBFineMappingContinuationGateTests.test_zero_receipt_is_separate_from_later_148_zero_receipt) ... ok
contracts	Run source-free manifest and contamination contracts	2026-10-07T22:10:54.2998610Z test_current_readiness_is_blocked_without_science_placeholders (test_track_b_finemapping_contract.TrackBFineMappingContractTests.test_current_readiness_is_blocked_without_science_placeholders) ... ok
contracts	Run source-free manifest and contamination contracts	2026-10-07T22:10:54.3001546Z test_exact_10_11_12_schemas_and_classifications (test_track_b_finemapping_contract.TrackBFineMappingContractTests.test_exact_10_11_12_schemas_and_classifications) ... ok
contracts	Run source-free manifest and contamination contracts	2026-10-07T22:10:54.3003985Z test_locus_entry_is_the_nonduplicated_method_union (test_track_b_finemapping_contract.TrackBFineMappingContractTests.test_locus_entry_is_the_nonduplicated_method_union) ... ok
contracts	Run source-free manifest and contamination contracts	2026-10-07T22:10:54.3006253Z test_primary_and_control_roles_are_frozen (test_track_b_finemapping_contract.TrackBFineMappingContractTests.test_primary_and_control_roles_are_frozen) ... ok
contracts	Run source-free manifest and contamination contracts	2026-10-07T22:10:54.3008496Z test_signed_ld_prior_grid_and_diagnostics_are_exact (test_track_b_finemapping_contract.TrackBFineMappingContractTests.test_signed_ld_prior_grid_and_diagnostics_are_exact) ... ok
contracts	Run source-free manifest and contamination contracts	2026-10-07T22:10:54.3011293Z test_zero_family_and_publication_semantics_are_fail_closed (test_track_b_finemapping_contract.TrackBFineMappingContractTests.test_zero_family_and_publication_semantics_are_fail_closed) ... ok
contracts	Run source-free manifest and contamination contracts	2026-10-07T22:10:54.3014017Z test_all_three_pairs_are_dense_ready_but_not_declared_mechanistic (test_track_b_freeze.TrackBFreezeTests.test_all_three_pairs_are_dense_ready_but_not_declared_mechanistic) ... ok
contracts	Run source-free manifest and contamination contracts	2026-10-07T22:10:54.3023065Z test_candidate_family_is_complete_12_by_6 (test_track_b_freeze.TrackBFreezeTests.test_candidate_family_is_complete_12_by_6) ... ok
contracts	Run source-free manifest and contamination contracts	2026-10-07T22:10:54.3025716Z test_exact_three_roles_and_no_post_hoc_pair_b_replacement (test_track_b_freeze.TrackBFreezeTests.test_exact_three_roles_and_no_post_hoc_pair_b_replacement) ... ok
contracts	Run source-free manifest and contamination contracts	2026-10-07T22:10:54.3036010Z test_non_discoveries_are_not_given_invented_literature_status (test_track_b_freeze.TrackBFreezeTests.test_non_discoveries_are_not_given_invented_literature_status) ... ok
contracts	Run source-free manifest and contamination contracts	2026-10-07T22:10:54.8838251Z test_builds_exact_full_family_and_verify_is_read_only (test_track_b_lava_chromosome_inputs.TrackBLAVAChromosomeInputTests.test_builds_exact_full_family_and_verify_is_read_only) ... ok
contracts	Run source-free manifest and contamination contracts	2026-10-07T22:10:55.6650041Z test_partial_family_resumes_without_replacing_completed_shards (test_track_b_lava_chromosome_inputs.TrackBLAVAChromosomeInputTests.test_partial_family_resumes_without_replacing_completed_shards) ... ok
contracts	Run source-free manifest and contamination contracts	2026-10-07T22:10:55.7012443Z test_script_parses_without_import_side_effects (test_track_b_lava_chromosome_inputs.TrackBLAVAChromosomeInputTests.test_script_parses_without_import_side_effects) ... ok
contracts	Run source-free manifest and contamination contracts	2026-10-07T22:10:56.5892513Z test_source_or_reference_binding_drift_fails_closed (test_track_b_lava_chromosome_inputs.TrackBLAVAChromosomeInputTests.test_source_or_reference_binding_drift_fails_closed) ... ok
contracts	Run source-free manifest and contamination contracts	2026-10-07T22:10:57.1350617Z test_tampered_shard_is_rejected_and_never_replaced (test_track_b_lava_chromosome_inputs.TrackBLAVAChromosomeInputTests.test_tampered_shard_is_rejected_and_never_replaced) ... ok
contracts	Run source-free manifest and contamination contracts	2026-10-07T22:10:57.1367740Z test_active_specs_uses_exact_sealed_candidate_membership (test_track_b_lava_continuation_v2.TrackBLavaContinuationContractTests.test_active_specs_uses_exact_sealed_candidate_membership) ... ok
contracts	Run source-free manifest and contamination contracts	2026-10-07T22:10:57.1396108Z test_aggregate_candidate_dependency_rechecks_receipted_hash (test_track_b_lava_continuation_v2.TrackBLavaContinuationContractTests.test_aggregate_candidate_dependency_rechecks_receipted_hash) ... ok
contracts	Run source-free manifest and contamination contracts	2026-10-07T22:10:57.1433723Z test_aggregate_result_receipt_and_changed_input_tampering_fail_closed (test_track_b_lava_continuation_v2.TrackBLavaContinuationContractTests.test_aggregate_result_receipt_and_changed_input_tampering_fail_closed) ... ok
contracts	Run source-free manifest and contamination contracts	2026-10-07T22:10:57.1452502Z test_candidate_attestation_header_only_and_candidate_rows (test_track_b_lava_continuation_v2.TrackBLavaContinuationContractTests.test_candidate_attestation_header_only_and_candidate_rows) ... ok
contracts	Run source-free manifest and contamination contracts	2026-10-07T22:10:57.1458222Z test_conditional_binds_chromosome_inputs_only_for_sealed_candidate (test_track_b_lava_continuation_v2.TrackBLavaContinuationContractTests.test_conditional_binds_chromosome_inputs_only_for_sealed_candidate) ... ok
contracts	Run source-free manifest and contamination contracts	2026-10-07T22:10:57.1461056Z test_conditional_prerequisite_uses_sealed_aggregate_without_recomputing_semantics (test_track_b_lava_continuation_v2.TrackBLavaContinuationContractTests.test_conditional_prerequisite_uses_sealed_aggregate_without_recomputing_semantics) ... ok
contracts	Run source-free manifest and contamination contracts	2026-10-07T22:10:57.1819331Z test_finalize_keeps_full_family_validation_and_identity_binding (test_track_b_lava_continuation_v2.TrackBLavaContinuationContractTests.test_finalize_keeps_full_family_validation_and_identity_binding) ... ok
contracts	Run source-free manifest and contamination contracts	2026-10-07T22:10:57.1826777Z test_internal_measure_rejects_stale_identity_before_launch_or_output (test_track_b_lava_continuation_v2.TrackBLavaContinuationContractTests.test_internal_measure_rejects_stale_identity_before_launch_or_output) ... ok
contracts	Run source-free manifest and contamination contracts	2026-10-07T22:10:57.1832134Z test_legacy_fingerprint_inputs_remain_byte_exact (test_track_b_lava_continuation_v2.TrackBLavaContinuationContractTests.test_legacy_fingerprint_inputs_remain_byte_exact) ... ok
contracts	Run source-free manifest and contamination contracts	2026-10-07T22:10:57.1851796Z test_no_replace_publisher_refuses_even_identical_replacement (test_track_b_lava_continuation_v2.TrackBLavaContinuationContractTests.test_no_replace_publisher_refuses_even_identical_replacement) ... ok
contracts	Run source-free manifest and contamination contracts	2026-10-07T22:10:57.1973327Z test_post_publication_check_reuses_proven_semantics_but_binds_capture (test_track_b_lava_continuation_v2.TrackBLavaContinuationContractTests.test_post_publication_check_reuses_proven_semantics_but_binds_capture) ... ok
contracts	Run source-free manifest and contamination contracts	2026-10-07T22:10:57.2003771Z test_publication_rejects_mutation_after_semantic_validation (test_track_b_lava_continuation_v2.TrackBLavaContinuationContractTests.test_publication_rejects_mutation_after_semantic_validation) ... ok
contracts	Run source-free manifest and contamination contracts	2026-10-07T22:10:57.2012468Z test_quick_contract_checks_live_fingerprint_once_then_exact_lineage (test_track_b_lava_continuation_v2.TrackBLavaContinuationContractTests.test_quick_contract_checks_live_fingerprint_once_then_exact_lineage) ... ok
contracts	Run source-free manifest and contamination contracts	2026-10-07T22:10:57.2027133Z test_semantic_artifact_binding_detects_content_and_inode_replacement (test_track_b_lava_continuation_v2.TrackBLavaContinuationContractTests.test_semantic_artifact_binding_detects_content_and_inode_replacement) ... ok
contracts	Run source-free manifest and contamination contracts	2026-10-07T22:10:57.2061364Z test_source_lock_cache_is_identity_keyed_and_local_lookup_is_exact (test_track_b_lava_continuation_v2.TrackBLavaContinuationContractTests.test_source_lock_cache_is_identity_keyed_and_local_lookup_is_exact) ... ok
contracts	Run source-free manifest and contamination contracts	2026-10-07T22:10:57.2068602Z test_source_lock_cache_rejects_change_during_initial_validation (test_track_b_lava_continuation_v2.TrackBLavaContinuationContractTests.test_source_lock_cache_rejects_change_during_initial_validation) ... ok
contracts	Run source-free manifest and contamination contracts	2026-10-07T22:10:57.2071419Z test_source_lock_rejects_decoy_path_even_with_recorded_identity (test_track_b_lava_continuation_v2.TrackBLavaContinuationContractTests.test_source_lock_rejects_decoy_path_even_with_recorded_identity) ... ok
contracts	Run source-free manifest and contamination contracts	2026-10-07T22:10:57.2075194Z test_supervisor_forbids_discovery_and_requires_dual_marker_identity (test_track_b_lava_continuation_v2.TrackBLavaContinuationContractTests.test_supervisor_forbids_discovery_and_requires_dual_marker_identity) ... ok
contracts	Run source-free manifest and contamination contracts	2026-10-07T22:10:57.2084464Z test_symlinked_attempt_namespace_is_rejected (test_track_b_lava_continuation_v2.TrackBLavaContinuationContractTests.test_symlinked_attempt_namespace_is_rejected) ... ok
contracts	Run source-free manifest and contamination contracts	2026-10-07T22:10:57.2103394Z test_terminal_semantic_binding_covers_result_qc_and_all_staged_tables (test_track_b_lava_continuation_v2.TrackBLavaContinuationContractTests.test_terminal_semantic_binding_covers_result_qc_and_all_staged_tables) ... ok
contracts	Run source-free manifest and contamination contracts	2026-10-07T22:10:57.2106027Z test_v2_runner_is_post_discovery_only_and_fixes_integer_collision (test_track_b_lava_continuation_v2.TrackBLavaContinuationContractTests.test_v2_runner_is_post_discovery_only_and_fixes_integer_collision) ... ok
contracts	Run source-free manifest and contamination contracts	2026-10-07T22:10:57.2117057Z test_diagnostic_pass_collects_all_gate_failures_and_restores_policy (test_track_b_lava_continuation_v2.TrackBLavaTerminalQCTests.test_diagnostic_pass_collects_all_gate_failures_and_restores_policy) ... ok
contracts	Run source-free manifest and contamination contracts	2026-10-07T22:10:57.2126837Z test_incomplete_family_is_error_not_terminal_qc (test_track_b_lava_continuation_v2.TrackBLavaTerminalQCTests.test_incomplete_family_is_error_not_terminal_qc) ... ok
contracts	Run source-free manifest and contamination contracts	2026-10-07T22:10:57.2138594Z test_passing_diagnostic_is_rechecked_by_unmodified_validator (test_track_b_lava_continuation_v2.TrackBLavaTerminalQCTests.test_passing_diagnostic_is_rechecked_by_unmodified_validator) ... ok
contracts	Run source-free manifest and contamination contracts	2026-10-07T22:10:57.2165284Z test_terminal_qc_is_no_replace_and_never_becomes_a_pass (test_track_b_lava_continuation_v2.TrackBLavaTerminalQCTests.test_terminal_qc_is_no_replace_and_never_becomes_a_pass) ... ok
contracts	Run source-free manifest and contamination contracts	2026-10-07T22:10:57.2481219Z test_archive_or_payload_tampering_fails_closed (test_track_b_lava_reference_archive_eviction.TrackBLavaReferenceArchiveEvictionTests.test_archive_or_payload_tampering_fails_closed) ... ok
contracts	Run source-free manifest and contamination contracts	2026-10-07T22:10:57.3519583Z test_eviction_is_forbidden_until_consumer_gates_accept_both_states (test_track_b_lava_reference_archive_eviction.TrackBLavaReferenceArchiveEvictionTests.test_eviction_is_forbidden_until_consumer_gates_accept_both_states) ... ok
contracts	Run source-free manifest and contamination contracts	2026-10-07T22:10:57.4515186Z test_eviction_is_forbidden_without_terminal_lineage (test_track_b_lava_reference_archive_eviction.TrackBLavaReferenceArchiveEvictionTests.test_eviction_is_forbidden_without_terminal_lineage) ... ok
contracts	Run source-free manifest and contamination contracts	2026-10-07T22:10:57.5881192Z test_explicit_eviction_removes_only_allowlist_and_verifies_receipt (test_track_b_lava_reference_archive_eviction.TrackBLavaReferenceArchiveEvictionTests.test_explicit_eviction_removes_only_allowlist_and_verifies_receipt) ... ok
contracts	Run source-free manifest and contamination contracts	2026-10-07T22:10:57.6733108Z test_family_wide_hardlink_preflight_happens_before_intent_or_unlink (test_track_b_lava_reference_archive_eviction.TrackBLavaReferenceArchiveEvictionTests.test_family_wide_hardlink_preflight_happens_before_intent_or_unlink) ... ok
contracts	Run source-free manifest and contamination contracts	2026-10-07T22:10:57.7968972Z test_final_receipt_detects_extracted_payload_tampering (test_track_b_lava_reference_archive_eviction.TrackBLavaReferenceArchiveEvictionTests.test_final_receipt_detects_extracted_payload_tampering) ... ok
contracts	Run source-free manifest and contamination contracts	2026-10-07T22:10:57.9010444Z test_interrupted_eviction_resumes_only_after_durable_intent (test_track_b_lava_reference_archive_eviction.TrackBLavaReferenceArchiveEvictionTests.test_interrupted_eviction_resumes_only_after_durable_intent) ... ok
contracts	Run source-free manifest and contamination contracts	2026-10-07T22:10:57.9434443Z test_plan_can_bind_future_consumers_without_changing_core_script_set (test_track_b_lava_reference_archive_eviction.TrackBLavaReferenceArchiveEvictionTests.test_plan_can_bind_future_consumers_without_changing_core_script_set) ... ok
contracts	Run source-free manifest and contamination contracts	2026-10-07T22:10:58.0242036Z test_plan_is_no_replace_and_records_operational_dependency (test_track_b_lava_reference_archive_eviction.TrackBLavaReferenceArchiveEvictionTests.test_plan_is_no_replace_and_records_operational_dependency) ... ok
contracts	Run source-free manifest and contamination contracts	2026-10-07T22:10:58.0534885Z test_present_state_rehashes_exact_archive_and_payload_families (test_track_b_lava_reference_archive_eviction.TrackBLavaReferenceArchiveEvictionTests.test_present_state_rehashes_exact_archive_and_payload_families) ... ok
contracts	Run source-free manifest and contamination contracts	2026-10-07T22:10:58.1940840Z test_public_content_addressed_lifecycle_is_restart_safe_and_self_bound (test_track_b_lava_reference_archive_eviction.TrackBLavaReferenceArchiveEvictionTests.test_public_content_addressed_lifecycle_is_restart_safe_and_self_bound) ... ok
contracts	Run source-free manifest and contamination contracts	2026-10-07T22:10:58.2371839Z test_source_baseline_archive_dependency_is_rejected (test_track_b_lava_reference_archive_eviction.TrackBLavaReferenceArchiveEvictionTests.test_source_baseline_archive_dependency_is_rejected) ... ok
contracts	Run source-free manifest and contamination contracts	2026-10-07T22:10:58.2383436Z test_conditional_interpretation_boundaries_and_unstable_status (test_track_b_lava_runner.TrackBLAVARunnerTests.test_conditional_interpretation_boundaries_and_unstable_status) ... ok
contracts	Run source-free manifest and contamination contracts	2026-10-07T22:10:58.2814711Z test_contract_does_not_expose_unvalidated_result_sealing (test_track_b_lava_runner.TrackBLAVARunnerTests.test_contract_does_not_expose_unvalidated_result_sealing) ... ok
contracts	Run source-free manifest and contamination contracts	2026-10-07T22:10:58.2840678Z test_contract_hash_rejects_path_replacement_while_hashing (test_track_b_lava_runner.TrackBLAVARunnerTests.test_contract_hash_rejects_path_replacement_while_hashing) ... ok
contracts	Run source-free manifest and contamination contracts	2026-10-07T22:10:58.2843395Z test_contract_uses_measured_per_locus_ram_not_an_assumed_gate (test_track_b_lava_runner.TrackBLAVARunnerTests.test_contract_uses_measured_per_locus_ram_not_an_assumed_gate) ... ok
contracts	Run source-free manifest and contamination contracts	2026-10-07T22:10:58.2852563Z test_failed_attempts_conservatively_expand_bh_family (test_track_b_lava_runner.TrackBLAVARunnerTests.test_failed_attempts_conservatively_expand_bh_family) ... ok
contracts	Run source-free manifest and contamination contracts	2026-10-07T22:10:58.2855156Z test_runner_is_two_pass_fresh_process_and_full_family_corrected (test_track_b_lava_runner.TrackBLAVARunnerTests.test_runner_is_two_pass_fresh_process_and_full_family_corrected) ... ok
contracts	Run source-free manifest and contamination contracts	2026-10-07T22:10:58.2858968Z test_runtime_policy_is_pre_result_and_exact_scope (test_track_b_lava_runner.TrackBLAVARunnerTests.test_runtime_policy_is_pre_result_and_exact_scope) ... ok
contracts	Run source-free manifest and contamination contracts	2026-10-07T22:10:58.2876139Z test_staged_artifact_identity_rejects_path_replacement_while_hashing (test_track_b_lava_runner.TrackBLAVARunnerTests.test_staged_artifact_identity_rejects_path_replacement_while_hashing) ... ok
contracts	Run source-free manifest and contamination contracts	2026-10-07T22:10:58.2890816Z test_staging_directory_requires_a_lowercase_sha256_identity (test_track_b_lava_runner.TrackBLAVARunnerTests.test_staging_directory_requires_a_lowercase_sha256_identity) ... ok
contracts	Run source-free manifest and contamination contracts	2026-10-07T22:10:58.3163641Z test_synthetic_result_family_validates_publishes_and_seals_without_replacement (test_track_b_lava_runner.TrackBLAVARunnerTests.test_synthetic_result_family_validates_publishes_and_seals_without_replacement) ... ok
contracts	Run source-free manifest and contamination contracts	2026-10-07T22:10:58.3620440Z test_validator_enforces_exact_families_and_conditional_gate (test_track_b_lava_runner.TrackBLAVARunnerTests.test_validator_enforces_exact_families_and_conditional_gate) ... ok
contracts	Run source-free manifest and contamination contracts	2026-10-07T22:10:58.3819320Z test_zero_hit_family_publishes_header_only_bivariate_and_conditional_results (test_track_b_lava_runner.TrackBLAVARunnerTests.test_zero_hit_family_publishes_header_only_bivariate_and_conditional_results) ... ok
contracts	Run source-free manifest and contamination contracts	2026-10-07T22:10:58.3838467Z test_no_replace_refuses_even_identical_final_lock (test_track_b_lava_supersession_lock.TrackBLavaSupersessionLockTests.test_no_replace_refuses_even_identical_final_lock) ... ok
contracts	Run source-free manifest and contamination contracts	2026-10-07T22:10:58.3860037Z test_failed_eligible_test_keeps_diagnostic_p_separate_from_correction_only_one (test_track_b_lava_terminal_diagnostic_export.TrackBLavaTerminalDiagnosticExportTests.test_failed_eligible_test_keeps_diagnostic_p_separate_from_correction_only_one) ... ok
contracts	Run source-free manifest and contamination contracts	2026-10-07T22:10:58.3879063Z test_full_pair_locus_grid_distinguishes_tested_ineligible_and_failed_locus (test_track_b_lava_terminal_diagnostic_export.TrackBLavaTerminalDiagnosticExportTests.test_full_pair_locus_grid_distinguishes_tested_ineligible_and_failed_locus) ... ok
contracts	Run source-free manifest and contamination contracts	2026-10-07T22:10:58.3891534Z test_no_replace_helper_rejects_differing_existing_artifact (test_track_b_lava_terminal_diagnostic_export.TrackBLavaTerminalDiagnosticExportTests.test_no_replace_helper_rejects_differing_existing_artifact) ... ok
contracts	Run source-free manifest and contamination contracts	2026-10-07T22:10:58.3897502Z test_preflight_fails_closed_before_terminal_ready_exists (test_track_b_lava_terminal_diagnostic_export.TrackBLavaTerminalDiagnosticExportTests.test_preflight_fails_closed_before_terminal_ready_exists) ... ok
contracts	Run source-free manifest and contamination contracts	2026-10-07T22:10:58.3924700Z test_rendered_outputs_are_diagnostic_and_preserve_inapplicable_states (test_track_b_lava_terminal_diagnostic_export.TrackBLavaTerminalDiagnosticExportTests.test_rendered_outputs_are_diagnostic_and_preserve_inapplicable_states) ... ok
contracts	Run source-free manifest and contamination contracts	2026-10-07T22:10:58.3940935Z test_synthetic_family_derives_counts_and_preserves_exact_bh_denominators (test_track_b_lava_terminal_diagnostic_export.TrackBLavaTerminalDiagnosticExportTests.test_synthetic_family_derives_counts_and_preserves_exact_bh_denominators) ... ok
contracts	Run source-free manifest and contamination contracts	2026-10-07T22:10:58.3952463Z test_terminal_attestation_cannot_be_relabelled_as_scientific_pass (test_track_b_lava_terminal_diagnostic_export.TrackBLavaTerminalDiagnosticExportTests.test_terminal_attestation_cannot_be_relabelled_as_scientific_pass) ... ok
contracts	Run source-free manifest and contamination contracts	2026-10-07T22:10:58.3957887Z test_all_requested_method_families_were_searched_for_each_pair (test_track_b_literature.TrackBLiteratureTests.test_all_requested_method_families_were_searched_for_each_pair) ... ok
contracts	Run source-free manifest and contamination contracts	2026-10-07T22:10:58.4344020Z test_audit_verifies (test_track_b_literature.TrackBLiteratureTests.test_audit_verifies) ... ok
contracts	Run source-free manifest and contamination contracts	2026-10-07T22:10:58.4349296Z test_evidence_map_has_frozen_pairs_and_allowed_classes (test_track_b_literature.TrackBLiteratureTests.test_evidence_map_has_frozen_pairs_and_allowed_classes) ... ok
contracts	Run source-free manifest and contamination contracts	2026-10-07T22:10:58.4353564Z test_pair_b_prior_art_blocks_generic_novelty_claim (test_track_b_literature.TrackBLiteratureTests.test_pair_b_prior_art_blocks_generic_novelty_claim) ... ok
contracts	Run source-free manifest and contamination contracts	2026-10-07T22:10:58.4357235Z test_primary_source_rows_have_identifiers_and_limits (test_track_b_literature.TrackBLiteratureTests.test_primary_source_rows_have_identifiers_and_limits) ... ok
contracts	Run source-free manifest and contamination contracts	2026-10-07T22:10:58.4359102Z test_conditioners_are_minimal_and_pre_result (test_track_b_local_inputs.TrackBLocalInputTests.test_conditioners_are_minimal_and_pre_result) ... ok
contracts	Run source-free manifest and contamination contracts	2026-10-07T22:10:58.4361300Z test_exact_three_pair_and_eight_trait_scope (test_track_b_local_inputs.TrackBLocalInputTests.test_exact_three_pair_and_eight_trait_scope) ... ok
contracts	Run source-free manifest and contamination contracts	2026-10-07T22:10:58.4363674Z test_runtime_and_conditional_family_are_frozen (test_track_b_local_inputs.TrackBLocalInputTests.test_runtime_and_conditional_family_are_frozen) ... ok
contracts	Run source-free manifest and contamination contracts	2026-10-07T22:10:58.4365759Z test_canonical_serializers_are_deterministic (test_track_b_mechanism_readiness.FreezeVerifyTests.test_canonical_serializers_are_deterministic) ... ok
contracts	Run source-free manifest and contamination contracts	2026-10-07T22:10:58.4374276Z test_no_replace_preserves_existing_target (test_track_b_mechanism_readiness.FreezeVerifyTests.test_no_replace_preserves_existing_target) ... ok
contracts	Run source-free manifest and contamination contracts	2026-10-07T22:10:58.4380462Z test_symlink_output_directory_fails (test_track_b_mechanism_readiness.FreezeVerifyTests.test_symlink_output_directory_fails) ... ok
contracts	Run source-free manifest and contamination contracts	2026-10-07T22:10:58.4429536Z test_tampered_output_fails_before_recompute (test_track_b_mechanism_readiness.FreezeVerifyTests.test_tampered_output_fails_before_recompute) ... ok
contracts	Run source-free manifest and contamination contracts	2026-10-07T22:10:58.4486084Z test_verify_is_side_effect_free (test_track_b_mechanism_readiness.FreezeVerifyTests.test_verify_is_side_effect_free) ... ok
contracts	Run source-free manifest and contamination contracts	2026-10-07T22:10:58.4496017Z test_all_records_have_ram_output_and_claim_limits (test_track_b_mechanism_readiness.ScientificSemanticsTests.test_all_records_have_ram_output_and_claim_limits) ... ok
contracts	Run source-free manifest and contamination contracts	2026-10-07T22:10:58.4498961Z test_complete_analysis_family_required (test_track_b_mechanism_readiness.ScientificSemanticsTests.test_complete_analysis_family_required) ... ok
contracts	Run source-free manifest and contamination contracts	2026-10-07T22:10:58.4502135Z test_duplicate_analysis_family_rejected (test_track_b_mechanism_readiness.ScientificSemanticsTests.test_duplicate_analysis_family_rejected) ... ok
contracts	Run source-free manifest and contamination contracts	2026-10-07T22:10:58.4504189Z test_mouse_vascular_is_not_relabelled_human (test_track_b_mechanism_readiness.ScientificSemanticsTests.test_mouse_vascular_is_not_relabelled_human) ... ok
contracts	Run source-free manifest and contamination contracts	2026-10-07T22:10:58.4506188Z test_policy_cannot_assert_pseudo_ready (test_track_b_mechanism_readiness.ScientificSemanticsTests.test_policy_cannot_assert_pseudo_ready) ... ok
contracts	Run source-free manifest and contamination contracts	2026-10-07T22:10:58.4514890Z test_status_is_derived_and_data_blocker_precedes_software (test_track_b_mechanism_readiness.ScientificSemanticsTests.test_status_is_derived_and_data_blocker_precedes_software) ... ok
contracts	Run source-free manifest and contamination contracts	2026-10-07T22:10:58.4516851Z test_wrong_build_fails (test_track_b_mechanism_readiness.ScientificSemanticsTests.test_wrong_build_fails) ... ok
contracts	Run source-free manifest and contamination contracts	2026-10-07T22:10:58.4518587Z test_wrong_species_fails_human_replication (test_track_b_mechanism_readiness.ScientificSemanticsTests.test_wrong_species_fails_human_replication) ... ok
contracts	Run source-free manifest and contamination contracts	2026-10-07T22:10:58.4520713Z test_future_result_paths_are_forbidden (test_track_b_mechanism_readiness.SecureEvidenceTests.test_future_result_paths_are_forbidden) ... ok
contracts	Run source-free manifest and contamination contracts	2026-10-07T22:10:58.4652093Z test_in_read_drift_fails (test_track_b_mechanism_readiness.SecureEvidenceTests.test_in_read_drift_fails) ... ok
contracts	Run source-free manifest and contamination contracts	2026-10-07T22:10:58.4654829Z test_missing_optional_file_is_explicit_not_null (test_track_b_mechanism_readiness.SecureEvidenceTests.test_missing_optional_file_is_explicit_not_null) ... ok
contracts	Run source-free manifest and contamination contracts	2026-10-07T22:10:58.4657645Z test_missing_required_file_fails (test_track_b_mechanism_readiness.SecureEvidenceTests.test_missing_required_file_fails) ... ok
contracts	Run source-free manifest and contamination contracts	2026-10-07T22:10:58.4659838Z test_parent_traversal_and_absolute_paths_are_forbidden (test_track_b_mechanism_readiness.SecureEvidenceTests.test_parent_traversal_and_absolute_paths_are_forbidden) ... ok
contracts	Run source-free manifest and contamination contracts	2026-10-07T22:10:58.4664664Z test_symlink_file_fails (test_track_b_mechanism_readiness.SecureEvidenceTests.test_symlink_file_fails) ... ok
contracts	Run source-free manifest and contamination contracts	2026-10-07T22:10:58.4670605Z test_symlink_inside_tree_fails (test_track_b_mechanism_readiness.SecureEvidenceTests.test_symlink_inside_tree_fails) ... ok
contracts	Run source-free manifest and contamination contracts	2026-10-07T22:10:58.4675958Z test_truncated_file_fails_size_pin (test_track_b_mechanism_readiness.SecureEvidenceTests.test_truncated_file_fails_size_pin) ... ok
contracts	Run source-free manifest and contamination contracts	2026-10-07T22:10:58.4754511Z test_freeze_and_verify_are_side_effect_free_after_freeze (test_track_b_mechanism_readiness_v2.RevisionTwoFreezeTests.test_freeze_and_verify_are_side_effect_free_after_freeze) ... ok
contracts	Run source-free manifest and contamination contracts	2026-10-07T22:10:58.4763256Z test_no_replace_refuses_existing_supersession_receipt (test_track_b_mechanism_readiness_v2.RevisionTwoFreezeTests.test_no_replace_refuses_existing_supersession_receipt) ... ok
contracts	Run source-free manifest and contamination contracts	2026-10-07T22:10:58.4813503Z test_tamper_fails_closed (test_track_b_mechanism_readiness_v2.RevisionTwoFreezeTests.test_tamper_fails_closed) ... ok
contracts	Run source-free manifest and contamination contracts	2026-10-07T22:10:58.4845709Z test_exact_effective_policy_diff_is_leafcutter_only (test_track_b_mechanism_readiness_v2.RevisionTwoLineageTests.test_exact_effective_policy_diff_is_leafcutter_only) ... ok
contracts	Run source-free manifest and contamination contracts	2026-10-07T22:10:58.4847620Z test_overlay_is_explicitly_result_blind (test_track_b_mechanism_readiness_v2.RevisionTwoLineageTests.test_overlay_is_explicitly_result_blind) ... ok
contracts	Run source-free manifest and contamination contracts	2026-10-07T22:10:58.4851291Z test_revision_one_is_preserved_byte_exact (test_track_b_mechanism_readiness_v2.RevisionTwoLineageTests.test_revision_one_is_preserved_byte_exact) ... ok
contracts	Run source-free manifest and contamination contracts	2026-10-07T22:10:58.4863502Z test_superseded_family_is_complete_and_byte_exact (test_track_b_mechanism_readiness_v2.RevisionTwoLineageTests.test_superseded_family_is_complete_and_byte_exact) ... ok
contracts	Run source-free manifest and contamination contracts	2026-10-07T22:10:58.5334213Z test_exact_partial_publication_resumes_after_every_link_boundary (test_track_b_mechanism_readiness_v3.RevisionThreeFreezeTests.test_exact_partial_publication_resumes_after_every_link_boundary) ... ok
contracts	Run source-free manifest and contamination contracts	2026-10-07T22:10:58.5343307Z test_nonidentical_existing_target_is_never_replaced (test_track_b_mechanism_readiness_v3.RevisionThreeFreezeTests.test_nonidentical_existing_target_is_never_replaced) ... ok
contracts	Run source-free manifest and contamination contracts	2026-10-07T22:10:58.5431617Z test_verify_is_side_effect_free_and_tamper_fails_closed (test_track_b_mechanism_readiness_v3.RevisionThreeFreezeTests.test_verify_is_side_effect_free_and_tamper_fails_closed) ... ok
contracts	Run source-free manifest and contamination contracts	2026-10-07T22:10:58.5459301Z test_both_superseded_families_are_complete_and_byte_exact (test_track_b_mechanism_readiness_v3.RevisionThreeLineageTests.test_both_superseded_families_are_complete_and_byte_exact) ... ok
contracts	Run source-free manifest and contamination contracts	2026-10-07T22:10:58.5537570Z test_effective_family_is_exact_and_modality_separated (test_track_b_mechanism_readiness_v3.RevisionThreeLineageTests.test_effective_family_is_exact_and_modality_separated) ... ok
contracts	Run source-free manifest and contamination contracts	2026-10-07T22:10:58.5540422Z test_overlay_is_explicitly_result_blind (test_track_b_mechanism_readiness_v3.RevisionThreeLineageTests.test_overlay_is_explicitly_result_blind) ... ok
contracts	Run source-free manifest and contamination contracts	2026-10-07T22:10:58.5546131Z test_v1_and_v2_are_preserved_byte_exact (test_track_b_mechanism_readiness_v3.RevisionThreeLineageTests.test_v1_and_v2_are_preserved_byte_exact) ... ok
contracts	Run source-free manifest and contamination contracts	2026-10-07T22:10:58.5754714Z test_every_requirement_blocks_when_any_exact_unit_is_unavailable (test_track_b_mechanism_readiness_v3.RevisionThreeScientificBoundaryTests.test_every_requirement_blocks_when_any_exact_unit_is_unavailable) ... ok
contracts	Run source-free manifest and contamination contracts	2026-10-07T22:10:58.6113880Z test_every_unblock_predicate_is_bound_to_its_exact_units (test_track_b_mechanism_readiness_v3.RevisionThreeScientificBoundaryTests.test_every_unblock_predicate_is_bound_to_its_exact_units) ... ok
contracts	Run source-free manifest and contamination contracts	2026-10-07T22:10:58.6123508Z test_exact_gtex_context_metadata_accepts_only_49_ge_rows (test_track_b_mechanism_readiness_v3.RevisionThreeScientificBoundaryTests.test_exact_gtex_context_metadata_accepts_only_49_ge_rows) ... ok
contracts	Run source-free manifest and contamination contracts	2026-10-07T22:10:58.6132945Z test_present_unpinned_payload_never_becomes_pseudo_ready (test_track_b_mechanism_readiness_v3.RevisionThreeScientificBoundaryTests.test_present_unpinned_payload_never_becomes_pseudo_ready) ... ok
contracts	Run source-free manifest and contamination contracts	2026-10-07T22:10:58.6221524Z test_qtl_evidence_cross_contamination_fails_closed (test_track_b_mechanism_readiness_v3.RevisionThreeScientificBoundaryTests.test_qtl_evidence_cross_contamination_fails_closed) ... ok
contracts	Run source-free manifest and contamination contracts	2026-10-07T22:10:58.6295822Z test_sldsc_missing_tissues_are_an_explicit_fail_closed_unit (test_track_b_mechanism_readiness_v3.RevisionThreeScientificBoundaryTests.test_sldsc_missing_tissues_are_an_explicit_fail_closed_unit) ... ok
contracts	Run source-free manifest and contamination contracts	2026-10-07T22:10:58.6306058Z test_symlink_and_drift_are_rejected (test_track_b_mechanism_readiness_v3.RevisionThreeScientificBoundaryTests.test_symlink_and_drift_are_rejected) ... ok
contracts	Run source-free manifest and contamination contracts	2026-10-07T22:10:58.6323977Z test_wrong_build_and_wrong_species_fail_closed (test_track_b_mechanism_readiness_v3.RevisionThreeScientificBoundaryTests.test_wrong_build_and_wrong_species_fail_closed) ... ok
contracts	Run source-free manifest and contamination contracts	2026-10-07T22:10:58.6337908Z test_upstream_block_stops_before_materialization (test_track_b_placo_runner.TrackBPLACORunnerTests.test_upstream_block_stops_before_materialization) ... ok
contracts	Run source-free manifest and contamination contracts	2026-10-07T22:10:59.1700000Z test_benchmark_leader_exit_cannot_block_on_descendant_held_output (test_track_b_placo_sequential_v2.TrackBPLACOSequentialV2Tests.test_benchmark_leader_exit_cannot_block_on_descendant_held_output) ... ok
contracts	Run source-free manifest and contamination contracts	2026-10-07T22:10:59.6863210Z test_benchmark_ps_sampler_cannot_replace_owned_r_process (test_track_b_placo_sequential_v2.TrackBPLACOSequentialV2Tests.test_benchmark_ps_sampler_cannot_replace_owned_r_process) ... ok
contracts	Run source-free manifest and contamination contracts	2026-10-07T22:10:59.6865001Z test_cleanup_allowlist_is_narrow (test_track_b_placo_sequential_v2.TrackBPLACOSequentialV2Tests.test_cleanup_allowlist_is_narrow) ... ok
contracts	Run source-free manifest and contamination contracts	2026-10-07T22:10:59.6883449Z test_cleanup_inventory_fails_closed_on_unknown_file_and_symlink (test_track_b_placo_sequential_v2.TrackBPLACOSequentialV2Tests.test_cleanup_inventory_fails_closed_on_unknown_file_and_symlink) ... ok
contracts	Run source-free manifest and contamination contracts	2026-10-07T22:10:59.6903701Z test_complete_stage_without_monitor_receipt_is_audited_before_rebuild (test_track_b_placo_sequential_v2.TrackBPLACOSequentialV2Tests.test_complete_stage_without_monitor_receipt_is_audited_before_rebuild) ... ok
contracts	Run source-free manifest and contamination contracts	2026-10-07T22:10:59.6908074Z test_contract_freezes_sequential_science_and_no_ld (test_track_b_placo_sequential_v2.TrackBPLACOSequentialV2Tests.test_contract_freezes_sequential_science_and_no_ld) ... ok
contracts	Run source-free manifest and contamination contracts	2026-10-07T22:10:59.6919993Z test_coordinator_revalidates_both_archive_states_against_terminal_gate (test_track_b_placo_sequential_v2.TrackBPLACOSequentialV2Tests.test_coordinator_revalidates_both_archive_states_against_terminal_gate) ... ok
contracts	Run source-free manifest and contamination contracts	2026-10-07T22:10:59.7065177Z test_every_documented_crash_temporary_including_empty_is_audited (test_track_b_placo_sequential_v2.TrackBPLACOSequentialV2Tests.test_every_documented_crash_temporary_including_empty_is_audited) ... ok
contracts	Run source-free manifest and contamination contracts	2026-10-07T22:10:59.7169882Z test_exact_canonical_publication_prefixes_reconcile_after_each_link (test_track_b_placo_sequential_v2.TrackBPLACOSequentialV2Tests.test_exact_canonical_publication_prefixes_reconcile_after_each_link) ... ok
contracts	Run source-free manifest and contamination contracts	2026-10-07T22:10:59.7194452Z test_existing_cleanup_plan_resumes_without_reanalysis (test_track_b_placo_sequential_v2.TrackBPLACOSequentialV2Tests.test_existing_cleanup_plan_resumes_without_reanalysis) ... ok
contracts	Run source-free manifest and contamination contracts	2026-10-07T22:10:59.7200822Z test_frozen_and_additive_predecessors_remain_byte_identical (test_track_b_placo_sequential_v2.TrackBPLACOSequentialV2Tests.test_frozen_and_additive_predecessors_remain_byte_identical) ... ok
contracts	Run source-free manifest and contamination contracts	2026-10-07T22:10:59.7215109Z test_hardlink_reclaim_accounting_counts_physical_bytes_once (test_track_b_placo_sequential_v2.TrackBPLACOSequentialV2Tests.test_hardlink_reclaim_accounting_counts_physical_bytes_once) ... ok
contracts	Run source-free manifest and contamination contracts	2026-10-07T22:11:00.2264950Z test_live_rss_guard_terminates_owned_process_group (test_track_b_placo_sequential_v2.TrackBPLACOSequentialV2Tests.test_live_rss_guard_terminates_owned_process_group) ... ok
contracts	Run source-free manifest and contamination contracts	2026-10-07T22:11:00.7325171Z test_matched_benchmark_guard_uses_owned_process_group_and_records_failure (test_track_b_placo_sequential_v2.TrackBPLACOSequentialV2Tests.test_matched_benchmark_guard_uses_owned_process_group_and_records_failure) ... ok
contracts	Run source-free manifest and contamination contracts	2026-10-07T22:11:00.7343772Z test_no_replace_publication_rolls_back_its_exact_inode_on_fsync_failure (test_track_b_placo_sequential_v2.TrackBPLACOSequentialV2Tests.test_no_replace_publication_rolls_back_its_exact_inode_on_fsync_failure) ... ok
contracts	Run source-free manifest and contamination contracts	2026-10-07T22:11:00.7373711Z test_non_hardlinked_canonical_prefix_fails_closed (test_track_b_placo_sequential_v2.TrackBPLACOSequentialV2Tests.test_non_hardlinked_canonical_prefix_fails_closed) ... ok
contracts	Run source-free manifest and contamination contracts	2026-10-07T22:11:00.7393602Z test_over_envelope_benchmark_routes_to_durable_rejection_event (test_track_b_placo_sequential_v2.TrackBPLACOSequentialV2Tests.test_over_envelope_benchmark_routes_to_durable_rejection_event) ... ok
contracts	Run source-free manifest and contamination contracts	2026-10-07T22:11:00.7420780Z test_partial_canonical_family_never_triggers_replacement (test_track_b_placo_sequential_v2.TrackBPLACOSequentialV2Tests.test_partial_canonical_family_never_triggers_replacement) ... ok
contracts	Run source-free manifest and contamination contracts	2026-10-07T22:11:00.7478134Z test_partial_materialization_is_audited_then_regenerated (test_track_b_placo_sequential_v2.TrackBPLACOSequentialV2Tests.test_partial_materialization_is_audited_then_regenerated) ... ok
contracts	Run source-free manifest and contamination contracts	2026-10-07T22:11:00.7485425Z test_post_materialization_runner_uses_frozen_eight_gib_floor (test_track_b_placo_sequential_v2.TrackBPLACOSequentialV2Tests.test_post_materialization_runner_uses_frozen_eight_gib_floor) ... ok
contracts	Run source-free manifest and contamination contracts	2026-10-07T22:11:00.7508175Z test_preflight_forecasts_pending_prior_canonical_reserve (test_track_b_placo_sequential_v2.TrackBPLACOSequentialV2Tests.test_preflight_forecasts_pending_prior_canonical_reserve) ... ok
contracts	Run source-free manifest and contamination contracts	2026-10-07T22:11:00.7510522Z test_process_group_rss_includes_reparented_group_members (test_track_b_placo_sequential_v2.TrackBPLACOSequentialV2Tests.test_process_group_rss_includes_reparented_group_members) ... ok
contracts	Run source-free manifest and contamination contracts	2026-10-07T22:11:00.7513448Z test_ram_admission_is_capped_at_eight_gib_even_on_larger_host (test_track_b_placo_sequential_v2.TrackBPLACOSequentialV2Tests.test_ram_admission_is_capped_at_eight_gib_even_on_larger_host) ... ok
contracts	Run source-free manifest and contamination contracts	2026-10-07T22:11:00.7516084Z test_ram_admission_rejects_worker_mismatch_and_uses_smaller_host (test_track_b_placo_sequential_v2.TrackBPLACOSequentialV2Tests.test_ram_admission_rejects_worker_mismatch_and_uses_smaller_host) ... ok
contracts	Run source-free manifest and contamination contracts	2026-10-07T22:11:00.7757911Z test_ram_aggregate_federates_three_pair_specific_fingerprints (test_track_b_placo_sequential_v2.TrackBPLACOSequentialV2Tests.test_ram_aggregate_federates_three_pair_specific_fingerprints) ... ok
contracts	Run source-free manifest and contamination contracts	2026-10-07T22:11:00.7849248Z test_ram_provenance_can_restore_missing_tsv_after_process_death (test_track_b_placo_sequential_v2.TrackBPLACOSequentialV2Tests.test_ram_provenance_can_restore_missing_tsv_after_process_death) ... ok
contracts	Run source-free manifest and contamination contracts	2026-10-07T22:11:00.7918291Z test_ram_provenance_rejects_exact_peak_row_disagreement (test_track_b_placo_sequential_v2.TrackBPLACOSequentialV2Tests.test_ram_provenance_rejects_exact_peak_row_disagreement) ... ok
contracts	Run source-free manifest and contamination contracts	2026-10-07T22:11:00.7938491Z test_record_temp_repair_requires_the_affected_pair_lease (test_track_b_placo_sequential_v2.TrackBPLACOSequentialV2Tests.test_record_temp_repair_requires_the_affected_pair_lease) ... ok
contracts	Run source-free manifest and contamination contracts	2026-10-07T22:11:00.7946744Z test_reproducibility_bundle_requires_ram_and_all_small_evidence (test_track_b_placo_sequential_v2.TrackBPLACOSequentialV2Tests.test_reproducibility_bundle_requires_ram_and_all_small_evidence) ... ok
contracts	Run source-free manifest and contamination contracts	2026-10-07T22:11:00.7964536Z test_run_order_is_fixed_and_one_repository_lock_spans_family (test_track_b_placo_sequential_v2.TrackBPLACOSequentialV2Tests.test_run_order_is_fixed_and_one_repository_lock_spans_family) ... ok
contracts	Run source-free manifest and contamination contracts	2026-10-07T22:11:00.8204291Z test_sigkill_window_reconciles_terminal_failure_event_without_retry (test_track_b_placo_sequential_v2.TrackBPLACOSequentialV2Tests.test_sigkill_window_reconciles_terminal_failure_event_without_retry) ... ok
contracts	Run source-free manifest and contamination contracts	2026-10-07T22:11:00.8207030Z test_source_contains_no_ld_materializer_execution (test_track_b_placo_sequential_v2.TrackBPLACOSequentialV2Tests.test_source_contains_no_ld_materializer_execution) ... ok
contracts	Run source-free manifest and contamination contracts	2026-10-07T22:11:00.8209360Z test_storage_forecast_quantifies_exact_shortfall (test_track_b_placo_sequential_v2.TrackBPLACOSequentialV2Tests.test_storage_forecast_quantifies_exact_shortfall) ... ok
contracts	Run source-free manifest and contamination contracts	2026-10-07T22:11:00.8283100Z test_terminal_gate_exact_prefix_is_restart_safe_and_out_of_order_fails (test_track_b_placo_sequential_v2.TrackBPLACOSequentialV2Tests.test_terminal_gate_exact_prefix_is_restart_safe_and_out_of_order_fails) ... ok
contracts	Run source-free manifest and contamination contracts	2026-10-07T22:11:00.8356011Z test_unattested_complete_benchmark_is_audited_before_restart (test_track_b_placo_sequential_v2.TrackBPLACOSequentialV2Tests.test_unattested_complete_benchmark_is_audited_before_restart) ... ok
contracts	Run source-free manifest and contamination contracts	2026-10-07T22:11:01.3404878Z test_unmeasurable_live_rss_terminates_fail_closed (test_track_b_placo_sequential_v2.TrackBPLACOSequentialV2Tests.test_unmeasurable_live_rss_terminates_fail_closed) ... ok
contracts	Run source-free manifest and contamination contracts	2026-10-07T22:11:01.3968662Z test_validated_cleanup_is_restartable_and_retains_canonical_evidence (test_track_b_placo_sequential_v2.TrackBPLACOSequentialV2Tests.test_validated_cleanup_is_restartable_and_retains_canonical_evidence) ... ok
contracts	Run source-free manifest and contamination contracts	2026-10-07T22:11:01.3991435Z test_worker_lease_payload_binds_pair_run_and_inode (test_track_b_placo_sequential_v2.TrackBPLACOSequentialV2Tests.test_worker_lease_payload_binds_pair_run_and_inode) ... ok
contracts	Run source-free manifest and contamination contracts	2026-10-07T22:11:01.4114852Z test_worker_lease_survives_coordinator_sigkill_until_child_exits (test_track_b_placo_sequential_v2.TrackBPLACOSequentialV2Tests.test_worker_lease_survives_coordinator_sigkill_until_child_exits) ... ok
contracts	Run source-free manifest and contamination contracts	2026-10-07T22:11:01.4223589Z test_zero_rss_start_failure_is_valid_immutable_failure_evidence (test_track_b_placo_sequential_v2.TrackBPLACOSequentialV2Tests.test_zero_rss_start_failure_is_valid_immutable_failure_evidence) ... ok
contracts	Run source-free manifest and contamination contracts	2026-10-07T22:11:01.4227864Z test_archive_gate_binding_is_state_invariant (test_track_b_placo_terminal_gate_v2.TrackBPLACOTerminalGateV2Tests.test_archive_gate_binding_is_state_invariant) ... ok
contracts	Run source-free manifest and contamination contracts	2026-10-07T22:11:01.4247412Z test_benchmark_rejects_partial_global_nuisance_scope (test_track_b_placo_terminal_gate_v2.TrackBPLACOTerminalGateV2Tests.test_benchmark_rejects_partial_global_nuisance_scope) ... ok
contracts	Run source-free manifest and contamination contracts	2026-10-07T22:11:01.4250352Z test_bridge_accepts_only_the_exact_inherited_v1_snapshot (test_track_b_placo_terminal_gate_v2.TrackBPLACOTerminalGateV2Tests.test_bridge_accepts_only_the_exact_inherited_v1_snapshot) ... ok
contracts	Run source-free manifest and contamination contracts	2026-10-07T22:11:01.4276409Z test_bridge_direct_mutation_cli_is_retired_before_context_access (test_track_b_placo_terminal_gate_v2.TrackBPLACOTerminalGateV2Tests.test_bridge_direct_mutation_cli_is_retired_before_context_access) ... ok
contracts	Run source-free manifest and contamination contracts	2026-10-07T22:11:01.4314329Z test_canonical_publication_boundary_preserves_replacement_on_rollback (test_track_b_placo_terminal_gate_v2.TrackBPLACOTerminalGateV2Tests.test_canonical_publication_boundary_preserves_replacement_on_rollback) ... ok
contracts	Run source-free manifest and contamination contracts	2026-10-07T22:11:01.4350130Z test_canonical_publication_supports_one_provenance_source_twice (test_track_b_placo_terminal_gate_v2.TrackBPLACOTerminalGateV2Tests.test_canonical_publication_supports_one_provenance_source_twice) ... ok
contracts	Run source-free manifest and contamination contracts	2026-10-07T22:11:01.4361250Z test_evicted_lineage_skips_only_legacy_live_archive_fingerprint (test_track_b_placo_terminal_gate_v2.TrackBPLACOTerminalGateV2Tests.test_evicted_lineage_skips_only_legacy_live_archive_fingerprint) ... ok
contracts	Run source-free manifest and contamination contracts	2026-10-07T22:11:01.4412876Z test_full_scan_is_forced_through_stage_only_before_v2_publication (test_track_b_placo_terminal_gate_v2.TrackBPLACOTerminalGateV2Tests.test_full_scan_is_forced_through_stage_only_before_v2_publication) ... ok
contracts	Run source-free manifest and contamination contracts	2026-10-07T22:11:01.4416609Z test_full_scan_rejects_staged_worker_resume_that_differs_from_admission (test_track_b_placo_terminal_gate_v2.TrackBPLACOTerminalGateV2Tests.test_full_scan_rejects_staged_worker_resume_that_differs_from_admission) ... ok
contracts	Run source-free manifest and contamination contracts	2026-10-07T22:11:01.4422735Z test_gate_publication_rejects_symlinked_namespace (test_track_b_placo_terminal_gate_v2.TrackBPLACOTerminalGateV2Tests.test_gate_publication_rejects_symlinked_namespace) ... ok
contracts	Run source-free manifest and contamination contracts	2026-10-07T22:11:01.4487635Z test_inode_safe_rollback_never_unlinks_a_replacement (test_track_b_placo_terminal_gate_v2.TrackBPLACOTerminalGateV2Tests.test_inode_safe_rollback_never_unlinks_a_replacement) ... ok
contracts	Run source-free manifest and contamination contracts	2026-10-07T22:11:01.4532187Z test_multiworker_scan_requires_aggregate_rss_but_one_worker_fallback_is_legal (test_track_b_placo_terminal_gate_v2.TrackBPLACOTerminalGateV2Tests.test_multiworker_scan_requires_aggregate_rss_but_one_worker_fallback_is_legal) ... ok
contracts	Run source-free manifest and contamination contracts	2026-10-07T22:11:01.4554226Z test_pre_result_scan_includes_work_stages_benchmarks_and_checkpoints (test_track_b_placo_terminal_gate_v2.TrackBPLACOTerminalGateV2Tests.test_pre_result_scan_includes_work_stages_benchmarks_and_checkpoints) ... ok
contracts	Run source-free manifest and contamination contracts	2026-10-07T22:11:01.4567125Z test_present_lineage_retains_deep_legacy_validation (test_track_b_placo_terminal_gate_v2.TrackBPLACOTerminalGateV2Tests.test_present_lineage_retains_deep_legacy_validation) ... ok
contracts	Run source-free manifest and contamination contracts	2026-10-07T22:11:01.4570229Z test_readiness_is_full_p_only_and_keeps_locus_publication_blocked (test_track_b_placo_terminal_gate_v2.TrackBPLACOTerminalGateV2Tests.test_readiness_is_full_p_only_and_keeps_locus_publication_blocked) ... ok
contracts	Run source-free manifest and contamination contracts	2026-10-07T22:11:01.4574642Z test_reference_archive_guard_accepts_exactly_two_states (test_track_b_placo_terminal_gate_v2.TrackBPLACOTerminalGateV2Tests.test_reference_archive_guard_accepts_exactly_two_states) ... ok
contracts	Run source-free manifest and contamination contracts	2026-10-07T22:11:01.4626255Z test_repository_lock_is_cross_pair_nonblocking_and_stale_safe (test_track_b_placo_terminal_gate_v2.TrackBPLACOTerminalGateV2Tests.test_repository_lock_is_cross_pair_nonblocking_and_stale_safe) ... ok
contracts	Run source-free manifest and contamination contracts	2026-10-07T22:11:01.4660475Z test_repository_lock_rechecks_path_after_flock_before_writing (test_track_b_placo_terminal_gate_v2.TrackBPLACOTerminalGateV2Tests.test_repository_lock_rechecks_path_after_flock_before_writing) ... ok
contracts	Run source-free manifest and contamination contracts	2026-10-07T22:11:01.4671125Z test_repository_lock_rejects_hardlink_without_truncating_target (test_track_b_placo_terminal_gate_v2.TrackBPLACOTerminalGateV2Tests.test_repository_lock_rejects_hardlink_without_truncating_target) ... ok
contracts	Run source-free manifest and contamination contracts	2026-10-07T22:11:01.4673211Z test_terminal_failed_qc_is_terminal_but_never_passed_evidence (test_track_b_placo_terminal_gate_v2.TrackBPLACOTerminalGateV2Tests.test_terminal_failed_qc_is_terminal_but_never_passed_evidence) ... ok
contracts	Run source-free manifest and contamination contracts	2026-10-07T22:11:01.4687575Z test_terminal_gate_rejects_any_partial_canonical_lava_family (test_track_b_placo_terminal_gate_v2.TrackBPLACOTerminalGateV2Tests.test_terminal_gate_rejects_any_partial_canonical_lava_family) ... ok
contracts	Run source-free manifest and contamination contracts	2026-10-07T22:11:01.4715803Z test_v2_fingerprint_binds_terminal_gate_bridge_and_failed_qc_semantics (test_track_b_placo_terminal_gate_v2.TrackBPLACOTerminalGateV2Tests.test_v2_fingerprint_binds_terminal_gate_bridge_and_failed_qc_semantics) ... ok
contracts	Run source-free manifest and contamination contracts	2026-10-07T22:11:01.4722694Z test_v2_path_validation_rejects_out_of_tree_symlink (test_track_b_placo_terminal_gate_v2.TrackBPLACOTerminalGateV2Tests.test_v2_path_validation_rejects_out_of_tree_symlink) ... ok
contracts	Run source-free manifest and contamination contracts	2026-10-07T22:11:01.4734892Z test_verify_gate_rejects_symlinked_readiness_even_with_matching_bytes (test_track_b_placo_terminal_gate_v2.TrackBPLACOTerminalGateV2Tests.test_verify_gate_rejects_symlinked_readiness_even_with_matching_bytes) ... ok
contracts	Run source-free manifest and contamination contracts	2026-10-07T22:11:01.4884501Z test_zero_and_truncated_gate_temporaries_are_audited_then_removed (test_track_b_placo_terminal_gate_v2.TrackBPLACOTerminalGateV2Tests.test_zero_and_truncated_gate_temporaries_are_audited_then_removed) ... ok
contracts	Run source-free manifest and contamination contracts	2026-10-07T22:11:01.4887389Z test_canonical_07_08_09_and_control_contract (test_track_b_pleiotropy_contract.TrackBPleiotropyContractTests.test_canonical_07_08_09_and_control_contract) ... ok
contracts	Run source-free manifest and contamination contracts	2026-10-07T22:11:01.4890453Z test_comparison_labels_do_not_misclassify_blocked_methods (test_track_b_pleiotropy_contract.TrackBPleiotropyContractTests.test_comparison_labels_do_not_misclassify_blocked_methods) ... ok
contracts	Run source-free manifest and contamination contracts	2026-10-07T22:11:01.4893175Z test_contract_lock_binds_existing_pair_and_dense_locks (test_track_b_pleiotropy_contract.TrackBPleiotropyContractTests.test_contract_lock_binds_existing_pair_and_dense_locks) ... ok
contracts	Run source-free manifest and contamination contracts	2026-10-07T22:11:01.4895738Z test_exact_placo_and_conjfdr_threshold_families (test_track_b_pleiotropy_contract.TrackBPleiotropyContractTests.test_exact_placo_and_conjfdr_threshold_families) ... ok
contracts	Run source-free manifest and contamination contracts	2026-10-07T22:11:01.4910089Z test_full_eur_hg19_ld_and_signal_rules_are_frozen (test_track_b_pleiotropy_contract.TrackBPleiotropyContractTests.test_full_eur_hg19_ld_and_signal_rules_are_frozen) ... ok
contracts	Run source-free manifest and contamination contracts	2026-10-07T22:11:01.4912353Z test_gate_records_full_live_hash_count_and_schema (test_track_b_pleiotropy_contract.TrackBPleiotropyContractTests.test_gate_records_full_live_hash_count_and_schema) ... ok
contracts	Run source-free manifest and contamination contracts	2026-10-07T22:11:01.4914967Z test_pair_materialization_plausibility_floors_are_machine_checkable (test_track_b_pleiotropy_contract.TrackBPleiotropyContractTests.test_pair_materialization_plausibility_floors_are_machine_checkable) ... ok
contracts	Run source-free manifest and contamination contracts	2026-10-07T22:11:01.4917857Z test_primary_family_and_control_are_exact_and_disjoint (test_track_b_pleiotropy_contract.TrackBPleiotropyContractTests.test_primary_family_and_control_are_exact_and_disjoint) ... ok
contracts	Run source-free manifest and contamination contracts	2026-10-07T22:11:01.4921146Z test_readiness_is_not_presented_as_science (test_track_b_pleiotropy_contract.TrackBPleiotropyContractTests.test_readiness_is_not_presented_as_science) ... ok
contracts	Run source-free manifest and contamination contracts	2026-10-07T22:11:01.5912689Z test_active_lava_marker_blocks_before_staging (test_track_b_pleiotropy_ld.TrackBPleiotropyLDTests.test_active_lava_marker_blocks_before_staging) ... ok
contracts	Run source-free manifest and contamination contracts	2026-10-07T22:11:01.7802861Z test_disk_and_plink_identity_gates_fail_closed (test_track_b_pleiotropy_ld.TrackBPleiotropyLDTests.test_disk_and_plink_identity_gates_fail_closed) ... ok
contracts	Run source-free manifest and contamination contracts	2026-10-07T22:11:01.9328034Z test_invalid_bim_fails_closed_and_preserves_fingerprinted_stage (test_track_b_pleiotropy_ld.TrackBPleiotropyLDTests.test_invalid_bim_fails_closed_and_preserves_fingerprinted_stage) ... ok
contracts	Run source-free manifest and contamination contracts	2026-10-07T22:11:02.1189808Z test_missing_zip_member_and_tampered_archive_are_rejected (test_track_b_pleiotropy_ld.TrackBPleiotropyLDTests.test_missing_zip_member_and_tampered_archive_are_rejected) ... ok
contracts	Run source-free manifest and contamination contracts	2026-10-07T22:11:02.4465494Z test_partial_or_tampered_destination_is_never_replaced (test_track_b_pleiotropy_ld.TrackBPleiotropyLDTests.test_partial_or_tampered_destination_is_never_replaced) ... ok
contracts	Run source-free manifest and contamination contracts	2026-10-07T22:11:02.4467589Z test_production_policy_preserves_raw_x_but_forbids_it_from_analysis (test_track_b_pleiotropy_ld.TrackBPleiotropyLDTests.test_production_policy_preserves_raw_x_but_forbids_it_from_analysis) ... ok
contracts	Run source-free manifest and contamination contracts	2026-10-07T22:11:02.7326576Z test_tiny_zip_materializes_verifies_and_is_idempotent_no_replace (test_track_b_pleiotropy_ld.TrackBPleiotropyLDTests.test_tiny_zip_materializes_verifies_and_is_idempotent_no_replace) ... ok
contracts	Run source-free manifest and contamination contracts	2026-10-07T22:11:02.8266482Z test_archive_guard_accepts_exactly_two_states_and_consumer_audit_passes (test_track_b_pleiotropy_results_v2.TrackBPleiotropyResultsV2Tests.test_archive_guard_accepts_exactly_two_states_and_consumer_audit_passes) ... ok
contracts	Run source-free manifest and contamination contracts	2026-10-07T22:11:02.8367115Z test_bim_scan_preserves_absent_coordinate_and_allele_mismatch_rows (test_track_b_pleiotropy_results_v2.TrackBPleiotropyResultsV2Tests.test_bim_scan_preserves_absent_coordinate_and_allele_mismatch_rows) ... ok
contracts	Run source-free manifest and contamination contracts	2026-10-07T22:11:02.8370076Z test_blocked_conjfdr_never_emits_only_or_both_labels (test_track_b_pleiotropy_results_v2.TrackBPleiotropyResultsV2Tests.test_blocked_conjfdr_never_emits_only_or_both_labels) ... ok
contracts	Run source-free manifest and contamination contracts	2026-10-07T22:11:02.8506633Z test_complete_07_preserves_all_rows_and_numerical_failures (test_track_b_pleiotropy_results_v2.TrackBPleiotropyResultsV2Tests.test_complete_07_preserves_all_rows_and_numerical_failures) ... ok
contracts	Run source-free manifest and contamination contracts	2026-10-07T22:11:02.8531397Z test_complete_family_denominator_mismatch_fails (test_track_b_pleiotropy_results_v2.TrackBPleiotropyResultsV2Tests.test_complete_family_denominator_mismatch_fails) ... ok
contracts	Run source-free manifest and contamination contracts	2026-10-07T22:11:02.9297767Z test_deep_zero_family_verifier_remains_valid_after_downstream_publication (test_track_b_pleiotropy_results_v2.TrackBPleiotropyResultsV2Tests.test_deep_zero_family_verifier_remains_valid_after_downstream_publication) ... ok
contracts	Run source-free manifest and contamination contracts	2026-10-07T22:11:03.1317656Z test_default_runner_measures_live_parent_plus_owned_process_group (test_track_b_pleiotropy_results_v2.TrackBPleiotropyResultsV2Tests.test_default_runner_measures_live_parent_plus_owned_process_group) ... ok
contracts	Run source-free manifest and contamination contracts	2026-10-07T22:11:03.1836409Z test_default_runner_rejects_owned_pgid_that_outlives_leader (test_track_b_pleiotropy_results_v2.TrackBPleiotropyResultsV2Tests.test_default_runner_rejects_owned_pgid_that_outlives_leader) ... ok
contracts	Run source-free manifest and contamination contracts	2026-10-07T22:11:03.1839198Z test_disk_preflight_uses_exact_07_projection_and_explicit_allowance (test_track_b_pleiotropy_results_v2.TrackBPleiotropyResultsV2Tests.test_disk_preflight_uses_exact_07_projection_and_explicit_allowance) ... ok
contracts	Run source-free manifest and contamination contracts	2026-10-07T22:11:03.1866998Z test_every_mutating_cli_route_requires_explicit_execute (test_track_b_pleiotropy_results_v2.TrackBPleiotropyResultsV2Tests.test_every_mutating_cli_route_requires_explicit_execute) ... ok
contracts	Run source-free manifest and contamination contracts	2026-10-07T22:11:03.1871503Z test_exact_reference_match_retains_every_failure_class (test_track_b_pleiotropy_results_v2.TrackBPleiotropyResultsV2Tests.test_exact_reference_match_retains_every_failure_class) ... ok
contracts	Run source-free manifest and contamination contracts	2026-10-07T22:11:03.1980718Z test_mocked_plink_commands_use_actual_p_and_pairwise_audit (test_track_b_pleiotropy_results_v2.TrackBPleiotropyResultsV2Tests.test_mocked_plink_commands_use_actual_p_and_pairwise_audit) ... ok
contracts	Run source-free manifest and contamination contracts	2026-10-07T22:11:03.2067298Z test_mocked_plink_rejects_lead_not_ordered_by_actual_p (test_track_b_pleiotropy_results_v2.TrackBPleiotropyResultsV2Tests.test_mocked_plink_rejects_lead_not_ordered_by_actual_p) ... ok
contracts	Run source-free manifest and contamination contracts	2026-10-07T22:11:03.2192761Z test_multiple_independent_leads_in_one_block_and_no_cross_pair_collapse (test_track_b_pleiotropy_results_v2.TrackBPleiotropyResultsV2Tests.test_multiple_independent_leads_in_one_block_and_no_cross_pair_collapse) ... ok
contracts	Run source-free manifest and contamination contracts	2026-10-07T22:11:03.2285500Z test_no_replace_rejects_same_bytes_different_inode_and_symlink (test_track_b_pleiotropy_results_v2.TrackBPleiotropyResultsV2Tests.test_no_replace_rejects_same_bytes_different_inode_and_symlink) ... ok
contracts	Run source-free manifest and contamination contracts	2026-10-07T22:11:03.2392319Z test_own_result_verifier_allows_later_authorized_finemapping_outputs (test_track_b_pleiotropy_results_v2.TrackBPleiotropyResultsV2Tests.test_own_result_verifier_allows_later_authorized_finemapping_outputs) ... ok
contracts	Run source-free manifest and contamination contracts	2026-10-07T22:11:03.2495109Z test_partial_publication_is_prefix_only_and_crash_resumes_without_replace (test_track_b_pleiotropy_results_v2.TrackBPleiotropyResultsV2Tests.test_partial_publication_is_prefix_only_and_crash_resumes_without_replace) ... ok
contracts	Run source-free manifest and contamination contracts	2026-10-07T22:11:03.2497802Z test_real_plink_output_parser_and_strict_pairwise_r2 (test_track_b_pleiotropy_results_v2.TrackBPleiotropyResultsV2Tests.test_real_plink_output_parser_and_strict_pairwise_r2) ... ok
contracts	Run source-free manifest and contamination contracts	2026-10-07T22:11:03.2499444Z test_rss_units_and_pgid_sampling_include_reparented_descendants (test_track_b_pleiotropy_results_v2.TrackBPleiotropyResultsV2Tests.test_rss_units_and_pgid_sampling_include_reparented_descendants) ... ok
contracts	Run source-free manifest and contamination contracts	2026-10-07T22:11:03.2567168Z test_runtime_reference_and_plink_are_frozen_as_exact_inodes (test_track_b_pleiotropy_results_v2.TrackBPleiotropyResultsV2Tests.test_runtime_reference_and_plink_are_frozen_as_exact_inodes) ... ok
contracts	Run source-free manifest and contamination contracts	2026-10-07T22:11:03.2651436Z test_same_size_named_inode_replacement_during_hash_is_detected (test_track_b_pleiotropy_results_v2.TrackBPleiotropyResultsV2Tests.test_same_size_named_inode_replacement_during_hash_is_detected) ... ok
contracts	Run source-free manifest and contamination contracts	2026-10-07T22:11:03.2655390Z test_schemas_paths_and_ram_namespace_are_additive (test_track_b_pleiotropy_results_v2.TrackBPleiotropyResultsV2Tests.test_schemas_paths_and_ram_namespace_are_additive) ... ok
contracts	Run source-free manifest and contamination contracts	2026-10-07T22:11:03.2663318Z test_special_files_and_package_symlinks_are_rejected (test_track_b_pleiotropy_results_v2.TrackBPleiotropyResultsV2Tests.test_special_files_and_package_symlinks_are_rejected) ... ok
contracts	Run source-free manifest and contamination contracts	2026-10-07T22:11:03.2665257Z test_threshold_union_and_primary_vs_control_labels (test_track_b_pleiotropy_results_v2.TrackBPleiotropyResultsV2Tests.test_threshold_union_and_primary_vs_control_labels) ... ok
contracts	Run source-free manifest and contamination contracts	2026-10-07T22:11:03.2667026Z test_zero_and_ld_blocked_mappings_have_no_header_only_science_tables (test_track_b_pleiotropy_results_v2.TrackBPleiotropyResultsV2Tests.test_zero_and_ld_blocked_mappings_have_no_header_only_science_tables) ... ok
contracts	Run source-free manifest and contamination contracts	2026-10-07T22:11:03.2696130Z test_complete_ready_bundle_reconciles_immutable_semantic_and_input_attestations (test_track_b_ram_aware_execution.TrackBRAMAwareExecutionTests.test_complete_ready_bundle_reconciles_immutable_semantic_and_input_attestations) ... ok
contracts	Run source-free manifest and contamination contracts	2026-10-07T22:11:03.2706364Z test_execution_evidence_verification_does_not_repair_a_tampered_report (test_track_b_ram_aware_execution.TrackBRAMAwareExecutionTests.test_execution_evidence_verification_does_not_repair_a_tampered_report) ... ok
contracts	Run source-free manifest and contamination contracts	2026-10-07T22:11:03.2708213Z test_input_only_selection_is_min_median_max_reference_snp_count (test_track_b_ram_aware_execution.TrackBRAMAwareExecutionTests.test_input_only_selection_is_min_median_max_reference_snp_count) ... ok
contracts	Run source-free manifest and contamination contracts	2026-10-07T22:11:03.2717552Z test_orphan_attempt_is_ignored_but_published_partial_bundle_fails_closed (test_track_b_ram_aware_execution.TrackBRAMAwareExecutionTests.test_orphan_attempt_is_ignored_but_published_partial_bundle_fails_closed) ... ok
contracts	Run source-free manifest and contamination contracts	2026-10-07T22:11:03.2805560Z test_ram_gate_includes_high_peak_scientific_fallback_attempt (test_track_b_ram_aware_execution.TrackBRAMAwareExecutionTests.test_ram_gate_includes_high_peak_scientific_fallback_attempt) ... ok
contracts	Run source-free manifest and contamination contracts	2026-10-07T22:11:03.2829595Z test_report_and_benchmark_have_the_exact_required_schema (test_track_b_ram_aware_execution.TrackBRAMAwareExecutionTests.test_report_and_benchmark_have_the_exact_required_schema) ... ok
contracts	Run source-free manifest and contamination contracts	2026-10-07T22:11:03.2832518Z test_runner_source_preserves_full_family_and_fresh_process_invariants (test_track_b_ram_aware_execution.TrackBRAMAwareExecutionTests.test_runner_source_preserves_full_family_and_fresh_process_invariants) ... ok
contracts	Run source-free manifest and contamination contracts	2026-10-07T22:11:03.2847090Z test_unsealed_historical_rows_cannot_enable_a_ram_pass (test_track_b_ram_aware_execution.TrackBRAMAwareExecutionTests.test_unsealed_historical_rows_cannot_enable_a_ram_pass) ... ok
contracts	Run source-free manifest and contamination contracts	2026-10-07T22:11:03.3355804Z test_freeze_copies_exact_bytes_and_receipt_is_last_verifiable (test_track_b_ram_v1_history.TrackBRAMV1HistoryTests.test_freeze_copies_exact_bytes_and_receipt_is_last_verifiable) ... ok
contracts	Run source-free manifest and contamination contracts	2026-10-07T22:11:03.3517716Z test_invalid_provenance_hash_shape_is_rejected (test_track_b_ram_v1_history.TrackBRAMV1HistoryTests.test_invalid_provenance_hash_shape_is_rejected) ... ok
contracts	Run source-free manifest and contamination contracts	2026-10-07T22:11:03.4184297Z test_rerun_is_idempotent_only_for_identical_history (test_track_b_ram_v1_history.TrackBRAMV1HistoryTests.test_rerun_is_idempotent_only_for_identical_history) ... ok
contracts	Run source-free manifest and contamination contracts	2026-10-07T22:11:03.4358656Z test_retained_process_failure_encoding_is_accepted (test_track_b_ram_v1_history.TrackBRAMV1HistoryTests.test_retained_process_failure_encoding_is_accepted) ... ok
contracts	Run source-free manifest and contamination contracts	2026-10-07T22:11:03.4518628Z test_stale_but_well_formed_provenance_is_preserved_and_disclosed (test_track_b_ram_v1_history.TrackBRAMV1HistoryTests.test_stale_but_well_formed_provenance_is_preserved_and_disclosed) ... ok
contracts	Run source-free manifest and contamination contracts	2026-10-07T22:11:03.4542523Z test_symlinked_source_is_rejected (test_track_b_ram_v1_history.TrackBRAMV1HistoryTests.test_symlinked_source_is_rejected) ... ok
contracts	Run source-free manifest and contamination contracts	2026-10-07T22:11:03.4694736Z test_truncated_benchmark_is_rejected (test_track_b_ram_v1_history.TrackBRAMV1HistoryTests.test_truncated_benchmark_is_rejected) ... ok
contracts	Run source-free manifest and contamination contracts	2026-10-07T22:11:03.5049138Z test_freeze_verifies (test_track_b_replication_freeze.TrackBReplicationFreezeTests.test_freeze_verifies) ... ok
contracts	Run source-free manifest and contamination contracts	2026-10-07T22:11:03.5051790Z test_pair_a_has_no_invalid_replication_credit (test_track_b_replication_freeze.TrackBReplicationFreezeTests.test_pair_a_has_no_invalid_replication_credit) ... ok
contracts	Run source-free manifest and contamination contracts	2026-10-07T22:11:03.5054097Z test_pair_b_source_is_exactly_version_pinned_finngen (test_track_b_replication_freeze.TrackBReplicationFreezeTests.test_pair_b_source_is_exactly_version_pinned_finngen) ... ok
contracts	Run source-free manifest and contamination contracts	2026-10-07T22:11:03.5055752Z test_source_selection_precedes_results (test_track_b_replication_freeze.TrackBReplicationFreezeTests.test_source_selection_precedes_results) ... ok
contracts	Run source-free manifest and contamination contracts	2026-10-07T22:11:03.5057318Z test_receipt_preserves_pre_result_state (test_track_b_replication_ingest.TrackBReplicationIngestTests.test_receipt_preserves_pre_result_state) ... ok
contracts	Run source-free manifest and contamination contracts	2026-10-07T22:11:03.5058853Z test_h2_failure_record_has_no_inferred_rg (test_track_b_replication_ldsc.TrackBReplicationLDSCTests.test_h2_failure_record_has_no_inferred_rg) ... ok
contracts	Run source-free manifest and contamination contracts	2026-10-07T22:11:03.5060658Z test_h2_parser_enforces_prespecified_gate (test_track_b_replication_ldsc.TrackBReplicationLDSCTests.test_h2_parser_enforces_prespecified_gate) ... ok
contracts	Run source-free manifest and contamination contracts	2026-10-07T22:11:03.5062663Z test_result_classification_is_direction_and_power_conservative (test_track_b_replication_ldsc.TrackBReplicationLDSCTests.test_result_classification_is_direction_and_power_conservative) ... ok
contracts	Run source-free manifest and contamination contracts	2026-10-07T22:11:03.5064009Z test_rg_parser_recomputes_p_and_requires_frozen_order (test_track_b_replication_ldsc.TrackBReplicationLDSCTests.test_rg_parser_recomputes_p_and_requires_frozen_order) ... ok
contracts	Run source-free manifest and contamination contracts	2026-10-07T22:11:03.5425800Z test_canonical_summary_verifies (test_track_b_replication_summary.TrackBReplicationSummaryTests.test_canonical_summary_verifies) ... ok
contracts	Run source-free manifest and contamination contracts	2026-10-07T22:11:03.5427784Z test_pair_a_terminal_and_pair_b_directional_evidence (test_track_b_replication_summary.TrackBReplicationSummaryTests.test_pair_a_terminal_and_pair_b_directional_evidence) ... ok
contracts	Run source-free manifest and contamination contracts	2026-10-07T22:11:03.5430365Z test_summary_never_promotes_global_replication_to_mechanism (test_track_b_replication_summary.TrackBReplicationSummaryTests.test_summary_never_promotes_global_replication_to_mechanism) ... ok
contracts	Run source-free manifest and contamination contracts	2026-10-07T22:11:03.5431281Z 
contracts	Run source-free manifest and contamination contracts	2026-10-07T22:11:03.5431458Z ----------------------------------------------------------------------
contracts	Run source-free manifest and contamination contracts	2026-10-07T22:11:03.5431871Z Ran 410 tests in 15.422s
contracts	Run source-free manifest and contamination contracts	2026-10-07T22:11:03.5432051Z 
contracts	Run source-free manifest and contamination contracts	2026-10-07T22:11:03.5432149Z OK
contracts	Run source-free manifest and contamination contracts	2026-10-07T22:11:03.5443253Z LAVA_REFERENCE_SEALED archives=1 files=44 out=ref/lava/ukb_v1.1/reference.provenance.json
contracts	Run source-free manifest and contamination contracts	2026-10-07T22:11:03.5444239Z MIXER_REFERENCE_SEALED files=2 bytes=13 out=ref/mixer/reference.provenance.json
contracts	Run source-free manifest and contamination contracts	2026-10-07T22:11:03.5445170Z Materialized 2 of 3 variants; excluded 1 non-rsID rows; floored 1 P values at 1e-300
contracts	Run source-free manifest and contamination contracts	2026-10-07T22:11:03.5446103Z Materialized 2 of 3 variants; excluded 1 non-rsID rows; floored 1 P values at 1e-300
contracts	Run source-free manifest and contamination contracts	2026-10-07T22:11:03.5447976Z TRACK_B_LAVA_V2_STAGED_RESULTS_SEMANTICALLY_VALIDATED source=aaaaaaaaaaaaaaaaaaaaaaaaaaaaaaaaaaaaaaaaaaaaaaaaaaaaaaaaaaaaaaaa continuation=bbbbbbbbbbbbbbbbbbbbbbbbbbbbbbbbbbbbbbbbbbbbbbbbbbbbbbbbbbbbbbbb
contracts	Run source-free manifest and contamination contracts	2026-10-07T22:11:03.5450723Z TRACK_B_LAVA_V2_TERMINAL_FAILED_QC source=aaaaaaaaaaaaaaaaaaaaaaaaaaaaaaaaaaaaaaaaaaaaaaaaaaaaaaaaaaaaaaaa continuation=bbbbbbbbbbbbbbbbbbbbbbbbbbbbbbbbbbbbbbbbbbbbbbbbbbbbbbbbbbbbbbbb full_family_complete=TRUE reasons=LOCUS_FAILURE_FRACTION_EXCEEDED attestation=/tmp/tmpr5evvj0y/finalize_unit_all.1/terminal_qc.json
contracts	Run source-free manifest and contamination contracts	2026-10-07T22:11:03.5453671Z TRACK_B_LAVA_V2_TERMINAL_FAILED_QC source=aaaaaaaaaaaaaaaaaaaaaaaaaaaaaaaaaaaaaaaaaaaaaaaaaaaaaaaaaaaaaaaa continuation=bbbbbbbbbbbbbbbbbbbbbbbbbbbbbbbbbbbbbbbbbbbbbbbbbbbbbbbbbbbbbbbb full_family_complete=TRUE reasons=LOCUS_FAILURE_FRACTION_EXCEEDED attestation=/tmp/tmpr5evvj0y/finalize_unit_all.1/terminal_qc.json
contracts	Run source-free manifest and contamination contracts	2026-10-07T22:11:03.5455229Z TRACK_B_LAVA_RESULTS_SEALED loci=6 artifacts=14
contracts	Run source-free manifest and contamination contracts	2026-10-07T22:11:03.5455559Z TRACK_B_LAVA_RESULTS_VALIDATED
contracts	Run source-free manifest and contamination contracts	2026-10-07T22:11:03.5455865Z TRACK_B_LAVA_RESULTS_SEALED loci=1 artifacts=4
contracts	Run source-free manifest and contamination contracts	2026-10-07T22:11:03.5456198Z TRACK_B_LAVA_RESULTS_VALIDATED
contracts	Run source-free manifest and contamination contracts	2026-10-07T22:11:03.5456780Z Explicit partition: 410 source-free; 51 archived-data/native integration tests. Integration is not a source-free success.
contracts	Record archived-data integration requirements	﻿2026-10-07T22:11:03.6332354Z ##[group]Run actions/upload-artifact@v4
contracts	Record archived-data integration requirements	2026-10-07T22:11:03.6332730Z with:
contracts	Record archived-data integration requirements	2026-10-07T22:11:03.6332963Z   name: contract-test-partition
contracts	Record archived-data integration requirements	2026-10-07T22:11:03.6333331Z   path: brain6/confirmatory_v2/qc/contract_test_partition.json
contracts	Record archived-data integration requirements	2026-10-07T22:11:03.6333707Z   if-no-files-found: warn
contracts	Record archived-data integration requirements	2026-10-07T22:11:03.6333959Z   compression-level: 6
contracts	Record archived-data integration requirements	2026-10-07T22:11:03.6334190Z   overwrite: false
contracts	Record archived-data integration requirements	2026-10-07T22:11:03.6334417Z   include-hidden-files: false
contracts	Record archived-data integration requirements	2026-10-07T22:11:03.6334665Z env:
contracts	Record archived-data integration requirements	2026-10-07T22:11:03.6334940Z   pythonLocation: /opt/hostedtoolcache/Python/3.11.11/x64
contracts	Record archived-data integration requirements	2026-10-07T22:11:03.6335390Z   PKG_CONFIG_PATH: /opt/hostedtoolcache/Python/3.11.11/x64/lib/pkgconfig
contracts	Record archived-data integration requirements	2026-10-07T22:11:03.6335888Z   Python_ROOT_DIR: /opt/hostedtoolcache/Python/3.11.11/x64
contracts	Record archived-data integration requirements	2026-10-07T22:11:03.6336304Z   Python2_ROOT_DIR: /opt/hostedtoolcache/Python/3.11.11/x64
contracts	Record archived-data integration requirements	2026-10-07T22:11:03.6336721Z   Python3_ROOT_DIR: /opt/hostedtoolcache/Python/3.11.11/x64
contracts	Record archived-data integration requirements	2026-10-07T22:11:03.6337127Z   LD_LIBRARY_PATH: /opt/hostedtoolcache/Python/3.11.11/x64/lib
contracts	Record archived-data integration requirements	2026-10-07T22:11:03.6337501Z ##[endgroup]
contracts	Record archived-data integration requirements	2026-10-07T22:11:03.7983454Z (node:2764) [DEP0040] DeprecationWarning: The `punycode` module is deprecated. Please use a userland alternative instead.
contracts	Record archived-data integration requirements	2026-10-07T22:11:03.7984306Z (Use `node --trace-deprecation ...` to show where the warning was created)
contracts	Record archived-data integration requirements	2026-10-07T22:11:03.8031600Z With the provided path, there will be 1 file uploaded
contracts	Record archived-data integration requirements	2026-10-07T22:11:03.8037837Z Artifact name is valid!
contracts	Record archived-data integration requirements	2026-10-07T22:11:03.8038518Z Root directory input is valid!
contracts	Record archived-data integration requirements	2026-10-07T22:11:04.1028017Z Beginning upload of artifact content to blob storage
contracts	Record archived-data integration requirements	2026-10-07T22:11:04.1218845Z (node:2764) [DEP0169] DeprecationWarning: `url.parse()` behavior is not standardized and prone to errors that have security implications. Use the WHATWG URL API instead. CVEs are not issued for `url.parse()` vulnerabilities.
contracts	Record archived-data integration requirements	2026-10-07T22:11:04.2553226Z Uploaded bytes 1979
contracts	Record archived-data integration requirements	2026-10-07T22:11:04.2968161Z Finished uploading artifact content to blob storage!
contracts	Record archived-data integration requirements	2026-10-07T22:11:04.2969532Z SHA256 digest of uploaded artifact zip is db3b03811a584269b53ce125c8ea9e8c072b060b8dd0a25aee3e2d6e95b06129
contracts	Record archived-data integration requirements	2026-10-07T22:11:04.2971007Z Finalizing artifact upload
contracts	Record archived-data integration requirements	2026-10-07T22:11:04.5732123Z Artifact contract-test-partition.zip successfully finalized. Artifact ID 11514448417
contracts	Record archived-data integration requirements	2026-10-07T22:11:04.5733819Z Artifact contract-test-partition has been successfully uploaded! Final size is 1979 bytes. Artifact ID is 11514448417
contracts	Record archived-data integration requirements	2026-10-07T22:11:04.5740476Z Artifact download URL: https://github.com/uskutsav-cpu/sleep-gwas-atlas/actions/runs/37694390305/artifacts/11514448417
contracts	Check shell entry points	﻿2026-10-07T22:11:04.5863907Z ##[group]Run for script in scripts/*.sh; do bash -n "$script"; done
contracts	Check shell entry points	2026-10-07T22:11:04.5864419Z ^[[36;1mfor script in scripts/*.sh; do bash -n "$script"; done^[[0m
contracts	Check shell entry points	2026-10-07T22:11:04.5929245Z shell: /usr/bin/bash -e {0}
contracts	Check shell entry points	2026-10-07T22:11:04.5929516Z env:
contracts	Check shell entry points	2026-10-07T22:11:04.5930073Z   pythonLocation: /opt/hostedtoolcache/Python/3.11.11/x64
contracts	Check shell entry points	2026-10-07T22:11:04.5930555Z   PKG_CONFIG_PATH: /opt/hostedtoolcache/Python/3.11.11/x64/lib/pkgconfig
contracts	Check shell entry points	2026-10-07T22:11:04.5931007Z   Python_ROOT_DIR: /opt/hostedtoolcache/Python/3.11.11/x64
contracts	Check shell entry points	2026-10-07T22:11:04.5931415Z   Python2_ROOT_DIR: /opt/hostedtoolcache/Python/3.11.11/x64
contracts	Check shell entry points	2026-10-07T22:11:04.5931823Z   Python3_ROOT_DIR: /opt/hostedtoolcache/Python/3.11.11/x64
contracts	Check shell entry points	2026-10-07T22:11:04.5932236Z   LD_LIBRARY_PATH: /opt/hostedtoolcache/Python/3.11.11/x64/lib
contracts	Check shell entry points	2026-10-07T22:11:04.5932577Z ##[endgroup]
contracts	Validate locked panel and declared sources	﻿2026-10-07T22:11:04.6340437Z ##[group]Run python scripts/00_validate_panel.py
contracts	Validate locked panel and declared sources	2026-10-07T22:11:04.6340896Z ^[[36;1mpython scripts/00_validate_panel.py^[[0m
contracts	Validate locked panel and declared sources	2026-10-07T22:11:04.6341423Z ^[[36;1mpython scripts/10_phase0_audit.py --strict --out results/_smoketest/trait_readiness.tsv^[[0m
contracts	Validate locked panel and declared sources	2026-10-07T22:11:04.6341986Z ^[[36;1mpython scripts/99_atlas_acceptance.py --report-only^[[0m
contracts	Validate locked panel and declared sources	2026-10-07T22:11:04.6408512Z shell: /usr/bin/bash -e {0}
contracts	Validate locked panel and declared sources	2026-10-07T22:11:04.6408785Z env:
contracts	Validate locked panel and declared sources	2026-10-07T22:11:04.6409069Z   pythonLocation: /opt/hostedtoolcache/Python/3.11.11/x64
contracts	Validate locked panel and declared sources	2026-10-07T22:11:04.6409535Z   PKG_CONFIG_PATH: /opt/hostedtoolcache/Python/3.11.11/x64/lib/pkgconfig
contracts	Validate locked panel and declared sources	2026-10-07T22:11:04.6410201Z   Python_ROOT_DIR: /opt/hostedtoolcache/Python/3.11.11/x64
contracts	Validate locked panel and declared sources	2026-10-07T22:11:04.6410626Z   Python2_ROOT_DIR: /opt/hostedtoolcache/Python/3.11.11/x64
contracts	Validate locked panel and declared sources	2026-10-07T22:11:04.6411042Z   Python3_ROOT_DIR: /opt/hostedtoolcache/Python/3.11.11/x64
contracts	Validate locked panel and declared sources	2026-10-07T22:11:04.6411466Z   LD_LIBRARY_PATH: /opt/hostedtoolcache/Python/3.11.11/x64/lib
contracts	Validate locked panel and declared sources	2026-10-07T22:11:04.6411809Z ##[endgroup]
contracts	Validate locked panel and declared sources	2026-10-07T22:11:04.6758550Z PANEL_LOCK_OK atlas-v1.0 45 traits manifest_sha256=38d3d430507880e8623fc2b5dd3f4dcf963dcc346d99b14bb6c185a64e361a80
contracts	Validate locked panel and declared sources	2026-10-07T22:11:04.9968450Z PANEL_LOCK_OK atlas-v1.0 45 traits manifest_sha256=38d3d430507880e8623fc2b5dd3f4dcf963dcc346d99b14bb6c185a64e361a80
contracts	Validate locked panel and declared sources	2026-10-07T22:11:05.0352686Z Wrote readiness ledger: results/_smoketest/trait_readiness.tsv
contracts	Validate locked panel and declared sources	2026-10-07T22:11:05.0353385Z source_verified: 45 / 45
contracts	Validate locked panel and declared sources	2026-10-07T22:11:05.0353704Z harmonization_ready: 0 / 45
contracts	Validate locked panel and declared sources	2026-10-07T22:11:05.0354007Z ldsc_ready: 0 / 45
contracts	Validate locked panel and declared sources	2026-10-07T22:11:05.0354278Z liability_h2_ready: 0 / 45
contracts	Validate locked panel and declared sources	2026-10-07T22:11:05.0354574Z phase1_pass: 0 / 45
contracts	Validate locked panel and declared sources	2026-10-07T22:11:05.0354903Z SOURCE_VERIFIED declarations without evidence: 0
contracts	Validate locked panel and declared sources	2026-10-07T22:11:05.1244924Z PASS    locked_panel             config/analysis_panel.tsv + config/analysis_panel.lock.json
contracts	Validate locked panel and declared sources	2026-10-07T22:11:05.1246284Z PASS    source_curation          45/45 SOURCE_VERIFIED in analysis_panel.tsv
contracts	Validate locked panel and declared sources	2026-10-07T22:11:05.1247377Z PASS    source_schemas           45/45 selected source schemas verified
contracts	Validate locked panel and declared sources	2026-10-07T22:11:05.1251490Z BLOCKED harmonization            complete harmonization QC ledgers; missing or non-real: insomnia, sleepdur, shortsleep, longsleep, chronotype, sleepiness, napping, snoring, sleep_apnea, sleep_efficiency, accel_sleep_duration, sleep_timing, alz, parkinson, mdd, scz, bipolar, adhd, ibd, crohn, uc, ra, ms, asthma, bmi, t2d, ldl, hdl, triglycerides, cad, stroke, atrial_fibrillation, sbp, longevity, parental_lifespan, healthspan, frailty, telomere_length, grip_strength, breast_cancer, prostate_cancer, colorectal_cancer, lung_cancer, melanoma, ovarian_cancer
contracts	Validate locked panel and declared sources	2026-10-07T22:11:05.1256350Z BLOCKED ldsc_inputs              complete canonical HapMap3 inputs; missing or non-real: insomnia, sleepdur, shortsleep, longsleep, chronotype, sleepiness, napping, snoring, sleep_apnea, sleep_efficiency, accel_sleep_duration, sleep_timing, alz, parkinson, mdd, scz, bipolar, adhd, ibd, crohn, uc, ra, ms, asthma, bmi, t2d, ldl, hdl, triglycerides, cad, stroke, atrial_fibrillation, sbp, longevity, parental_lifespan, healthspan, frailty, telomere_length, grip_strength, breast_cancer, prostate_cancer, colorectal_cancer, lung_cancer, melanoma, ovarian_cancer
contracts	Validate locked panel and declared sources	2026-10-07T22:11:05.1258894Z BLOCKED ldsc_h2                  missing real non-empty artifact: results/tables/h2_summary.tsv
contracts	Validate locked panel and declared sources	2026-10-07T22:11:05.1259586Z BLOCKED sleep_disease_rg         missing real non-empty artifact: results/tables/rg_matrix.tsv
contracts	Validate locked panel and declared sources	2026-10-07T22:11:05.1260825Z BLOCKED full_covariance          estimate the complete 45-trait covariance structure; missing real non-empty artifact: results/tables/ldsc_covariance_45x45.tsv
contracts	Validate locked panel and declared sources	2026-10-07T22:11:05.1262580Z BLOCKED lava                     run complete local-univariate and eligible bivariate LAVA; missing real non-empty artifact(s): results/tables/lava_locus_status.tsv, results/tables/lava_univariate.tsv, results/tables/lava_bivariate.tsv, results/tables/lava_results.provenance.json
contracts	Validate locked panel and declared sources	2026-10-07T22:11:05.1264368Z BLOCKED mixer                    run complete 20-replicate univariate MiXeR then every eligible sleep-by-non-sleep pair; missing real non-empty artifact(s): results/tables/mixer_univariate.tsv, results/tables/mixer_bivariate.tsv
contracts	Validate locked panel and declared sources	2026-10-07T22:11:05.1266157Z BLOCKED pleiotropic_loci         complete all 396 PLACO+/conjunction-FDR scans and cross-method collation; missing real non-empty artifact(s): results/atlas/shared_loci.tsv, results/atlas/shared_loci.provenance.json
contracts	Validate locked panel and declared sources	2026-10-07T22:11:05.1268363Z BLOCKED fine_mapping             fine-map every primary cross-method shared locus with signal-specific credible sets and PIPs; missing real non-empty artifact(s): results/atlas/loci.tsv, results/atlas/variants.tsv, results/tables/fine_mapping_credible_sets.tsv, results/tables/fine_mapping_diagnostics.tsv, results/tables/trait_trait_colocalization.tsv, results/atlas/fine_mapping.provenance.json
contracts	Validate locked panel and declared sources	2026-10-07T22:11:05.1271367Z BLOCKED colocalization           complete trait-trait and molecular-QTL signal-level colocalization; missing real non-empty artifact(s): results/tables/molecular_qtl_colocalization.tsv, results/tables/colocalization.tsv, results/tables/twas.tsv, results/tables/molecular_locus_coverage.tsv, results/tables/molecular_evidence.tsv, results/atlas/genes.tsv, results/atlas/molecular.provenance.json
contracts	Validate locked panel and declared sources	2026-10-07T22:11:05.1274234Z BLOCKED molecular_integration    integrate corrected TWAS, sQTL, pQTL/PWAS, and convergent gene evidence; missing real non-empty artifact(s): results/tables/molecular_qtl_colocalization.tsv, results/tables/colocalization.tsv, results/tables/twas.tsv, results/tables/molecular_locus_coverage.tsv, results/tables/molecular_evidence.tsv, results/atlas/genes.tsv, results/atlas/molecular.provenance.json
contracts	Validate locked panel and declared sources	2026-10-07T22:11:05.1276429Z BLOCKED factor_gwas              publish factor GWAS/Q_SNP or a validated not-applicable null; missing: results/tables/factor_gwas_summary.tsv, results/tables/q_snp.tsv, results/tables/factor_gwas.provenance.json
contracts	Validate locked panel and declared sources	2026-10-07T22:11:05.1278836Z BLOCKED regulatory_mapping       map fine-mapped variants through all locked regulatory layers/domains; missing real non-empty artifact(s): results/tables/interpretation_task_manifest.tsv, results/tables/interpretation_task_manifest.lock.json, results/tables/interpretation_coverage.tsv, results/atlas/interpretation.provenance.json, results/atlas/regulatory_elements.tsv, results/atlas/cell_types.tsv, results/atlas/pathways.tsv, results/atlas/causal_tests.tsv
contracts	Validate locked panel and declared sources	2026-10-07T22:11:05.1282382Z BLOCKED cell_types               complete all five cell-type strategies across four domains; missing real non-empty artifact(s): results/tables/interpretation_task_manifest.tsv, results/tables/interpretation_task_manifest.lock.json, results/tables/interpretation_coverage.tsv, results/atlas/interpretation.provenance.json, results/atlas/regulatory_elements.tsv, results/atlas/cell_types.tsv, results/atlas/pathways.tsv, results/atlas/causal_tests.tsv
contracts	Validate locked panel and declared sources	2026-10-07T22:11:05.1285547Z BLOCKED pathways                 complete all four frozen pathway resource families; missing real non-empty artifact(s): results/tables/interpretation_task_manifest.tsv, results/tables/interpretation_task_manifest.lock.json, results/tables/interpretation_coverage.tsv, results/atlas/interpretation.provenance.json, results/atlas/regulatory_elements.tsv, results/atlas/cell_types.tsv, results/atlas/pathways.tsv, results/atlas/causal_tests.tsv
contracts	Validate locked panel and declared sources	2026-10-07T22:11:05.1288778Z BLOCKED causal_inference         complete both directions and all five estimator families for 396 pairs; missing real non-empty artifact(s): results/tables/interpretation_task_manifest.tsv, results/tables/interpretation_task_manifest.lock.json, results/tables/interpretation_coverage.tsv, results/atlas/interpretation.provenance.json, results/atlas/regulatory_elements.tsv, results/atlas/cell_types.tsv, results/atlas/pathways.tsv, results/atlas/causal_tests.tsv
contracts	Validate locked panel and declared sources	2026-10-07T22:11:05.1292631Z BLOCKED integrated_atlas         assemble the canonical traceable evidence atlas; missing real non-empty artifact(s): results/atlas/loci.tsv, results/atlas/variants.tsv, results/atlas/genes.tsv, results/atlas/regulatory_elements.tsv, results/atlas/cell_types.tsv, results/atlas/pathways.tsv, results/atlas/causal_tests.tsv, results/atlas/edges.tsv, results/tables/interpretation_coverage.tsv, results/atlas/interpretation.provenance.json, results/tables/major_conclusions.tsv, results/atlas/edges.provenance.json
contracts	Validate locked panel and declared sources	2026-10-07T22:11:05.1295332Z BLOCKED robustness               complete the predefined major robustness pass; missing real non-empty artifact(s): results/tables/robustness_summary.tsv, results/tables/robustness.provenance.json
contracts	Validate locked panel and declared sources	2026-10-07T22:11:05.1296715Z BLOCKED genomic_sem              complete EFA, validation, CFA, and model comparison; missing real non-empty artifact(s): results/tables/genomic_sem_model_fit.tsv, results/tables/genomic_sem_factor_loadings.tsv
contracts	Validate locked panel and declared sources	2026-10-07T22:11:05.1298094Z BLOCKED atlas_v1_release         immutable release is incomplete; missing: analysis_panel.tsv, checksums.sha256, source_provenance.tsv, tool_versions.tsv, code_commit.txt, release_manifest.json
contracts	Validate locked panel and declared sources	2026-10-07T22:11:05.1298813Z 
contracts	Validate locked panel and declared sources	2026-10-07T22:11:05.1298932Z Acceptance: 3/23 gates passed
contracts	Dry-run the manifest workflow	﻿2026-10-07T22:11:05.1341471Z ##[group]Run snakemake --dry-run --cores 1 --shared-fs-usage input-output persistence software-deployment software-deployment-cache sources storage-local-copies
contracts	Dry-run the manifest workflow	2026-10-07T22:11:05.1342726Z ^[[36;1msnakemake --dry-run --cores 1 --shared-fs-usage input-output persistence software-deployment software-deployment-cache sources storage-local-copies^[[0m
contracts	Dry-run the manifest workflow	2026-10-07T22:11:05.1405748Z shell: /usr/bin/bash -e {0}
contracts	Dry-run the manifest workflow	2026-10-07T22:11:05.1406021Z env:
contracts	Dry-run the manifest workflow	2026-10-07T22:11:05.1406318Z   pythonLocation: /opt/hostedtoolcache/Python/3.11.11/x64
contracts	Dry-run the manifest workflow	2026-10-07T22:11:05.1406791Z   PKG_CONFIG_PATH: /opt/hostedtoolcache/Python/3.11.11/x64/lib/pkgconfig
contracts	Dry-run the manifest workflow	2026-10-07T22:11:05.1407250Z   Python_ROOT_DIR: /opt/hostedtoolcache/Python/3.11.11/x64
contracts	Dry-run the manifest workflow	2026-10-07T22:11:05.1407658Z   Python2_ROOT_DIR: /opt/hostedtoolcache/Python/3.11.11/x64
contracts	Dry-run the manifest workflow	2026-10-07T22:11:05.1408077Z   Python3_ROOT_DIR: /opt/hostedtoolcache/Python/3.11.11/x64
contracts	Dry-run the manifest workflow	2026-10-07T22:11:05.1408492Z   LD_LIBRARY_PATH: /opt/hostedtoolcache/Python/3.11.11/x64/lib
contracts	Dry-run the manifest workflow	2026-10-07T22:11:05.1408987Z ##[endgroup]
contracts	Dry-run the manifest workflow	2026-10-07T22:11:05.7846425Z host: runnervm8df0l
contracts	Dry-run the manifest workflow	2026-10-07T22:11:05.7873112Z Building DAG of jobs...
contracts	Dry-run the manifest workflow	2026-10-07T22:11:05.7965606Z Job stats:
contracts	Dry-run the manifest workflow	2026-10-07T22:11:05.7966066Z job                 count
contracts	Dry-run the manifest workflow	2026-10-07T22:11:05.7966582Z ----------------  -------
contracts	Dry-run the manifest workflow	2026-10-07T22:11:05.7967045Z all                     1
contracts	Dry-run the manifest workflow	2026-10-07T22:11:05.7967511Z panel_contract          1
contracts	Dry-run the manifest workflow	2026-10-07T22:11:05.7967954Z source_readiness        1
contracts	Dry-run the manifest workflow	2026-10-07T22:11:05.7968395Z total                   3
contracts	Dry-run the manifest workflow	2026-10-07T22:11:05.7968663Z 
contracts	Dry-run the manifest workflow	2026-10-07T22:11:05.7971094Z 
contracts	Dry-run the manifest workflow	2026-10-07T22:11:05.7971709Z [Wed Oct  7 22:11:05 2026]
contracts	Dry-run the manifest workflow	2026-10-07T22:11:05.7972237Z rule panel_contract:
contracts	Dry-run the manifest workflow	2026-10-07T22:11:05.7972645Z     input: config/analysis_panel.tsv, config/analysis_panel.lock.json
contracts	Dry-run the manifest workflow	2026-10-07T22:11:05.7973122Z     output: results/tables/analysis_panel_provenance.tsv
contracts	Dry-run the manifest workflow	2026-10-07T22:11:05.7973488Z     jobid: 1
contracts	Dry-run the manifest workflow	2026-10-07T22:11:05.7973836Z     reason: Missing output files: results/tables/analysis_panel_provenance.tsv
contracts	Dry-run the manifest workflow	2026-10-07T22:11:05.7974284Z     resources: tmpdir=<TBD>
contracts	Dry-run the manifest workflow	2026-10-07T22:11:05.7974482Z 
contracts	Dry-run the manifest workflow	2026-10-07T22:11:05.7979497Z 
contracts	Dry-run the manifest workflow	2026-10-07T22:11:05.7979720Z [Wed Oct  7 22:11:05 2026]
contracts	Dry-run the manifest workflow	2026-10-07T22:11:05.7981008Z rule source_readiness:
contracts	Dry-run the manifest workflow	2026-10-07T22:11:05.7982811Z     input: results/tables/analysis_panel_provenance.tsv, config/analysis_panel.tsv, config/analysis_panel.lock.json, config/public_gwas_sources.tsv, config/gwas_schemas.tsv, config/variant_mapping_plans.tsv, config/liftover_plans.tsv
contracts	Dry-run the manifest workflow	2026-10-07T22:11:05.7984785Z     output: results/tables/source_readiness.tsv
contracts	Dry-run the manifest workflow	2026-10-07T22:11:05.7985381Z     jobid: 2
contracts	Dry-run the manifest workflow	2026-10-07T22:11:05.7986524Z     reason: Missing output files: results/tables/source_readiness.tsv; Input files updated by another job: results/tables/analysis_panel_provenance.tsv
contracts	Dry-run the manifest workflow	2026-10-07T22:11:05.7987831Z     resources: tmpdir=<TBD>
contracts	Dry-run the manifest workflow	2026-10-07T22:11:05.7988162Z 
contracts	Dry-run the manifest workflow	2026-10-07T22:11:05.7988182Z 
contracts	Dry-run the manifest workflow	2026-10-07T22:11:05.7988530Z [Wed Oct  7 22:11:05 2026]
contracts	Dry-run the manifest workflow	2026-10-07T22:11:05.7989194Z rule all:
contracts	Dry-run the manifest workflow	2026-10-07T22:11:05.7990191Z     input: results/tables/analysis_panel_provenance.tsv, results/tables/source_readiness.tsv
contracts	Dry-run the manifest workflow	2026-10-07T22:11:05.7991113Z     jobid: 0
contracts	Dry-run the manifest workflow	2026-10-07T22:11:05.7992061Z     reason: Input files updated by another job: results/tables/analysis_panel_provenance.tsv, results/tables/source_readiness.tsv
contracts	Dry-run the manifest workflow	2026-10-07T22:11:05.7993227Z     resources: tmpdir=<TBD>
contracts	Dry-run the manifest workflow	2026-10-07T22:11:05.7993549Z 
contracts	Dry-run the manifest workflow	2026-10-07T22:11:05.7997220Z Job stats:
contracts	Dry-run the manifest workflow	2026-10-07T22:11:05.7997930Z job                 count
contracts	Dry-run the manifest workflow	2026-10-07T22:11:05.7998218Z ----------------  -------
contracts	Dry-run the manifest workflow	2026-10-07T22:11:05.7998462Z all                     1
contracts	Dry-run the manifest workflow	2026-10-07T22:11:05.7998700Z panel_contract          1
contracts	Dry-run the manifest workflow	2026-10-07T22:11:05.7998949Z source_readiness        1
contracts	Dry-run the manifest workflow	2026-10-07T22:11:05.7999189Z total                   3
contracts	Dry-run the manifest workflow	2026-10-07T22:11:05.7999338Z 
contracts	Dry-run the manifest workflow	2026-10-07T22:11:05.7999425Z Reasons:
contracts	Dry-run the manifest workflow	2026-10-07T22:11:05.7999926Z     (check individual jobs above for details)
contracts	Dry-run the manifest workflow	2026-10-07T22:11:05.8000294Z     input files updated by another job:
contracts	Dry-run the manifest workflow	2026-10-07T22:11:05.8000595Z         all, source_readiness
contracts	Dry-run the manifest workflow	2026-10-07T22:11:05.8000878Z     output files have to be generated:
contracts	Dry-run the manifest workflow	2026-10-07T22:11:05.8001462Z         panel_contract, source_readiness
contracts	Dry-run the manifest workflow	2026-10-07T22:11:05.8001662Z 
contracts	Dry-run the manifest workflow	2026-10-07T22:11:05.8001930Z This was a dry-run (flag -n). The order of jobs does not reflect the order of execution.
contracts	Run synthetic end-to-end smoke test	﻿2026-10-07T22:11:05.8652986Z ##[group]Run PYTHON_BIN=python bash scripts/run_smoke_test.sh
contracts	Run synthetic end-to-end smoke test	2026-10-07T22:11:05.8653491Z ^[[36;1mPYTHON_BIN=python bash scripts/run_smoke_test.sh^[[0m
contracts	Run synthetic end-to-end smoke test	2026-10-07T22:11:05.8716630Z shell: /usr/bin/bash -e {0}
contracts	Run synthetic end-to-end smoke test	2026-10-07T22:11:05.8716905Z env:
contracts	Run synthetic end-to-end smoke test	2026-10-07T22:11:05.8717191Z   pythonLocation: /opt/hostedtoolcache/Python/3.11.11/x64
contracts	Run synthetic end-to-end smoke test	2026-10-07T22:11:05.8717685Z   PKG_CONFIG_PATH: /opt/hostedtoolcache/Python/3.11.11/x64/lib/pkgconfig
contracts	Run synthetic end-to-end smoke test	2026-10-07T22:11:05.8718149Z   Python_ROOT_DIR: /opt/hostedtoolcache/Python/3.11.11/x64
contracts	Run synthetic end-to-end smoke test	2026-10-07T22:11:05.8718577Z   Python2_ROOT_DIR: /opt/hostedtoolcache/Python/3.11.11/x64
contracts	Run synthetic end-to-end smoke test	2026-10-07T22:11:05.8719006Z   Python3_ROOT_DIR: /opt/hostedtoolcache/Python/3.11.11/x64
contracts	Run synthetic end-to-end smoke test	2026-10-07T22:11:05.8719607Z   LD_LIBRARY_PATH: /opt/hostedtoolcache/Python/3.11.11/x64/lib
contracts	Run synthetic end-to-end smoke test	2026-10-07T22:11:05.8720348Z ##[endgroup]
contracts	Run synthetic end-to-end smoke test	2026-10-07T22:11:05.9113083Z PANEL_LOCK_OK atlas-v1.0 45 traits manifest_sha256=38d3d430507880e8623fc2b5dd3f4dcf963dcc346d99b14bb6c185a64e361a80
contracts	Run synthetic end-to-end smoke test	2026-10-07T22:11:10.0704022Z Wrote 45 h2 logs + 12 rg logs in results/_smoketest
contracts	Run synthetic end-to-end smoke test	2026-10-07T22:11:10.0704960Z Every value in them is fabricated to test the locked 45-trait panel.
contracts	Run synthetic end-to-end smoke test	2026-10-07T22:11:10.0705678Z wrote data/_test_raw/insomnia.txt.gz  (60,300 rows, style=beta)
contracts	Run synthetic end-to-end smoke test	2026-10-07T22:11:10.0706315Z wrote data/_test_raw/bipolar.txt.gz  (60,300 rows, style=or)
contracts	Run synthetic end-to-end smoke test	2026-10-07T22:11:10.5464077Z   delimiter detected: tab; read 60,300 rows and 11 columns
contracts	Run synthetic end-to-end smoke test	2026-10-07T22:11:10.5465010Z   column map: {'SNP': 'SNP', 'CHR': 'CHR', 'BP': 'BP', 'A1': 'A1', 'A2': 'A2', 'FRQ': 'FRQ', 'BETA': 'BETA', 'SE': 'SE', 'P': 'P', 'N': 'N', 'INFO': 'INFO'}
contracts	Run synthetic end-to-end smoke test	2026-10-07T22:11:11.1537492Z   kept 21,958 / 60,300 (36.4%)
contracts	Run synthetic end-to-end smoke test	2026-10-07T22:11:11.1538090Z   wrote data/_test_harmonized/insomnia.harmonized.tsv.gz
contracts	Run synthetic end-to-end smoke test	2026-10-07T22:11:11.1538662Z   wrote data/_test_harmonized/insomnia.qc.txt
contracts	Run synthetic end-to-end smoke test	2026-10-07T22:11:11.9765426Z   delimiter detected: whitespace; read 60,300 rows and 11 columns
contracts	Run synthetic end-to-end smoke test	2026-10-07T22:11:11.9766867Z   column map: {'SNP': 'MarkerName', 'CHR': 'CHR', 'BP': 'BP', 'A1': 'Effect_allele', 'A2': 'Other_allele', 'FRQ': 'EAF', 'OR': 'OR', 'SE': 'StdErr', 'P': 'P-value', 'INFO': 'INFO', 'N_EFF_HALF': 'NEFFDIV2'}
contracts	Run synthetic end-to-end smoke test	2026-10-07T22:11:11.9784243Z   converted OR to log(OR)
contracts	Run synthetic end-to-end smoke test	2026-10-07T22:11:12.5999041Z   kept 22,142 / 60,300 (36.7%)
contracts	Run synthetic end-to-end smoke test	2026-10-07T22:11:12.5999991Z   wrote data/_test_harmonized/bipolar.harmonized.tsv.gz
contracts	Run synthetic end-to-end smoke test	2026-10-07T22:11:12.6000649Z   wrote data/_test_harmonized/bipolar.qc.txt
contracts	Run synthetic end-to-end smoke test	2026-10-07T22:11:12.9607281Z Parsed 45 h2 result rows
contracts	Run synthetic end-to-end smoke test	2026-10-07T22:11:12.9607861Z wrote results/_smoketest/h2_summary.tsv
contracts	Run synthetic end-to-end smoke test	2026-10-07T22:11:13.3081817Z Wrote SYNTHETIC readiness ledger: results/_smoketest/trait_readiness.tsv
contracts	Run synthetic end-to-end smoke test	2026-10-07T22:11:13.6686430Z PANEL_LOCK_OK atlas-v1.0 45 traits manifest_sha256=38d3d430507880e8623fc2b5dd3f4dcf963dcc346d99b14bb6c185a64e361a80
contracts	Run synthetic end-to-end smoke test	2026-10-07T22:11:13.6914508Z Wrote Phase 1 inclusion table: results/_smoketest/phase1_inclusion.tsv
contracts	Run synthetic end-to-end smoke test	2026-10-07T22:11:13.6915393Z Included: 43 / 45
contracts	Run synthetic end-to-end smoke test	2026-10-07T22:11:14.0580184Z Parsed 396 rg result rows
contracts	Run synthetic end-to-end smoke test	2026-10-07T22:11:14.0581254Z wrote results/_smoketest/rg_matrix.tsv
contracts	Run synthetic end-to-end smoke test	2026-10-07T22:11:16.5568960Z wrote results/_smoketest/fig2_smoketest.png  (12 sleep × 33 disease traits)
contracts	Run synthetic end-to-end smoke test	2026-10-07T22:11:16.5570846Z   source: /home/runner/work/sleep-gwas-atlas/sleep-gwas-atlas/results/_smoketest/rg_matrix.tsv  |  mtime: 2026-10-07 22:11  |  sha256:53aafd85227a
contracts	Run synthetic end-to-end smoke test	2026-10-07T22:11:16.5571881Z   watermarked: SYNTHETIC - NOT REAL DATA
contracts	Run synthetic end-to-end smoke test	2026-10-07T22:11:16.9675611Z Exported provenance-aware Phase 0 metadata table: results/_smoketest/gwas_metadata_table.tsv
contracts	Run synthetic end-to-end smoke test	2026-10-07T22:11:16.9676747Z Registered traits: 45; rows with unsupplied PMID: 1
contracts	Run synthetic end-to-end smoke test	2026-10-07T22:11:17.3046498Z Generated Phase 0/1 report: results/_smoketest/phase1_summary_report.md
contracts	Run synthetic end-to-end smoke test	2026-10-07T22:11:17.6695007Z PANEL_LOCK_OK atlas-v1.0 45 traits manifest_sha256=38d3d430507880e8623fc2b5dd3f4dcf963dcc346d99b14bb6c185a64e361a80
contracts	Run synthetic end-to-end smoke test	2026-10-07T22:11:17.7097405Z Wrote readiness ledger: results/_smoketest/source_readiness.tsv
contracts	Run synthetic end-to-end smoke test	2026-10-07T22:11:17.7098359Z source_verified: 45 / 45
contracts	Run synthetic end-to-end smoke test	2026-10-07T22:11:17.7098923Z harmonization_ready: 0 / 45
contracts	Run synthetic end-to-end smoke test	2026-10-07T22:11:17.7100215Z ldsc_ready: 0 / 45
contracts	Run synthetic end-to-end smoke test	2026-10-07T22:11:17.7100714Z liability_h2_ready: 0 / 45
contracts	Run synthetic end-to-end smoke test	2026-10-07T22:11:17.7101249Z phase1_pass: 0 / 45
contracts	Run synthetic end-to-end smoke test	2026-10-07T22:11:17.7101833Z SOURCE_VERIFIED declarations without evidence: 0
contracts	Run synthetic end-to-end smoke test	2026-10-07T22:11:17.7526766Z Smoke test completed. All outputs are synthetic and confined to results/_smoketest/.
contracts	Post Run actions/setup-python@a26af69be951a213d495a4c3e4e4022e16d87065	﻿2026-10-07T22:11:17.7626829Z Post job cleanup.
contracts	Post Run actions/setup-python@a26af69be951a213d495a4c3e4e4022e16d87065	2026-10-07T22:11:17.8892980Z (node:2866) [DEP0040] DeprecationWarning: The `punycode` module is deprecated. Please use a userland alternative instead.
contracts	Post Run actions/setup-python@a26af69be951a213d495a4c3e4e4022e16d87065	2026-10-07T22:11:17.8893861Z (Use `node --trace-deprecation ...` to show where the warning was created)
contracts	Post Run actions/setup-python@a26af69be951a213d495a4c3e4e4022e16d87065	2026-10-07T22:11:17.9128680Z [command]/usr/bin/tar --posix -cf cache.tzst --exclude cache.tzst -P -C /home/runner/work/sleep-gwas-atlas/sleep-gwas-atlas --files-from manifest.txt --use-compress-program zstdmt
contracts	Post Run actions/setup-python@a26af69be951a213d495a4c3e4e4022e16d87065	2026-10-07T22:11:18.3412759Z (node:2866) [DEP0169] DeprecationWarning: `url.parse()` behavior is not standardized and prone to errors that have security implications. Use the WHATWG URL API instead. CVEs are not issued for `url.parse()` vulnerabilities.
contracts	Post Run actions/setup-python@a26af69be951a213d495a4c3e4e4022e16d87065	2026-10-07T22:11:19.3313702Z Sent 59047936 of 131846638 (44.8%), 56.3 MBs/sec
contracts	Post Run actions/setup-python@a26af69be951a213d495a4c3e4e4022e16d87065	2026-10-07T22:11:20.3321754Z Sent 124649472 of 131846638 (94.5%), 59.4 MBs/sec
contracts	Post Run actions/setup-python@a26af69be951a213d495a4c3e4e4022e16d87065	2026-10-07T22:11:20.6987187Z Sent 131846638 of 131846638 (100.0%), 53.1 MBs/sec
contracts	Post Run actions/setup-python@a26af69be951a213d495a4c3e4e4022e16d87065	2026-10-07T22:11:20.9207440Z Cache saved with the key: setup-python-Linux-x64-24.04-Ubuntu-python-3.11.11-pip-d30e7fae970e1ecdcb5cc758c724f45d92876423e12efc0ab7022fe39647c1d0
contracts	Post Run actions/checkout@11bd71901bbe5b1630ceea73d27597364c9af683	﻿2026-10-07T22:11:20.9373375Z Post job cleanup.
contracts	Post Run actions/checkout@11bd71901bbe5b1630ceea73d27597364c9af683	2026-10-07T22:11:21.0225451Z [command]/usr/bin/git version
contracts	Post Run actions/checkout@11bd71901bbe5b1630ceea73d27597364c9af683	2026-10-07T22:11:21.0268637Z git version 2.55.0
contracts	Post Run actions/checkout@11bd71901bbe5b1630ceea73d27597364c9af683	2026-10-07T22:11:21.0310878Z Temporarily overriding HOME='/home/runner/work/_temp/550852b6-1c97-49ca-90d3-204cf7e5e6a6' before making global git config changes
contracts	Post Run actions/checkout@11bd71901bbe5b1630ceea73d27597364c9af683	2026-10-07T22:11:21.0312670Z Adding repository directory to the temporary git global config as a safe directory
contracts	Post Run actions/checkout@11bd71901bbe5b1630ceea73d27597364c9af683	2026-10-07T22:11:21.0317597Z [command]/usr/bin/git config --global --add safe.directory /home/runner/work/sleep-gwas-atlas/sleep-gwas-atlas
contracts	Post Run actions/checkout@11bd71901bbe5b1630ceea73d27597364c9af683	2026-10-07T22:11:21.0361853Z [command]/usr/bin/git config --local --name-only --get-regexp core\.sshCommand
contracts	Post Run actions/checkout@11bd71901bbe5b1630ceea73d27597364c9af683	2026-10-07T22:11:21.0402078Z [command]/usr/bin/git submodule foreach --recursive sh -c "git config --local --name-only --get-regexp 'core\.sshCommand' && git config --local --unset-all 'core.sshCommand' || :"
contracts	Post Run actions/checkout@11bd71901bbe5b1630ceea73d27597364c9af683	2026-10-07T22:11:21.0679297Z [command]/usr/bin/git config --local --name-only --get-regexp http\.https\:\/\/github\.com\/\.extraheader
contracts	Post Run actions/checkout@11bd71901bbe5b1630ceea73d27597364c9af683	2026-10-07T22:11:21.0704178Z http.https://github.com/.extraheader
contracts	Post Run actions/checkout@11bd71901bbe5b1630ceea73d27597364c9af683	2026-10-07T22:11:21.0718554Z [command]/usr/bin/git config --local --unset-all http.https://github.com/.extraheader
contracts	Post Run actions/checkout@11bd71901bbe5b1630ceea73d27597364c9af683	2026-10-07T22:11:21.0759182Z [command]/usr/bin/git submodule foreach --recursive sh -c "git config --local --name-only --get-regexp 'http\.https\:\/\/github\.com\/\.extraheader' && git config --local --unset-all 'http.https://github.com/.extraheader' || :"
contracts	Complete job	﻿2026-10-07T22:11:21.1280596Z Cleaning up orphan processes
contracts	Complete job	2026-10-07T22:11:21.1580210Z ##[warning]Node.js 20 is deprecated. The following actions target Node.js 20 but are being forced to run on Node.js 24: actions/checkout@11bd71901bbe5b1630ceea73d27597364c9af683, actions/setup-python@a26af69be951a213d495a4c3e4e4022e16d87065, actions/upload-artifact@v4. For more information see: https://github.blog/changelog/2025-09-19-deprecation-of-node-20-on-github-actions-runners/
