pair_id	chr	start	end	rho	corr	h2_1	h2_2	var	p	m	analysis_status	p_fwer	covariance_sign	candidate_support_status	source_limitations	source_eligibility
insomnia__adhd	1	1892608	3582736	-4.0532166151789116e-05	-1.8773017545812136	1.0392194755250147e-05	4.485637557421219e-05	5.360192654822264e-10	0.07999907029788193	269	ESTIMATED	1	NEGATIVE	NOT_SUPPORTED	META_N_HETEROGENEITY	ELIGIBLE_SECONDARY
insomnia__adhd	1	3582737	4380811	3.603224423759193e-05	1.3214915864689847	1.424697733499206e-05	5.218324558387519e-05	6.295298509252525e-10	0.1509753310129659	225	ESTIMATED	1	POSITIVE	NOT_SUPPORTED	META_N_HETEROGENEITY	ELIGIBLE_SECONDARY
insomnia__adhd	1	4380812	5913893	4.9033574490265895e-05	1.158297121960787	1.5322379183263232e-05	0.00011695558021088332	2.0835222518097373e-09	0.28272270671593147	805	ESTIMATED	1	POSITIVE	NOT_SUPPORTED	META_N_HETEROGENEITY	ELIGIBLE_SECONDARY
insomnia__adhd	1	11777842	12779466	2.676365392579872e-05	1.7756050218505686	9.62264982203489e-06	2.361040300068053e-05	5.749307248243578e-10	0.26434134314114943	272	ESTIMATED	1	POSITIVE	NOT_SUPPORTED	META_N_HETEROGENEITY	ELIGIBLE_SECONDARY
insomnia__adhd	1	14891512	16897730	4.43219898119822e-05	2.390423062844054	5.2358059820050507e-05	6.566068568879333e-06	1.3959101264886073e-09	0.23550817052452444	715	ESTIMATED	1	POSITIVE	NOT_SUPPORTED	META_N_HETEROGENEITY	ELIGIBLE_SECONDARY
insomnia__adhd	1	20469150	21736588	5.594028165782901e-05	1.4049528337063206	1.1198246625651743e-05	0.00014157148260467828	9.328858541416582e-10	0.06702376435185461	457	ESTIMATED	1	POSITIVE	NOT_SUPPORTED	META_N_HETEROGENEITY	ELIGIBLE_SECONDARY
insomnia__adhd	1	23920591	25516845	-5.091920749297889e-05	-10.911271890250323	1.9335099228931065e-05	1.1263311897586835e-06	1.150732924851918e-09	0.13334333842663834	559	ESTIMATED	1	NEGATIVE	NOT_SUPPORTED	META_N_HETEROGENEITY	ELIGIBLE_SECONDARY
insomnia__adhd	1	37549184	38731847	5.176721873024597e-05	1.0537524093937212	2.678874566521806e-05	9.009073387722448e-05	1.2188945282435918e-09	0.138137363906137	447	ESTIMATED	1	POSITIVE	NOT_SUPPORTED	META_N_HETEROGENEITY	ELIGIBLE_SECONDARY
insomnia__adhd	1	41975328	43758457	6.0784169828104365e-05	1.2557295238756059	5.001781453052728e-05	4.6845087767623264e-05	1.0648622795586406e-09	0.06250397065742137	570	ESTIMATED	1	POSITIVE	NOT_SUPPORTED	META_N_HETEROGENEITY	ELIGIBLE_SECONDARY
insomnia__adhd	1	44969184	46899501	1.3247424947478473e-05	1.0840650629773863	1.4794158559304994e-05	1.0093969074584587e-05	7.690436592396155e-10	0.6328631738607728	513	ESTIMATED	1	POSITIVE	NOT_SUPPORTED	META_N_HETEROGENEITY	ELIGIBLE_SECONDARY
insomnia__adhd	1	48978189	49894177	1.363251592292202e-05	1.0777795289472032	8.444303962329869e-06	1.8946470084454467e-05	4.429110262365582e-10	0.517136677170176	252	ESTIMATED	1	POSITIVE	NOT_SUPPORTED	META_N_HETEROGENEITY	ELIGIBLE_SECONDARY
insomnia__adhd	1	58865400	59890409	-2.36155711110778e-05	-4.090479677209382	1.254490148990939e-06	2.656936480516548e-05	7.57302700239048e-10	0.39080910285467396	399	ESTIMATED	1	NEGATIVE	NOT_SUPPORTED	META_N_HETEROGENEITY	ELIGIBLE_SECONDARY
insomnia__adhd	1	61922366	63455089	3.0032778024369996e-05	1.4999285224118903	5.395693587461008e-06	7.430235967287847e-05	1.0508779775130059e-09	0.35421507882502345	524	ESTIMATED	1	POSITIVE	NOT_SUPPORTED	META_N_HETEROGENEITY	ELIGIBLE_SECONDARY
insomnia__adhd	1	65041705	66939404	7.991261330904357e-05	1.4738046603074166	1.9297701570951987e-05	0.00015235097206482015	1.2550449764278717e-09	0.02408801005698397	661	ESTIMATED	1	POSITIVE	NOT_SUPPORTED	META_N_HETEROGENEITY	ELIGIBLE_SECONDARY
insomnia__adhd	1	68477896	69687616	-3.414415028355959e-05	-2.070273833874826	8.519460840494598e-06	3.192750056518994e-05	7.853057495041195e-10	0.2230645136029431	374	ESTIMATED	1	NEGATIVE	NOT_SUPPORTED	META_N_HETEROGENEITY	ELIGIBLE_SECONDARY
insomnia__adhd	1	83991749	84844495	-3.537957236991987e-05	-1.5675344013131163	7.522113362877774e-06	6.77222101416165e-05	5.775510237438249e-10	0.14097549173762156	319	ESTIMATED	1	NEGATIVE	NOT_SUPPORTED	META_N_HETEROGENEITY	ELIGIBLE_SECONDARY
insomnia__adhd	1	84844496	86454751	5.0291789232493104e-05	1.4952868421316217	1.684183988856373e-05	6.716694815726279e-05	1.3268742947891947e-09	0.16738797168986763	660	ESTIMATED	1	POSITIVE	NOT_SUPPORTED	META_N_HETEROGENEITY	ELIGIBLE_SECONDARY
insomnia__adhd	1	108409666	110303931	3.281040218033895e-05	1.0000033225751241	1.1441838150967728e-05	9.408587356451064e-05	1.1888222046211784e-09	0.3413013640329947	612	ESTIMATED	1	POSITIVE	NOT_SUPPORTED	META_N_HETEROGENEITY	ELIGIBLE_SECONDARY
insomnia__adhd	1	114873846	115880593	3.794157820176728e-05	1.7227013412517838	7.09713510675158e-06	6.834830153100969e-05	6.160492754301586e-10	0.12635157815701384	360	ESTIMATED	1	POSITIVE	NOT_SUPPORTED	META_N_HETEROGENEITY	ELIGIBLE_SECONDARY
insomnia__adhd	1	118839068	144977494	1.0283586683159171e-05	2.148730091705725	6.116746826990252e-06	3.7445961739270857e-06	1.0225678320540015e-09	0.7477655567692438	558	ESTIMATED	1	POSITIVE	NOT_SUPPORTED	META_N_HETEROGENEITY	ELIGIBLE_SECONDARY
insomnia__adhd	1	144977495	148361253	5.0566550999090955e-05	2.7163129710408276	6.706239303574726e-06	5.1675894592090756e-05	8.480767638034119e-10	0.08249597697056651	428	ESTIMATED	1	POSITIVE	NOT_SUPPORTED	META_N_HETEROGENEITY	ELIGIBLE_SECONDARY
insomnia__adhd	1	148361254	151538881	2.9471328347446515e-05	1.5763683813197844	1.2472752329316212e-05	2.8023455949417842e-05	5.639135384853758e-10	0.2145828752946216	371	ESTIMATED	1	POSITIVE	NOT_SUPPORTED	META_N_HETEROGENEITY	ELIGIBLE_SECONDARY
insomnia__adhd	1	165191703	166460517	2.4921221494956857e-05	1.012086427025565	5.554170331349301e-06	0.00010916521004936949	1.152533637336482e-09	0.462900879785483	555	ESTIMATED	1	POSITIVE	NOT_SUPPORTED	META_N_HETEROGENEITY	ELIGIBLE_SECONDARY
insomnia__adhd	1	169086325	170557776	4.3302612099843454e-05	3.579289493677592	2.9328652788285054e-05	4.990481200465413e-06	9.787891790306456e-10	0.1663258402997435	573	ESTIMATED	1	POSITIVE	NOT_SUPPORTED	META_N_HETEROGENEITY	ELIGIBLE_SECONDARY
insomnia__adhd	1	173097908	175089768	1.8576376768919282e-05	1.332148140884683	3.176811842149535e-06	6.121043738443903e-05	8.089513019758904e-10	0.5136722897786963	476	ESTIMATED	1	POSITIVE	NOT_SUPPORTED	META_N_HETEROGENEITY	ELIGIBLE_SECONDARY
insomnia__adhd	1	178954471	181144121	1.7964439009288123e-05	1.1840958701313273	2.8271693797938336e-06	8.141449963271745e-05	1.3504773954006898e-09	0.6249523749323855	787	ESTIMATED	1	POSITIVE	NOT_SUPPORTED	META_N_HETEROGENEITY	ELIGIBLE_SECONDARY
insomnia__adhd	1	181144122	182755356	-2.001604020779072e-05	-1.2119425171419465	3.87833657179877e-06	7.033099973021322e-05	1.4178645659439552e-09	0.59502356980486	639	ESTIMATED	1	NEGATIVE	NOT_SUPPORTED	META_N_HETEROGENEITY	ELIGIBLE_SECONDARY
insomnia__adhd	1	182755357	184595513	-5.2823510027157984e-05	-2.1148046658214295	5.499354441234375e-05	1.1344942015900276e-05	1.1033015029852235e-09	0.1117662976781567	660	ESTIMATED	1	NEGATIVE	NOT_SUPPORTED	META_N_HETEROGENEITY	ELIGIBLE_SECONDARY
insomnia__adhd	1	184595514	186810023	5.988288429458099e-05	1.059561983458587	4.668030501132014e-05	6.842566078686636e-05	9.08523248700332e-10	0.04695443656965415	597	ESTIMATED	1	POSITIVE	NOT_SUPPORTED	META_N_HETEROGENEITY	ELIGIBLE_SECONDARY
insomnia__adhd	1	194107443	196176201	6.3714262558706446e-06	3.0670384954506402	5.1613331324576934e-08	8.361284033645687e-05	1.075200088031695e-09	0.8459342547526885	581	ESTIMATED	1	POSITIVE	NOT_SUPPORTED	META_N_HETEROGENEITY	ELIGIBLE_SECONDARY
insomnia__adhd	1	216243635	218705513	5.429666570025877e-05	2.474788021195691	2.5113604322493075e-06	0.00019167314276764523	2.1868655827289942e-09	0.24560939798896886	1076	ESTIMATED	1	POSITIVE	NOT_SUPPORTED	META_N_HETEROGENEITY	ELIGIBLE_SECONDARY
insomnia__adhd	1	219590572	221858231	3.9035522774832255e-05	3.066719912488218	2.2287731764058042e-05	7.269522771922413e-06	1.393263262528235e-09	0.2956591975445443	739	ESTIMATED	1	POSITIVE	NOT_SUPPORTED	META_N_HETEROGENEITY	ELIGIBLE_SECONDARY
insomnia__adhd	1	229156249	230685255	5.646566090783313e-05	1.651694085898998	2.359932042161054e-05	4.9523360518266065e-05	1.1369189790272789e-09	0.09400625097000542	584	ESTIMATED	1	POSITIVE	NOT_SUPPORTED	META_N_HETEROGENEITY	ELIGIBLE_SECONDARY
insomnia__adhd	2	6836255	8422147	5.891089845764343e-05	1.2185968295153076	3.267050504143019e-05	7.153446882587786e-05	1.106728232364492e-09	0.07659014148881259	526	ESTIMATED	1	POSITIVE	NOT_SUPPORTED	META_N_HETEROGENEITY	ELIGIBLE_SECONDARY
insomnia__adhd	2	8422148	10298469	5.8801187150220324e-05	1.0374907527085355	6.291093198768878e-05	5.10596226013165e-05	1.303185356857914e-09	0.10334326303002177	605	ESTIMATED	1	POSITIVE	NOT_SUPPORTED	META_N_HETEROGENEITY	ELIGIBLE_SECONDARY
insomnia__adhd	2	12419151	14335308	4.5040717347805806e-05	1.227593594107003	1.8407647977059957e-05	7.313126235928514e-05	1.1747104726310748e-09	0.18880088329933797	552	ESTIMATED	1	POSITIVE	NOT_SUPPORTED	META_N_HETEROGENEITY	ELIGIBLE_SECONDARY
insomnia__adhd	2	33363778	35345028	2.58785402704709e-05	1.0823654545226193	6.034772847847086e-06	9.472634448507809e-05	1.6287957531109966e-09	0.5213803312253853	788	ESTIMATED	1	POSITIVE	NOT_SUPPORTED	META_N_HETEROGENEITY	ELIGIBLE_SECONDARY
insomnia__adhd	2	35345029	36122006	1.815495166706237e-05	1.2482955505672146	4.6876764564744716e-05	4.512297444785683e-06	5.430894104903346e-10	0.4359564984158626	297	ESTIMATED	1	POSITIVE	NOT_SUPPORTED	META_N_HETEROGENEITY	ELIGIBLE_SECONDARY
insomnia__adhd	2	54685227	56203345	5.9147720445265194e-05	4.104925346141089	1.6899346487564214e-05	1.2285577791669839e-05	1.1685768909016752e-09	0.0835852579836259	621	ESTIMATED	1	POSITIVE	NOT_SUPPORTED	META_N_HETEROGENEITY	ELIGIBLE_SECONDARY
insomnia__adhd	2	56203346	57429100	3.0225421494574472e-05	2.7094606559986185	3.848468084794967e-06	3.23363609761234e-05	8.261368418779476e-10	0.29298778309336104	431	ESTIMATED	1	POSITIVE	NOT_SUPPORTED	META_N_HETEROGENEITY	ELIGIBLE_SECONDARY
insomnia__adhd	2	60292001	62429044	4.336517862704839e-05	1.6109618479472332	2.3761272187895888e-05	3.049594386829279e-05	1.10017909607928e-09	0.19107591168581806	605	ESTIMATED	1	POSITIVE	NOT_SUPPORTED	META_N_HETEROGENEITY	ELIGIBLE_SECONDARY
insomnia__adhd	2	62429045	64625913	4.360538746906518e-05	1.4743952833270881	9.252361167909746e-06	9.453657343090602e-05	1.109172296055814e-09	0.19043124372380438	610	ESTIMATED	1	POSITIVE	NOT_SUPPORTED	META_N_HETEROGENEITY	ELIGIBLE_SECONDARY
insomnia__adhd	2	68010177	69139564	3.362900341503507e-05	1.3568718149311894	2.4072908537201166e-05	2.5516540101420162e-05	9.268441299484535e-10	0.26932676939960487	491	ESTIMATED	1	POSITIVE	NOT_SUPPORTED	META_N_HETEROGENEITY	ELIGIBLE_SECONDARY
insomnia__adhd	2	70755199	73174848	-1.9942578847826208e-05	-4.472097324717806	3.3875835976484195e-06	5.870162469768059e-06	1.5430762285568748e-09	0.6116797668886098	729	ESTIMATED	1	NEGATIVE	NOT_SUPPORTED	META_N_HETEROGENEITY	ELIGIBLE_SECONDARY
insomnia__adhd	2	81620842	85140680	5.4814920313848235e-05	1.0759157677362947	3.634318693311539e-05	7.141970003912938e-05	1.3207815518549262e-09	0.13148170899950284	875	ESTIMATED	1	POSITIVE	NOT_SUPPORTED	META_N_HETEROGENEITY	ELIGIBLE_SECONDARY
insomnia__adhd	2	105125035	106210058	5.172743625048842e-05	1.5679871427323628	2.9559068965275198e-05	3.681850609551562e-05	8.970376161055627e-10	0.0841510320543918	408	ESTIMATED	1	POSITIVE	NOT_SUPPORTED	META_N_HETEROGENEITY	ELIGIBLE_SECONDARY
insomnia__adhd	2	118367467	121303783	6.934417260383072e-05	2.2676284103022994	1.1657617532282407e-05	8.021698959311677e-05	1.889828038544276e-09	0.1106809151686171	960	ESTIMATED	1	POSITIVE	NOT_SUPPORTED	META_N_HETEROGENEITY	ELIGIBLE_SECONDARY
insomnia__adhd	2	123302907	124732250	3.260012268116303e-05	9.978690352631036	4.693890832958558e-07	2.273832090340926e-05	7.407130240456448e-10	0.2309842171550659	433	ESTIMATED	1	POSITIVE	NOT_SUPPORTED	META_N_HETEROGENEITY	ELIGIBLE_SECONDARY
insomnia__adhd	2	128034348	129474441	4.320276498829329e-05	3.50363073825846	1.8864678180516395e-05	8.060036876202603e-06	8.304375155653824e-10	0.13382310792439453	427	ESTIMATED	1	POSITIVE	NOT_SUPPORTED	META_N_HETEROGENEITY	ELIGIBLE_SECONDARY
insomnia__adhd	2	146445571	147277162	-7.6027388513628635e-06	-1.2276442660779008	1.5689689758862116e-05	2.4444474789838054e-06	2.7893403529222334e-10	0.6489524936915243	153	ESTIMATED	1	NEGATIVE	NOT_SUPPORTED	META_N_HETEROGENEITY	ELIGIBLE_SECONDARY
insomnia__adhd	2	147277163	150210292	6.352056262454307e-05	1.142807291599177	7.414572258619573e-05	4.166741564994102e-05	1.1477648309508486e-09	0.06080067832356007	652	ESTIMATED	1	POSITIVE	NOT_SUPPORTED	META_N_HETEROGENEITY	ELIGIBLE_SECONDARY
insomnia__adhd	2	150210293	151731462	1.77548155719798e-05	1.1777439030961263	1.132380337919433e-05	2.006957988925785e-05	8.702094269113965e-10	0.5472592202203935	469	ESTIMATED	1	POSITIVE	NOT_SUPPORTED	META_N_HETEROGENEITY	ELIGIBLE_SECONDARY
insomnia__adhd	2	152486783	154005056	-1.6526039996702264e-05	-1.6227296351213083	4.2630523123323356e-05	2.4329019247581138e-06	9.71134689836639e-10	0.5958976501958906	504	ESTIMATED	1	NEGATIVE	NOT_SUPPORTED	META_N_HETEROGENEITY	ELIGIBLE_SECONDARY
insomnia__adhd	2	163503552	164466638	-4.23196915458097e-05	-2.0048607008596258	7.29973317115783e-06	6.103930721955604e-05	3.383802528112536e-10	0.02141458884630023	182	ESTIMATED	1	NEGATIVE	NOT_SUPPORTED	META_N_HETEROGENEITY	ELIGIBLE_SECONDARY
insomnia__adhd	2	164466639	165178840	3.942737196304151e-05	1.061545642166249	1.1066793331153583e-05	0.00012465121523406983	6.352068724587024e-10	0.11773006166800921	166	ESTIMATED	1	POSITIVE	NOT_SUPPORTED	META_N_HETEROGENEITY	ELIGIBLE_SECONDARY
insomnia__adhd	2	182266032	184357608	1.9487693594792577e-05	1.186976494143618	1.0931652215723487e-05	2.465760217883976e-05	1.0835707762913032e-09	0.5538413745044789	608	ESTIMATED	1	POSITIVE	NOT_SUPPORTED	META_N_HETEROGENEITY	ELIGIBLE_SECONDARY
insomnia__adhd	2	198078111	199311125	-2.942454401918925e-05	-2.062234988050895	3.1254318982340386e-06	6.513780818820372e-05	4.954363499352155e-10	0.18618401189116796	322	ESTIMATED	1	NEGATIVE	NOT_SUPPORTED	META_N_HETEROGENEITY	ELIGIBLE_SECONDARY
insomnia__adhd	2	199311126	201576284	-3.21643709799821e-05	-2.5163397347417993	7.741335050875432e-05	2.110550313338361e-06	1.0747904934570331e-09	0.3265435656289839	620	ESTIMATED	1	NEGATIVE	NOT_SUPPORTED	META_N_HETEROGENEITY	ELIGIBLE_SECONDARY
insomnia__adhd	2	201576285	202818637	-8.990723981494655e-06	-1.8699525676606839	1.736491099999487e-06	1.3312376347379768e-05	5.433343982793111e-10	0.6997113468904637	320	ESTIMATED	1	NEGATIVE	NOT_SUPPORTED	META_N_HETEROGENEITY	ELIGIBLE_SECONDARY
insomnia__adhd	2	206735705	208645399	8.675433089285328e-05	1.4771312403090542	7.349198630294152e-05	4.693579487274779e-05	1.3680915422191585e-09	0.019002088348753284	712	ESTIMATED	1	POSITIVE	NOT_SUPPORTED	META_N_HETEROGENEITY	ELIGIBLE_SECONDARY
insomnia__adhd	2	215573796	217715661	5.818698409685462e-05	1.2913245925168595	2.6245741083871824e-05	7.736098866980919e-05	1.5874826885164933e-09	0.1441806120126554	749	ESTIMATED	1	POSITIVE	NOT_SUPPORTED	META_N_HETEROGENEITY	ELIGIBLE_SECONDARY
insomnia__adhd	2	218395481	220454551	5.7565676723979176e-05	3.083284518581209	5.5307612341186394e-05	6.302532794706969e-06	9.997759445860419e-10	0.0686691275430781	600	ESTIMATED	1	POSITIVE	NOT_SUPPORTED	META_N_HETEROGENEITY	ELIGIBLE_SECONDARY
insomnia__adhd	2	241560085	242149921	-2.6929159711738093e-05	-1.577873049886161	8.731613014216898e-06	3.335853792557785e-05	3.9452594164898376e-10	0.17517335313090399	210	ESTIMATED	1	NEGATIVE	NOT_SUPPORTED	META_N_HETEROGENEITY	ELIGIBLE_SECONDARY
insomnia__adhd	3	6083184	7083387	-0.00012667064289777856	-2.084031387865003	1.4691523869864894e-05	0.00025146444793767406	1.0962786869946514e-09	0.0001303796665024649	399	ESTIMATED	1	NEGATIVE	NOT_SUPPORTED	META_N_HETEROGENEITY	ELIGIBLE_SECONDARY
insomnia__adhd	3	7083388	8648561	3.540214648320341e-05	1.0367426677054987	5.973930983892151e-05	1.951897660124916e-05	1.789318239630021e-09	0.4026355292826773	858	ESTIMATED	1	POSITIVE	NOT_SUPPORTED	META_N_HETEROGENEITY	ELIGIBLE_SECONDARY
insomnia__adhd	3	14816901	16282442	-5.821919987562405e-05	-3.7336516284920136	1.021492840733068e-05	2.3802882416587845e-05	1.0803525712208276e-09	0.07651668784160838	541	ESTIMATED	1	NEGATIVE	NOT_SUPPORTED	META_N_HETEROGENEITY	ELIGIBLE_SECONDARY
insomnia__adhd	3	19125145	20091348	1.6145052337296886e-05	1.3313321384893186	2.836033945726998e-05	5.1855479863472775e-06	4.119864877354728e-10	0.42636767017509813	203	ESTIMATED	1	POSITIVE	NOT_SUPPORTED	META_N_HETEROGENEITY	ELIGIBLE_SECONDARY
insomnia__adhd	3	23804866	25461558	0.00011553837294401935	1.2172649074767052	5.878795623129354e-05	0.00015324768711949609	1.7077767670037805e-09	0.005176668814859891	744	ESTIMATED	1	POSITIVE	NOT_SUPPORTED	META_N_HETEROGENEITY	ELIGIBLE_SECONDARY
insomnia__adhd	3	27840911	29142260	-2.7410710658081556e-05	-1.236608822957388	6.192008323938295e-06	7.934953345384638e-05	9.504909054725086e-10	0.3739540671558135	460	ESTIMATED	1	NEGATIVE	NOT_SUPPORTED	META_N_HETEROGENEITY	ELIGIBLE_SECONDARY
insomnia__adhd	3	33255593	35283458	3.237365847550786e-05	1.4598481937132317	2.8065960515843172e-05	1.752218486984305e-05	1.3990185330701907e-09	0.3867502298953217	611	ESTIMATED	1	POSITIVE	NOT_SUPPORTED	META_N_HETEROGENEITY	ELIGIBLE_SECONDARY
insomnia__adhd	3	36486843	38356116	-3.0878134649104534e-05	-1.0599408012604754	3.6337308106476416e-06	0.00023355337188628908	1.2849624433277294e-09	0.38901671451852027	629	ESTIMATED	1	NEGATIVE	NOT_SUPPORTED	META_N_HETEROGENEITY	ELIGIBLE_SECONDARY
insomnia__adhd	3	41064529	42540002	-4.0241185284729545e-05	-1.3458555993217853	9.449305190689817e-06	9.46116727668917e-05	8.316216268238522e-10	0.16288638307771774	457	ESTIMATED	1	NEGATIVE	NOT_SUPPORTED	META_N_HETEROGENEITY	ELIGIBLE_SECONDARY
insomnia__adhd	3	47727213	49316972	4.726116417785239e-05	1.0280455875507997	3.032156451562272e-05	6.969995181583924e-05	1.023834095715515e-09	0.13966731787481665	316	ESTIMATED	1	POSITIVE	NOT_SUPPORTED	META_N_HETEROGENEITY	ELIGIBLE_SECONDARY
insomnia__adhd	3	51832016	54081390	3.386258911674597e-05	1.1910480505735348	6.980387309976891e-05	1.157983140540257e-05	1.5416485566564848e-09	0.38844698843191827	651	ESTIMATED	1	POSITIVE	NOT_SUPPORTED	META_N_HETEROGENEITY	ELIGIBLE_SECONDARY
insomnia__adhd	3	62355667	63669286	5.371597171763827e-05	1.7094544332400774	1.8581114464993365e-05	5.313981725591189e-05	1.3906649421635402e-09	0.14974575738233292	613	ESTIMATED	1	POSITIVE	NOT_SUPPORTED	META_N_HETEROGENEITY	ELIGIBLE_SECONDARY
insomnia__adhd	3	68286915	69276762	-1.2153086761435786e-05	-1.1715199978057524	2.4507016342424487e-06	4.391201271853529e-05	7.470493979936811e-10	0.6565774132485473	375	ESTIMATED	1	NEGATIVE	NOT_SUPPORTED	META_N_HETEROGENEITY	ELIGIBLE_SECONDARY
insomnia__adhd	3	70449029	72529329	0.00012131977152441813	1.3716216184474195	5.789092917048904e-05	0.00013514002790743058	1.976056753633594e-09	0.00634924037954474	749	ESTIMATED	1	POSITIVE	NOT_SUPPORTED	META_N_HETEROGENEITY	ELIGIBLE_SECONDARY
insomnia__adhd	3	72529330	74321817	5.5002321807178906e-05	1.92284837752698	7.609960754783884e-05	1.0752007237624286e-05	1.574136583978261e-09	0.16565279021269574	666	ESTIMATED	1	POSITIVE	NOT_SUPPORTED	META_N_HETEROGENEITY	ELIGIBLE_SECONDARY
insomnia__adhd	3	116800154	118530251	0.00019135791730382214	1.0244835545973532	0.00012655594655423076	0.00027567687181727623	5.283517810752336e-09	0.008473411901204262	588	ESTIMATED	1	POSITIVE	NOT_SUPPORTED	META_N_HETEROGENEITY	ELIGIBLE_SECONDARY
insomnia__adhd	3	118530252	120523055	5.484540323600012e-05	3.569053099807741	3.5573167353562473e-06	6.638224158296442e-05	1.382653985964296e-09	0.14022034267491204	728	ESTIMATED	1	POSITIVE	NOT_SUPPORTED	META_N_HETEROGENEITY	ELIGIBLE_SECONDARY
insomnia__adhd	3	120523056	121974097	2.073954082892094e-05	1.1725258032264387	9.165732956961012e-06	3.413392707357418e-05	7.12808831817917e-10	0.43727320514189283	426	ESTIMATED	1	POSITIVE	NOT_SUPPORTED	META_N_HETEROGENEITY	ELIGIBLE_SECONDARY
insomnia__adhd	3	128194862	130244735	4.8200788825114304e-05	1.3901537739225922	1.5485074784364155e-05	7.76370988416733e-05	1.2252047994146785e-09	0.1684967000985329	459	ESTIMATED	1	POSITIVE	NOT_SUPPORTED	META_N_HETEROGENEITY	ELIGIBLE_SECONDARY
insomnia__adhd	3	133252174	135456906	5.558926447718784e-05	6.201609608707809	5.045468721316803e-06	1.592470843141269e-05	1.8581649784273638e-09	0.19719600417844751	879	ESTIMATED	1	POSITIVE	NOT_SUPPORTED	META_N_HETEROGENEITY	ELIGIBLE_SECONDARY
insomnia__adhd	3	151348731	153256571	4.3190077994042483e-05	1.3054210162462707	7.592549040501488e-05	1.4417141816185391e-05	1.294612820758289e-09	0.22999685101707823	595	ESTIMATED	1	POSITIVE	NOT_SUPPORTED	META_N_HETEROGENEITY	ELIGIBLE_SECONDARY
insomnia__adhd	3	154714219	156008700	7.843678171584193e-05	1.5900363666049302	2.588782043774428e-05	9.400044938237179e-05	6.912747253480833e-10	0.002851743451838036	346	ESTIMATED	1	POSITIVE	NOT_SUPPORTED	META_N_HETEROGENEITY	ELIGIBLE_SECONDARY
insomnia__adhd	3	159477891	161524504	5.894885396791838e-05	1.3604876459608206	2.0002948898095067e-05	9.385718018433293e-05	9.935776153921914e-10	0.061464171213742105	568	ESTIMATED	1	POSITIVE	NOT_SUPPORTED	META_N_HETEROGENEITY	ELIGIBLE_SECONDARY
insomnia__adhd	3	161524505	163253205	2.3413355278864055e-05	1.5664698810876265	1.2255269891090073e-05	1.8228894546002724e-05	1.0029306065957977e-09	0.45971709158469065	518	ESTIMATED	1	POSITIVE	NOT_SUPPORTED	META_N_HETEROGENEITY	ELIGIBLE_SECONDARY
insomnia__adhd	3	165055470	167117429	3.5259524708750715e-05	2.068620438357636	3.0352857634554513e-05	9.571757783729379e-06	9.18681484462733e-10	0.2447053678514387	475	ESTIMATED	1	POSITIVE	NOT_SUPPORTED	META_N_HETEROGENEITY	ELIGIBLE_SECONDARY
insomnia__adhd	3	173477286	175116539	6.971867700235398e-05	1.439594775807318	3.340382356505026e-05	7.02136531322572e-05	1.1885608101938944e-09	0.04314880515821644	586	ESTIMATED	1	POSITIVE	NOT_SUPPORTED	META_N_HETEROGENEITY	ELIGIBLE_SECONDARY
insomnia__adhd	3	181511167	183769683	-4.838570475432614e-05	-1.6866388727406763	2.76533838349039e-05	2.9760597715976438e-05	1.2395863162483089e-09	0.1693513769493663	632	ESTIMATED	1	NEGATIVE	NOT_SUPPORTED	META_N_HETEROGENEITY	ELIGIBLE_SECONDARY
insomnia__adhd	3	186890345	188856214	5.879072648005217e-05	1.3051844070225316	5.3532883285756855e-05	3.7901226590571374e-05	1.8117857398423258e-09	0.167218610170493	720	ESTIMATED	1	POSITIVE	NOT_SUPPORTED	META_N_HETEROGENEITY	ELIGIBLE_SECONDARY
insomnia__adhd	3	194786675	195971408	-2.57921247507577e-05	-1.988900434576486	1.581120886146985e-05	1.0636116374908279e-05	6.215362723549927e-10	0.30087644773833744	289	ESTIMATED	1	NEGATIVE	NOT_SUPPORTED	META_N_HETEROGENEITY	ELIGIBLE_SECONDARY
insomnia__adhd	3	195971409	197075987	2.3187409587538612e-05	1.7489343119369964	3.170786646804348e-06	5.543581671760199e-05	7.14067279158618e-10	0.3855442869782586	376	ESTIMATED	1	POSITIVE	NOT_SUPPORTED	META_N_HETEROGENEITY	ELIGIBLE_SECONDARY
insomnia__adhd	4	2842980	3846040	9.270276334631786e-05	1.0390779764949754	7.807761579978964e-05	0.00010194420352667175	7.01690450351344e-10	0.0004659358195449712	231	ESTIMATED	1	POSITIVE	NOT_SUPPORTED	META_N_HETEROGENEITY	ELIGIBLE_SECONDARY
insomnia__adhd	4	20544558	22319347	4.231807748961975e-05	1.2035465329551907	2.9326865248502106e-05	4.2156101643062e-05	1.325969546390757e-09	0.24517783550645067	683	ESTIMATED	1	POSITIVE	NOT_SUPPORTED	META_N_HETEROGENEITY	ELIGIBLE_SECONDARY
insomnia__adhd	4	25609323	27343722	6.63179060433299e-05	1.0249802792445697	3.394558409336071e-05	0.0001233239155498029	1.1744571398771949e-09	0.05297321169469101	525	ESTIMATED	1	POSITIVE	NOT_SUPPORTED	META_N_HETEROGENEITY	ELIGIBLE_SECONDARY
insomnia__adhd	4	27343723	27965868	3.436001581664157e-05	1.2428305146585346	7.102802851211455e-06	0.00010761012460840832	4.4968837539377196e-10	0.10516617269308572	212	ESTIMATED	1	POSITIVE	NOT_SUPPORTED	META_N_HETEROGENEITY	ELIGIBLE_SECONDARY
insomnia__adhd	4	31782982	33172766	2.978826337753351e-05	1.9210472542820782	1.4146123671892144e-05	1.6997178053418692e-05	5.796639896984408e-10	0.21599474749311176	316	ESTIMATED	1	POSITIVE	NOT_SUPPORTED	META_N_HETEROGENEITY	ELIGIBLE_SECONDARY
insomnia__adhd	4	35151416	36020436	4.477015912703088e-05	1.1826834466614105	4.146363800931124e-05	3.4559928484911235e-05	4.903649642225592e-10	0.04320147838549284	271	ESTIMATED	1	POSITIVE	NOT_SUPPORTED	META_N_HETEROGENEITY	ELIGIBLE_SECONDARY
insomnia__adhd	4	37255048	38907022	-1.7014884056307255e-05	-1.047052064597463	3.72078701558536e-06	7.097193108820763e-05	1.8378012024310418e-09	0.691442127873994	774	ESTIMATED	1	NEGATIVE	NOT_SUPPORTED	META_N_HETEROGENEITY	ELIGIBLE_SECONDARY
insomnia__adhd	4	38907023	40202609	3.647275084034418e-05	1.5871538740235511	1.4156688422751317e-05	3.730244502068183e-05	7.537234523066298e-10	0.1840120274791308	420	ESTIMATED	1	POSITIVE	NOT_SUPPORTED	META_N_HETEROGENEITY	ELIGIBLE_SECONDARY
insomnia__adhd	4	40202610	42213058	3.4072872165437075e-05	2.192622465377466	1.3425952685132171e-05	1.79864169334791e-05	1.4896270646772831e-09	0.3773359457376422	618	ESTIMATED	1	POSITIVE	NOT_SUPPORTED	META_N_HETEROGENEITY	ELIGIBLE_SECONDARY
insomnia__adhd	4	42213059	43965045	2.508736709056174e-05	1.4091926370719872	5.070400796694756e-05	6.250678309174687e-06	1.0361787897973052e-09	0.4357680776801639	556	ESTIMATED	1	POSITIVE	NOT_SUPPORTED	META_N_HETEROGENEITY	ELIGIBLE_SECONDARY
insomnia__adhd	4	56547645	58935008	7.237334980547829e-05	1.2448378209374815	2.9141801989605532e-05	0.00011598862406511114	1.89660427018442e-09	0.09654401212985834	902	ESTIMATED	1	POSITIVE	NOT_SUPPORTED	META_N_HETEROGENEITY	ELIGIBLE_SECONDARY
insomnia__adhd	4	68854766	71049152	2.1897181205706524e-05	7.933995650314203	7.53742442308146e-07	1.0105772982714526e-05	7.090927999205661e-10	0.41089929866415253	486	ESTIMATED	1	POSITIVE	NOT_SUPPORTED	META_N_HETEROGENEITY	ELIGIBLE_SECONDARY
insomnia__adhd	4	74592391	77130707	0.0001020025395606339	1.337284353237656	0.00012293361327118116	4.732643552470297e-05	1.51158941097579e-09	0.008701139008654503	755	ESTIMATED	1	POSITIVE	NOT_SUPPORTED	META_N_HETEROGENEITY	ELIGIBLE_SECONDARY
insomnia__adhd	4	80990298	82125315	1.3119255647337004e-05	7.972869995254885	6.558345705597017e-07	4.128523102670388e-06	4.1493621095750875e-10	0.5195440290303328	238	ESTIMATED	1	POSITIVE	NOT_SUPPORTED	META_N_HETEROGENEITY	ELIGIBLE_SECONDARY
insomnia__adhd	4	82125316	83372593	5.085767349437339e-05	1.1228156042505228	9.349353689163875e-05	2.194393508515027e-05	6.975885230209626e-10	0.05415946465060672	388	ESTIMATED	1	POSITIVE	NOT_SUPPORTED	META_N_HETEROGENEITY	ELIGIBLE_SECONDARY
insomnia__adhd	4	84799657	86930609	-2.0733168964186653e-05	-5.2068992071784175	5.133832177782831e-07	3.088384502266434e-05	9.582350458483775e-10	0.5030005161839408	602	ESTIMATED	1	NEGATIVE	NOT_SUPPORTED	META_N_HETEROGENEITY	ELIGIBLE_SECONDARY
insomnia__adhd	4	91560678	94233299	6.0520816972730816e-05	1.0961268184642479	1.4654157133268056e-05	0.00020803054779235	1.197321315419111e-09	0.08028432596976752	604	ESTIMATED	1	POSITIVE	NOT_SUPPORTED	META_N_HETEROGENEITY	ELIGIBLE_SECONDARY
insomnia__adhd	4	96182189	97540703	1.57004701568568e-05	1.5972176767679647	1.2446363994931524e-06	7.763447164302595e-05	8.665466668851312e-10	0.5937875990910033	473	ESTIMATED	1	POSITIVE	NOT_SUPPORTED	META_N_HETEROGENEITY	ELIGIBLE_SECONDARY
insomnia__adhd	4	99424068	100678360	3.601017688432894e-05	1.8327372199229774	1.7613810754365586e-05	2.191779112904298e-05	7.904957682812885e-10	0.20026997404382596	439	ESTIMATED	1	POSITIVE	NOT_SUPPORTED	META_N_HETEROGENEITY	ELIGIBLE_SECONDARY
insomnia__adhd	4	100678361	103221356	0.00010492492993420473	1.3755251582605597	2.082517581085146e-05	0.0002794033591900729	1.3877389400214782e-09	0.004853529795688474	828	ESTIMATED	1	POSITIVE	NOT_SUPPORTED	META_N_HETEROGENEITY	ELIGIBLE_SECONDARY
insomnia__adhd	4	105305295	107501305	-7.75013478904042e-05	-1.2911890739704461	9.345818712647115e-05	3.8549741860552217e-05	1.3182497956682047e-09	0.03279615093595968	593	ESTIMATED	1	NEGATIVE	NOT_SUPPORTED	META_N_HETEROGENEITY	ELIGIBLE_SECONDARY
insomnia__adhd	4	111256568	113870102	6.424201423560385e-05	2.0095604348375686	1.1934077369117924e-05	8.563421213674785e-05	1.6528746444545197e-09	0.11407179015929393	745	ESTIMATED	1	POSITIVE	NOT_SUPPORTED	META_N_HETEROGENEITY	ELIGIBLE_SECONDARY
insomnia__adhd	4	115666247	117276929	1.3089146675089286e-05	2.190351129775894	2.500425397838148e-06	1.4281745345362132e-05	5.733480586690553e-10	0.5846254309881287	362	ESTIMATED	1	POSITIVE	NOT_SUPPORTED	META_N_HETEROGENEITY	ELIGIBLE_SECONDARY
insomnia__adhd	4	117276930	118479918	2.4839765031666076e-05	1.098620818908247	6.219634873778149e-06	8.219292338431887e-05	7.019715917773491e-10	0.34848317899509273	361	ESTIMATED	1	POSITIVE	NOT_SUPPORTED	META_N_HETEROGENEITY	ELIGIBLE_SECONDARY
insomnia__adhd	4	118479919	119933512	-1.9927386257095994e-05	-1.1544811578807335	8.617522450427617e-06	3.4573596234522606e-05	7.439156810698762e-10	0.4650144521983338	430	ESTIMATED	1	NEGATIVE	NOT_SUPPORTED	META_N_HETEROGENEITY	ELIGIBLE_SECONDARY
insomnia__adhd	4	136566408	138541971	0.00012550166179282868	1.061036948882639	0.0001411482124876431	9.912028789303316e-05	1.2139188841024679e-09	0.00031566819402845076	545	ESTIMATED	1	POSITIVE	NOT_SUPPORTED	META_N_HETEROGENEITY	ELIGIBLE_SECONDARY
insomnia__adhd	4	152782185	154477641	3.3064302765716734e-05	1.4812562113992482	6.101631407826093e-06	8.166056872714891e-05	1.1347094969712306e-09	0.3263164697831352	514	ESTIMATED	1	POSITIVE	NOT_SUPPORTED	META_N_HETEROGENEITY	ELIGIBLE_SECONDARY
insomnia__adhd	4	155056127	157485097	6.577611124349632e-06	2.1129883796195976	3.5810077416235574e-06	2.7060568154867817e-06	1.5973923927786063e-09	0.8692789501824519	801	ESTIMATED	1	POSITIVE	NOT_SUPPORTED	META_N_HETEROGENEITY	ELIGIBLE_SECONDARY
insomnia__adhd	4	183371276	184929455	5.262018676586933e-05	11.20296137049308	1.004832239213345e-06	2.1955611270377345e-05	1.401895258168213e-09	0.15990750957445854	519	ESTIMATED	1	POSITIVE	NOT_SUPPORTED	META_N_HETEROGENEITY	ELIGIBLE_SECONDARY
insomnia__adhd	4	186909091	188472981	-6.954824417984078e-05	-1.1965582668058758	5.893520911952666e-05	5.7323118436853335e-05	1.5358663892603976e-09	0.07595789781883856	627	ESTIMATED	1	NEGATIVE	NOT_SUPPORTED	META_N_HETEROGENEITY	ELIGIBLE_SECONDARY
insomnia__adhd	5	5973234	7143218	6.094511176927546e-05	1.6543115557869796	3.10400211224437e-05	4.372412636381598e-05	1.4614614364048886e-09	0.11088927970733205	580	ESTIMATED	1	POSITIVE	NOT_SUPPORTED	META_N_HETEROGENEITY	ELIGIBLE_SECONDARY
insomnia__adhd	5	13464833	14757804	4.867133536555745e-05	2.6106445253446133	1.444251994158553e-05	2.4066230190465162e-05	1.0582614800120466e-09	0.1346131070871208	584	ESTIMATED	1	POSITIVE	NOT_SUPPORTED	META_N_HETEROGENEITY	ELIGIBLE_SECONDARY
insomnia__adhd	5	26857605	27984513	2.6744805995941003e-05	1.1616579839564005	2.3367805968198846e-05	2.2683204214198296e-05	4.139920159069826e-10	0.18869542613569068	224	ESTIMATED	1	POSITIVE	NOT_SUPPORTED	META_N_HETEROGENEITY	ELIGIBLE_SECONDARY
insomnia__adhd	5	40287730	41888710	4.06781410598245e-05	2.127051775355282	5.175163301267103e-06	7.067112663180124e-05	8.883234493812479e-10	0.17230947630239934	549	ESTIMATED	1	POSITIVE	NOT_SUPPORTED	META_N_HETEROGENEITY	ELIGIBLE_SECONDARY
insomnia__adhd	5	50163399	52134622	4.2664094190273674e-05	2.6939238514820776	9.460307948316887e-06	2.6512406774115384e-05	1.0116157114161131e-09	0.17979418111847023	579	ESTIMATED	1	POSITIVE	NOT_SUPPORTED	META_N_HETEROGENEITY	ELIGIBLE_SECONDARY
insomnia__adhd	5	52134623	53703044	-4.6872620370129204e-05	-1.1250074868196964	6.365294796414412e-05	2.727150583492734e-05	1.1795458340218218e-09	0.1723230237832194	625	ESTIMATED	1	NEGATIVE	NOT_SUPPORTED	META_N_HETEROGENEITY	ELIGIBLE_SECONDARY
insomnia__adhd	5	58524623	60935907	4.67874070020049e-05	1.9950610976794747	9.786074584099619e-06	5.620009269197265e-05	1.0749588682150256e-09	0.15357129473550885	647	ESTIMATED	1	POSITIVE	NOT_SUPPORTED	META_N_HETEROGENEITY	ELIGIBLE_SECONDARY
insomnia__adhd	5	85767291	87389991	-2.8640164626181512e-05	-5.663787251032129	2.476901504738539e-06	1.03235346521053e-05	4.719433707946431e-10	0.18738667139807508	264	ESTIMATED	1	NEGATIVE	NOT_SUPPORTED	META_N_HETEROGENEITY	ELIGIBLE_SECONDARY
insomnia__adhd	5	91840543	93809984	0.0001296278425615377	1.0381696251240717	6.621016526082022e-05	0.00023546983414210213	1.6687817898434888e-09	0.0015076456064533569	428	ESTIMATED	1	POSITIVE	NOT_SUPPORTED	META_N_HETEROGENEITY	ELIGIBLE_SECONDARY
insomnia__adhd	5	103320006	104851483	0.0002572339981402428	1.0019911838770106	0.00016335919422826825	0.00040344594296035606	3.939600630102231e-09	4.1622069553022944e-05	423	ESTIMATED	0.352330818766	POSITIVE	NOT_SUPPORTED	META_N_HETEROGENEITY	ELIGIBLE_SECONDARY
insomnia__adhd	5	104851484	105893055	3.7171926444731634e-05	1.5128457078399262	3.5518472997013065e-05	1.6997559766871415e-05	5.977563938308442e-10	0.12841478933056788	193	ESTIMATED	1	POSITIVE	NOT_SUPPORTED	META_N_HETEROGENEITY	ELIGIBLE_SECONDARY
insomnia__adhd	5	111981563	113396285	2.5828140493229125e-05	1.0333478497464297	1.1904046948838936e-05	5.24805730970255e-05	9.274893149788852e-10	0.39639139525262435	532	ESTIMATED	1	POSITIVE	NOT_SUPPORTED	META_N_HETEROGENEITY	ELIGIBLE_SECONDARY
insomnia__adhd	5	117346214	118608820	-3.285280138938019e-05	-1.348923325909111	1.5561415749387732e-05	3.811721670835797e-05	7.028763508409218e-10	0.21528038034478691	355	ESTIMATED	1	NEGATIVE	NOT_SUPPORTED	META_N_HETEROGENEITY	ELIGIBLE_SECONDARY
insomnia__adhd	5	150561299	152867774	-1.3804079722348359e-05	-2.8549831031533723	1.4688691515798364e-06	1.5915662566525888e-05	1.4524645017130323e-09	0.7171986850573371	839	ESTIMATED	1	NEGATIVE	NOT_SUPPORTED	META_N_HETEROGENEITY	ELIGIBLE_SECONDARY
insomnia__adhd	5	155373506	156628700	3.1987979428022176e-05	3.566148371843736	1.3950324424994743e-06	5.767538362674233e-05	6.959845069731239e-10	0.2253154088540047	401	ESTIMATED	1	POSITIVE	NOT_SUPPORTED	META_N_HETEROGENEITY	ELIGIBLE_SECONDARY
insomnia__adhd	5	169505665	171074292	7.598785592855269e-05	1.3389070918241055	3.001793399779495e-05	0.00010730172383906736	1.2234716718360483e-09	0.02982270141563674	600	ESTIMATED	1	POSITIVE	NOT_SUPPORTED	META_N_HETEROGENEITY	ELIGIBLE_SECONDARY
insomnia__adhd	5	171074293	172678327	7.084562193767446e-05	1.3483407761658608	2.86121397530385e-05	9.648867879725536e-05	1.2914295069261408e-09	0.04867663006559613	614	ESTIMATED	1	POSITIVE	NOT_SUPPORTED	META_N_HETEROGENEITY	ELIGIBLE_SECONDARY
insomnia__adhd	6	1452363	2458936	1.4681188061040011e-05	1.2262589294209827	4.214918891952863e-06	3.400703873882397e-05	6.954901191764309e-10	0.5777372360536637	360	ESTIMATED	1	POSITIVE	NOT_SUPPORTED	META_N_HETEROGENEITY	ELIGIBLE_SECONDARY
insomnia__adhd	6	2458937	3573593	7.429694371375967e-05	1.419879055295475	4.1035810306794085e-05	6.67230942763872e-05	1.1040031910139496e-09	0.02534705482939222	521	ESTIMATED	1	POSITIVE	NOT_SUPPORTED	META_N_HETEROGENEITY	ELIGIBLE_SECONDARY
insomnia__adhd	6	4617818	5791472	-3.527225189089276e-05	-1.2403604137222408	8.472082250792074e-06	9.545098549150064e-05	1.1257467512862755e-09	0.29313619640126565	553	ESTIMATED	1	NEGATIVE	NOT_SUPPORTED	META_N_HETEROGENEITY	ELIGIBLE_SECONDARY
insomnia__adhd	6	5791473	6785207	-4.938578851166929e-05	-1.4274151879119328	8.55812459685125e-05	1.3987005726269516e-05	1.4491979090082941e-09	0.19453032194081232	565	ESTIMATED	1	NEGATIVE	NOT_SUPPORTED	META_N_HETEROGENEITY	ELIGIBLE_SECONDARY
insomnia__adhd	6	6785208	7808936	3.675226525805349e-05	1.2020298067146522	8.854972813423431e-05	1.0557243014605185e-05	1.1029512489784297e-09	0.2684500578110126	502	ESTIMATED	1	POSITIVE	NOT_SUPPORTED	META_N_HETEROGENEITY	ELIGIBLE_SECONDARY
insomnia__adhd	6	13209389	14802924	5.3511089617887015e-05	1.4249072040148543	1.5059646061759174e-05	9.364824854286624e-05	1.2174984516192589e-09	0.1251302739160482	659	ESTIMATED	1	POSITIVE	NOT_SUPPORTED	META_N_HETEROGENEITY	ELIGIBLE_SECONDARY
insomnia__adhd	6	52210477	53279102	1.3015889334148807e-05	3.1449570175708095	1.7274446937103376e-05	9.91548848416435e-07	8.508243357327966e-10	0.6554347277905438	440	ESTIMATED	1	POSITIVE	NOT_SUPPORTED	META_N_HETEROGENEITY	ELIGIBLE_SECONDARY
insomnia__adhd	6	56105314	57599465	3.8719615687422296e-05	2.253624024772966	2.732380650254558e-05	1.0803337588110068e-05	5.40145349464891e-10	0.09571286404264479	346	ESTIMATED	1	POSITIVE	NOT_SUPPORTED	META_N_HETEROGENEITY	ELIGIBLE_SECONDARY
insomnia__adhd	6	67329216	68849483	5.238230090073658e-05	2.5649143232800613	4.341694636481279e-05	9.606476866737811e-06	9.137141586771098e-10	0.08310926504272848	488	ESTIMATED	1	POSITIVE	NOT_SUPPORTED	META_N_HETEROGENEITY	ELIGIBLE_SECONDARY
insomnia__adhd	6	68849484	69523448	-1.3048171873997224e-05	-1.9082831643823377	3.68514196682902e-05	1.2687015676678178e-06	4.1721390299763337e-10	0.5229479042599927	227	ESTIMATED	1	NEGATIVE	NOT_SUPPORTED	META_N_HETEROGENEITY	ELIGIBLE_SECONDARY
insomnia__adhd	6	78957729	80691170	4.8000073405094457e-05	1.6078371363895962	8.432944507203585e-06	0.00010568672732024826	1.0965829545975832e-09	0.14719526538117622	613	ESTIMATED	1	POSITIVE	NOT_SUPPORTED	META_N_HETEROGENEITY	ELIGIBLE_SECONDARY
insomnia__adhd	6	87069501	88822140	1.4028288398705526e-05	1.2512622164049334	2.8107624735643284e-05	4.471863755894425e-06	9.474903035926792e-10	0.6485768408008628	582	ESTIMATED	1	POSITIVE	NOT_SUPPORTED	META_N_HETEROGENEITY	ELIGIBLE_SECONDARY
insomnia__adhd	6	88822141	89973052	1.6781567681863696e-05	2.172409068302516	1.698428610828446e-05	3.5134562218301836e-06	9.051010616538855e-10	0.5769761544074077	432	ESTIMATED	1	POSITIVE	NOT_SUPPORTED	META_N_HETEROGENEITY	ELIGIBLE_SECONDARY
insomnia__adhd	6	91843197	93428644	4.704225690612155e-05	1.3654743023659999	2.2104596641346504e-05	5.369410918904357e-05	8.961814354325129e-10	0.11608688594599886	481	ESTIMATED	1	POSITIVE	NOT_SUPPORTED	META_N_HETEROGENEITY	ELIGIBLE_SECONDARY
insomnia__adhd	6	97093512	97842284	1.6000549336297248e-05	2.4334237714626106	1.6959641737420382e-06	2.5492804780153908e-05	3.964117136337194e-10	0.4216047987120848	234	ESTIMATED	1	POSITIVE	NOT_SUPPORTED	META_N_HETEROGENEITY	ELIGIBLE_SECONDARY
insomnia__adhd	6	106056734	107450306	-1.3796614719066096e-05	-1.7014394796256496	7.929735322289679e-06	8.291886896487917e-06	1.4102539420231723e-09	0.7133303100259945	621	ESTIMATED	1	NEGATIVE	NOT_SUPPORTED	META_N_HETEROGENEITY	ELIGIBLE_SECONDARY
insomnia__adhd	6	110304248	112345014	-1.5498027973910836e-05	-1.2413459849800639	2.0535902525094004e-06	7.590203133150341e-05	1.0206047877024358e-09	0.6275924458080013	600	ESTIMATED	1	NEGATIVE	NOT_SUPPORTED	META_N_HETEROGENEITY	ELIGIBLE_SECONDARY
insomnia__adhd	6	117672973	118963115	-6.0264363363069015e-05	-1.2216532462222698	2.437276082471632e-05	9.984366458089067e-05	6.76320548228745e-10	0.020486808561334734	393	ESTIMATED	1	NEGATIVE	NOT_SUPPORTED	META_N_HETEROGENEITY	ELIGIBLE_SECONDARY
insomnia__adhd	6	119963279	120512128	1.2060194792451869e-05	5.585329153529074	6.057781635348833e-07	7.696574662096225e-06	2.9522848483362937e-10	0.48274157810899343	170	ESTIMATED	1	POSITIVE	NOT_SUPPORTED	META_N_HETEROGENEITY	ELIGIBLE_SECONDARY
insomnia__adhd	6	123856182	125424383	5.4200067059333444e-05	1.5944670546990494	3.722717952497544e-05	3.103904951906712e-05	1.1799902558379505e-09	0.11460433241545727	564	ESTIMATED	1	POSITIVE	NOT_SUPPORTED	META_N_HETEROGENEITY	ELIGIBLE_SECONDARY
insomnia__adhd	6	136224178	137614218	-2.77166063017044e-05	-1.7378542430437218	7.455624840635487e-06	3.4116884257652015e-05	4.712449756974492e-10	0.20167928942895996	277	ESTIMATED	1	NEGATIVE	NOT_SUPPORTED	META_N_HETEROGENEITY	ELIGIBLE_SECONDARY
insomnia__adhd	6	148920353	150253404	4.954337086444617e-05	1.6946537443962557	5.4093836479535845e-06	0.0001580015579220235	8.474627362243804e-10	0.08878057547744429	521	ESTIMATED	1	POSITIVE	NOT_SUPPORTED	META_N_HETEROGENEITY	ELIGIBLE_SECONDARY
insomnia__adhd	6	154974121	156763326	7.61214541533664e-05	3.6401639506133217	2.380499830216734e-06	0.00018369786482762667	1.52801306580679e-09	0.05149304208065992	706	ESTIMATED	1	POSITIVE	NOT_SUPPORTED	META_N_HETEROGENEITY	ELIGIBLE_SECONDARY
insomnia__adhd	6	170330174	171051270	2.3155106050856957e-05	1.713433860704559	1.5695208859727485e-05	1.1635679739820792e-05	3.763355832813152e-10	0.2326341271724096	208	ESTIMATED	1	POSITIVE	NOT_SUPPORTED	META_N_HETEROGENEITY	ELIGIBLE_SECONDARY
insomnia__adhd	7	9123424	9987499	4.251835778871152e-05	1.160920808866895	2.81395002781292e-05	4.766848969542199e-05	8.792425491309544e-10	0.1515977213393596	368	ESTIMATED	1	POSITIVE	NOT_SUPPORTED	META_N_HETEROGENEITY	ELIGIBLE_SECONDARY
insomnia__adhd	7	9987500	11299198	-3.691565465795657e-05	-1.1834659360651159	4.713873565506962e-05	2.0641045690832493e-05	9.818392732728878e-10	0.2387478550473101	503	ESTIMATED	1	NEGATIVE	NOT_SUPPORTED	META_N_HETEROGENEITY	ELIGIBLE_SECONDARY
insomnia__adhd	7	15143658	16902069	4.1832658914043196e-05	7.819222254290751	2.54384353828092e-06	1.1251577800835004e-05	1.577280359743844e-09	0.292193587414172	750	ESTIMATED	1	POSITIVE	NOT_SUPPORTED	META_N_HETEROGENEITY	ELIGIBLE_SECONDARY
insomnia__adhd	7	33555769	36213538	-1.9826532564952536e-05	-1.3451310666707192	4.7827910089626756e-06	4.542374372668823e-05	1.8626820422657035e-09	0.6459572672321292	1021	ESTIMATED	1	NEGATIVE	NOT_SUPPORTED	META_N_HETEROGENEITY	ELIGIBLE_SECONDARY
insomnia__adhd	7	37555185	38966703	1.811761227479419e-05	1.9260832107779535	4.072537437604439e-05	2.1726348727603066e-06	1.269738010052009e-09	0.6111413667188708	655	ESTIMATED	1	POSITIVE	NOT_SUPPORTED	META_N_HETEROGENEITY	ELIGIBLE_SECONDARY
insomnia__adhd	7	43159075	44763828	3.935959656509222e-05	1.6012492761256316	1.303673670690154e-05	4.6346238180279475e-05	8.653097363450979e-10	0.18088766962351777	509	ESTIMATED	1	POSITIVE	NOT_SUPPORTED	META_N_HETEROGENEITY	ELIGIBLE_SECONDARY
insomnia__adhd	7	73334603	76458564	6.176604162216801e-05	1.6597685278935517	2.6420408223908142e-05	5.241613148508967e-05	7.477315788283883e-10	0.023896110321324177	369	ESTIMATED	1	POSITIVE	NOT_SUPPORTED	META_N_HETEROGENEITY	ELIGIBLE_SECONDARY
insomnia__adhd	7	82022687	83801203	2.5717429419630688e-05	1.1386683690642456	3.465721360114926e-06	0.00014718615390935057	1.25691339827313e-09	0.46820941077405676	635	ESTIMATED	1	POSITIVE	NOT_SUPPORTED	META_N_HETEROGENEITY	ELIGIBLE_SECONDARY
insomnia__adhd	7	92493753	93966601	2.371936795711805e-05	1.1734330686356484	6.105962816589257e-05	6.6916839897568545e-06	8.77336711259658e-10	0.4232518199035318	335	ESTIMATED	1	POSITIVE	NOT_SUPPORTED	META_N_HETEROGENEITY	ELIGIBLE_SECONDARY
insomnia__adhd	7	97099571	98715474	2.0317434728265802e-05	3.2863115418411386	1.684328059062796e-06	2.269308807248033e-05	7.647796224970713e-10	0.46253182513032465	410	ESTIMATED	1	POSITIVE	NOT_SUPPORTED	META_N_HETEROGENEITY	ELIGIBLE_SECONDARY
insomnia__adhd	7	104159526	105682905	-4.793422672950197e-05	-1.0053949321432418	1.097399150647066e-05	0.00020713498073180473	1.085242238804313e-09	0.14565127951206486	567	ESTIMATED	1	NEGATIVE	NOT_SUPPORTED	META_N_HETEROGENEITY	ELIGIBLE_SECONDARY
insomnia__adhd	7	112618685	113712387	5.0031806749755056e-05	1.3773848570713603	1.242903496492031e-05	0.00010615595335962004	4.0221256456232054e-10	0.012606357411926164	233	ESTIMATED	1	POSITIVE	NOT_SUPPORTED	META_N_HETEROGENEITY	ELIGIBLE_SECONDARY
insomnia__adhd	7	136876563	138744679	4.221564636419705e-05	1.069651268924354	4.2118674088219304e-05	3.69817768665752e-05	1.2331271255715824e-09	0.2292937760271495	555	ESTIMATED	1	POSITIVE	NOT_SUPPORTED	META_N_HETEROGENEITY	ELIGIBLE_SECONDARY
insomnia__adhd	7	144968290	146427960	-1.4728851458218471e-05	-1.6119479448146614	1.7497127463434405e-05	4.771654422669585e-06	6.370754474840684e-10	0.559527290336578	378	ESTIMATED	1	NEGATIVE	NOT_SUPPORTED	META_N_HETEROGENEITY	ELIGIBLE_SECONDARY
insomnia__adhd	7	146427961	147815318	4.043942794244397e-05	1.0009876105023043	1.1415597063707931e-05	0.00014297298071557594	9.891975923145356e-10	0.1985231470477945	551	ESTIMATED	1	POSITIVE	NOT_SUPPORTED	META_N_HETEROGENEITY	ELIGIBLE_SECONDARY
insomnia__adhd	7	149840659	150711505	1.0957266689626576e-05	1.011055781098091	9.302981279074488e-06	1.2625020257838686e-05	6.445484088874506e-10	0.6660371967185532	336	ESTIMATED	1	POSITIVE	NOT_SUPPORTED	META_N_HETEROGENEITY	ELIGIBLE_SECONDARY
insomnia__adhd	7	156065251	157634597	2.7645532291743106e-05	1.1261324337105394	8.317181835641166e-06	7.245940820901197e-05	1.1225217160477893e-09	0.40929217755592984	532	ESTIMATED	1	POSITIVE	NOT_SUPPORTED	META_N_HETEROGENEITY	ELIGIBLE_SECONDARY
insomnia__adhd	8	1163246	2042942	3.0275609247633318e-05	1.4103982569710878	5.665894740185586e-05	8.132681335437308e-06	1.0004407206469981e-09	0.33847241079797596	373	ESTIMATED	1	POSITIVE	NOT_SUPPORTED	META_N_HETEROGENEITY	ELIGIBLE_SECONDARY
insomnia__adhd	8	2042943	2573279	-1.029287005187416e-05	-4.579247746933831	3.0150292331532397e-06	1.6756880458983183e-06	5.830337481955782e-10	0.6699076300477302	211	ESTIMATED	1	NEGATIVE	NOT_SUPPORTED	META_N_HETEROGENEITY	ELIGIBLE_SECONDARY
insomnia__adhd	8	3392927	3783017	3.0177868493410438e-05	1.2327405437495105	1.349169338471992e-05	4.4418849030657846e-05	9.417403298775402e-10	0.32541866121111473	434	ESTIMATED	1	POSITIVE	NOT_SUPPORTED	META_N_HETEROGENEITY	ELIGIBLE_SECONDARY
insomnia__adhd	8	4480477	5146927	7.219958365148348e-05	1.8440153350766326	5.085165219840628e-05	3.0146386413747556e-05	1.1075857933469367e-09	0.03004991574200058	486	ESTIMATED	1	POSITIVE	NOT_SUPPORTED	META_N_HETEROGENEITY	ELIGIBLE_SECONDARY
insomnia__adhd	8	25483455	26682525	3.625375325907181e-05	5.600663747538412	3.6043672711560304e-06	1.1625132543820273e-05	1.352187403456863e-09	0.3241803318284765	634	ESTIMATED	1	POSITIVE	NOT_SUPPORTED	META_N_HETEROGENEITY	ELIGIBLE_SECONDARY
insomnia__adhd	8	31548361	32977218	4.8932506260252116e-05	1.3769270550737402	3.795780852084389e-05	3.327146493526725e-05	9.276749534062724e-10	0.10814881574136301	499	ESTIMATED	1	POSITIVE	NOT_SUPPORTED	META_N_HETEROGENEITY	ELIGIBLE_SECONDARY
insomnia__adhd	8	37379390	38938806	6.0758387160441486e-05	1.31842764568304	3.570684708676886e-05	5.947690596756227e-05	6.8190501179331e-10	0.01998012337667332	296	ESTIMATED	1	POSITIVE	NOT_SUPPORTED	META_N_HETEROGENEITY	ELIGIBLE_SECONDARY
insomnia__adhd	8	53302931	54418044	-3.0503201743454773e-05	-1.519154292762269	4.417745761997124e-06	9.126123989884887e-05	8.022114283237234e-10	0.2814965500648148	381	ESTIMATED	1	NEGATIVE	NOT_SUPPORTED	META_N_HETEROGENEITY	ELIGIBLE_SECONDARY
insomnia__adhd	8	59068652	59728100	3.7079246940884565e-05	1.1071184420323865	1.811324063725696e-05	6.192663523528593e-05	5.018020245754235e-10	0.09787294340471661	269	ESTIMATED	1	POSITIVE	NOT_SUPPORTED	META_N_HETEROGENEITY	ELIGIBLE_SECONDARY
insomnia__adhd	8	62329100	63349306	1.66485087212888e-05	1.4707992189597832	1.4566368482009393e-05	8.796149514364936e-06	6.015665901222015e-10	0.49727286407318316	342	ESTIMATED	1	POSITIVE	NOT_SUPPORTED	META_N_HETEROGENEITY	ELIGIBLE_SECONDARY
insomnia__adhd	8	65232873	66489090	5.696535581622554e-05	1.1093001513816472	9.35224397030727e-05	2.8197308550868918e-05	6.354522710017574e-10	0.023833878997073742	349	ESTIMATED	1	POSITIVE	NOT_SUPPORTED	META_N_HETEROGENEITY	ELIGIBLE_SECONDARY
insomnia__adhd	8	75445065	76456542	1.7920965410928992e-05	1.1577780371750725	1.1535539140721661e-05	2.076989459046452e-05	5.751202477760126e-10	0.45489589820410037	303	ESTIMATED	1	POSITIVE	NOT_SUPPORTED	META_N_HETEROGENEITY	ELIGIBLE_SECONDARY
insomnia__adhd	8	82693740	84225589	2.654936801530331e-05	2.3064963612990845	3.29009567362911e-05	4.027117491329764e-06	7.412941939805068e-10	0.32949982111583653	422	ESTIMATED	1	POSITIVE	NOT_SUPPORTED	META_N_HETEROGENEITY	ELIGIBLE_SECONDARY
insomnia__adhd	8	85955620	87411709	-2.4994844953052975e-05	-1.3066122734253816	3.7906309780573557e-06	9.653747159605691e-05	4.665474639322981e-10	0.24719707308616956	288	ESTIMATED	1	NEGATIVE	NOT_SUPPORTED	META_N_HETEROGENEITY	ELIGIBLE_SECONDARY
insomnia__adhd	8	89085482	90638162	-8.01176475220679e-06	-1.0021473161518726	4.310900156479518e-05	1.4826043757525372e-06	7.104711319403719e-10	0.763737481234507	422	ESTIMATED	1	NEGATIVE	NOT_SUPPORTED	META_N_HETEROGENEITY	ELIGIBLE_SECONDARY
insomnia__adhd	8	90638163	93554386	8.106044203815605e-05	1.1511245481597598	1.9613584918720765e-05	0.0002528228509213928	1.4807840681632221e-09	0.03516025385684229	685	ESTIMATED	1	POSITIVE	NOT_SUPPORTED	META_N_HETEROGENEITY	ELIGIBLE_SECONDARY
insomnia__adhd	8	93554387	95005527	8.459300429750388e-05	1.1292800144308721	4.3913498096908796e-05	0.00012778138169932153	7.703064254003366e-10	0.0023043597204404067	402	ESTIMATED	1	POSITIVE	NOT_SUPPORTED	META_N_HETEROGENEITY	ELIGIBLE_SECONDARY
insomnia__adhd	8	95005528	96534806	8.036737251626967e-05	1.4674897063207508	0.00011654742232364481	2.5733967025759977e-05	1.289835675969893e-09	0.02523702254312864	649	ESTIMATED	1	POSITIVE	NOT_SUPPORTED	META_N_HETEROGENEITY	ELIGIBLE_SECONDARY
insomnia__adhd	8	96534807	99401581	0.00011981201323591845	9.55394356261328	1.4690684518156466e-06	0.00010705164772217631	2.255517226011594e-09	0.011643523195427575	1097	ESTIMATED	1	POSITIVE	NOT_SUPPORTED	META_N_HETEROGENEITY	ELIGIBLE_SECONDARY
insomnia__adhd	8	107410755	108648177	5.83245791174072e-05	1.4271163049009843	2.8790218124322146e-05	5.80148983658667e-05	8.990194828481565e-10	0.05174940259167216	501	ESTIMATED	1	POSITIVE	NOT_SUPPORTED	META_N_HETEROGENEITY	ELIGIBLE_SECONDARY
insomnia__adhd	8	108648178	109248173	1.3821277552967584e-05	5.521096593524711	7.930479111556923e-06	7.90216803592941e-07	3.4951962407336527e-10	0.4597334270815081	204	ESTIMATED	1	POSITIVE	NOT_SUPPORTED	META_N_HETEROGENEITY	ELIGIBLE_SECONDARY
insomnia__adhd	8	109248174	110484314	2.8434016169580688e-05	2.2694495589030796	7.978631927547149e-06	1.967464534758726e-05	5.313476716527095e-10	0.2173790453517085	351	ESTIMATED	1	POSITIVE	NOT_SUPPORTED	META_N_HETEROGENEITY	ELIGIBLE_SECONDARY
insomnia__adhd	8	113064321	116096495	0.00010314446378089426	1.3132613328886225	9.403626595365537e-05	6.559853715698139e-05	1.2334133259563366e-09	0.0033149331001331595	794	ESTIMATED	1	POSITIVE	NOT_SUPPORTED	META_N_HETEROGENEITY	ELIGIBLE_SECONDARY
insomnia__adhd	8	128659112	130381139	7.778841833391973e-05	1.9940260642648096	2.5001683697039152e-05	6.0869392058525066e-05	1.3186766487331553e-09	0.03218303836499345	668	ESTIMATED	1	POSITIVE	NOT_SUPPORTED	META_N_HETEROGENEITY	ELIGIBLE_SECONDARY
insomnia__adhd	8	140725644	143044914	0.0001427210837870216	1.152006862710506	7.09781363751293e-05	0.00021624274476384237	1.7301371452425757e-09	0.0006008852408901819	785	ESTIMATED	1	POSITIVE	NOT_SUPPORTED	META_N_HETEROGENEITY	ELIGIBLE_SECONDARY
insomnia__adhd	8	143044915	144236881	2.4286608999753642e-05	1.2408167890994402	1.2275075505817892e-05	3.121003584543591e-05	6.980832852984128e-10	0.35798737878609477	384	ESTIMATED	1	POSITIVE	NOT_SUPPORTED	META_N_HETEROGENEITY	ELIGIBLE_SECONDARY
insomnia__adhd	9	10879254	12276489	4.082641761873653e-05	1.1107645591135757	1.0239215699452313e-05	0.00013193858640569994	9.183527938470231e-10	0.17791140953685003	470	ESTIMATED	1	POSITIVE	NOT_SUPPORTED	META_N_HETEROGENEITY	ELIGIBLE_SECONDARY
insomnia__adhd	9	25330811	26111757	3.584179285335121e-05	13.840090609708822	7.234998254557768e-07	9.269646093813933e-06	6.572730532107775e-10	0.16210374843497732	260	ESTIMATED	1	POSITIVE	NOT_SUPPORTED	META_N_HETEROGENEITY	ELIGIBLE_SECONDARY
insomnia__adhd	9	28811585	30387392	-7.375300622671624e-05	-1.00506544360341	5.078048997808601e-05	0.00010604101714845717	1.0576860159526478e-09	0.023342483630469802	573	ESTIMATED	1	NEGATIVE	NOT_SUPPORTED	META_N_HETEROGENEITY	ELIGIBLE_SECONDARY
insomnia__adhd	9	84211234	85440801	4.928269910224874e-05	1.6737456346846395	2.3243698132300916e-05	3.7299656216366805e-05	5.821659635701452e-10	0.0410977584334219	285	ESTIMATED	1	POSITIVE	NOT_SUPPORTED	META_N_HETEROGENEITY	ELIGIBLE_SECONDARY
insomnia__adhd	9	96671699	98922040	2.3500123807792037e-05	1.5488800783943404	3.309543061426839e-05	6.955633277124799e-06	1.3407387804747705e-09	0.521004631295491	735	ESTIMATED	1	POSITIVE	NOT_SUPPORTED	META_N_HETEROGENEITY	ELIGIBLE_SECONDARY
insomnia__adhd	9	104624438	105967976	-1.6774678968414334e-05	-25.861202031531143	3.126995474896259e-08	1.3455002041378862e-05	1.2060938338009328e-09	0.6290826763838939	595	ESTIMATED	1	NEGATIVE	NOT_SUPPORTED	META_N_HETEROGENEITY	ELIGIBLE_SECONDARY
insomnia__adhd	9	110695063	112778024	7.564651699352614e-05	1.6255036574036887	1.9357196608394625e-05	0.00011188181675079725	2.2366459230391717e-09	0.10970458258078308	1111	ESTIMATED	1	POSITIVE	NOT_SUPPORTED	META_N_HETEROGENEITY	ELIGIBLE_SECONDARY
insomnia__adhd	9	117019802	117921960	2.4151556912703975e-05	12.244516430269366	1.2005677976254345e-05	3.2405617243352257e-07	9.696648636814987e-10	0.43798888945522485	471	ESTIMATED	1	POSITIVE	NOT_SUPPORTED	META_N_HETEROGENEITY	ELIGIBLE_SECONDARY
insomnia__adhd	9	130055511	132165470	6.81818947282107e-05	1.7197432645079433	1.9178844436701392e-05	8.195745439743323e-05	1.1024821715499405e-09	0.04002934568599519	494	ESTIMATED	1	POSITIVE	NOT_SUPPORTED	META_N_HETEROGENEITY	ELIGIBLE_SECONDARY
insomnia__adhd	9	135298843	137041122	4.9989868840256514e-05	1.0292052677829153	5.437334118137831e-05	4.338843374386066e-05	1.5000132537855963e-09	0.19679830293655254	641	ESTIMATED	1	POSITIVE	NOT_SUPPORTED	META_N_HETEROGENEITY	ELIGIBLE_SECONDARY
insomnia__adhd	9	139500343	141144796	1.4713743022709311e-05	1.3573729676804225	4.896090385745766e-05	2.3999296712714383e-06	3.871561991424249e-10	0.4545864143035764	210	ESTIMATED	1	POSITIVE	NOT_SUPPORTED	META_N_HETEROGENEITY	ELIGIBLE_SECONDARY
insomnia__adhd	10	8774666	10249396	7.186801525506667e-05	4.893224037154146	7.492335159188999e-07	0.0002879147436734136	1.039833812378303e-09	0.025833164802074225	560	ESTIMATED	1	POSITIVE	NOT_SUPPORTED	META_N_HETEROGENEITY	ELIGIBLE_SECONDARY
insomnia__adhd	10	12586798	13321600	0.00011608465127282905	1.5245611027642931	3.102410616813078e-05	0.0001868790656084473	1.4700875467961643e-09	0.0024647738715001897	448	ESTIMATED	1	POSITIVE	NOT_SUPPORTED	META_N_HETEROGENEITY	ELIGIBLE_SECONDARY
insomnia__adhd	10	19716879	22772283	0.00014347687302111354	1.0789906006378485	0.00013291677680745694	0.0001330297214755179	2.2691906810771234e-09	0.00259583359777364	996	ESTIMATED	1	POSITIVE	NOT_SUPPORTED	META_N_HETEROGENEITY	ELIGIBLE_SECONDARY
insomnia__adhd	10	26888685	29323236	-4.8880189989713516e-05	-2.8407836051256217	2.904773366547409e-06	0.0001019241764083588	1.826687548082539e-09	0.25276049538027634	992	ESTIMATED	1	NEGATIVE	NOT_SUPPORTED	META_N_HETEROGENEITY	ELIGIBLE_SECONDARY
insomnia__adhd	10	29323237	29783692	-3.648086801634665e-05	-2.3380939361867834	5.149566166982146e-06	4.7275461014134776e-05	6.42850184214884e-10	0.15019795021466847	269	ESTIMATED	1	NEGATIVE	NOT_SUPPORTED	META_N_HETEROGENEITY	ELIGIBLE_SECONDARY
insomnia__adhd	10	57662147	58959528	2.8485316840627407e-05	3.22993722737012	2.435318607609704e-06	3.193729704857151e-05	5.672144105735747e-10	0.23167909919385143	389	ESTIMATED	1	POSITIVE	NOT_SUPPORTED	META_N_HETEROGENEITY	ELIGIBLE_SECONDARY
insomnia__adhd	10	60289988	61891409	4.1657302197797295e-05	2.068700436921691	1.1129369647430037e-05	3.6434809414238315e-05	1.109790955580469e-09	0.2111307739982783	610	ESTIMATED	1	POSITIVE	NOT_SUPPORTED	META_N_HETEROGENEITY	ELIGIBLE_SECONDARY
insomnia__adhd	10	61891410	62659679	1.6151666869153694e-05	6.749222408622456	3.7538621025443437e-06	1.5256288855824257e-06	6.019913971598999e-10	0.5103469837563595	311	ESTIMATED	1	POSITIVE	NOT_SUPPORTED	META_N_HETEROGENEITY	ELIGIBLE_SECONDARY
insomnia__adhd	10	62659680	63341695	2.4805252405083752e-05	1.1966156711103186	2.6304080141466757e-05	1.6336341736521684e-05	2.9600232955066846e-10	0.14936717363457538	173	ESTIMATED	1	POSITIVE	NOT_SUPPORTED	META_N_HETEROGENEITY	ELIGIBLE_SECONDARY
insomnia__adhd	10	80876750	82414679	-1.6394975527721025e-05	-1.4876820906755979	7.78259971154879e-05	1.5605460265563876e-06	1.0091469215593842e-09	0.6057848054665789	496	ESTIMATED	1	NEGATIVE	NOT_SUPPORTED	META_N_HETEROGENEITY	ELIGIBLE_SECONDARY
insomnia__adhd	10	93335048	95396368	7.82145929869253e-06	1.2106646020394316	2.2873869273407283e-07	0.00018246864860051482	1.1313032355878643e-09	0.8161183706646433	683	ESTIMATED	1	POSITIVE	NOT_SUPPORTED	META_N_HETEROGENEITY	ELIGIBLE_SECONDARY
insomnia__adhd	10	108726687	110317705	4.217837906848691e-05	1.4086535164700889	8.171415083955345e-05	1.0971705245772228e-05	1.3532316555037583e-09	0.2515558473768704	644	ESTIMATED	1	POSITIVE	NOT_SUPPORTED	META_N_HETEROGENEITY	ELIGIBLE_SECONDARY
insomnia__adhd	11	19569536	21017138	8.257623664215948e-05	2.9092853725830414	6.740159108286088e-06	0.00011952737371722985	1.7424927537111132e-09	0.047906457745992795	735	ESTIMATED	1	POSITIVE	NOT_SUPPORTED	META_N_HETEROGENEITY	ELIGIBLE_SECONDARY
insomnia__adhd	11	21017139	22374142	1.1221270793120213e-05	1.269603552706329	4.954068464815717e-05	1.5768334478170018e-06	1.1170871835268512e-09	0.7370696081339301	532	ESTIMATED	1	POSITIVE	NOT_SUPPORTED	META_N_HETEROGENEITY	ELIGIBLE_SECONDARY
insomnia__adhd	11	22374143	24088517	4.118775515123799e-05	2.7127570332700373	5.2052924940029596e-06	4.428629107238736e-05	1.1156727133049468e-09	0.21753695462480516	579	ESTIMATED	1	POSITIVE	NOT_SUPPORTED	META_N_HETEROGENEITY	ELIGIBLE_SECONDARY
insomnia__adhd	11	24088518	26045753	0.00010126785139503456	1.1484873812848022	0.00011075771820767192	7.019670637957551e-05	1.596884286412446e-09	0.01127156746955789	663	ESTIMATED	1	POSITIVE	NOT_SUPPORTED	META_N_HETEROGENEITY	ELIGIBLE_SECONDARY
insomnia__adhd	11	26045754	27020461	1.6027558472243136e-05	1.0818459678210324	2.7712340610558877e-05	7.920100093268677e-06	6.495906837703786e-10	0.5294468730471693	361	ESTIMATED	1	POSITIVE	NOT_SUPPORTED	META_N_HETEROGENEITY	ELIGIBLE_SECONDARY
insomnia__adhd	11	28481594	30141357	6.972357985748472e-05	1.2492564175870031	8.248015135746394e-06	0.00037766498989230695	1.9092562394536454e-09	0.11055880650617993	417	ESTIMATED	1	POSITIVE	NOT_SUPPORTED	META_N_HETEROGENEITY	ELIGIBLE_SECONDARY
insomnia__adhd	11	30141358	32276901	6.109139277204761e-05	1.7662988921021108	1.4138869846329949e-05	8.460907810324965e-05	1.0776651784527807e-09	0.06274918238245175	650	ESTIMATED	1	POSITIVE	NOT_SUPPORTED	META_N_HETEROGENEITY	ELIGIBLE_SECONDARY
insomnia__adhd	11	70926293	72286017	4.557714400107321e-05	1.3650478023213195	1.1428709721553547e-05	9.754416437308382e-05	5.699252272223988e-10	0.056243812783627355	323	ESTIMATED	1	POSITIVE	NOT_SUPPORTED	META_N_HETEROGENEITY	ELIGIBLE_SECONDARY
insomnia__adhd	11	92077145	93276157	3.5464681562193976e-05	2.468700525757587	3.9276973082701185e-06	5.254329441711807e-05	6.888704389300155e-10	0.17662374860418362	417	ESTIMATED	1	POSITIVE	NOT_SUPPORTED	META_N_HETEROGENEITY	ELIGIBLE_SECONDARY
insomnia__adhd	11	100417170	101331121	1.6163123326272874e-05	1.4967934699086167	1.6598300993296201e-06	7.025272554494551e-05	7.540081471959211e-10	0.5561141654938042	407	ESTIMATED	1	POSITIVE	NOT_SUPPORTED	META_N_HETEROGENEITY	ELIGIBLE_SECONDARY
insomnia__adhd	11	103959637	104873284	-2.038895075113762e-05	-1.583697800459219	1.131990817619238e-05	1.464206136344987e-05	4.5814276020520565e-10	0.3408106927180983	298	ESTIMATED	1	NEGATIVE	NOT_SUPPORTED	META_N_HETEROGENEITY	ELIGIBLE_SECONDARY
insomnia__adhd	11	112459489	114257728	0.000269126573509869	1.1037371936010711	0.00016879528168239758	0.00035222607738135146	2.3064849830543945e-09	2.0972391845969203e-08	754	ESTIMATED	0.000177531296976	POSITIVE	SUPPORTED_FWER	META_N_HETEROGENEITY	ELIGIBLE_SECONDARY
insomnia__adhd	11	117747111	119215476	-2.8165744261005512e-05	-1.0225748187021082	6.958651015841055e-05	1.0902528206609938e-05	9.722331768545295e-10	0.3663622789729032	547	ESTIMATED	1	NEGATIVE	NOT_SUPPORTED	META_N_HETEROGENEITY	ELIGIBLE_SECONDARY
insomnia__adhd	11	121175944	122591910	4.717030366852532e-05	1.1070829137606117	3.384705370155584e-05	5.363597473875896e-05	1.038223841839254e-09	0.14321043887873447	459	ESTIMATED	1	POSITIVE	NOT_SUPPORTED	META_N_HETEROGENEITY	ELIGIBLE_SECONDARY
insomnia__adhd	11	123500118	124495528	1.959372975392418e-05	1.136130234880009	2.4014862268842625e-05	1.2385053652380606e-05	9.360346271406075e-10	0.5218935744487072	482	ESTIMATED	1	POSITIVE	NOT_SUPPORTED	META_N_HETEROGENEITY	ELIGIBLE_SECONDARY
insomnia__adhd	11	134205994	134946452	1.0487199807235518e-05	1.2182015053818047	1.0695900257798815e-06	6.928886971625399e-05	9.621697042169993e-10	0.7352945577937465	378	ESTIMATED	1	POSITIVE	NOT_SUPPORTED	META_N_HETEROGENEITY	ELIGIBLE_SECONDARY
insomnia__adhd	12	61108	1080331	3.1412624614119335e-05	4.967538875493387	2.3063615033199675e-05	1.7337980869287274e-06	6.400249952915801e-10	0.21435879823053583	301	ESTIMATED	1	POSITIVE	NOT_SUPPORTED	META_N_HETEROGENEITY	ELIGIBLE_SECONDARY
insomnia__adhd	12	5321473	6419753	-1.2143264150283073e-05	-2.6597294507772307	2.410246696826661e-06	8.648374025970492e-06	1.118117475175075e-09	0.7164892904023317	511	ESTIMATED	1	NEGATIVE	NOT_SUPPORTED	META_N_HETEROGENEITY	ELIGIBLE_SECONDARY
insomnia__adhd	12	11754847	12733528	-4.7220761476682e-05	-1.330860110343861	1.0322407165778658e-05	0.0001219607735260295	8.580796615876469e-10	0.10695859217218326	397	ESTIMATED	1	NEGATIVE	NOT_SUPPORTED	META_N_HETEROGENEITY	ELIGIBLE_SECONDARY
insomnia__adhd	12	18087874	20863943	5.343616720994301e-05	1.3035878138187633	1.3923372233589813e-05	0.0001206828568764029	2.134746996680652e-09	0.24745878411176514	967	ESTIMATED	1	POSITIVE	NOT_SUPPORTED	META_N_HETEROGENEITY	ELIGIBLE_SECONDARY
insomnia__adhd	12	23820635	25371083	4.57820008419769e-05	1.1264153157404444	8.438687001230417e-06	0.00019575711930633615	2.1091990004487825e-09	0.31883044087427415	707	ESTIMATED	1	POSITIVE	NOT_SUPPORTED	META_N_HETEROGENEITY	ELIGIBLE_SECONDARY
insomnia__adhd	12	29651256	30512406	4.6477752419193644e-05	1.3791429911661381	3.567517671193321e-05	3.1835048073576176e-05	8.200005460514081e-10	0.10457380529821311	461	ESTIMATED	1	POSITIVE	NOT_SUPPORTED	META_N_HETEROGENEITY	ELIGIBLE_SECONDARY
insomnia__adhd	12	30512407	32165592	2.7924412078053113e-05	2.0478126830340178	9.709634629425923e-06	1.915070346992002e-05	1.3108107956015078e-09	0.4405389177929989	646	ESTIMATED	1	POSITIVE	NOT_SUPPORTED	META_N_HETEROGENEITY	ELIGIBLE_SECONDARY
insomnia__adhd	12	33076990	37856717	1.2991452003289576e-05	1.1664467107974323	1.553068962748814e-05	7.987205163112112e-06	5.516246841948848e-10	0.5801668664730664	359	ESTIMATED	1	POSITIVE	NOT_SUPPORTED	META_N_HETEROGENEITY	ELIGIBLE_SECONDARY
insomnia__adhd	12	41658587	43984474	0.00012154109798520223	1.3785851722138651	5.593063862014472e-05	0.00013897264605421122	1.5795226965812803e-09	0.0022270054914792343	931	ESTIMATED	1	POSITIVE	NOT_SUPPORTED	META_N_HETEROGENEITY	ELIGIBLE_SECONDARY
insomnia__adhd	12	49001867	51776494	6.520214591763918e-05	1.156334008302232	2.2871376382858882e-05	0.0001390160295919523	1.5544388196607534e-09	0.09817428212531269	678	ESTIMATED	1	POSITIVE	NOT_SUPPORTED	META_N_HETEROGENEITY	ELIGIBLE_SECONDARY
insomnia__adhd	12	53039005	54778823	5.13693970004924e-05	1.0449356161762495	8.215379940604044e-05	2.9417259933801933e-05	1.152538824277943e-09	0.13024624777750138	615	ESTIMATED	1	POSITIVE	NOT_SUPPORTED	META_N_HETEROGENEITY	ELIGIBLE_SECONDARY
insomnia__adhd	12	65559696	67181144	3.407665425652029e-05	16.524315265759988	2.0496710525511333e-05	2.0748312654014165e-07	9.641927572759315e-10	0.2724554665104534	538	ESTIMATED	1	POSITIVE	NOT_SUPPORTED	META_N_HETEROGENEITY	ELIGIBLE_SECONDARY
insomnia__adhd	12	67909730	69826542	-0.00011965816202189586	-1.1996824328424769	3.564247544029904e-05	0.00027911565605185816	1.7195374495186283e-09	0.003906652034945043	805	ESTIMATED	1	NEGATIVE	NOT_SUPPORTED	META_N_HETEROGENEITY	ELIGIBLE_SECONDARY
insomnia__adhd	12	83502667	84303844	5.205187174792377e-05	1.2343010143555124	7.773650604047187e-05	2.2877339303893136e-05	6.321393898395783e-10	0.03842575752418508	245	ESTIMATED	1	POSITIVE	NOT_SUPPORTED	META_N_HETEROGENEITY	ELIGIBLE_SECONDARY
insomnia__adhd	12	96020786	97108839	3.626954586943226e-05	1.3265986429530197	1.2521603431832532e-05	5.969599467919434e-05	8.814025841740149e-10	0.22183132933878713	453	ESTIMATED	1	POSITIVE	NOT_SUPPORTED	META_N_HETEROGENEITY	ELIGIBLE_SECONDARY
insomnia__adhd	12	101447642	101862690	8.910859567540084e-06	1.0015749410961117	9.271995576022111e-06	8.536878150783985e-06	2.635354252927632e-10	0.5830681214591226	156	ESTIMATED	1	POSITIVE	NOT_SUPPORTED	META_N_HETEROGENEITY	ELIGIBLE_SECONDARY
insomnia__adhd	12	104848697	106436213	3.307933324188053e-05	1.422311068193178	8.649011149638314e-06	6.253999728867763e-05	1.5459575544136256e-09	0.4001722141642493	880	ESTIMATED	1	POSITIVE	NOT_SUPPORTED	META_N_HETEROGENEITY	ELIGIBLE_SECONDARY
insomnia__adhd	12	119754111	122007651	0.00011730180716305733	1.0457002280427394	9.161145374850048e-05	0.00013735523794568407	1.20465086993844e-09	0.0007257330656713579	737	ESTIMATED	1	POSITIVE	NOT_SUPPORTED	META_N_HETEROGENEITY	ELIGIBLE_SECONDARY
insomnia__adhd	13	19020014	20686720	1.5176974312801567e-05	1.6768202385872912	1.8003279689548702e-06	4.550359983030002e-05	4.994593560742162e-10	0.49707312325845443	292	ESTIMATED	1	POSITIVE	NOT_SUPPORTED	META_N_HETEROGENEITY	ELIGIBLE_SECONDARY
insomnia__adhd	13	27284363	29257551	8.215303309136083e-05	1.316097924769031	1.9390116147174366e-05	0.00020095109881147714	1.9363062807053033e-09	0.061906236215529264	843	ESTIMATED	1	POSITIVE	NOT_SUPPORTED	META_N_HETEROGENEITY	ELIGIBLE_SECONDARY
insomnia__adhd	13	29257552	30483267	4.097638017265432e-05	2.2260643712571024	1.7578099911004237e-05	1.927612859536576e-05	9.914861411484357e-10	0.19314262691098194	495	ESTIMATED	1	POSITIVE	NOT_SUPPORTED	META_N_HETEROGENEITY	ELIGIBLE_SECONDARY
insomnia__adhd	13	30483268	32301815	5.0188494391120404e-05	1.3486115706044908	1.5911014159882082e-05	8.704357298652513e-05	1.7397043159708e-09	0.2288682551724831	742	ESTIMATED	1	POSITIVE	NOT_SUPPORTED	META_N_HETEROGENEITY	ELIGIBLE_SECONDARY
insomnia__adhd	13	36046368	37498185	6.3313892628925e-05	1.984096115666346	3.411230882669122e-05	2.985117993212499e-05	1.2732049442236169e-09	0.07599813879088113	610	ESTIMATED	1	POSITIVE	NOT_SUPPORTED	META_N_HETEROGENEITY	ELIGIBLE_SECONDARY
insomnia__adhd	13	38878164	41069263	0.0001185221521610441	1.2629383326436423	0.00011250306265408262	7.828353385703513e-05	1.8541849712582378e-09	0.005914710008132489	886	ESTIMATED	1	POSITIVE	NOT_SUPPORTED	META_N_HETEROGENEITY	ELIGIBLE_SECONDARY
insomnia__adhd	13	54682865	55817131	2.41324418637693e-05	1.7913771993254208	1.4841102374197147e-05	1.2228193205804763e-05	6.310478403998642e-10	0.3367226842341534	337	ESTIMATED	1	POSITIVE	NOT_SUPPORTED	META_N_HETEROGENEITY	ELIGIBLE_SECONDARY
insomnia__adhd	13	80585677	82581814	4.406633429546214e-05	1.4484562801854741	3.4621218739940074e-05	2.673380127583486e-05	1.279190680279581e-09	0.21791880571236955	633	ESTIMATED	1	POSITIVE	NOT_SUPPORTED	META_N_HETEROGENEITY	ELIGIBLE_SECONDARY
insomnia__adhd	13	88559883	90521311	5.041304737437113e-05	1.3475363022411144	2.361709976902392e-05	5.9262284520431096e-05	8.334890680642184e-10	0.0807768944544731	503	ESTIMATED	1	POSITIVE	NOT_SUPPORTED	META_N_HETEROGENEITY	ELIGIBLE_SECONDARY
insomnia__adhd	13	96087559	97519210	5.250018108915961e-05	1.166725382609244	7.08301884384889e-05	2.8586824349582618e-05	7.786371748649643e-10	0.05991040526639262	385	ESTIMATED	1	POSITIVE	NOT_SUPPORTED	META_N_HETEROGENEITY	ELIGIBLE_SECONDARY
insomnia__adhd	13	100574096	102300523	4.328195825493612e-05	3.243365934282225	4.186071393068154e-05	4.254174214363234e-06	1.4499161160757042e-09	0.25567509895202	739	ESTIMATED	1	POSITIVE	NOT_SUPPORTED	META_N_HETEROGENEITY	ELIGIBLE_SECONDARY
insomnia__adhd	14	21589403	23018665	6.737399674567591e-05	2.7658467057383924	1.0976869159886095e-05	5.405674889975297e-05	1.2045490208553456e-09	0.05222871807714575	568	ESTIMATED	1	POSITIVE	NOT_SUPPORTED	META_N_HETEROGENEITY	ELIGIBLE_SECONDARY
insomnia__adhd	14	24905124	26135686	1.1341354566997782e-05	3.3327873973268916	5.7472201776275545e-06	2.014915325183665e-06	1.0382118460844383e-09	0.724850860013077	572	ESTIMATED	1	POSITIVE	NOT_SUPPORTED	META_N_HETEROGENEITY	ELIGIBLE_SECONDARY
insomnia__adhd	14	26135687	28466533	2.357644723106498e-05	1.705911223612589	8.459553290562194e-06	2.257857031742168e-05	1.3224291458743183e-09	0.5167753601111572	658	ESTIMATED	1	POSITIVE	NOT_SUPPORTED	META_N_HETEROGENEITY	ELIGIBLE_SECONDARY
insomnia__adhd	14	34846252	35859593	9.319587767435487e-06	1.5174024911598751	4.639016782003547e-06	8.131410313914461e-06	4.962565363903868e-10	0.6756885552305518	280	ESTIMATED	1	POSITIVE	NOT_SUPPORTED	META_N_HETEROGENEITY	ELIGIBLE_SECONDARY
insomnia__adhd	14	38667726	40341990	4.921000499352901e-05	1.4019059033451506	1.0837287533353392e-05	0.00011369686580157726	9.750951919208459e-10	0.11504780878705238	564	ESTIMATED	1	POSITIVE	NOT_SUPPORTED	META_N_HETEROGENEITY	ELIGIBLE_SECONDARY
insomnia__adhd	14	40341991	41615502	-2.57074045102955e-05	-2.5237833423735694	4.920507855597108e-06	2.1086397733791554e-05	6.123756761156873e-10	0.2988784852588563	374	ESTIMATED	1	NEGATIVE	NOT_SUPPORTED	META_N_HETEROGENEITY	ELIGIBLE_SECONDARY
insomnia__adhd	14	43137390	44543227	5.1182411061806086e-05	1.5007537122678534	1.809439966550957e-05	6.42803820892564e-05	7.560867220926994e-10	0.06269059849302806	358	ESTIMATED	1	POSITIVE	NOT_SUPPORTED	META_N_HETEROGENEITY	ELIGIBLE_SECONDARY
insomnia__adhd	14	50507761	51493572	-4.559141316168038e-05	-2.274729110128576	5.020201297051684e-06	8.001761550618537e-05	6.789744222301784e-10	0.08017513313557939	361	ESTIMATED	1	NEGATIVE	NOT_SUPPORTED	META_N_HETEROGENEITY	ELIGIBLE_SECONDARY
insomnia__adhd	14	53474384	53997831	1.5839974444879386e-05	2.9729661579957645	1.4140127209130851e-06	2.0075931517149688e-05	2.888913395293684e-10	0.35136835187561855	181	ESTIMATED	1	POSITIVE	NOT_SUPPORTED	META_N_HETEROGENEITY	ELIGIBLE_SECONDARY
insomnia__adhd	14	53997832	55233681	4.4540434948434735e-05	1.3049818636830794	4.690369768843039e-05	2.4836641775484058e-05	9.6710557481976e-10	0.15207353285842914	424	ESTIMATED	1	POSITIVE	NOT_SUPPORTED	META_N_HETEROGENEITY	ELIGIBLE_SECONDARY
insomnia__adhd	14	59448337	61680424	-3.19678486971896e-05	-1.178686445074256	1.3293374701110893e-05	5.533437352184061e-05	9.638447589743611e-10	0.30315179835272366	625	ESTIMATED	1	NEGATIVE	NOT_SUPPORTED	META_N_HETEROGENEITY	ELIGIBLE_SECONDARY
insomnia__adhd	14	67992318	71131957	8.534814296756783e-05	18.442690951033214	1.2255595272899787e-05	1.7474516339594486e-06	2.3446728691151786e-09	0.0779685379695605	1208	ESTIMATED	1	POSITIVE	NOT_SUPPORTED	META_N_HETEROGENEITY	ELIGIBLE_SECONDARY
insomnia__adhd	14	96262416	98341162	4.341528498737049e-05	2.8180768698037206	3.0575608196747583e-06	7.762552260534042e-05	1.6510356903673647e-09	0.2853062346464099	754	ESTIMATED	1	POSITIVE	NOT_SUPPORTED	META_N_HETEROGENEITY	ELIGIBLE_SECONDARY
insomnia__adhd	15	29338503	30165568	5.245558890683353e-05	2.606534470994706	1.1076449681864694e-05	3.6564194440272535e-05	5.800841369919278e-10	0.029410369144410222	253	ESTIMATED	1	POSITIVE	NOT_SUPPORTED	META_N_HETEROGENEITY	ELIGIBLE_SECONDARY
insomnia__adhd	15	31591822	32441811	6.764185279133454e-06	2.7671143119420716	1.5942650934512371e-07	3.7481438590793216e-05	5.853181707116891e-10	0.7797931384146582	258	ESTIMATED	1	POSITIVE	NOT_SUPPORTED	META_N_HETEROGENEITY	ELIGIBLE_SECONDARY
insomnia__adhd	15	40384133	41177514	5.185997705114081e-05	1.0781303324887774	2.4953760645179838e-05	9.27227077837281e-05	5.399446208013073e-10	0.025627356077405915	229	ESTIMATED	1	POSITIVE	NOT_SUPPORTED	META_N_HETEROGENEITY	ELIGIBLE_SECONDARY
insomnia__adhd	15	41177515	42776399	6.51768847358229e-05	1.4295615904592178	2.6071273540365277e-05	7.972953091458589e-05	8.751810701372163e-10	0.027583972869098996	445	ESTIMATED	1	POSITIVE	NOT_SUPPORTED	META_N_HETEROGENEITY	ELIGIBLE_SECONDARY
insomnia__adhd	15	55136270	56901773	1.0607233521838475e-05	1.426895165768658	1.086515672734938e-06	5.086091063530055e-05	1.1573695016908607e-09	0.7551979793257466	556	ESTIMATED	1	POSITIVE	NOT_SUPPORTED	META_N_HETEROGENEITY	ELIGIBLE_SECONDARY
insomnia__adhd	15	56901774	58441366	0.0001024317432428451	1.0972489911444108	2.8911112155391014e-05	0.00030143518839435504	1.378189737220142e-09	0.0057946579845819905	618	ESTIMATED	1	POSITIVE	NOT_SUPPORTED	META_N_HETEROGENEITY	ELIGIBLE_SECONDARY
insomnia__adhd	15	61265837	63215222	8.699749978948662e-05	1.0266156884943813	7.738149326968912e-05	9.280270679120697e-05	2.1050125432447294e-09	0.057936324147896484	911	ESTIMATED	1	POSITIVE	NOT_SUPPORTED	META_N_HETEROGENEITY	ELIGIBLE_SECONDARY
insomnia__adhd	15	67094768	69017999	0.00012245668980687103	1.17145762702848	0.00011878697263335654	9.199051462790178e-05	1.4079813698027102e-09	0.0011004388731193139	714	ESTIMATED	1	POSITIVE	NOT_SUPPORTED	META_N_HETEROGENEITY	ELIGIBLE_SECONDARY
insomnia__adhd	15	70133342	71922649	5.51687201140811e-05	3.153992903454619	7.071257683183444e-05	4.326809056465921e-06	1.5665918874134083e-09	0.16336394038773705	682	ESTIMATED	1	POSITIVE	NOT_SUPPORTED	META_N_HETEROGENEITY	ELIGIBLE_SECONDARY
insomnia__adhd	15	76398625	78516053	6.581736794547035e-05	1.140283795188204	2.3452897984933962e-05	0.00014205567954719814	1.2209452482173531e-09	0.05961690934599591	560	ESTIMATED	1	POSITIVE	NOT_SUPPORTED	META_N_HETEROGENEITY	ELIGIBLE_SECONDARY
insomnia__adhd	15	78516054	80860978	-5.589571522418427e-05	-1.5055908904808344	7.485307518016389e-05	1.841337641520453e-05	2.236071016819583e-09	0.2371859980536024	980	ESTIMATED	1	NEGATIVE	NOT_SUPPORTED	META_N_HETEROGENEITY	ELIGIBLE_SECONDARY
insomnia__adhd	15	94924331	96141596	-3.740259520402432e-05	-3.4029621212118637	1.2167329546438497e-05	9.928736232836852e-06	1.5618407476789524e-09	0.3439350160025133	527	ESTIMATED	1	NEGATIVE	NOT_SUPPORTED	META_N_HETEROGENEITY	ELIGIBLE_SECONDARY
insomnia__adhd	16	5891581	6893551	9.545655591441815e-05	1.087583415105748	0.00014383697578278535	5.355694869652779e-05	1.735508422397927e-09	0.021942884380421808	634	ESTIMATED	1	POSITIVE	NOT_SUPPORTED	META_N_HETEROGENEITY	ELIGIBLE_SECONDARY
insomnia__adhd	16	10426033	11520161	-1.0676083193510546e-05	-1.9983230377727295	1.058014239124742e-05	2.6977456177513777e-06	1.0754811692676382e-09	0.7447689059714497	434	ESTIMATED	1	NEGATIVE	NOT_SUPPORTED	META_N_HETEROGENEITY	ELIGIBLE_SECONDARY
insomnia__adhd	16	29036614	31382943	2.1248808477978796e-05	1.14407026011913	4.3095454388276056e-05	8.004464951362837e-06	8.089410697926053e-10	0.4550058965381921	297	ESTIMATED	1	POSITIVE	NOT_SUPPORTED	META_N_HETEROGENEITY	ELIGIBLE_SECONDARY
insomnia__adhd	16	60745695	62229849	6.400379587507281e-05	1.0734364882648284	1.197868214104653e-05	0.00029679030803277215	8.632890953689257e-10	0.029380010280267384	359	ESTIMATED	1	POSITIVE	NOT_SUPPORTED	META_N_HETEROGENEITY	ELIGIBLE_SECONDARY
insomnia__adhd	16	62229850	63691589	8.040444547368985e-05	1.0310155895965607	4.7058150209685065e-05	0.00012923936223739333	1.0664250094674954e-09	0.013810603638851613	452	ESTIMATED	1	POSITIVE	NOT_SUPPORTED	META_N_HETEROGENEITY	ELIGIBLE_SECONDARY
insomnia__adhd	16	68841364	71054028	-4.977475841254628e-06	-1.2977022639207876	3.150401622416468e-07	4.6698429434911085e-05	7.727881751075999e-10	0.8578969520953078	410	ESTIMATED	1	NEGATIVE	NOT_SUPPORTED	META_N_HETEROGENEITY	ELIGIBLE_SECONDARY
insomnia__adhd	16	75977955	77523678	0.00011988675604803154	1.2023786787766781	4.3678764562346726e-05	0.0002276090567528395	1.7949071525580857e-09	0.004658235315209728	717	ESTIMATED	1	POSITIVE	NOT_SUPPORTED	META_N_HETEROGENEITY	ELIGIBLE_SECONDARY
insomnia__adhd	16	77523679	78456292	4.750240396043465e-05	2.083769780512239	8.226508245131601e-06	6.317076975115742e-05	1.6655339397094672e-09	0.24443936510903397	641	ESTIMATED	1	POSITIVE	NOT_SUPPORTED	META_N_HETEROGENEITY	ELIGIBLE_SECONDARY
insomnia__adhd	16	78456293	79134815	3.31384918594356e-05	2.1258570238074754	2.2367089663449603e-06	0.00010863953447195293	1.4131775750220995e-09	0.3780340168848232	513	ESTIMATED	1	POSITIVE	NOT_SUPPORTED	META_N_HETEROGENEITY	ELIGIBLE_SECONDARY
insomnia__adhd	16	79134816	80297374	3.725025155887908e-05	1.7413956485147566	2.5967039562041266e-05	1.7621426816753588e-05	1.633607613327643e-09	0.3567230080574125	694	ESTIMATED	1	POSITIVE	NOT_SUPPORTED	META_N_HETEROGENEITY	ELIGIBLE_SECONDARY
insomnia__adhd	16	87647350	89041165	1.8663769398454647e-05	1.1221704907869732	3.110494742725835e-06	8.89306691095455e-05	6.613714294835233e-10	0.4680026995365423	252	ESTIMATED	1	POSITIVE	NOT_SUPPORTED	META_N_HETEROGENEITY	ELIGIBLE_SECONDARY
insomnia__adhd	17	4696262	5741334	2.0764451186219736e-05	6.635689102534541	3.7870832949323888e-06	2.585615820757873e-06	8.203863012737211e-10	0.46847942508065876	398	ESTIMATED	1	POSITIVE	NOT_SUPPORTED	META_N_HETEROGENEITY	ELIGIBLE_SECONDARY
insomnia__adhd	17	8306426	9965921	5.722337890425449e-05	1.2181893618348316	7.141605378584604e-06	0.00030897372056634844	1.7432363532895825e-09	0.17051480883415304	589	ESTIMATED	1	POSITIVE	NOT_SUPPORTED	META_N_HETEROGENEITY	ELIGIBLE_SECONDARY
insomnia__adhd	17	9965922	11102815	-2.2798642883351637e-05	-2.546817683602566	1.5908353220534602e-05	5.037291147250172e-06	1.0155257857279285e-09	0.47434707357245953	464	ESTIMATED	1	NEGATIVE	NOT_SUPPORTED	META_N_HETEROGENEITY	ELIGIBLE_SECONDARY
insomnia__adhd	17	13894638	15019097	5.143251250264445e-05	1.1584375310357242	2.7702051320001407e-05	7.11571118505948e-05	1.3011206469730518e-09	0.153906795202718	560	ESTIMATED	1	POSITIVE	NOT_SUPPORTED	META_N_HETEROGENEITY	ELIGIBLE_SECONDARY
insomnia__adhd	17	16412343	18856320	5.653236999179032e-05	1.4586554535497376	2.8318683687580873e-05	5.3041510419097724e-05	1.022653985479423e-09	0.07709454541978958	599	ESTIMATED	1	POSITIVE	NOT_SUPPORTED	META_N_HETEROGENEITY	ELIGIBLE_SECONDARY
insomnia__adhd	17	27334245	29786491	2.3875016669454395e-05	2.0509392084631584	2.2509125450772757e-06	6.0203698189185455e-05	9.12070292382615e-10	0.42920643701946204	593	ESTIMATED	1	POSITIVE	NOT_SUPPORTED	META_N_HETEROGENEITY	ELIGIBLE_SECONDARY
insomnia__adhd	17	29786492	31538425	4.543809457510719e-05	1.3822043768291403	3.949981302613981e-05	2.7359027421974796e-05	1.1187273337589494e-09	0.17430672540662406	525	ESTIMATED	1	POSITIVE	NOT_SUPPORTED	META_N_HETEROGENEITY	ELIGIBLE_SECONDARY
insomnia__adhd	17	51826119	53599432	2.70603364683701e-05	1.571004185821741	8.98647474730381e-06	3.301583930035912e-05	1.2591734676005698e-09	0.4457086789559086	608	ESTIMATED	1	POSITIVE	NOT_SUPPORTED	META_N_HETEROGENEITY	ELIGIBLE_SECONDARY
insomnia__adhd	17	67858771	69387817	-2.9334059299982877e-05	-3.844160509667199	2.2721177917394533e-05	2.5627749057494515e-06	1.3040983596635244e-09	0.41661893326032284	627	ESTIMATED	1	NEGATIVE	NOT_SUPPORTED	META_N_HETEROGENEITY	ELIGIBLE_SECONDARY
insomnia__adhd	17	78837589	80034408	-3.0418840771763005e-05	-1.3322648254128706	1.730600840113741e-05	3.0123628663670125e-05	3.562308736702921e-10	0.1070331554795215	164	ESTIMATED	1	NEGATIVE	NOT_SUPPORTED	META_N_HETEROGENEITY	ELIGIBLE_SECONDARY
insomnia__adhd	18	912487	1942911	1.7636784157910712e-05	2.188729831556734	2.535830464909354e-06	2.5605559529931044e-05	7.863053029081245e-10	0.5293745124507476	345	ESTIMATED	1	POSITIVE	NOT_SUPPORTED	META_N_HETEROGENEITY	ELIGIBLE_SECONDARY
insomnia__adhd	18	3891659	5834180	7.99962649548343e-05	1.2243582765646148	5.4386593189175e-05	7.849292666399938e-05	1.639004351084817e-09	0.048158530531538464	639	ESTIMATED	1	POSITIVE	NOT_SUPPORTED	META_N_HETEROGENEITY	ELIGIBLE_SECONDARY
insomnia__adhd	18	11905441	14440799	3.52985896668276e-05	1.0501123622956003	5.0023450226915e-05	2.258757057419276e-05	1.6745472593424267e-09	0.3883583091480777	781	ESTIMATED	1	POSITIVE	NOT_SUPPORTED	META_N_HETEROGENEITY	ELIGIBLE_SECONDARY
insomnia__adhd	18	22996652	24026191	1.3893443281899754e-05	5.632932533605733	1.3402712326744007e-07	4.5389770777617264e-05	6.62514488671928e-10	0.5893526932788724	333	ESTIMATED	1	POSITIVE	NOT_SUPPORTED	META_N_HETEROGENEITY	ELIGIBLE_SECONDARY
insomnia__adhd	18	25927683	26875587	3.5526806794086676e-05	1.4713291885945237	5.641640116503125e-05	1.0334447613826741e-05	7.64816993532699e-10	0.19892228252234356	247	ESTIMATED	1	POSITIVE	NOT_SUPPORTED	META_N_HETEROGENEITY	ELIGIBLE_SECONDARY
insomnia__adhd	18	27866479	30264066	0.00011742241014446084	1.4594665436841578	3.027850206941892e-05	0.00021378602222950767	1.979904570648665e-09	0.00831666749718378	903	ESTIMATED	1	POSITIVE	NOT_SUPPORTED	META_N_HETEROGENEITY	ELIGIBLE_SECONDARY
insomnia__adhd	18	31780068	33861964	4.377939403711295e-05	1.1090513015539447	3.607761960263067e-05	4.31915058104708e-05	1.1738236043009975e-09	0.20131430623722046	629	ESTIMATED	1	POSITIVE	NOT_SUPPORTED	META_N_HETEROGENEITY	ELIGIBLE_SECONDARY
insomnia__adhd	18	44299247	45939732	-2.88516931312244e-05	-3.5467048625068287	5.126692504996413e-07	0.0001290788948592847	1.2415104764711256e-09	0.41288086860217554	604	ESTIMATED	1	NEGATIVE	NOT_SUPPORTED	META_N_HETEROGENEITY	ELIGIBLE_SECONDARY
insomnia__adhd	18	55213839	56530220	6.209100089795097e-05	2.889773604937743	3.772256659791333e-06	0.00012238507195846867	1.4067655763502182e-09	0.09783191706041461	607	ESTIMATED	1	POSITIVE	NOT_SUPPORTED	META_N_HETEROGENEITY	ELIGIBLE_SECONDARY
insomnia__adhd	18	56530221	57630483	8.451059954822719e-05	1.6235424555068851	4.4660716792655026e-05	6.066935483846328e-05	1.2660062664273358e-09	0.017541244721913353	545	ESTIMATED	1	POSITIVE	NOT_SUPPORTED	META_N_HETEROGENEITY	ELIGIBLE_SECONDARY
insomnia__adhd	18	60277716	61820252	6.250258709247295e-05	1.6622964901073747	2.2566153369075957e-05	6.265005789171606e-05	1.0424839582103718e-09	0.05289066193399939	531	ESTIMATED	1	POSITIVE	NOT_SUPPORTED	META_N_HETEROGENEITY	ELIGIBLE_SECONDARY
insomnia__adhd	18	63463403	64252801	1.4090219612354815e-05	1.6401312156496684	1.0274458322733698e-05	7.1832238538970385e-06	5.033514139000878e-10	0.5299826525215657	252	ESTIMATED	1	POSITIVE	NOT_SUPPORTED	META_N_HETEROGENEITY	ELIGIBLE_SECONDARY
insomnia__adhd	18	74813816	75976317	1.417795856216047e-05	6.7494969865447185	2.3865717869808003e-06	1.8488858026914014e-06	1.3439831296273587e-09	0.6989502158913389	542	ESTIMATED	1	POSITIVE	NOT_SUPPORTED	META_N_HETEROGENEITY	ELIGIBLE_SECONDARY
insomnia__adhd	19	3019661	4348967	4.1715092656924006e-05	1.03435994912221	4.828577074054169e-05	3.368401599131494e-05	5.06258185875968e-10	0.06374071528172869	177	ESTIMATED	1	POSITIVE	NOT_SUPPORTED	META_N_HETEROGENEITY	ELIGIBLE_SECONDARY
insomnia__adhd	19	11284029	13471127	4.347027989377254e-05	4.858250737810446	1.0427670328037164e-05	7.677816530408405e-06	8.977901574160771e-10	0.14683791411231933	477	ESTIMATED	1	POSITIVE	NOT_SUPPORTED	META_N_HETEROGENEITY	ELIGIBLE_SECONDARY
insomnia__adhd	19	14486348	15648610	-3.2665481125461626e-06	-1.148824416081199	4.821032175806354e-06	1.6769911637946855e-06	8.945398301423162e-10	0.9130305813934028	407	ESTIMATED	1	NEGATIVE	NOT_SUPPORTED	META_N_HETEROGENEITY	ELIGIBLE_SECONDARY
insomnia__adhd	19	18409863	19877471	7.741583957818926e-05	1.0890102790101421	2.398840430654092e-05	0.00021066594615975123	7.170323158918229e-10	0.0038391749687199197	398	ESTIMATED	1	POSITIVE	NOT_SUPPORTED	META_N_HETEROGENEITY	ELIGIBLE_SECONDARY
insomnia__adhd	19	28557894	29790947	1.0568899909826117e-05	1.0099869056393556	4.382626857582388e-06	2.498581889521011e-05	9.12813501590443e-10	0.7264773419119168	504	ESTIMATED	1	POSITIVE	NOT_SUPPORTED	META_N_HETEROGENEITY	ELIGIBLE_SECONDARY
insomnia__adhd	19	42131574	43862455	1.3519194329989709e-05	2.188848580019114	2.696582344027612e-06	1.414674407612623e-05	2.7645977328142374e-10	0.4161705196041907	173	ESTIMATED	1	POSITIVE	NOT_SUPPORTED	META_N_HETEROGENEITY	ELIGIBLE_SECONDARY
insomnia__adhd	19	46102698	47150082	-5.006287244462481e-05	-2.67704239507939	3.742426065784548e-05	9.344752460499627e-06	8.209453930737699e-10	0.08059148462378006	342	ESTIMATED	1	NEGATIVE	NOT_SUPPORTED	META_N_HETEROGENEITY	ELIGIBLE_SECONDARY
insomnia__adhd	19	49282228	51532567	1.1695737041391456e-05	1.2396593503003832	1.2318324722452493e-05	7.226014379261496e-06	1.3605379453113049e-09	0.7511810075086103	619	ESTIMATED	1	POSITIVE	NOT_SUPPORTED	META_N_HETEROGENEITY	ELIGIBLE_SECONDARY
insomnia__adhd	19	51532568	52985290	6.141371351208326e-05	1.5005926747866092	2.0495773515807683e-05	8.17223336760527e-05	1.761707139791209e-09	0.14341744499762635	644	ESTIMATED	1	POSITIVE	NOT_SUPPORTED	META_N_HETEROGENEITY	ELIGIBLE_SECONDARY
insomnia__adhd	20	3828414	5477850	9.780439841810455e-05	1.0248053285198573	0.00013074385979087977	6.966469187122211e-05	2.081500069348939e-09	0.032054493076636145	769	ESTIMATED	1	POSITIVE	NOT_SUPPORTED	META_N_HETEROGENEITY	ELIGIBLE_SECONDARY
insomnia__adhd	20	22491457	23293790	4.3032505436351244e-05	1.0135629963590367	2.8429671657953327e-05	6.340447738119416e-05	7.292195116010907e-10	0.11103538274861437	357	ESTIMATED	1	POSITIVE	NOT_SUPPORTED	META_N_HETEROGENEITY	ELIGIBLE_SECONDARY
insomnia__adhd	20	25344232	31614823	5.6577904131408756e-05	1.0693886172269735	5.060226151332277e-05	5.531624226225847e-05	9.668024717025216e-10	0.06881863193983406	580	ESTIMATED	1	POSITIVE	NOT_SUPPORTED	META_N_HETEROGENEITY	ELIGIBLE_SECONDARY
insomnia__adhd	20	31614824	32813441	1.9750604289506586e-05	1.1221815749151312	8.76148394686447e-06	3.535548820934334e-05	5.108911254660218e-10	0.3822226126456617	314	ESTIMATED	1	POSITIVE	NOT_SUPPORTED	META_N_HETEROGENEITY	ELIGIBLE_SECONDARY
insomnia__adhd	20	34960447	36909530	3.846971210801498e-05	1.2512387795550073	6.306095837271463e-06	0.00014989837120111862	9.094787461659346e-10	0.20208848941536472	523	ESTIMATED	1	POSITIVE	NOT_SUPPORTED	META_N_HETEROGENEITY	ELIGIBLE_SECONDARY
insomnia__adhd	20	36909531	38436761	2.1538329140105015e-05	1.9200541636421375	3.867247829627638e-05	3.253831462762974e-06	8.987474739403991e-10	0.4724833144624644	511	ESTIMATED	1	POSITIVE	NOT_SUPPORTED	META_N_HETEROGENEITY	ELIGIBLE_SECONDARY
insomnia__adhd	20	38436762	39610856	4.664474747076384e-05	2.741627217517318	2.5450554893967762e-05	1.1373429265639737e-05	8.649185200849417e-10	0.11272939783445236	422	ESTIMATED	1	POSITIVE	NOT_SUPPORTED	META_N_HETEROGENEITY	ELIGIBLE_SECONDARY
insomnia__adhd	21	37870780	38711704	2.2504623517917527e-05	2.047953574595495	2.9575400396321743e-06	4.082936789900403e-05	4.660454772678139e-10	0.2972004597627358	305	ESTIMATED	1	POSITIVE	NOT_SUPPORTED	META_N_HETEROGENEITY	ELIGIBLE_SECONDARY
insomnia__adhd	21	46177106	47492226	4.7344851825604356e-05	1.2616027098525273	9.516616746745188e-06	0.00014798500697253138	8.361522842975489e-10	0.1015663761668949	455	ESTIMATED	1	POSITIVE	NOT_SUPPORTED	META_N_HETEROGENEITY	ELIGIBLE_SECONDARY
insomnia__adhd	22	18296089	19912358	5.9884305189295024e-05	1.012086866777389	1.3906449624302276e-05	0.000251752727506317	9.96232338515923e-10	0.057790262032864755	476	ESTIMATED	1	POSITIVE	NOT_SUPPORTED	META_N_HETEROGENEITY	ELIGIBLE_SECONDARY
insomnia__adhd	22	19912359	22357325	5.856475454405366e-05	1.6047244018488864	2.641923512175378e-05	5.041403999176811e-05	1.1412256963209875e-09	0.08298790523894864	515	ESTIMATED	1	POSITIVE	NOT_SUPPORTED	META_N_HETEROGENEITY	ELIGIBLE_SECONDARY
insomnia__adhd	22	23712648	24984204	4.7322748406153604e-05	2.2181463467193216	9.11010457200964e-06	4.996158005234207e-05	6.984488250279033e-10	0.07335480311139898	345	ESTIMATED	1	POSITIVE	NOT_SUPPORTED	META_N_HETEROGENEITY	ELIGIBLE_SECONDARY
insomnia__adhd	22	35530986	37570269	2.9849474519147847e-05	1.5281619808167204	1.0191803174098525e-05	3.743549420965314e-05	1.9238735941948194e-09	0.49616779423830204	782	ESTIMATED	1	POSITIVE	NOT_SUPPORTED	META_N_HETEROGENEITY	ELIGIBLE_SECONDARY
insomnia__adhd	22	43714201	44995308	3.854041558193224e-05	1.3023958327595653	2.352513243390822e-05	3.722328640153634e-05	1.6259319205904395e-09	0.3391753029073967	690	ESTIMATED	1	POSITIVE	NOT_SUPPORTED	META_N_HETEROGENEITY	ELIGIBLE_SECONDARY
insomnia__adhd	22	46470496	47596318	4.2309533661288856e-05	3.0964907021274954	1.773939695788869e-06	0.00010524417410532915	8.09769787196799e-10	0.1370632082837482	337	ESTIMATED	1	POSITIVE	NOT_SUPPORTED	META_N_HETEROGENEITY	ELIGIBLE_SECONDARY
insomnia__mdd	1	10584	1892607	-7.112554097768162e-06	-1.0141973851319217	0.00014362763179535628	3.424271510934245e-07	1.384250904913223e-10	0.5454910368867696	144	ESTIMATED	1	NEGATIVE	NOT_SUPPORTED	META_N_HETEROGENEITY_AND_MIXED_PHENOTYPE	ELIGIBLE_SECONDARY
insomnia__mdd	1	1892608	3582736	3.1134716766340376e-05	1.4549038047487355	2.4905824116359813e-05	1.838740163870083e-05	5.684855311451935e-10	0.1916118384728972	449	ESTIMATED	1	POSITIVE	NOT_SUPPORTED	META_N_HETEROGENEITY_AND_MIXED_PHENOTYPE	ELIGIBLE_SECONDARY
insomnia__mdd	1	3582737	4380811	2.4370172814991198e-05	1.1402544617517272	1.2103694296756668e-05	3.773946254759904e-05	3.588130030739929e-10	0.19825339865312563	283	ESTIMATED	1	POSITIVE	NOT_SUPPORTED	META_N_HETEROGENEITY_AND_MIXED_PHENOTYPE	ELIGIBLE_SECONDARY
insomnia__mdd	1	4380812	5913893	4.0637489913184054e-05	1.703472225879601	1.4522492711114973e-05	3.918704071678411e-05	1.0506440631019748e-09	0.20994535423720362	824	ESTIMATED	1	POSITIVE	NOT_SUPPORTED	META_N_HETEROGENEITY_AND_MIXED_PHENOTYPE	ELIGIBLE_SECONDARY
insomnia__mdd	1	9365200	10806984	2.361883943925214e-05	5.52020416623075	3.0340014523342802e-05	6.033801828387297e-07	4.1670359531653773e-10	0.24725976593047405	388	ESTIMATED	1	POSITIVE	NOT_SUPPORTED	META_N_HETEROGENEITY_AND_MIXED_PHENOTYPE	ELIGIBLE_SECONDARY
insomnia__mdd	1	11777842	12779466	1.742429195318674e-05	2.4068593718089897	1.8136064845705605e-05	2.889786691273589e-06	3.649206728796146e-10	0.3617012096255865	326	ESTIMATED	1	POSITIVE	NOT_SUPPORTED	META_N_HETEROGENEITY_AND_MIXED_PHENOTYPE	ELIGIBLE_SECONDARY
insomnia__mdd	1	12779467	14891511	3.997154471689582e-05	2.142987695877458	1.742506693798128e-05	1.9965861493460258e-05	6.918917633049255e-10	0.12860927918564305	601	ESTIMATED	1	POSITIVE	NOT_SUPPORTED	META_N_HETEROGENEITY_AND_MIXED_PHENOTYPE	ELIGIBLE_SECONDARY
insomnia__mdd	1	21736589	23086883	-2.8538466953188495e-05	-1.0700405339153736	7.349232914706909e-05	9.67873968027971e-06	6.230862685370129e-10	0.2529180475244659	538	ESTIMATED	1	NEGATIVE	NOT_SUPPORTED	META_N_HETEROGENEITY_AND_MIXED_PHENOTYPE	ELIGIBLE_SECONDARY
insomnia__mdd	1	34799759	37549183	8.837470095389418e-05	1.1419552753990385	3.61780549574434e-05	0.00016554364370824462	6.995197746687564e-10	0.0008335821379132171	614	ESTIMATED	1	POSITIVE	NOT_SUPPORTED	META_N_HETEROGENEITY_AND_MIXED_PHENOTYPE	ELIGIBLE_SECONDARY
insomnia__mdd	1	38731848	40200567	2.8057444947299846e-05	1.6106181381616957	3.20655445764383e-05	9.463950226790513e-06	4.948065399366682e-10	0.2071882211602949	457	ESTIMATED	1	POSITIVE	NOT_SUPPORTED	META_N_HETEROGENEITY_AND_MIXED_PHENOTYPE	ELIGIBLE_SECONDARY
insomnia__mdd	1	43758458	44969183	1.7112878251936553e-05	2.1521683836747596	2.0493810148543375e-06	3.085111881412401e-05	3.274997848505306e-10	0.34434143734095235	398	ESTIMATED	1	POSITIVE	NOT_SUPPORTED	META_N_HETEROGENEITY_AND_MIXED_PHENOTYPE	ELIGIBLE_SECONDARY
insomnia__mdd	1	44969184	46899501	1.7370963758434716e-05	1.336735628457693	1.4967994127643157e-05	1.1282183968700228e-05	4.316145880118528e-10	0.4030795519736088	530	ESTIMATED	1	POSITIVE	NOT_SUPPORTED	META_N_HETEROGENEITY_AND_MIXED_PHENOTYPE	ELIGIBLE_SECONDARY
insomnia__mdd	1	48002577	48978188	-2.948573598956377e-05	-5.675244216125524	1.331973340881927e-06	2.0265592382545513e-05	3.5097820336622025e-10	0.1155149575567378	358	ESTIMATED	1	NEGATIVE	NOT_SUPPORTED	META_N_HETEROGENEITY_AND_MIXED_PHENOTYPE	ELIGIBLE_SECONDARY
insomnia__mdd	1	58865400	59890409	-2.0307445892974257e-05	-9.643252717559557	2.297470415361379e-07	1.9302501071878145e-05	4.0308753701490974e-10	0.3117886209488824	415	ESTIMATED	1	NEGATIVE	NOT_SUPPORTED	META_N_HETEROGENEITY_AND_MIXED_PHENOTYPE	ELIGIBLE_SECONDARY
insomnia__mdd	1	61922366	63455089	-1.2034634289761489e-05	-1.5912485915487382	6.013986773682289e-06	9.511023651570564e-06	5.933858308324384e-10	0.621276164235095	562	ESTIMATED	1	NEGATIVE	NOT_SUPPORTED	META_N_HETEROGENEITY_AND_MIXED_PHENOTYPE	ELIGIBLE_SECONDARY
insomnia__mdd	1	68477896	69687616	2.2515470113580626e-05	1.3386184647417745	8.04551636061942e-06	3.516369412274388e-05	4.0496457042880144e-10	0.2632034349545441	383	ESTIMATED	1	POSITIVE	NOT_SUPPORTED	META_N_HETEROGENEITY_AND_MIXED_PHENOTYPE	ELIGIBLE_SECONDARY
insomnia__mdd	1	83991749	84844495	-2.0244313340911003e-05	-1.968705611757879	6.841225651163435e-06	1.545648110964778e-05	3.069579073686665e-10	0.24789260573097838	332	ESTIMATED	1	NEGATIVE	NOT_SUPPORTED	META_N_HETEROGENEITY_AND_MIXED_PHENOTYPE	ELIGIBLE_SECONDARY
insomnia__mdd	1	84844496	86454751	4.276656677087447e-05	1.5915931707985034	1.656362729024239e-05	4.359023304060802e-05	6.625174225257032e-10	0.09660893110389919	672	ESTIMATED	1	POSITIVE	NOT_SUPPORTED	META_N_HETEROGENEITY_AND_MIXED_PHENOTYPE	ELIGIBLE_SECONDARY
insomnia__mdd	1	86454752	88128631	2.7464671680791637e-05	1.0934592938050975	1.551754672271871e-05	4.065561371809751e-05	6.336152208743252e-10	0.2752321379003996	615	ESTIMATED	1	POSITIVE	NOT_SUPPORTED	META_N_HETEROGENEITY_AND_MIXED_PHENOTYPE	ELIGIBLE_SECONDARY
insomnia__mdd	1	90066304	91886317	7.77032169202445e-05	1.1126033673209463	5.3776211408399164e-05	9.069995164725345e-05	6.036271493088865e-10	0.001563265465647194	605	ESTIMATED	1	POSITIVE	NOT_SUPPORTED	META_N_HETEROGENEITY_AND_MIXED_PHENOTYPE	ELIGIBLE_SECONDARY
insomnia__mdd	1	93536460	94506191	1.240235940757763e-05	4.932512143455127	1.209264231462171e-06	5.2281867459617965e-06	2.3008224661527515e-10	0.41356210444079067	271	ESTIMATED	1	POSITIVE	NOT_SUPPORTED	META_N_HETEROGENEITY_AND_MIXED_PHENOTYPE	ELIGIBLE_SECONDARY
insomnia__mdd	1	102898746	103914211	5.289657840511385e-06	1.498349434694023	4.907141614443085e-07	2.539804880971651e-05	1.999916564321501e-10	0.7083722541441755	195	ESTIMATED	1	POSITIVE	NOT_SUPPORTED	META_N_HETEROGENEITY_AND_MIXED_PHENOTYPE	ELIGIBLE_SECONDARY
insomnia__mdd	1	114873846	115880593	1.460279556263736e-05	1.0939968363962647	6.961232574858613e-06	2.5594917519031715e-05	3.253966559311322e-10	0.4182140891341517	365	ESTIMATED	1	POSITIVE	NOT_SUPPORTED	META_N_HETEROGENEITY_AND_MIXED_PHENOTYPE	ELIGIBLE_SECONDARY
insomnia__mdd	1	118839068	144977494	1.4023364005446354e-05	4.293811684840478	7.5271115640913935e-06	1.4170659878860303e-06	5.395440834931613e-10	0.5460268785648896	574	ESTIMATED	1	POSITIVE	NOT_SUPPORTED	META_N_HETEROGENEITY_AND_MIXED_PHENOTYPE	ELIGIBLE_SECONDARY
insomnia__mdd	1	151538882	153180829	7.42452447013328e-06	1.7829664114035677	4.829334627563311e-06	3.590572195042595e-06	4.3865501866014986e-10	0.7229697989799788	555	ESTIMATED	1	POSITIVE	NOT_SUPPORTED	META_N_HETEROGENEITY_AND_MIXED_PHENOTYPE	ELIGIBLE_SECONDARY
insomnia__mdd	1	154770404	156336133	1.1834598089642938e-05	3.0971533358637773	5.78364150863683e-06	2.524528319225336e-06	3.290658708903008e-10	0.5141449660052141	378	ESTIMATED	1	POSITIVE	NOT_SUPPORTED	META_N_HETEROGENEITY_AND_MIXED_PHENOTYPE	ELIGIBLE_SECONDARY
insomnia__mdd	1	156336134	158027412	2.423957913204953e-05	1.912490081289156	9.07572598019323e-06	1.7699882857747206e-05	6.46868591760738e-10	0.3405632292015308	644	ESTIMATED	1	POSITIVE	NOT_SUPPORTED	META_N_HETEROGENEITY_AND_MIXED_PHENOTYPE	ELIGIBLE_SECONDARY
insomnia__mdd	1	158027413	159913048	2.0454290735969504e-05	2.4058509977093125	2.978999320190678e-06	2.426392149595713e-05	7.479744663363973e-10	0.45452306921870766	717	ESTIMATED	1	POSITIVE	NOT_SUPPORTED	META_N_HETEROGENEITY_AND_MIXED_PHENOTYPE	ELIGIBLE_SECONDARY
insomnia__mdd	1	162346722	165191702	5.4326502792901865e-05	1.1428162549022534	3.207452397438566e-05	7.045477947377727e-05	1.2637416984514812e-09	0.12646079658632864	1251	ESTIMATED	1	POSITIVE	NOT_SUPPORTED	META_N_HETEROGENEITY_AND_MIXED_PHENOTYPE	ELIGIBLE_SECONDARY
insomnia__mdd	1	166460518	169086324	9.344976568290241e-05	1.5677483885658952	3.398053795727766e-05	0.00010456189786614561	1.2473993293197415e-09	0.008147090839436728	1199	ESTIMATED	1	POSITIVE	NOT_SUPPORTED	META_N_HETEROGENEITY_AND_MIXED_PHENOTYPE	ELIGIBLE_SECONDARY
insomnia__mdd	1	169086325	170557776	1.8450639571017743e-05	1.0901938732307717	3.003744740948973e-05	9.535695023180785e-06	5.034835914622969e-10	0.4109185940756449	581	ESTIMATED	1	POSITIVE	NOT_SUPPORTED	META_N_HETEROGENEITY_AND_MIXED_PHENOTYPE	ELIGIBLE_SECONDARY
insomnia__mdd	1	173097908	175089768	1.23288597901064e-05	1.4563646781795976	3.251478286938161e-06	2.204066504039579e-05	4.566301071107701e-10	0.5639710206723141	490	ESTIMATED	1	POSITIVE	NOT_SUPPORTED	META_N_HETEROGENEITY_AND_MIXED_PHENOTYPE	ELIGIBLE_SECONDARY
insomnia__mdd	1	184595514	186810023	2.4838099260193325e-05	8.990184153492388	4.639986751404722e-05	1.6450640072513575e-07	5.084349286153909e-10	0.2706612674727228	619	ESTIMATED	1	POSITIVE	NOT_SUPPORTED	META_N_HETEROGENEITY_AND_MIXED_PHENOTYPE	ELIGIBLE_SECONDARY
insomnia__mdd	1	191868931	194107442	-8.329710329664564e-05	-1.1379632814000271	0.0001053222248518412	5.087252280527949e-05	5.863448370279371e-10	0.0005818009575217405	669	ESTIMATED	1	NEGATIVE	NOT_SUPPORTED	META_N_HETEROGENEITY_AND_MIXED_PHENOTYPE	ELIGIBLE_SECONDARY
insomnia__mdd	1	201589976	203334734	7.141816597086647e-05	5.51958424484477	0.00014003929137288982	1.1955142288082382e-06	6.879774417909342e-10	0.00647240439332568	643	ESTIMATED	1	POSITIVE	NOT_SUPPORTED	META_N_HETEROGENEITY_AND_MIXED_PHENOTYPE	ELIGIBLE_SECONDARY
insomnia__mdd	1	216243635	218705513	4.630792430448844e-05	3.9401622603488473	2.9380992196053483e-06	4.7012782675967944e-05	1.1595053593087428e-09	0.17384971766590496	1123	ESTIMATED	1	POSITIVE	NOT_SUPPORTED	META_N_HETEROGENEITY_AND_MIXED_PHENOTYPE	ELIGIBLE_SECONDARY
insomnia__mdd	1	226810861	229156248	8.857247925872852e-05	1.1422141920145192	5.661812544065893e-05	0.00010620550110573062	8.390203255350707e-10	0.0022295008332322533	821	ESTIMATED	1	POSITIVE	NOT_SUPPORTED	META_N_HETEROGENEITY_AND_MIXED_PHENOTYPE	ELIGIBLE_SECONDARY
insomnia__mdd	1	229156249	230685255	5.755732645373468e-05	1.1835138440358037	2.1634523987501897e-05	0.00010932190639230527	5.954352838388245e-10	0.018336224042405445	603	ESTIMATED	1	POSITIVE	NOT_SUPPORTED	META_N_HETEROGENEITY_AND_MIXED_PHENOTYPE	ELIGIBLE_SECONDARY
insomnia__mdd	1	230685256	232090252	1.660868037655853e-05	1.827121149389137	7.3815402127011e-06	1.1194084360058884e-05	7.008200422289507e-10	0.5304090376749218	660	ESTIMATED	1	POSITIVE	NOT_SUPPORTED	META_N_HETEROGENEITY_AND_MIXED_PHENOTYPE	ELIGIBLE_SECONDARY
insomnia__mdd	1	235819437	237555628	3.6918751474406066e-05	1.0858650585317902	3.0440262937025583e-05	3.797466005355911e-05	7.950297698152498e-10	0.19041627174917708	763	ESTIMATED	1	POSITIVE	NOT_SUPPORTED	META_N_HETEROGENEITY_AND_MIXED_PHENOTYPE	ELIGIBLE_SECONDARY
insomnia__mdd	1	239925315	240564091	-1.4231103645994964e-05	-2.174708365585841	9.744427659435924e-06	4.394594190573779e-06	4.002986260005016e-10	0.4769047206737299	374	ESTIMATED	1	NEGATIVE	NOT_SUPPORTED	META_N_HETEROGENEITY_AND_MIXED_PHENOTYPE	ELIGIBLE_SECONDARY
insomnia__mdd	2	23341384	24686918	1.9140140322308145e-05	1.56102860736931	9.186933354771206e-05	1.6364319303064867e-06	4.0958196983891483e-10	0.3442779440554762	463	ESTIMATED	1	POSITIVE	NOT_SUPPORTED	META_N_HETEROGENEITY_AND_MIXED_PHENOTYPE	ELIGIBLE_SECONDARY
insomnia__mdd	2	62429045	64625913	3.489121434670891e-05	1.5807472748533917	9.358650238215145e-06	5.2058789976621365e-05	7.080061126770697e-10	0.1897609966886601	614	ESTIMATED	1	POSITIVE	NOT_SUPPORTED	META_N_HETEROGENEITY_AND_MIXED_PHENOTYPE	ELIGIBLE_SECONDARY
insomnia__mdd	2	67226167	68010176	3.207537918509569e-05	1.0225726224017926	4.176061664703426e-05	2.3560709974416844e-05	4.149236115368128e-10	0.11533416755198717	431	ESTIMATED	1	POSITIVE	NOT_SUPPORTED	META_N_HETEROGENEITY_AND_MIXED_PHENOTYPE	ELIGIBLE_SECONDARY
insomnia__mdd	2	69139565	70755198	-2.166804682846546e-05	-1.3585506913415393	2.2009403990579822e-05	1.1557916518394188e-05	4.635751542261101e-10	0.31423538190887157	558	ESTIMATED	1	NEGATIVE	NOT_SUPPORTED	META_N_HETEROGENEITY_AND_MIXED_PHENOTYPE	ELIGIBLE_SECONDARY
insomnia__mdd	2	107408268	108429177	-1.579809142194048e-05	-1.8252406920856286	6.092182251008992e-06	1.2296912239863082e-05	3.158525221852589e-10	0.37404632840914165	359	ESTIMATED	1	NEGATIVE	NOT_SUPPORTED	META_N_HETEROGENEITY_AND_MIXED_PHENOTYPE	ELIGIBLE_SECONDARY
insomnia__mdd	2	110572433	113921856	2.7094735866082812e-05	1.811524980093528	1.3836913868340927e-05	1.6167465819051178e-05	7.486622441934024e-10	0.32205516496554376	878	ESTIMATED	1	POSITIVE	NOT_SUPPORTED	META_N_HETEROGENEITY_AND_MIXED_PHENOTYPE	ELIGIBLE_SECONDARY
insomnia__mdd	2	113921857	116772470	-3.4600500031935055e-05	-3.469070312112763	0.00010135359794226543	9.815205011637126e-07	7.298802950901498e-10	0.20028958276709985	782	ESTIMATED	1	NEGATIVE	NOT_SUPPORTED	META_N_HETEROGENEITY_AND_MIXED_PHENOTYPE	ELIGIBLE_SECONDARY
insomnia__mdd	2	123302907	124732250	1.2894486579619403e-05	3.397973472665813	5.912182494569101e-07	2.4356804462651003e-05	3.7623589557739373e-10	0.5061951378825642	444	ESTIMATED	1	POSITIVE	NOT_SUPPORTED	META_N_HETEROGENEITY_AND_MIXED_PHENOTYPE	ELIGIBLE_SECONDARY
insomnia__mdd	2	133042785	135158578	-2.4533068111858127e-05	-3.9821711588289204	2.156682471997129e-06	1.7598581964362554e-05	9.361476884064303e-10	0.42265410214444754	919	ESTIMATED	1	NEGATIVE	NOT_SUPPORTED	META_N_HETEROGENEITY_AND_MIXED_PHENOTYPE	ELIGIBLE_SECONDARY
insomnia__mdd	2	138698118	140100271	3.0473496855078244e-05	3.937334109012379	8.43283398649693e-06	7.1034036883337465e-06	3.9689270402524873e-10	0.12610891303744912	456	ESTIMATED	1	POSITIVE	NOT_SUPPORTED	META_N_HETEROGENEITY_AND_MIXED_PHENOTYPE	ELIGIBLE_SECONDARY
insomnia__mdd	2	150210293	151731462	2.1666925522199586e-05	1.4902090159017354	1.1518875427553062e-05	1.8352284208977184e-05	4.4519316797843624e-10	0.30447324310752644	486	ESTIMATED	1	POSITIVE	NOT_SUPPORTED	META_N_HETEROGENEITY_AND_MIXED_PHENOTYPE	ELIGIBLE_SECONDARY
insomnia__mdd	2	161769734	163503551	3.4534504902502144e-05	1.093536105328042	2.6749393377524573e-05	3.7284324350113686e-05	4.5277097581680935e-10	0.10459305998109311	414	ESTIMATED	1	POSITIVE	NOT_SUPPORTED	META_N_HETEROGENEITY_AND_MIXED_PHENOTYPE	ELIGIBLE_SECONDARY
insomnia__mdd	2	164466639	165178840	2.243946582809691e-05	1.0542952986128828	1.162365505968283e-05	3.897245599859183e-05	2.3066599616358753e-10	0.13954782211700864	168	ESTIMATED	1	POSITIVE	NOT_SUPPORTED	META_N_HETEROGENEITY_AND_MIXED_PHENOTYPE	ELIGIBLE_SECONDARY
insomnia__mdd	2	167355971	169968236	3.307522014168947e-05	1.1130718223728886	2.559993009636996e-05	3.44921550892346e-05	8.446726599557639e-10	0.2551026883392642	878	ESTIMATED	1	POSITIVE	NOT_SUPPORTED	META_N_HETEROGENEITY_AND_MIXED_PHENOTYPE	ELIGIBLE_SECONDARY
insomnia__mdd	2	175588930	177363636	3.793398068563875e-05	1.0744934730298337	5.168783712706216e-05	2.411353681379835e-05	6.96218884825648e-10	0.15053117776597102	583	ESTIMATED	1	POSITIVE	NOT_SUPPORTED	META_N_HETEROGENEITY_AND_MIXED_PHENOTYPE	ELIGIBLE_SECONDARY
insomnia__mdd	2	177363637	178553183	3.677713349372565e-05	1.073003686756456	3.097768100924733e-05	3.7923151468778e-05	3.784303199177903e-10	0.0586863326642899	418	ESTIMATED	1	POSITIVE	NOT_SUPPORTED	META_N_HETEROGENEITY_AND_MIXED_PHENOTYPE	ELIGIBLE_SECONDARY
insomnia__mdd	2	178553184	181312739	2.1120331292963553e-05	2.379772643818097	2.8983645817694207e-05	2.717549746026212e-06	9.898241281608142e-10	0.5020244520545238	1030	ESTIMATED	1	POSITIVE	NOT_SUPPORTED	META_N_HETEROGENEITY_AND_MIXED_PHENOTYPE	ELIGIBLE_SECONDARY
insomnia__mdd	2	182266032	184357608	3.0419166244913504e-05	2.1689403252331783	1.0787713878098698e-05	1.8233497715379168e-05	5.558827781038254e-10	0.19698260885354635	631	ESTIMATED	1	POSITIVE	NOT_SUPPORTED	META_N_HETEROGENEITY_AND_MIXED_PHENOTYPE	ELIGIBLE_SECONDARY
insomnia__mdd	2	198078111	199311125	-1.7246730325016975e-05	-1.5936053984744696	2.974974774417081e-06	3.937029538091803e-05	2.6106747031326375e-10	0.28578770545398535	326	ESTIMATED	1	NEGATIVE	NOT_SUPPORTED	META_N_HETEROGENEITY_AND_MIXED_PHENOTYPE	ELIGIBLE_SECONDARY
insomnia__mdd	2	199311126	201576284	6.877107983535111e-05	1.4550957427889997	7.813480325920798e-05	2.8588016503509247e-05	5.40359210840031e-10	0.0030918813815218786	633	ESTIMATED	1	POSITIVE	NOT_SUPPORTED	META_N_HETEROGENEITY_AND_MIXED_PHENOTYPE	ELIGIBLE_SECONDARY
insomnia__mdd	2	201576285	202818637	1.0137726438759694e-05	1.7153848779741412	1.4409712403674824e-06	2.4238328559249314e-05	2.7964407597209757e-10	0.5443617265065693	327	ESTIMATED	1	POSITIVE	NOT_SUPPORTED	META_N_HETEROGENEITY_AND_MIXED_PHENOTYPE	ELIGIBLE_SECONDARY
insomnia__mdd	2	206735705	208645399	0.00010220314945857832	1.0278446431449708	7.388561810307851e-05	0.00013381774085315389	9.19928704985807e-10	0.0007525862922060537	723	ESTIMATED	1	POSITIVE	NOT_SUPPORTED	META_N_HETEROGENEITY_AND_MIXED_PHENOTYPE	ELIGIBLE_SECONDARY
insomnia__mdd	2	214014283	215573795	3.595971449004626e-05	1.0716987892368828	4.330212778509775e-05	2.600026368102377e-05	4.4347471167493146e-10	0.0877137578270748	459	ESTIMATED	1	POSITIVE	NOT_SUPPORTED	META_N_HETEROGENEITY_AND_MIXED_PHENOTYPE	ELIGIBLE_SECONDARY
insomnia__mdd	2	218395481	220454551	4.1679971634245445e-05	1.0666473160812655	5.660246289132029e-05	2.697601602665922e-05	5.839331455611771e-10	0.08455843314942685	625	ESTIMATED	1	POSITIVE	NOT_SUPPORTED	META_N_HETEROGENEITY_AND_MIXED_PHENOTYPE	ELIGIBLE_SECONDARY
insomnia__mdd	2	228119843	229370787	4.5134721993303446e-05	2.0853129690639016	1.5131360469605362e-05	3.096000895680635e-05	5.020825431509604e-10	0.0439785043211986	489	ESTIMATED	1	POSITIVE	NOT_SUPPORTED	META_N_HETEROGENEITY_AND_MIXED_PHENOTYPE	ELIGIBLE_SECONDARY
insomnia__mdd	2	242149922	243188920	2.2337319100549325e-05	1.677919693588958	2.7055290016145144e-05	6.550396069571911e-06	1.7002816184538003e-10	0.0867029210825571	155	ESTIMATED	1	POSITIVE	NOT_SUPPORTED	META_N_HETEROGENEITY_AND_MIXED_PHENOTYPE	ELIGIBLE_SECONDARY
insomnia__mdd	3	2992121	4431647	1.496498614025066e-05	1.2084200283233053	5.3844719019600785e-05	2.848221061899651e-06	8.53530049951963e-10	0.6084884806271157	786	ESTIMATED	1	POSITIVE	NOT_SUPPORTED	META_N_HETEROGENEITY_AND_MIXED_PHENOTYPE	ELIGIBLE_SECONDARY
insomnia__mdd	3	6083184	7083387	-3.0167279328665834e-05	-1.5054544487932915	1.540382424526597e-05	2.6068047015223622e-05	4.774411802547246e-10	0.16739382904700073	437	ESTIMATED	1	NEGATIVE	NOT_SUPPORTED	META_N_HETEROGENEITY_AND_MIXED_PHENOTYPE	ELIGIBLE_SECONDARY
insomnia__mdd	3	23804866	25461558	4.962896330886638e-05	1.016572508899526	5.88077409023643e-05	4.052837478604081e-05	7.949319536143043e-10	0.07836826255755884	756	ESTIMATED	1	POSITIVE	NOT_SUPPORTED	META_N_HETEROGENEITY_AND_MIXED_PHENOTYPE	ELIGIBLE_SECONDARY
insomnia__mdd	3	32351716	33255592	-1.2435280614162322e-05	-1.2123405611865243	3.415851957166177e-05	3.0800861843773043e-06	3.4868118977083763e-10	0.5054433469874018	289	ESTIMATED	1	NEGATIVE	NOT_SUPPORTED	META_N_HETEROGENEITY_AND_MIXED_PHENOTYPE	ELIGIBLE_SECONDARY
insomnia__mdd	3	36486843	38356116	-1.1096325851845217e-05	-1.8397886824928682	3.958764250664446e-06	9.188886296858601e-06	5.689614111780692e-10	0.6417897040921895	635	ESTIMATED	1	NEGATIVE	NOT_SUPPORTED	META_N_HETEROGENEITY_AND_MIXED_PHENOTYPE	ELIGIBLE_SECONDARY
insomnia__mdd	3	38356117	40221298	1.7068070602672505e-05	2.332977971541682	3.9925626627113664e-05	1.3405895942454935e-06	5.925424743444141e-10	0.48319555833911787	687	ESTIMATED	1	POSITIVE	NOT_SUPPORTED	META_N_HETEROGENEITY_AND_MIXED_PHENOTYPE	ELIGIBLE_SECONDARY
insomnia__mdd	3	45165154	46657500	1.5615232961355226e-05	2.174310766033865	5.85636289411422e-06	8.806953894860148e-06	5.330322255096024e-10	0.4988182167780685	575	ESTIMATED	1	POSITIVE	NOT_SUPPORTED	META_N_HETEROGENEITY_AND_MIXED_PHENOTYPE	ELIGIBLE_SECONDARY
insomnia__mdd	3	49316973	51832015	4.76154529354286e-05	1.0117531220982834	4.700217127905316e-05	4.7122553100322264e-05	7.45181626471819e-10	0.0811098226522745	569	ESTIMATED	1	POSITIVE	NOT_SUPPORTED	META_N_HETEROGENEITY_AND_MIXED_PHENOTYPE	ELIGIBLE_SECONDARY
insomnia__mdd	3	55348861	56433907	1.590150813635968e-05	1.2403967369477458	2.7878894450052988e-06	5.8949463069826226e-05	3.516759101131644e-10	0.3964693389085189	379	ESTIMATED	1	POSITIVE	NOT_SUPPORTED	META_N_HETEROGENEITY_AND_MIXED_PHENOTYPE	ELIGIBLE_SECONDARY
insomnia__mdd	3	77508836	79024541	1.5383564251704823e-05	1.6310580826538879	2.1613984798140135e-05	4.115667149795561e-06	4.0399656943416284e-10	0.4440547182816339	437	ESTIMATED	1	POSITIVE	NOT_SUPPORTED	META_N_HETEROGENEITY_AND_MIXED_PHENOTYPE	ELIGIBLE_SECONDARY
insomnia__mdd	3	88298374	94255316	5.7056254888498605e-06	2.230748873539059	9.89214400230813e-07	6.613246773141891e-06	4.297607132581895e-10	0.7831423951010787	514	ESTIMATED	1	POSITIVE	NOT_SUPPORTED	META_N_HETEROGENEITY_AND_MIXED_PHENOTYPE	ELIGIBLE_SECONDARY
insomnia__mdd	3	94255317	95311971	5.0553066661883504e-06	1.3279505776163407	4.412885443426508e-06	3.2840407251847566e-06	2.2170822630660535e-10	0.7342231911920079	228	ESTIMATED	1	POSITIVE	NOT_SUPPORTED	META_N_HETEROGENEITY_AND_MIXED_PHENOTYPE	ELIGIBLE_SECONDARY
insomnia__mdd	3	95311972	98215950	4.1552847686390684e-05	1.810323318278497	1.2205760932390773e-05	4.3164273310144904e-05	4.771392297161767e-10	0.0571323911791294	607	ESTIMATED	1	POSITIVE	NOT_SUPPORTED	META_N_HETEROGENEITY_AND_MIXED_PHENOTYPE	ELIGIBLE_SECONDARY
insomnia__mdd	3	109522396	110513770	4.1837696306937415e-05	1.1319519223062042	2.4270416845463352e-05	5.628625166500092e-05	2.698516805632363e-10	0.010869679919394517	270	ESTIMATED	1	POSITIVE	NOT_SUPPORTED	META_N_HETEROGENEITY_AND_MIXED_PHENOTYPE	ELIGIBLE_SECONDARY
insomnia__mdd	3	115447081	116800153	5.3795612203281067e-05	1.2098721740671967	3.71252776807433e-05	5.325311552182047e-05	6.082264214955351e-10	0.02916167480336821	549	ESTIMATED	1	POSITIVE	NOT_SUPPORTED	META_N_HETEROGENEITY_AND_MIXED_PHENOTYPE	ELIGIBLE_SECONDARY
insomnia__mdd	3	118530252	120523055	3.4950432675894634e-05	2.9087182995257876	4.312070048933392e-06	3.348235366593333e-05	6.417865920641459e-10	0.16770587310970386	735	ESTIMATED	1	POSITIVE	NOT_SUPPORTED	META_N_HETEROGENEITY_AND_MIXED_PHENOTYPE	ELIGIBLE_SECONDARY
insomnia__mdd	3	120523056	121974097	2.1174828835144375e-05	1.44255246673094	9.090613173827108e-06	2.370191320642901e-05	3.353307317506531e-10	0.24754463751767086	433	ESTIMATED	1	POSITIVE	NOT_SUPPORTED	META_N_HETEROGENEITY_AND_MIXED_PHENOTYPE	ELIGIBLE_SECONDARY
insomnia__mdd	3	123517769	124936642	2.71793751340826e-05	1.8579317081139999	7.73495628769516e-06	2.7666968703395608e-05	6.03895666828164e-10	0.2687227890482501	639	ESTIMATED	1	POSITIVE	NOT_SUPPORTED	META_N_HETEROGENEITY_AND_MIXED_PHENOTYPE	ELIGIBLE_SECONDARY
insomnia__mdd	3	124936643	126214943	3.647720165523166e-05	1.3046566425107653	6.183931075679316e-05	1.2641130890963339e-05	3.512917173727761e-10	0.051630671118646936	417	ESTIMATED	1	POSITIVE	NOT_SUPPORTED	META_N_HETEROGENEITY_AND_MIXED_PHENOTYPE	ELIGIBLE_SECONDARY
insomnia__mdd	3	128194862	130244735	2.497990907019909e-05	4.682375593619418	1.604595789754338e-05	1.7737138743692733e-06	4.0579794117686564e-10	0.21496034706242462	479	ESTIMATED	1	POSITIVE	NOT_SUPPORTED	META_N_HETEROGENEITY_AND_MIXED_PHENOTYPE	ELIGIBLE_SECONDARY
insomnia__mdd	3	144410817	145664619	2.9013247521551607e-05	2.8825116731203613	7.994473746675642e-06	1.267245203782503e-05	3.5109643022896657e-10	0.12152604389094421	377	ESTIMATED	1	POSITIVE	NOT_SUPPORTED	META_N_HETEROGENEITY_AND_MIXED_PHENOTYPE	ELIGIBLE_SECONDARY
insomnia__mdd	3	167117430	168580960	3.1562080415010236e-05	8.68396459176674	2.3296954782142762e-07	5.6701689481387204e-05	4.5207880947979483e-10	0.13769594661747228	369	ESTIMATED	1	POSITIVE	NOT_SUPPORTED	META_N_HETEROGENEITY_AND_MIXED_PHENOTYPE	ELIGIBLE_SECONDARY
insomnia__mdd	3	170964910	172295731	4.110110769043146e-05	1.352100115886627	3.12135426362831e-05	2.96037201688266e-05	5.275959049815422e-10	0.07355347923376024	522	ESTIMATED	1	POSITIVE	NOT_SUPPORTED	META_N_HETEROGENEITY_AND_MIXED_PHENOTYPE	ELIGIBLE_SECONDARY
insomnia__mdd	3	172295732	173477285	4.731082994348436e-05	2.6013472233141512	1.0424973980395947e-05	3.172849729122798e-05	3.819233838124608e-10	0.015483182239739532	381	ESTIMATED	1	POSITIVE	NOT_SUPPORTED	META_N_HETEROGENEITY_AND_MIXED_PHENOTYPE	ELIGIBLE_SECONDARY
insomnia__mdd	3	183769684	185068255	3.239077147944268e-05	1.0845635566117802	8.904907154786558e-06	0.00010016204294893204	5.071631971639122e-10	0.1503508810126824	441	ESTIMATED	1	POSITIVE	NOT_SUPPORTED	META_N_HETEROGENEITY_AND_MIXED_PHENOTYPE	ELIGIBLE_SECONDARY
insomnia__mdd	4	6773044	7539692	3.0449958512296328e-05	1.2621610788784061	5.302769020793031e-05	1.097592504486094e-05	5.00428468931701e-10	0.1734566725753568	389	ESTIMATED	1	POSITIVE	NOT_SUPPORTED	META_N_HETEROGENEITY_AND_MIXED_PHENOTYPE	ELIGIBLE_SECONDARY
insomnia__mdd	4	7539693	8152235	6.919698670146105e-05	1.4004794894021475	3.387796731646095e-05	7.206153606377261e-05	4.1641944555611586e-10	0.0006965021961425805	355	ESTIMATED	1	POSITIVE	NOT_SUPPORTED	META_N_HETEROGENEITY_AND_MIXED_PHENOTYPE	ELIGIBLE_SECONDARY
insomnia__mdd	4	9326480	10699152	-4.0983102711241514e-05	-1.585548253167061	2.1861447205338173e-05	3.05613006665056e-05	4.0324830893217755e-10	0.041262248203742136	546	ESTIMATED	1	NEGATIVE	NOT_SUPPORTED	META_N_HETEROGENEITY_AND_MIXED_PHENOTYPE	ELIGIBLE_SECONDARY
insomnia__mdd	4	14272002	15147446	4.399923252282886e-05	2.3050559355968825	9.524874461053559e-05	3.82532205752363e-06	3.9090074093812285e-10	0.026053101648096776	386	ESTIMATED	1	POSITIVE	NOT_SUPPORTED	META_N_HETEROGENEITY_AND_MIXED_PHENOTYPE	ELIGIBLE_SECONDARY
insomnia__mdd	4	15927010	17383322	-2.215129300753874e-05	-1.9035720202489679	1.4884407637901021e-05	9.09762397954261e-06	6.811661521867904e-10	0.3960282872472358	685	ESTIMATED	1	NEGATIVE	NOT_SUPPORTED	META_N_HETEROGENEITY_AND_MIXED_PHENOTYPE	ELIGIBLE_SECONDARY
insomnia__mdd	4	33172767	35151415	1.7947331685679478e-05	1.4110235019665889	6.595203487819427e-06	2.4530312655602834e-05	2.9699024737426864e-10	0.2976774591431276	358	ESTIMATED	1	POSITIVE	NOT_SUPPORTED	META_N_HETEROGENEITY_AND_MIXED_PHENOTYPE	ELIGIBLE_SECONDARY
insomnia__mdd	4	35151416	36020436	4.1332561391876e-05	1.2207024811278877	4.237180686036753e-05	2.705752076189678e-05	2.3909941500929204e-10	0.007517059013015294	278	ESTIMATED	1	POSITIVE	NOT_SUPPORTED	META_N_HETEROGENEITY_AND_MIXED_PHENOTYPE	ELIGIBLE_SECONDARY
insomnia__mdd	4	36020437	37255047	3.265031667253538e-05	1.1862486106906958	2.6001105274120896e-05	2.9136108945191935e-05	4.0144836654370193e-10	0.10319278262443057	458	ESTIMATED	1	POSITIVE	NOT_SUPPORTED	META_N_HETEROGENEITY_AND_MIXED_PHENOTYPE	ELIGIBLE_SECONDARY
insomnia__mdd	4	40202610	42213058	6.625083172572797e-05	2.471594458138809	6.963677889315228e-06	0.00010317858555010869	7.809746854709908e-10	0.017755416852934785	666	ESTIMATED	1	POSITIVE	NOT_SUPPORTED	META_N_HETEROGENEITY_AND_MIXED_PHENOTYPE	ELIGIBLE_SECONDARY
insomnia__mdd	4	53877434	55429556	9.18116970750576e-06	3.382020105236634	1.541569627613017e-05	4.780579171412995e-07	4.6174761998988454e-10	0.6691874947352224	540	ESTIMATED	1	POSITIVE	NOT_SUPPORTED	META_N_HETEROGENEITY_AND_MIXED_PHENOTYPE	ELIGIBLE_SECONDARY
insomnia__mdd	4	58935009	60741087	7.090518855815959e-05	1.8903954586645215	8.951893035517258e-06	0.00015715775550838125	5.723261836901225e-10	0.003038164205955479	492	ESTIMATED	1	POSITIVE	NOT_SUPPORTED	META_N_HETEROGENEITY_AND_MIXED_PHENOTYPE	ELIGIBLE_SECONDARY
insomnia__mdd	4	68059498	68854765	1.2032826843862805e-05	1.6745108243783693	6.4477459838355656e-06	8.00850583061975e-06	2.369530004622561e-10	0.43439465886737283	269	ESTIMATED	1	POSITIVE	NOT_SUPPORTED	META_N_HETEROGENEITY_AND_MIXED_PHENOTYPE	ELIGIBLE_SECONDARY
insomnia__mdd	4	68854766	71049152	3.0601342018172737e-06	5.887495353931447	1.0647790360066637e-06	2.5372326938562e-07	3.477801698555074e-10	0.8696585241516697	491	ESTIMATED	1	POSITIVE	NOT_SUPPORTED	META_N_HETEROGENEITY_AND_MIXED_PHENOTYPE	ELIGIBLE_SECONDARY
insomnia__mdd	4	74592391	77130707	3.957428273397687e-05	1.41854851711626	0.00012425883032247083	6.263404428658103e-06	6.273861909281709e-10	0.1141164583426943	778	ESTIMATED	1	POSITIVE	NOT_SUPPORTED	META_N_HETEROGENEITY_AND_MIXED_PHENOTYPE	ELIGIBLE_SECONDARY
insomnia__mdd	4	86930610	87534648	-3.6491538109451982e-06	-1.9181382241514595	3.2586640700526694e-07	1.1106697568512527e-05	1.2557464821820162e-10	0.7446947940968625	143	ESTIMATED	1	NEGATIVE	NOT_SUPPORTED	META_N_HETEROGENEITY_AND_MIXED_PHENOTYPE	ELIGIBLE_SECONDARY
insomnia__mdd	4	87534649	89238028	2.009067441444735e-05	1.9993376025863694	3.978428046804606e-06	2.5380796980183415e-05	5.524171753086143e-10	0.39266578444445654	618	ESTIMATED	1	POSITIVE	NOT_SUPPORTED	META_N_HETEROGENEITY_AND_MIXED_PHENOTYPE	ELIGIBLE_SECONDARY
insomnia__mdd	4	94233300	96182188	-1.9006067111791128e-05	-1.1938293156421238	3.6535897616029656e-05	6.937136768968345e-06	5.230710931554304e-10	0.40596187437979914	651	ESTIMATED	1	NEGATIVE	NOT_SUPPORTED	META_N_HETEROGENEITY_AND_MIXED_PHENOTYPE	ELIGIBLE_SECONDARY
insomnia__mdd	4	96182189	97540703	5.0873523483729945e-06	1.1213454723137877	1.112301335185885e-06	1.8504711106811874e-05	4.802783545836747e-10	0.8164312162910188	522	ESTIMATED	1	POSITIVE	NOT_SUPPORTED	META_N_HETEROGENEITY_AND_MIXED_PHENOTYPE	ELIGIBLE_SECONDARY
insomnia__mdd	4	97540704	99424067	8.896531876694135e-06	1.0701320898599407	1.1106209545495788e-05	6.223014894088351e-06	3.2260528635043033e-10	0.6203749515932343	441	ESTIMATED	1	POSITIVE	NOT_SUPPORTED	META_N_HETEROGENEITY_AND_MIXED_PHENOTYPE	ELIGIBLE_SECONDARY
insomnia__mdd	4	115666247	117276929	-1.6760154615834593e-05	-2.2021828603702907	2.434220732836458e-06	2.3795198281607836e-05	2.790507515385922e-10	0.31570988458577864	370	ESTIMATED	1	NEGATIVE	NOT_SUPPORTED	META_N_HETEROGENEITY_AND_MIXED_PHENOTYPE	ELIGIBLE_SECONDARY
insomnia__mdd	4	117276930	118479918	1.7729282576719554e-05	1.7418051926613287	6.223720667276056e-06	1.66468884659073e-05	3.340984522653716e-10	0.3320663134731646	361	ESTIMATED	1	POSITIVE	NOT_SUPPORTED	META_N_HETEROGENEITY_AND_MIXED_PHENOTYPE	ELIGIBLE_SECONDARY
insomnia__mdd	4	131283822	132954033	2.8514511360085974e-05	1.5651682376577394	4.000522336578881e-05	8.296465577534902e-06	3.5715096762334097e-10	0.13134249175838758	371	ESTIMATED	1	POSITIVE	NOT_SUPPORTED	META_N_HETEROGENEITY_AND_MIXED_PHENOTYPE	ELIGIBLE_SECONDARY
insomnia__mdd	4	138541972	139556511	1.7347305351940573e-05	1.2957712550737397	5.7235555481243265e-06	3.131421010642771e-05	3.5909685178312157e-10	0.3599647366202019	380	ESTIMATED	1	POSITIVE	NOT_SUPPORTED	META_N_HETEROGENEITY_AND_MIXED_PHENOTYPE	ELIGIBLE_SECONDARY
insomnia__mdd	4	143443266	146178187	-6.396402962075593e-05	-1.1355843124586702	4.6242289517930506e-05	6.861096605777639e-05	4.727748834906298e-10	0.00326342905462691	563	ESTIMATED	1	NEGATIVE	NOT_SUPPORTED	META_N_HETEROGENEITY_AND_MIXED_PHENOTYPE	ELIGIBLE_SECONDARY
insomnia__mdd	4	148521874	150683580	3.949713369933044e-05	1.095725532047202	4.283507344187355e-05	3.033388817173436e-05	7.724881694273701e-10	0.15529242468344484	527	ESTIMATED	1	POSITIVE	NOT_SUPPORTED	META_N_HETEROGENEITY_AND_MIXED_PHENOTYPE	ELIGIBLE_SECONDARY
insomnia__mdd	4	150683581	152782184	1.0525820403497234e-05	1.6715296024438038	4.208711565850087e-05	9.421815667819521e-07	3.9894465563947495e-10	0.5982028454499826	527	ESTIMATED	1	POSITIVE	NOT_SUPPORTED	META_N_HETEROGENEITY_AND_MIXED_PHENOTYPE	ELIGIBLE_SECONDARY
insomnia__mdd	4	158743719	161058864	7.14175583330743e-05	1.006400506955255	4.748365762157616e-05	0.00010605328803725203	5.060223896915123e-10	0.0014992560648580872	540	ESTIMATED	1	POSITIVE	NOT_SUPPORTED	META_N_HETEROGENEITY_AND_MIXED_PHENOTYPE	ELIGIBLE_SECONDARY
insomnia__mdd	4	161058865	161826435	-2.8306779111814267e-06	-2.973203006109949	2.3591342679726363e-07	3.842192557231891e-06	2.7971971003798743e-10	0.8655999279538727	283	ESTIMATED	1	NEGATIVE	NOT_SUPPORTED	META_N_HETEROGENEITY_AND_MIXED_PHENOTYPE	ELIGIBLE_SECONDARY
insomnia__mdd	4	163243680	164478234	6.931847312223552e-05	1.11739233475587	8.121576144685692e-05	4.7385588629211516e-05	6.503494768494663e-10	0.006564537335259775	345	ESTIMATED	1	POSITIVE	NOT_SUPPORTED	META_N_HETEROGENEITY_AND_MIXED_PHENOTYPE	ELIGIBLE_SECONDARY
insomnia__mdd	4	170776511	172558635	3.951245706165769e-05	1.1125152353886008	2.7528194802183453e-05	4.582246061285526e-05	4.0809931721357494e-10	0.050474570802776245	438	ESTIMATED	1	POSITIVE	NOT_SUPPORTED	META_N_HETEROGENEITY_AND_MIXED_PHENOTYPE	ELIGIBLE_SECONDARY
insomnia__mdd	5	3361942	4632110	2.320453169165811e-05	3.001883333687698	2.3056611373972243e-06	2.5915674540308157e-05	5.500475405823192e-10	0.32246659611113415	511	ESTIMATED	1	POSITIVE	NOT_SUPPORTED	META_N_HETEROGENEITY_AND_MIXED_PHENOTYPE	ELIGIBLE_SECONDARY
insomnia__mdd	5	22152074	23494324	1.3942501674774586e-05	1.5717823559899724	9.723352204313306e-06	8.092460249045974e-06	3.610899834610814e-10	0.4631167008170096	436	ESTIMATED	1	POSITIVE	NOT_SUPPORTED	META_N_HETEROGENEITY_AND_MIXED_PHENOTYPE	ELIGIBLE_SECONDARY
insomnia__mdd	5	35048971	36433954	-1.072137001180093e-05	-2.053789528335097	2.208121858472816e-05	1.2341435041489457e-06	4.664149700445023e-10	0.6195862051721737	486	ESTIMATED	1	NEGATIVE	NOT_SUPPORTED	META_N_HETEROGENEITY_AND_MIXED_PHENOTYPE	ELIGIBLE_SECONDARY
insomnia__mdd	5	53703045	55417349	1.3318278328764858e-05	1.0024371459069776	2.191259154811934e-05	8.055418853110078e-06	5.565694018032473e-10	0.5723922535014321	638	ESTIMATED	1	POSITIVE	NOT_SUPPORTED	META_N_HETEROGENEITY_AND_MIXED_PHENOTYPE	ELIGIBLE_SECONDARY
insomnia__mdd	5	56621103	57340073	1.271564840425048e-05	1.700644438132797	6.815900386356678e-06	8.202131749067135e-06	2.7251309315196266e-10	0.44113781195836266	281	ESTIMATED	1	POSITIVE	NOT_SUPPORTED	META_N_HETEROGENEITY_AND_MIXED_PHENOTYPE	ELIGIBLE_SECONDARY
insomnia__mdd	5	57340074	58524622	1.4503981391195196e-05	2.989466284278684	4.3056001223532664e-05	5.467055157401301e-07	5.349751322774495e-10	0.5306091749731369	562	ESTIMATED	1	POSITIVE	NOT_SUPPORTED	META_N_HETEROGENEITY_AND_MIXED_PHENOTYPE	ELIGIBLE_SECONDARY
insomnia__mdd	5	73759327	75798866	-3.352262936006125e-05	-5.005947574631005	0.00014576362661167862	3.076482092131264e-07	6.577883280897331e-10	0.19119287682902608	697	ESTIMATED	1	NEGATIVE	NOT_SUPPORTED	META_N_HETEROGENEITY_AND_MIXED_PHENOTYPE	ELIGIBLE_SECONDARY
insomnia__mdd	5	85767291	87389991	9.751161894145185e-06	1.6218418122009426	2.1322575092050894e-06	1.6953372168612146e-05	2.4465097781058553e-10	0.5330065232293735	269	ESTIMATED	1	POSITIVE	NOT_SUPPORTED	META_N_HETEROGENEITY_AND_MIXED_PHENOTYPE	ELIGIBLE_SECONDARY
insomnia__mdd	5	90422655	91840542	7.141162504552415e-05	1.2596569885138247	4.5209849758296125e-05	7.108863370166267e-05	3.860561443301846e-10	0.00027852922213716507	292	ESTIMATED	1	POSITIVE	NOT_SUPPORTED	META_N_HETEROGENEITY_AND_MIXED_PHENOTYPE	ELIGIBLE_SECONDARY
insomnia__mdd	5	91840543	93809984	9.66339270324359e-05	1.0336639498094153	6.546598895687377e-05	0.00013350108174632025	4.925801573695257e-10	1.3365890091629354e-05	438	ESTIMATED	0.113142259626	POSITIVE	NOT_SUPPORTED	META_N_HETEROGENEITY_AND_MIXED_PHENOTYPE	ELIGIBLE_SECONDARY
insomnia__mdd	5	103320006	104851483	0.0001881773704145999	1.02924880440575	0.00016904632740188206	0.00019773716736363122	2.275353286868417e-09	7.981217347828599e-05	416	ESTIMATED	0.675610048494	POSITIVE	NOT_SUPPORTED	META_N_HETEROGENEITY_AND_MIXED_PHENOTYPE	ELIGIBLE_SECONDARY
insomnia__mdd	5	115831048	117346213	4.3149419814488555e-05	2.929512983140817	4.6032539615543574e-06	4.7129640979299825e-05	5.626055756531289e-10	0.06888571595030324	514	ESTIMATED	1	POSITIVE	NOT_SUPPORTED	META_N_HETEROGENEITY_AND_MIXED_PHENOTYPE	ELIGIBLE_SECONDARY
insomnia__mdd	5	119669043	120452166	4.558863825207528e-05	1.313818837806869	2.0236377095637747e-05	5.949897812014543e-05	3.6377880579551827e-10	0.016838271054009032	241	ESTIMATED	1	POSITIVE	NOT_SUPPORTED	META_N_HETEROGENEITY_AND_MIXED_PHENOTYPE	ELIGIBLE_SECONDARY
insomnia__mdd	5	122556906	123798100	3.245220600481303e-05	1.4208328020419647	5.9871935968014955e-05	8.713230384459322e-06	6.38851485200731e-10	0.1991634251583797	450	ESTIMATED	1	POSITIVE	NOT_SUPPORTED	META_N_HETEROGENEITY_AND_MIXED_PHENOTYPE	ELIGIBLE_SECONDARY
insomnia__mdd	5	123798101	125785649	5.359069956817606e-05	1.8008725569103083	9.443418319350646e-06	9.377426403344833e-05	1.0283574075772924e-09	0.09469056967793085	826	ESTIMATED	1	POSITIVE	NOT_SUPPORTED	META_N_HETEROGENEITY_AND_MIXED_PHENOTYPE	ELIGIBLE_SECONDARY
insomnia__mdd	5	142981249	144943354	-1.9986055054388404e-05	-1.1369672139044555	6.795166868548285e-06	4.5473475678025604e-05	5.523649226717739e-10	0.39511276771139436	661	ESTIMATED	1	NEGATIVE	NOT_SUPPORTED	META_N_HETEROGENEITY_AND_MIXED_PHENOTYPE	ELIGIBLE_SECONDARY
insomnia__mdd	5	155373506	156628700	2.3106348040177145e-05	3.0681609099977174	1.4120359099476195e-06	4.016618782175101e-05	3.626872096612457e-10	0.22501835368994338	404	ESTIMATED	1	POSITIVE	NOT_SUPPORTED	META_N_HETEROGENEITY_AND_MIXED_PHENOTYPE	ELIGIBLE_SECONDARY
insomnia__mdd	5	161482134	162743908	2.1475675757709017e-05	1.1246432379939397	1.5228475300181026e-05	2.394460629650627e-05	3.483491759692725e-10	0.2498803948206797	355	ESTIMATED	1	POSITIVE	NOT_SUPPORTED	META_N_HETEROGENEITY_AND_MIXED_PHENOTYPE	ELIGIBLE_SECONDARY
insomnia__mdd	5	173642872	175450595	4.013746095508605e-05	2.2476012780454493	2.1580328328237367e-05	1.477757606897374e-05	9.636656061540907e-10	0.19602321837352477	739	ESTIMATED	1	POSITIVE	NOT_SUPPORTED	META_N_HETEROGENEITY_AND_MIXED_PHENOTYPE	ELIGIBLE_SECONDARY
insomnia__mdd	5	175450596	177251507	-2.649637984573988e-05	-1.8996003379674282	4.640959241762403e-05	4.192188974975682e-06	3.9303001419860643e-10	0.18138115654211784	426	ESTIMATED	1	NEGATIVE	NOT_SUPPORTED	META_N_HETEROGENEITY_AND_MIXED_PHENOTYPE	ELIGIBLE_SECONDARY
insomnia__mdd	5	179401245	180559933	5.09530314092374e-05	1.4062777687361476	4.254935280976994e-05	3.085353096125091e-05	4.5797871480330634e-10	0.01726879965605127	373	ESTIMATED	1	POSITIVE	NOT_SUPPORTED	META_N_HETEROGENEITY_AND_MIXED_PHENOTYPE	ELIGIBLE_SECONDARY
insomnia__mdd	6	4617818	5791472	-4.59348043369915e-05	-1.2052668589422266	1.374326891213317e-05	0.00010568838638381306	6.041930580471982e-10	0.06165592736628965	585	ESTIMATED	1	NEGATIVE	NOT_SUPPORTED	META_N_HETEROGENEITY_AND_MIXED_PHENOTYPE	ELIGIBLE_SECONDARY
insomnia__mdd	6	11790817	13209388	2.9589417133511896e-05	8.054041048289795	3.00443710750691e-07	4.492437315112752e-05	6.034705792202403e-10	0.22839471615927864	588	ESTIMATED	1	POSITIVE	NOT_SUPPORTED	META_N_HETEROGENEITY_AND_MIXED_PHENOTYPE	ELIGIBLE_SECONDARY
insomnia__mdd	6	13209389	14802924	9.884087471108914e-06	1.5581569045859576	1.4472979491010977e-05	2.7803075342046545e-06	6.338055012504909e-10	0.6946094084932809	674	ESTIMATED	1	POSITIVE	NOT_SUPPORTED	META_N_HETEROGENEITY_AND_MIXED_PHENOTYPE	ELIGIBLE_SECONDARY
insomnia__mdd	6	22748308	23936619	5.502669396901286e-05	1.3726827033554097	4.899528228207984e-05	3.2798369564779685e-05	5.668896263645241e-10	0.02082573678144979	491	ESTIMATED	1	POSITIVE	NOT_SUPPORTED	META_N_HETEROGENEITY_AND_MIXED_PHENOTYPE	ELIGIBLE_SECONDARY
insomnia__mdd	6	39295678	40345115	4.2773818032515924e-05	1.1767926441604524	2.5626801270721416e-05	5.155392600675876e-05	3.6658257179498137e-10	0.02548004669428908	412	ESTIMATED	1	POSITIVE	NOT_SUPPORTED	META_N_HETEROGENEITY_AND_MIXED_PHENOTYPE	ELIGIBLE_SECONDARY
insomnia__mdd	6	40345116	42038721	3.169065966977519e-05	1.1169011014598043	5.1386646378303054e-05	1.5666891837571114e-05	7.349425315632217e-10	0.2424143918711743	737	ESTIMATED	1	POSITIVE	NOT_SUPPORTED	META_N_HETEROGENEITY_AND_MIXED_PHENOTYPE	ELIGIBLE_SECONDARY
insomnia__mdd	6	61880513	63552888	-1.4867334257431136e-05	-1.8217967337301386	3.6423233842527956e-05	1.8284701339238899e-06	2.515302060237001e-10	0.34853832038220167	338	ESTIMATED	1	NEGATIVE	NOT_SUPPORTED	META_N_HETEROGENEITY_AND_MIXED_PHENOTYPE	ELIGIBLE_SECONDARY
insomnia__mdd	6	67329216	68849483	4.096148193294956e-05	1.0812596475902512	4.3069229160760636e-05	3.332147602916098e-05	4.694772397215248e-10	0.05869594389630396	494	ESTIMATED	1	POSITIVE	NOT_SUPPORTED	META_N_HETEROGENEITY_AND_MIXED_PHENOTYPE	ELIGIBLE_SECONDARY
insomnia__mdd	6	78957729	80691170	3.2356884216589426e-05	3.7613217548420215	7.801606503327179e-06	9.485677963406123e-06	5.72858474341663e-10	0.17640884548321023	621	ESTIMATED	1	POSITIVE	NOT_SUPPORTED	META_N_HETEROGENEITY_AND_MIXED_PHENOTYPE	ELIGIBLE_SECONDARY
insomnia__mdd	6	93428645	94118142	9.635465373166323e-06	1.0511576074754299	3.3698117208879998e-06	2.493469601783338e-05	3.1198868037347e-10	0.5854023209247554	291	ESTIMATED	1	POSITIVE	NOT_SUPPORTED	META_N_HETEROGENEITY_AND_MIXED_PHENOTYPE	ELIGIBLE_SECONDARY
insomnia__mdd	6	103983396	106056733	9.07988361052257e-05	1.0229660963978657	0.00018751352887545227	4.201510714985016e-05	1.0348888854192795e-09	0.004765133421555208	669	ESTIMATED	1	POSITIVE	NOT_SUPPORTED	META_N_HETEROGENEITY_AND_MIXED_PHENOTYPE	ELIGIBLE_SECONDARY
insomnia__mdd	6	106056734	107450306	-1.750637568344642e-05	-1.0852912219789987	7.701003285411444e-06	3.37872308245509e-05	7.034793604921325e-10	0.5092278597757927	626	ESTIMATED	1	NEGATIVE	NOT_SUPPORTED	META_N_HETEROGENEITY_AND_MIXED_PHENOTYPE	ELIGIBLE_SECONDARY
insomnia__mdd	6	112345015	114220833	2.15748468433942e-05	1.890724455453156	4.6199716614545064e-05	2.818380646897451e-06	5.869170845815576e-10	0.3731694912775182	660	ESTIMATED	1	POSITIVE	NOT_SUPPORTED	META_N_HETEROGENEITY_AND_MIXED_PHENOTYPE	ELIGIBLE_SECONDARY
insomnia__mdd	6	114220834	116131396	-1.662587662460413e-05	-1.1873493001013238	2.6957086606587126e-05	7.273428128202193e-06	4.665258109954668e-10	0.4414513405818099	528	ESTIMATED	1	NEGATIVE	NOT_SUPPORTED	META_N_HETEROGENEITY_AND_MIXED_PHENOTYPE	ELIGIBLE_SECONDARY
insomnia__mdd	6	118963116	119963278	-1.9289591076930207e-05	-1.5031110922582902	9.904320949072353e-06	1.6627967903387696e-05	3.1067272551497077e-10	0.27378469554762874	330	ESTIMATED	1	NEGATIVE	NOT_SUPPORTED	META_N_HETEROGENEITY_AND_MIXED_PHENOTYPE	ELIGIBLE_SECONDARY
insomnia__mdd	6	119963279	120512128	-3.8902319454088245e-06	-2.651876610286959	4.095913009056238e-07	5.254043228440237e-06	1.940447471637621e-10	0.7800374963000412	170	ESTIMATED	1	NEGATIVE	NOT_SUPPORTED	META_N_HETEROGENEITY_AND_MIXED_PHENOTYPE	ELIGIBLE_SECONDARY
insomnia__mdd	6	121905677	123856181	4.1686370756265946e-05	1.2278771296328725	7.757722244007208e-05	1.4857444850095845e-05	5.829205588614654e-10	0.08424119506884853	638	ESTIMATED	1	POSITIVE	NOT_SUPPORTED	META_N_HETEROGENEITY_AND_MIXED_PHENOTYPE	ELIGIBLE_SECONDARY
insomnia__mdd	6	137614219	138822629	1.9762267592265784e-05	2.991003334770773	1.8614315595339858e-05	2.3452691122720013e-06	5.045833338747852e-10	0.3789826286578377	481	ESTIMATED	1	POSITIVE	NOT_SUPPORTED	META_N_HETEROGENEITY_AND_MIXED_PHENOTYPE	ELIGIBLE_SECONDARY
insomnia__mdd	6	148920353	150253404	-1.7809127373165934e-05	-1.0364218988131515	5.2512358313972126e-06	5.6227735848087625e-05	4.642082727704149e-10	0.40847374424100424	535	ESTIMATED	1	NEGATIVE	NOT_SUPPORTED	META_N_HETEROGENEITY_AND_MIXED_PHENOTYPE	ELIGIBLE_SECONDARY
insomnia__mdd	6	153094497	154974120	0.00010260731594266133	1.0081732439397388	0.00012489948805223433	8.293267261935726e-05	1.0578246641918538e-09	0.0016060955918740364	788	ESTIMATED	1	POSITIVE	NOT_SUPPORTED	META_N_HETEROGENEITY_AND_MIXED_PHENOTYPE	ELIGIBLE_SECONDARY
insomnia__mdd	6	154974121	156763326	6.462533924818538e-05	5.579041007351523	2.549980054233744e-06	5.261987126221515e-05	9.891684985211284e-10	0.03989917645409974	742	ESTIMATED	1	POSITIVE	NOT_SUPPORTED	META_N_HETEROGENEITY_AND_MIXED_PHENOTYPE	ELIGIBLE_SECONDARY
insomnia__mdd	6	156763327	158218719	3.393865368990042e-05	1.5875457290270998	8.282955020073983e-06	5.517615459632592e-05	4.696392747981327e-10	0.11733118733513899	455	ESTIMATED	1	POSITIVE	NOT_SUPPORTED	META_N_HETEROGENEITY_AND_MIXED_PHENOTYPE	ELIGIBLE_SECONDARY
insomnia__mdd	6	158218720	160580497	4.826539085016796e-05	1.6189331307962165	4.62411697151785e-05	1.9221400232376857e-05	8.813387590771021e-10	0.10399438049981947	1041	ESTIMATED	1	POSITIVE	NOT_SUPPORTED	META_N_HETEROGENEITY_AND_MIXED_PHENOTYPE	ELIGIBLE_SECONDARY
insomnia__mdd	6	170330174	171051270	-2.460559886036499e-05	-1.9335436489037985	1.793911627297199e-05	9.027320740698187e-06	2.1862076469328356e-10	0.0960856988492962	224	ESTIMATED	1	NEGATIVE	NOT_SUPPORTED	META_N_HETEROGENEITY_AND_MIXED_PHENOTYPE	ELIGIBLE_SECONDARY
insomnia__mdd	7	1353068	2062398	4.187423649658352e-05	1.5324398137651185	1.4499868475456035e-05	5.149474201981841e-05	6.039883198233847e-10	0.08840818093965282	174	ESTIMATED	1	POSITIVE	NOT_SUPPORTED	META_N_HETEROGENEITY_AND_MIXED_PHENOTYPE	ELIGIBLE_SECONDARY
insomnia__mdd	7	2062399	2772227	8.263735558625689e-05	1.1136611717980638	6.869712819476047e-05	8.015084106521365e-05	5.36074174894446e-10	0.00035815068205169513	249	ESTIMATED	1	POSITIVE	NOT_SUPPORTED	META_N_HETEROGENEITY_AND_MIXED_PHENOTYPE	ELIGIBLE_SECONDARY
insomnia__mdd	7	4573429	5416232	2.7384857436429025e-05	1.4069380963847165	1.4814646087901589e-05	2.557288401902162e-05	3.777884912697109e-10	0.15885902793305884	240	ESTIMATED	1	POSITIVE	NOT_SUPPORTED	META_N_HETEROGENEITY_AND_MIXED_PHENOTYPE	ELIGIBLE_SECONDARY
insomnia__mdd	7	9123424	9987499	2.3403652115707628e-05	1.1421228023849188	2.814807009111778e-05	1.491739671199275e-05	4.5326803569768705e-10	0.2716484251867376	383	ESTIMATED	1	POSITIVE	NOT_SUPPORTED	META_N_HETEROGENEITY_AND_MIXED_PHENOTYPE	ELIGIBLE_SECONDARY
insomnia__mdd	7	12635462	13884202	3.77683618129495e-05	1.7071363480674093	1.5615688987326287e-05	3.13443108974096e-05	6.339372385694514e-10	0.13360209475064427	584	ESTIMATED	1	POSITIVE	NOT_SUPPORTED	META_N_HETEROGENEITY_AND_MIXED_PHENOTYPE	ELIGIBLE_SECONDARY
insomnia__mdd	7	15143658	16902069	1.697424284365218e-05	4.749278720639553	2.2612698203144636e-06	5.649020103691001e-06	7.93338315311725e-10	0.5467452110286279	758	ESTIMATED	1	POSITIVE	NOT_SUPPORTED	META_N_HETEROGENEITY_AND_MIXED_PHENOTYPE	ELIGIBLE_SECONDARY
insomnia__mdd	7	16902070	19481547	1.5415330475694516e-05	3.392490358510187	3.2089311186348713e-05	6.43439977146768e-07	1.1293175390493314e-09	0.6464374290064792	1030	ESTIMATED	1	POSITIVE	NOT_SUPPORTED	META_N_HETEROGENEITY_AND_MIXED_PHENOTYPE	ELIGIBLE_SECONDARY
insomnia__mdd	7	25077260	25909555	6.263881127340536e-06	1.121816960842585	9.370297429875368e-06	3.3272821836223475e-06	4.3762986706535376e-10	0.7646147520612756	422	ESTIMATED	1	POSITIVE	NOT_SUPPORTED	META_N_HETEROGENEITY_AND_MIXED_PHENOTYPE	ELIGIBLE_SECONDARY
insomnia__mdd	7	31137290	33555768	7.99821577572627e-05	1.3815490048131744	4.9895141337003444e-05	6.71730993202426e-05	9.159444200275455e-10	0.008223207380240632	1000	ESTIMATED	1	POSITIVE	NOT_SUPPORTED	META_N_HETEROGENEITY_AND_MIXED_PHENOTYPE	ELIGIBLE_SECONDARY
insomnia__mdd	7	36213539	37555184	-1.282167465328455e-05	-2.4721579202539843	4.0277952518648916e-07	6.678358057975784e-05	6.809645822938469e-10	0.6231856980659893	633	ESTIMATED	1	NEGATIVE	NOT_SUPPORTED	META_N_HETEROGENEITY_AND_MIXED_PHENOTYPE	ELIGIBLE_SECONDARY
insomnia__mdd	7	38966704	39862670	2.5544933884822533e-05	2.3756784677851766	2.923699638328828e-05	3.9545902300763225e-06	3.0469456596096935e-10	0.14334931724507072	329	ESTIMATED	1	POSITIVE	NOT_SUPPORTED	META_N_HETEROGENEITY_AND_MIXED_PHENOTYPE	ELIGIBLE_SECONDARY
insomnia__mdd	7	46986721	49212278	3.8522499242007376e-05	1.6523418156531176	2.752324543512823e-05	1.974828928337219e-05	9.299216918954479e-10	0.2064973016348547	936	ESTIMATED	1	POSITIVE	NOT_SUPPORTED	META_N_HETEROGENEITY_AND_MIXED_PHENOTYPE	ELIGIBLE_SECONDARY
insomnia__mdd	7	71874886	73334602	-2.0187870589371605e-05	-1.7489653396355909	9.410979771531266e-06	1.415740899231013e-05	1.7820998924289348e-10	0.1304694813439832	212	ESTIMATED	1	NEGATIVE	NOT_SUPPORTED	META_N_HETEROGENEITY_AND_MIXED_PHENOTYPE	ELIGIBLE_SECONDARY
insomnia__mdd	7	82022687	83801203	7.742288225944534e-05	2.992139527193043	3.8070895514080364e-06	0.00017586600358801246	7.121898364930995e-10	0.0037178583043478235	649	ESTIMATED	1	POSITIVE	NOT_SUPPORTED	META_N_HETEROGENEITY_AND_MIXED_PHENOTYPE	ELIGIBLE_SECONDARY
insomnia__mdd	7	85572183	87825004	2.1910594973287135e-05	1.400137011079193	1.776691903261396e-05	1.3783361502259002e-05	4.874630945488136e-10	0.32100628913385887	609	ESTIMATED	1	POSITIVE	NOT_SUPPORTED	META_N_HETEROGENEITY_AND_MIXED_PHENOTYPE	ELIGIBLE_SECONDARY
insomnia__mdd	7	97099571	98715474	8.672569114220225e-06	2.1613113099720165	1.005061124017165e-06	1.6020217653405924e-05	4.1110008391408797e-10	0.6688446398709339	426	ESTIMATED	1	POSITIVE	NOT_SUPPORTED	META_N_HETEROGENEITY_AND_MIXED_PHENOTYPE	ELIGIBLE_SECONDARY
insomnia__mdd	7	104159526	105682905	8.459337367104879e-06	1.479087435634519	1.0253638176950124e-05	3.1901199037870178e-06	5.757096584555781e-10	0.7244173860504286	574	ESTIMATED	1	POSITIVE	NOT_SUPPORTED	META_N_HETEROGENEITY_AND_MIXED_PHENOTYPE	ELIGIBLE_SECONDARY
insomnia__mdd	7	135591084	136876562	4.218378818264149e-05	1.0289859311336669	3.843395713615e-05	4.372775489072511e-05	5.312824529521586e-10	0.06722993414673381	410	ESTIMATED	1	POSITIVE	NOT_SUPPORTED	META_N_HETEROGENEITY_AND_MIXED_PHENOTYPE	ELIGIBLE_SECONDARY
insomnia__mdd	7	138744680	139933177	4.327063150220895e-05	1.088588405493905	7.507738626230364e-05	2.1045047652357618e-05	4.2675370510382726e-10	0.03620507024220474	330	ESTIMATED	1	POSITIVE	NOT_SUPPORTED	META_N_HETEROGENEITY_AND_MIXED_PHENOTYPE	ELIGIBLE_SECONDARY
insomnia__mdd	7	147815319	149840658	5.6435385943417325e-05	1.3064791463475167	3.273161530110366e-05	5.7007316305677456e-05	6.8414791860801e-10	0.0309567949385303	633	ESTIMATED	1	POSITIVE	NOT_SUPPORTED	META_N_HETEROGENEITY_AND_MIXED_PHENOTYPE	ELIGIBLE_SECONDARY
insomnia__mdd	8	1163246	2042942	4.862185166113629e-05	1.1537201301680724	5.980343643501405e-05	2.9698595227238964e-05	6.584900172578151e-10	0.05812265009037461	472	ESTIMATED	1	POSITIVE	NOT_SUPPORTED	META_N_HETEROGENEITY_AND_MIXED_PHENOTYPE	ELIGIBLE_SECONDARY
insomnia__mdd	8	2042943	2573279	-9.910120032257108e-06	-1.0045966904821737	5.188469409549062e-06	1.8755777960737757e-05	3.04362649391359e-10	0.5700039724836578	248	ESTIMATED	1	NEGATIVE	NOT_SUPPORTED	META_N_HETEROGENEITY_AND_MIXED_PHENOTYPE	ELIGIBLE_SECONDARY
insomnia__mdd	8	7153080	9154694	1.3151934581341883e-05	1.0477846451348525	3.4269161162742885e-06	4.597605953983433e-05	6.040236565597382e-10	0.5925570976124694	568	ESTIMATED	1	POSITIVE	NOT_SUPPORTED	META_N_HETEROGENEITY_AND_MIXED_PHENOTYPE	ELIGIBLE_SECONDARY
insomnia__mdd	8	22897058	24674718	5.089594738828595e-06	1.0322208659531793	3.828496051487788e-05	6.350280869004813e-07	6.699356558979967e-10	0.844111112053413	693	ESTIMATED	1	POSITIVE	NOT_SUPPORTED	META_N_HETEROGENEITY_AND_MIXED_PHENOTYPE	ELIGIBLE_SECONDARY
insomnia__mdd	8	37379390	38938806	4.8523683291121556e-05	1.4861733700480626	3.840778658604567e-05	2.775551492529561e-05	3.623936393970626e-10	0.010804386287320807	334	ESTIMATED	1	POSITIVE	NOT_SUPPORTED	META_N_HETEROGENEITY_AND_MIXED_PHENOTYPE	ELIGIBLE_SECONDARY
insomnia__mdd	8	75445065	76456542	1.8562387263486954e-05	1.562059132428774	1.1288643841709242e-05	1.2509240617743536e-05	2.6992865272788615e-10	0.25855199436015375	302	ESTIMATED	1	POSITIVE	NOT_SUPPORTED	META_N_HETEROGENEITY_AND_MIXED_PHENOTYPE	ELIGIBLE_SECONDARY
insomnia__mdd	8	84225590	85955619	2.386898830311301e-05	1.2885525279488002	1.2712320882607824e-05	2.6992239701215272e-05	3.114086140940081e-10	0.17618413170367464	381	ESTIMATED	1	POSITIVE	NOT_SUPPORTED	META_N_HETEROGENEITY_AND_MIXED_PHENOTYPE	ELIGIBLE_SECONDARY
insomnia__mdd	8	104988753	107410754	-1.4918209257068044e-05	-1.0070098466224702	2.9375103475286434e-05	7.471134415202696e-06	7.429399673546805e-10	0.5841601911639009	832	ESTIMATED	1	NEGATIVE	NOT_SUPPORTED	META_N_HETEROGENEITY_AND_MIXED_PHENOTYPE	ELIGIBLE_SECONDARY
insomnia__mdd	8	108648178	109248173	6.910506042793605e-06	2.794359343338881	7.735196661639804e-06	7.906491976981972e-07	1.6781397012382906e-10	0.5937203493946379	206	ESTIMATED	1	POSITIVE	NOT_SUPPORTED	META_N_HETEROGENEITY_AND_MIXED_PHENOTYPE	ELIGIBLE_SECONDARY
insomnia__mdd	8	126410918	128659111	9.013440151171213e-05	1.1947328057067206	9.066343217920561e-05	6.277799267103116e-05	1.0646739786521538e-09	0.005738294926835902	908	ESTIMATED	1	POSITIVE	NOT_SUPPORTED	META_N_HETEROGENEITY_AND_MIXED_PHENOTYPE	ELIGIBLE_SECONDARY
insomnia__mdd	8	128659112	130381139	6.731806537285418e-05	1.281508279864091	2.4265238975670885e-05	0.00011371973711971969	6.563370825340481e-10	0.008597595084340773	693	ESTIMATED	1	POSITIVE	NOT_SUPPORTED	META_N_HETEROGENEITY_AND_MIXED_PHENOTYPE	ELIGIBLE_SECONDARY
insomnia__mdd	9	9166404	10879253	0.00011568621394062794	1.1879840873406626	0.00015592293944342197	6.0817975030179504e-05	9.691549265173826e-10	0.00020233788788322622	841	ESTIMATED	1	POSITIVE	NOT_SUPPORTED	META_N_HETEROGENEITY_AND_MIXED_PHENOTYPE	ELIGIBLE_SECONDARY
insomnia__mdd	9	14836364	16659655	1.8052922279966644e-05	1.0838499444789236	3.42661367291126e-06	8.096392652104399e-05	8.50366201999656e-10	0.5358657773304047	783	ESTIMATED	1	POSITIVE	NOT_SUPPORTED	META_N_HETEROGENEITY_AND_MIXED_PHENOTYPE	ELIGIBLE_SECONDARY
insomnia__mdd	9	34642244	36743283	-2.3643750073809772e-05	-1.901102793410005	2.0897029861483884e-05	7.401793363750692e-06	5.966076385167226e-10	0.33304815672263577	627	ESTIMATED	1	NEGATIVE	NOT_SUPPORTED	META_N_HETEROGENEITY_AND_MIXED_PHENOTYPE	ELIGIBLE_SECONDARY
insomnia__mdd	9	79471209	81079055	-3.1721228627276396e-05	-2.3096528977887263	5.9488899231088914e-05	3.1708130142606924e-06	5.79854285433785e-10	0.18773211676895063	546	ESTIMATED	1	NEGATIVE	NOT_SUPPORTED	META_N_HETEROGENEITY_AND_MIXED_PHENOTYPE	ELIGIBLE_SECONDARY
insomnia__mdd	9	81079056	82590928	4.400930886895751e-05	1.3870421142737506	1.395179114435074e-05	7.215722704403183e-05	6.739800516504497e-10	0.09003742519848425	647	ESTIMATED	1	POSITIVE	NOT_SUPPORTED	META_N_HETEROGENEITY_AND_MIXED_PHENOTYPE	ELIGIBLE_SECONDARY
insomnia__mdd	9	88590418	90136246	1.57669577400836e-05	2.863647132450508	3.1477389357649904e-06	9.630705385629577e-06	6.600828089661008e-10	0.5394205284198048	620	ESTIMATED	1	POSITIVE	NOT_SUPPORTED	META_N_HETEROGENEITY_AND_MIXED_PHENOTYPE	ELIGIBLE_SECONDARY
insomnia__mdd	9	92528699	94167203	2.1926305860942432e-05	3.2275024570325397	3.0138057237057672e-05	1.5313784086363046e-06	7.052540384705623e-10	0.4090062317446026	664	ESTIMATED	1	POSITIVE	NOT_SUPPORTED	META_N_HETEROGENEITY_AND_MIXED_PHENOTYPE	ELIGIBLE_SECONDARY
insomnia__mdd	9	109298755	110695062	9.49008362413377e-05	1.090960842037202	9.736337944952311e-05	7.771880487306714e-05	1.057381392930974e-09	0.003517614988731958	581	ESTIMATED	1	POSITIVE	NOT_SUPPORTED	META_N_HETEROGENEITY_AND_MIXED_PHENOTYPE	ELIGIBLE_SECONDARY
insomnia__mdd	9	112778025	114831082	2.1191939948486443e-05	4.026852350327496	3.2226588950827105e-05	8.594006497379245e-07	1.0439217987340024e-09	0.5118893423339506	984	ESTIMATED	1	POSITIVE	NOT_SUPPORTED	META_N_HETEROGENEITY_AND_MIXED_PHENOTYPE	ELIGIBLE_SECONDARY
insomnia__mdd	9	130055511	132165470	3.061719110516015e-05	1.0204527785686266	1.9161022960746655e-05	4.698142372967587e-05	5.060493643726727e-10	0.1735030156870666	538	ESTIMATED	1	POSITIVE	NOT_SUPPORTED	META_N_HETEROGENEITY_AND_MIXED_PHENOTYPE	ELIGIBLE_SECONDARY
insomnia__mdd	10	2254501	3352699	6.0440763138031084e-05	1.8016777613544432	1.6139730822477485e-05	6.972834464979649e-05	6.753268729515123e-10	0.020029063403477754	664	ESTIMATED	1	POSITIVE	NOT_SUPPORTED	META_N_HETEROGENEITY_AND_MIXED_PHENOTYPE	ELIGIBLE_SECONDARY
insomnia__mdd	10	4572275	5983762	2.980577309405872e-05	2.3770977984403303	3.543307258912931e-05	4.437086224175211e-06	6.647677662330652e-10	0.24767290378192763	721	ESTIMATED	1	POSITIVE	NOT_SUPPORTED	META_N_HETEROGENEITY_AND_MIXED_PHENOTYPE	ELIGIBLE_SECONDARY
insomnia__mdd	10	8774666	10249396	2.2707138256742322e-05	3.5676083855804603	1.448591645276821e-06	2.796562181541759e-05	5.116115528025696e-10	0.315424834668809	590	ESTIMATED	1	POSITIVE	NOT_SUPPORTED	META_N_HETEROGENEITY_AND_MIXED_PHENOTYPE	ELIGIBLE_SECONDARY
insomnia__mdd	10	12586798	13321600	7.547832542835947e-05	1.355470038600184	3.6548627868123266e-05	8.483861907159896e-05	6.958986557067725e-10	0.004220315869709617	460	ESTIMATED	1	POSITIVE	NOT_SUPPORTED	META_N_HETEROGENEITY_AND_MIXED_PHENOTYPE	ELIGIBLE_SECONDARY
insomnia__mdd	10	13321601	15026068	1.7267825651094375e-05	1.5613781303612198	4.015885063693585e-05	3.045634976403653e-06	9.759751501007027e-10	0.5804437418913453	937	ESTIMATED	1	POSITIVE	NOT_SUPPORTED	META_N_HETEROGENEITY_AND_MIXED_PHENOTYPE	ELIGIBLE_SECONDARY
insomnia__mdd	10	15026069	16551767	3.196439996850054e-05	1.3510844270508937	5.200091761813025e-05	1.0763589562279632e-05	5.045489818138255e-10	0.1547266671718574	567	ESTIMATED	1	POSITIVE	NOT_SUPPORTED	META_N_HETEROGENEITY_AND_MIXED_PHENOTYPE	ELIGIBLE_SECONDARY
insomnia__mdd	10	16551768	18537267	3.0352768825778984e-05	1.0119489580228165	0.00017910475486545432	5.0231054766681635e-06	7.412052889630233e-10	0.2649008198507289	790	ESTIMATED	1	POSITIVE	NOT_SUPPORTED	META_N_HETEROGENEITY_AND_MIXED_PHENOTYPE	ELIGIBLE_SECONDARY
insomnia__mdd	10	18537268	19716878	6.330948181232116e-05	1.1548420909840866	6.872822953001675e-05	4.372775211808156e-05	4.6547558394219e-10	0.0033418600254276486	559	ESTIMATED	1	POSITIVE	NOT_SUPPORTED	META_N_HETEROGENEITY_AND_MIXED_PHENOTYPE	ELIGIBLE_SECONDARY
insomnia__mdd	10	37790030	42372579	1.4433116342138731e-06	1.8208078330255482	3.08840130461541e-06	2.034502704341798e-07	1.419981693651874e-10	0.9035953524660822	219	ESTIMATED	1	POSITIVE	NOT_SUPPORTED	META_N_HETEROGENEITY_AND_MIXED_PHENOTYPE	ELIGIBLE_SECONDARY
insomnia__mdd	10	44730076	48760450	5.725423979853794e-05	1.4641401574258834	5.198707499826281e-05	2.94140358666365e-05	4.912703014824349e-10	0.009790650864501257	543	ESTIMATED	1	POSITIVE	NOT_SUPPORTED	META_N_HETEROGENEITY_AND_MIXED_PHENOTYPE	ELIGIBLE_SECONDARY
insomnia__mdd	10	53616630	55103572	2.1413188799440233e-05	2.8047678902598756	4.527581256674893e-06	1.287367631179416e-05	6.191006717367991e-10	0.3894590772354414	697	ESTIMATED	1	POSITIVE	NOT_SUPPORTED	META_N_HETEROGENEITY_AND_MIXED_PHENOTYPE	ELIGIBLE_SECONDARY
insomnia__mdd	10	57662147	58959528	2.4880261465296096e-05	2.9955490106061475	2.167024488037039e-06	3.183414586926232e-05	2.676376050889869e-10	0.12830188714492885	398	ESTIMATED	1	POSITIVE	NOT_SUPPORTED	META_N_HETEROGENEITY_AND_MIXED_PHENOTYPE	ELIGIBLE_SECONDARY
insomnia__mdd	10	61891410	62659679	1.7271285367140567e-05	3.332011944236854	3.4789380951595375e-06	7.723061973630169e-06	2.761280141356456e-10	0.29863352767933526	315	ESTIMATED	1	POSITIVE	NOT_SUPPORTED	META_N_HETEROGENEITY_AND_MIXED_PHENOTYPE	ELIGIBLE_SECONDARY
insomnia__mdd	10	65794115	67549615	-1.5927081447953164e-05	-1.322449646249261	2.6190224846750248e-06	5.538279703831673e-05	4.2564584947559706e-10	0.4401200083261422	501	ESTIMATED	1	NEGATIVE	NOT_SUPPORTED	META_N_HETEROGENEITY_AND_MIXED_PHENOTYPE	ELIGIBLE_SECONDARY
insomnia__mdd	10	73508513	75422550	2.514452614179424e-06	2.0295408287194245	5.6678275515898634e-06	2.708162362747397e-07	3.4929734027434475e-10	0.8929769566205733	495	ESTIMATED	1	POSITIVE	NOT_SUPPORTED	META_N_HETEROGENEITY_AND_MIXED_PHENOTYPE	ELIGIBLE_SECONDARY
insomnia__mdd	10	85458704	87937577	2.8307917013923436e-05	1.1933665193713112	2.888290659733201e-05	1.9481717129272342e-05	8.955548775127488e-10	0.34418116584050806	1009	ESTIMATED	1	POSITIVE	NOT_SUPPORTED	META_N_HETEROGENEITY_AND_MIXED_PHENOTYPE	ELIGIBLE_SECONDARY
insomnia__mdd	10	96221244	97822357	-1.0113955075887974e-05	-2.7849820636433407	2.9244195567089815e-06	4.509802842265545e-06	4.578803781452606e-10	0.6364587559120563	635	ESTIMATED	1	NEGATIVE	NOT_SUPPORTED	META_N_HETEROGENEITY_AND_MIXED_PHENOTYPE	ELIGIBLE_SECONDARY
insomnia__mdd	10	97822358	100241302	-3.439731238517308e-05	-1.0102058052546736	1.1617493476399205e-05	9.979685703490057e-05	8.003732546095282e-10	0.22404395850927783	943	ESTIMATED	1	NEGATIVE	NOT_SUPPORTED	META_N_HETEROGENEITY_AND_MIXED_PHENOTYPE	ELIGIBLE_SECONDARY
insomnia__mdd	10	128001099	129154362	5.191023384629516e-05	25.484163117711603	7.57556481266256e-08	5.477094069066104e-05	5.919000251842913e-10	0.03286917761677286	518	ESTIMATED	1	POSITIVE	NOT_SUPPORTED	META_N_HETEROGENEITY_AND_MIXED_PHENOTYPE	ELIGIBLE_SECONDARY
insomnia__mdd	11	8333275	9087317	3.106802672227606e-05	1.0365152123454555	4.702607833096644e-05	1.9104567766741423e-05	2.5641988203106115e-10	0.05236009854310428	277	ESTIMATED	1	POSITIVE	NOT_SUPPORTED	META_N_HETEROGENEITY_AND_MIXED_PHENOTYPE	ELIGIBLE_SECONDARY
insomnia__mdd	11	10952028	12564229	6.599539247478797e-05	3.7304007654046574	6.228713550963445e-06	5.024789698224502e-05	1.2865284744280594e-09	0.06577688889210707	1073	ESTIMATED	1	POSITIVE	NOT_SUPPORTED	META_N_HETEROGENEITY_AND_MIXED_PHENOTYPE	ELIGIBLE_SECONDARY
insomnia__mdd	11	22374143	24088517	3.079576397368298e-05	1.668217871521077	5.232131174671498e-06	6.513250812241442e-05	5.657556929021001e-10	0.19541615971786042	595	ESTIMATED	1	POSITIVE	NOT_SUPPORTED	META_N_HETEROGENEITY_AND_MIXED_PHENOTYPE	ELIGIBLE_SECONDARY
insomnia__mdd	11	32276902	33958739	-1.6696292167474026e-05	-1.7627930610667513	1.0630736515215696e-05	8.43867095133037e-06	5.233848077724193e-10	0.46550667026948767	585	ESTIMATED	1	NEGATIVE	NOT_SUPPORTED	META_N_HETEROGENEITY_AND_MIXED_PHENOTYPE	ELIGIBLE_SECONDARY
insomnia__mdd	11	39382004	42310003	5.814312448924461e-05	1.2261492107486276	5.7970953829760044e-05	3.8788201253371324e-05	8.962771325116575e-10	0.052121953801660605	926	ESTIMATED	1	POSITIVE	NOT_SUPPORTED	META_N_HETEROGENEITY_AND_MIXED_PHENOTYPE	ELIGIBLE_SECONDARY
insomnia__mdd	11	47006138	49866050	4.681308773799323e-05	1.038121149300961	5.151938828064775e-05	3.9470061199906694e-05	4.563723168495869e-10	0.028427972817794	530	ESTIMATED	1	POSITIVE	NOT_SUPPORTED	META_N_HETEROGENEITY_AND_MIXED_PHENOTYPE	ELIGIBLE_SECONDARY
insomnia__mdd	11	69516131	70926292	-4.2154037398365603e-05	-1.0168146210774376	1.9724832259318926e-05	8.713275971558998e-05	7.955982215323136e-10	0.1350482576725072	470	ESTIMATED	1	NEGATIVE	NOT_SUPPORTED	META_N_HETEROGENEITY_AND_MIXED_PHENOTYPE	ELIGIBLE_SECONDARY
insomnia__mdd	11	70926293	72286017	-1.3286072575542594e-05	-2.0182781028660446	1.158626593555863e-05	3.7401389039904587e-06	3.07535610958187e-10	0.44868113229816486	338	ESTIMATED	1	NEGATIVE	NOT_SUPPORTED	META_N_HETEROGENEITY_AND_MIXED_PHENOTYPE	ELIGIBLE_SECONDARY
insomnia__mdd	11	72286018	74412351	4.7387867514904577e-05	1.0161724732285389	3.0124088289269563e-05	7.219141708181776e-05	5.479198044850676e-10	0.04292309941009841	630	ESTIMATED	1	POSITIVE	NOT_SUPPORTED	META_N_HETEROGENEITY_AND_MIXED_PHENOTYPE	ELIGIBLE_SECONDARY
insomnia__mdd	11	78355059	80722373	1.8838823862959846e-05	1.1047032486750759	3.348829677145533e-05	8.684068673755366e-06	1.161502881288452e-09	0.5804216327222843	1071	ESTIMATED	1	POSITIVE	NOT_SUPPORTED	META_N_HETEROGENEITY_AND_MIXED_PHENOTYPE	ELIGIBLE_SECONDARY
insomnia__mdd	11	92077145	93276157	2.9831392342477594e-05	2.4722402423496646	3.412022404720517e-06	4.267306436497594e-05	4.1080759485572185e-10	0.14106986492608645	425	ESTIMATED	1	POSITIVE	NOT_SUPPORTED	META_N_HETEROGENEITY_AND_MIXED_PHENOTYPE	ELIGIBLE_SECONDARY
insomnia__mdd	11	95726042	97057058	-6.630889278624281e-06	-3.7933557393793227	5.55655738926616e-07	5.499087157520374e-06	5.45183459599403e-10	0.7764193506263368	508	ESTIMATED	1	NEGATIVE	NOT_SUPPORTED	META_N_HETEROGENEITY_AND_MIXED_PHENOTYPE	ELIGIBLE_SECONDARY
insomnia__mdd	11	100417170	101331121	3.4802144687925367e-06	2.39303146534996	1.5071954800138738e-06	1.403284135100899e-06	3.7339561467556206e-10	0.8570715594257983	408	ESTIMATED	1	POSITIVE	NOT_SUPPORTED	META_N_HETEROGENEITY_AND_MIXED_PHENOTYPE	ELIGIBLE_SECONDARY
insomnia__mdd	11	111114398	112459488	1.4844039240195226e-05	1.2818966208372322	2.6345512564488326e-05	5.089692323699885e-06	3.38928088705785e-10	0.4200681217583485	408	ESTIMATED	1	POSITIVE	NOT_SUPPORTED	META_N_HETEROGENEITY_AND_MIXED_PHENOTYPE	ELIGIBLE_SECONDARY
insomnia__mdd	11	114257729	114830666	2.1595239110282774e-05	5.041226798705877	1.9499961671923237e-05	9.410437266806948e-07	2.1942456091392105e-10	0.14487952664887396	236	ESTIMATED	1	POSITIVE	NOT_SUPPORTED	META_N_HETEROGENEITY_AND_MIXED_PHENOTYPE	ELIGIBLE_SECONDARY
insomnia__mdd	11	116383349	117747110	5.2689647804391547e-05	1.1468650046766844	9.081131028322807e-05	2.3242671672207198e-05	7.870542051086425e-10	0.060364966017217914	636	ESTIMATED	1	POSITIVE	NOT_SUPPORTED	META_N_HETEROGENEITY_AND_MIXED_PHENOTYPE	ELIGIBLE_SECONDARY
insomnia__mdd	11	121175944	122591910	3.986770968086982e-05	1.134952982580539	3.322756149503502e-05	3.713542192682497e-05	5.352245142994377e-10	0.08483973811891533	469	ESTIMATED	1	POSITIVE	NOT_SUPPORTED	META_N_HETEROGENEITY_AND_MIXED_PHENOTYPE	ELIGIBLE_SECONDARY
insomnia__mdd	11	127316680	128188537	1.2619488648308774e-05	1.298713488868014	1.2534393497982735e-05	7.532748843759565e-06	3.081838751139953e-10	0.4722348515886837	311	ESTIMATED	1	POSITIVE	NOT_SUPPORTED	META_N_HETEROGENEITY_AND_MIXED_PHENOTYPE	ELIGIBLE_SECONDARY
insomnia__mdd	11	134205994	134946452	-1.5883770539690918e-05	-1.13003554819631	3.3980112837244265e-06	5.8143099737214475e-05	4.857834667542401e-10	0.47111686758537596	393	ESTIMATED	1	NEGATIVE	NOT_SUPPORTED	META_N_HETEROGENEITY_AND_MIXED_PHENOTYPE	ELIGIBLE_SECONDARY
insomnia__mdd	12	61108	1080331	2.961608922789465e-05	1.409470193919071	2.4023450486177577e-05	1.8378422952026954e-05	3.5903128311228573e-10	0.11805040554708054	330	ESTIMATED	1	POSITIVE	NOT_SUPPORTED	META_N_HETEROGENEITY_AND_MIXED_PHENOTYPE	ELIGIBLE_SECONDARY
insomnia__mdd	12	5321473	6419753	-1.128950801712951e-05	-2.19941347417748	2.6709153557770376e-06	9.864524255312316e-06	5.667313753000911e-10	0.6353379549714724	533	ESTIMATED	1	NEGATIVE	NOT_SUPPORTED	META_N_HETEROGENEITY_AND_MIXED_PHENOTYPE	ELIGIBLE_SECONDARY
insomnia__mdd	12	12733529	15241484	3.680817954505198e-05	1.40432201055931	1.4046614870264937e-05	4.890841590562433e-05	1.146381822226458e-09	0.2769813382463373	1051	ESTIMATED	1	POSITIVE	NOT_SUPPORTED	META_N_HETEROGENEITY_AND_MIXED_PHENOTYPE	ELIGIBLE_SECONDARY
insomnia__mdd	12	15241485	16310460	3.5163359042758275e-05	1.8200622678282066	6.914952185386107e-05	5.397827931153523e-06	2.302970811450408e-10	0.020497889526053758	253	ESTIMATED	1	POSITIVE	NOT_SUPPORTED	META_N_HETEROGENEITY_AND_MIXED_PHENOTYPE	ELIGIBLE_SECONDARY
insomnia__mdd	12	18087874	20863943	2.0623031655104606e-05	1.274945132784275	1.4981670768486603e-05	1.7464726028198154e-05	1.0631585583624668e-09	0.5270669071903434	989	ESTIMATED	1	POSITIVE	NOT_SUPPORTED	META_N_HETEROGENEITY_AND_MIXED_PHENOTYPE	ELIGIBLE_SECONDARY
insomnia__mdd	12	23820635	25371083	3.077876542841003e-05	1.8312596636119838	4.089392755933706e-06	6.9078628955446e-05	8.587248457772929e-10	0.2935681827519503	730	ESTIMATED	1	POSITIVE	NOT_SUPPORTED	META_N_HETEROGENEITY_AND_MIXED_PHENOTYPE	ELIGIBLE_SECONDARY
insomnia__mdd	12	27799774	29651255	4.816028713666134e-05	1.1957667339166154	1.63312719903873e-05	9.932651290882716e-05	6.292620096284484e-10	0.054873490657765804	742	ESTIMATED	1	POSITIVE	NOT_SUPPORTED	META_N_HETEROGENEITY_AND_MIXED_PHENOTYPE	ELIGIBLE_SECONDARY
insomnia__mdd	12	30512407	32165592	2.4120832049146084e-05	1.1399269004778874	1.155378583448308e-05	3.8753082380208734e-05	6.181682506045885e-10	0.33197167488822366	626	ESTIMATED	1	POSITIVE	NOT_SUPPORTED	META_N_HETEROGENEITY_AND_MIXED_PHENOTYPE	ELIGIBLE_SECONDARY
insomnia__mdd	12	47714794	49001866	-1.1239885213291603e-05	-1.0321361248489405	3.5764658703923815e-05	3.3158563656922465e-06	5.258377322708416e-10	0.6240221722349422	588	ESTIMATED	1	NEGATIVE	NOT_SUPPORTED	META_N_HETEROGENEITY_AND_MIXED_PHENOTYPE	ELIGIBLE_SECONDARY
insomnia__mdd	12	49001867	51776494	2.818073470711812e-05	1.6760451643119125	2.437689151769924e-05	1.1597245845123e-05	5.498364576675468e-10	0.22943743790694093	711	ESTIMATED	1	POSITIVE	NOT_SUPPORTED	META_N_HETEROGENEITY_AND_MIXED_PHENOTYPE	ELIGIBLE_SECONDARY
insomnia__mdd	12	65559696	67181144	7.961838381473585e-06	1.843378332088241	1.9732062606270022e-05	9.454210631067742e-07	4.852680006111972e-10	0.7177790619126174	551	ESTIMATED	1	POSITIVE	NOT_SUPPORTED	META_N_HETEROGENEITY_AND_MIXED_PHENOTYPE	ELIGIBLE_SECONDARY
insomnia__mdd	12	81467768	83502666	3.1585070031761386e-05	2.008941568282195	6.07499538128744e-05	4.068957240595812e-06	5.569704629382847e-10	0.18078632729939736	603	ESTIMATED	1	POSITIVE	NOT_SUPPORTED	META_N_HETEROGENEITY_AND_MIXED_PHENOTYPE	ELIGIBLE_SECONDARY
insomnia__mdd	12	84303845	85990426	5.150128205177679e-05	1.156344304046032	7.807778237310524e-05	2.540588219950772e-05	6.254727489920306e-10	0.03946813041530978	430	ESTIMATED	1	POSITIVE	NOT_SUPPORTED	META_N_HETEROGENEITY_AND_MIXED_PHENOTYPE	ELIGIBLE_SECONDARY
insomnia__mdd	12	101447642	101862690	8.10330181965866e-06	1.9391204939035072	9.085858994131425e-06	1.9219781457722114e-06	1.299779838044545e-10	0.4772287739206966	156	ESTIMATED	1	POSITIVE	NOT_SUPPORTED	META_N_HETEROGENEITY_AND_MIXED_PHENOTYPE	ELIGIBLE_SECONDARY
insomnia__mdd	12	118135376	119754110	7.824657654841902e-05	1.4422256807338907	1.4005073174914296e-05	0.0002101739369317379	8.033501611045932e-10	0.005768471696149854	691	ESTIMATED	1	POSITIVE	NOT_SUPPORTED	META_N_HETEROGENEITY_AND_MIXED_PHENOTYPE	ELIGIBLE_SECONDARY
insomnia__mdd	13	22242175	23594702	6.459986085576125e-05	1.077047015073941	5.30517827460067e-05	6.78100180090177e-05	9.443682961906718e-10	0.035541333015518775	658	ESTIMATED	1	POSITIVE	NOT_SUPPORTED	META_N_HETEROGENEITY_AND_MIXED_PHENOTYPE	ELIGIBLE_SECONDARY
insomnia__mdd	13	27284363	29257551	3.6069618837758005e-05	1.5599987780164994	1.6514686671183752e-05	3.2371606402211125e-05	1.057779382416795e-09	0.267416458416709	888	ESTIMATED	1	POSITIVE	NOT_SUPPORTED	META_N_HETEROGENEITY_AND_MIXED_PHENOTYPE	ELIGIBLE_SECONDARY
insomnia__mdd	13	30483268	32301815	7.906448924489827e-05	1.1247160981947197	1.7910586096309204e-05	0.0002759099224925262	9.674100227002653e-10	0.011021900649425848	790	ESTIMATED	1	POSITIVE	NOT_SUPPORTED	META_N_HETEROGENEITY_AND_MIXED_PHENOTYPE	ELIGIBLE_SECONDARY
insomnia__mdd	13	37498186	38878163	6.579231367805099e-05	1.0030116421860804	9.781145230445709e-05	4.3989463276133346e-05	5.548204197415906e-10	0.005219262241561185	573	ESTIMATED	1	POSITIVE	NOT_SUPPORTED	META_N_HETEROGENEITY_AND_MIXED_PHENOTYPE	ELIGIBLE_SECONDARY
insomnia__mdd	13	38878164	41069263	6.029108488075278e-05	1.541846687124964	0.00011178152625407246	1.3678982004848528e-05	9.84552242876842e-10	0.05467242104874441	909	ESTIMATED	1	POSITIVE	NOT_SUPPORTED	META_N_HETEROGENEITY_AND_MIXED_PHENOTYPE	ELIGIBLE_SECONDARY
insomnia__mdd	13	46495215	47431079	4.981250355111752e-06	9.978180631555263	2.919130486627628e-06	8.537299310373092e-08	3.770372830541495e-10	0.7975379429057844	361	ESTIMATED	1	POSITIVE	NOT_SUPPORTED	META_N_HETEROGENEITY_AND_MIXED_PHENOTYPE	ELIGIBLE_SECONDARY
insomnia__mdd	13	47431080	49383962	2.0975128147718943e-05	1.1276423040749444	1.865344981217533e-05	1.8548438828285087e-05	6.574850448001841e-10	0.4133481747970268	641	ESTIMATED	1	POSITIVE	NOT_SUPPORTED	META_N_HETEROGENEITY_AND_MIXED_PHENOTYPE	ELIGIBLE_SECONDARY
insomnia__mdd	13	55817132	57554217	2.3336245824780065e-05	1.2124492652106145	9.691305014446295e-06	3.822544679883922e-05	2.7473158922734754e-10	0.15915599523576685	313	ESTIMATED	1	POSITIVE	NOT_SUPPORTED	META_N_HETEROGENEITY_AND_MIXED_PHENOTYPE	ELIGIBLE_SECONDARY
insomnia__mdd	13	60854779	61591949	3.6393647651275096e-06	1.3002606773979424	3.3187667767223133e-07	2.3605520488287116e-05	3.0609976949959897e-10	0.8352174677668536	307	ESTIMATED	1	POSITIVE	NOT_SUPPORTED	META_N_HETEROGENEITY_AND_MIXED_PHENOTYPE	ELIGIBLE_SECONDARY
insomnia__mdd	13	78808814	80585676	4.219368464369466e-05	2.8161289381775316	4.184800415875143e-06	5.3643250303185555e-05	6.180650357393385e-10	0.08966081865168536	598	ESTIMATED	1	POSITIVE	NOT_SUPPORTED	META_N_HETEROGENEITY_AND_MIXED_PHENOTYPE	ELIGIBLE_SECONDARY
insomnia__mdd	13	82581815	84133144	1.4545863718157577e-05	1.1966054202428893	5.40189875245352e-06	2.735461817845891e-05	3.74557587376228e-10	0.452298469128393	423	ESTIMATED	1	POSITIVE	NOT_SUPPORTED	META_N_HETEROGENEITY_AND_MIXED_PHENOTYPE	ELIGIBLE_SECONDARY
insomnia__mdd	13	100574096	102300523	6.130795526183016e-05	1.130723949087903	4.2823513642741865e-05	6.864962734827455e-05	1.1225978026084092e-09	0.06727914830382761	759	ESTIMATED	1	POSITIVE	NOT_SUPPORTED	META_N_HETEROGENEITY_AND_MIXED_PHENOTYPE	ELIGIBLE_SECONDARY
insomnia__mdd	13	108189878	109121210	4.3436982275215225e-06	1.4403670655666057	2.347885272469183e-05	3.873433055978181e-07	5.56828501604153e-10	0.8539532525120597	422	ESTIMATED	1	POSITIVE	NOT_SUPPORTED	META_N_HETEROGENEITY_AND_MIXED_PHENOTYPE	ELIGIBLE_SECONDARY
insomnia__mdd	13	109815113	111232073	6.239853778812303e-05	1.5192435158436297	3.7403694611969527e-05	4.510031136778145e-05	9.981486737986516e-10	0.04826314441482866	773	ESTIMATED	1	POSITIVE	NOT_SUPPORTED	META_N_HETEROGENEITY_AND_MIXED_PHENOTYPE	ELIGIBLE_SECONDARY
insomnia__mdd	13	111232074	112247592	7.181642133600555e-05	1.4914860308272215	6.923941270806223e-05	3.3485421070890587e-05	5.667492235373781e-10	0.0025556500595437137	488	ESTIMATED	1	POSITIVE	NOT_SUPPORTED	META_N_HETEROGENEITY_AND_MIXED_PHENOTYPE	ELIGIBLE_SECONDARY
insomnia__mdd	14	26135687	28466533	2.2660986865209624e-05	1.8808048227509295	1.0191681990694335e-05	1.4243749086672912e-05	6.840662142462542e-10	0.3862584805924719	691	ESTIMATED	1	POSITIVE	NOT_SUPPORTED	META_N_HETEROGENEITY_AND_MIXED_PHENOTYPE	ELIGIBLE_SECONDARY
insomnia__mdd	14	35859594	38667725	4.322997872740431e-05	1.0138424698025585	3.6845628289746696e-05	4.934499592961448e-05	7.719030834802039e-10	0.11971316904544116	907	ESTIMATED	1	POSITIVE	NOT_SUPPORTED	META_N_HETEROGENEITY_AND_MIXED_PHENOTYPE	ELIGIBLE_SECONDARY
insomnia__mdd	14	38667726	40341990	3.012205467032306e-05	1.5333566379937131	1.2269511441126495e-05	3.1452528145986875e-05	4.851773359987307e-10	0.17146172869958853	579	ESTIMATED	1	POSITIVE	NOT_SUPPORTED	META_N_HETEROGENEITY_AND_MIXED_PHENOTYPE	ELIGIBLE_SECONDARY
insomnia__mdd	14	40341991	41615502	-2.1480393817244275e-05	-1.7868928115357343	4.658268143893682e-06	3.102151410137416e-05	3.0758840662956447e-10	0.22065900224039403	380	ESTIMATED	1	NEGATIVE	NOT_SUPPORTED	META_N_HETEROGENEITY_AND_MIXED_PHENOTYPE	ELIGIBLE_SECONDARY
insomnia__mdd	14	43137390	44543227	2.5615152369850384e-05	1.0937788928167569	1.7919427194584756e-05	3.0606289895070376e-05	3.8314935434083325e-10	0.19066377559200542	376	ESTIMATED	1	POSITIVE	NOT_SUPPORTED	META_N_HETEROGENEITY_AND_MIXED_PHENOTYPE	ELIGIBLE_SECONDARY
insomnia__mdd	14	49005472	50507760	4.812396903230197e-05	4.1042560061742925	0.00010012188634287868	1.3731720945920708e-06	4.2508178164209017e-10	0.01958887308560111	476	ESTIMATED	1	POSITIVE	NOT_SUPPORTED	META_N_HETEROGENEITY_AND_MIXED_PHENOTYPE	ELIGIBLE_SECONDARY
insomnia__mdd	14	53997832	55233681	2.8128365535003144e-05	9.213433496389683	4.789092956143941e-05	1.9462235206133325e-07	4.828187761845177e-10	0.20050113341409304	439	ESTIMATED	1	POSITIVE	NOT_SUPPORTED	META_N_HETEROGENEITY_AND_MIXED_PHENOTYPE	ELIGIBLE_SECONDARY
insomnia__mdd	14	59448337	61680424	2.719706455253866e-05	1.3699541422777555	1.3452384948871019e-05	2.9297645379052636e-05	4.931553186323832e-10	0.22068779204396327	639	ESTIMATED	1	POSITIVE	NOT_SUPPORTED	META_N_HETEROGENEITY_AND_MIXED_PHENOTYPE	ELIGIBLE_SECONDARY
insomnia__mdd	14	67992318	71131957	4.020939465569867e-05	3.024171006381913	1.003200439204447e-05	1.7621978438005553e-05	1.1749528325885947e-09	0.24077489468619695	1238	ESTIMATED	1	POSITIVE	NOT_SUPPORTED	META_N_HETEROGENEITY_AND_MIXED_PHENOTYPE	ELIGIBLE_SECONDARY
insomnia__mdd	14	84241634	85746319	4.7024855556711735e-05	1.1847739030625084	4.391231118095455e-05	3.587547716870585e-05	4.866763883187878e-10	0.033039089371693975	494	ESTIMATED	1	POSITIVE	NOT_SUPPORTED	META_N_HETEROGENEITY_AND_MIXED_PHENOTYPE	ELIGIBLE_SECONDARY
insomnia__mdd	14	87635342	89497643	-4.320442359906409e-06	-1.3456095565301724	8.363588540395935e-07	1.232609885437557e-05	5.335044749125781e-10	0.8516209340752627	642	ESTIMATED	1	NEGATIVE	NOT_SUPPORTED	META_N_HETEROGENEITY_AND_MIXED_PHENOTYPE	ELIGIBLE_SECONDARY
insomnia__mdd	14	91296861	93132299	2.429404254298542e-05	1.1513611248159363	7.646668962565744e-06	5.822428484280943e-05	7.01048269362501e-10	0.3588588343242086	692	ESTIMATED	1	POSITIVE	NOT_SUPPORTED	META_N_HETEROGENEITY_AND_MIXED_PHENOTYPE	ELIGIBLE_SECONDARY
insomnia__mdd	14	93132300	94325285	5.8735649175058896e-05	1.1136024422188486	2.554744851268863e-05	0.00010889192222880681	4.720425935214995e-10	0.006863297840193061	431	ESTIMATED	1	POSITIVE	NOT_SUPPORTED	META_N_HETEROGENEITY_AND_MIXED_PHENOTYPE	ELIGIBLE_SECONDARY
insomnia__mdd	14	94325286	95750867	2.5695295754917898e-05	1.4036064497566303	5.0208932923452226e-05	6.674758233256956e-06	9.660881154803546e-10	0.4084100207262147	885	ESTIMATED	1	POSITIVE	NOT_SUPPORTED	META_N_HETEROGENEITY_AND_MIXED_PHENOTYPE	ELIGIBLE_SECONDARY
insomnia__mdd	14	101534308	103012102	2.1345032474744237e-05	1.0107392408401863	4.4521761628189366e-05	1.0017123902382263e-05	7.00154403057246e-10	0.41985234887331635	447	ESTIMATED	1	POSITIVE	NOT_SUPPORTED	META_N_HETEROGENEITY_AND_MIXED_PHENOTYPE	ELIGIBLE_SECONDARY
insomnia__mdd	14	105001724	106340358	1.5628798166693187e-05	1.2381291031729036	3.0329561890426586e-05	5.253553557319618e-06	2.143449737127729e-10	0.28574495218218554	232	ESTIMATED	1	POSITIVE	NOT_SUPPORTED	META_N_HETEROGENEITY_AND_MIXED_PHENOTYPE	ELIGIBLE_SECONDARY
insomnia__mdd	15	31591822	32441811	-1.0136133406650306e-05	-3.2041667662597373	1.2530696380922964e-06	7.986182039796021e-06	2.676701481153352e-10	0.5355578639530585	265	ESTIMATED	1	NEGATIVE	NOT_SUPPORTED	META_N_HETEROGENEITY_AND_MIXED_PHENOTYPE	ELIGIBLE_SECONDARY
insomnia__mdd	15	38530778	40384132	6.493231212094101e-05	1.1647166533823259	4.072350650481642e-05	7.631958478020431e-05	1.1758859027705748e-09	0.05828389769519451	793	ESTIMATED	1	POSITIVE	NOT_SUPPORTED	META_N_HETEROGENEITY_AND_MIXED_PHENOTYPE	ELIGIBLE_SECONDARY
insomnia__mdd	15	55136270	56901773	1.270366003692339e-05	5.190415577372803	2.2948606700345726e-06	2.610340370135669e-06	5.130368422484946e-10	0.5748928759023999	564	ESTIMATED	1	POSITIVE	NOT_SUPPORTED	META_N_HETEROGENEITY_AND_MIXED_PHENOTYPE	ELIGIBLE_SECONDARY
insomnia__mdd	15	58441367	59694116	-2.9922986500195144e-05	-1.731523792716574	1.0551665786754986e-05	2.830296402257011e-05	5.482069078261536e-10	0.20124752646978972	531	ESTIMATED	1	NEGATIVE	NOT_SUPPORTED	META_N_HETEROGENEITY_AND_MIXED_PHENOTYPE	ELIGIBLE_SECONDARY
insomnia__mdd	15	59694117	61265836	5.375570357673641e-05	2.9201797350206737	2.1264992925580534e-05	1.5935463237523646e-05	8.059155144129249e-10	0.05828301924462338	669	ESTIMATED	1	POSITIVE	NOT_SUPPORTED	META_N_HETEROGENEITY_AND_MIXED_PHENOTYPE	ELIGIBLE_SECONDARY
insomnia__mdd	15	67094768	69017999	4.4770615511729164e-05	1.6617524021982077	0.0001227398265001816	5.913818543837784e-06	6.590197460023813e-10	0.08116093085994375	749	ESTIMATED	1	POSITIVE	NOT_SUPPORTED	META_N_HETEROGENEITY_AND_MIXED_PHENOTYPE	ELIGIBLE_SECONDARY
insomnia__mdd	15	69018000	70133341	-2.539407433391827e-05	-1.2617678866464797	2.7176562193737305e-05	1.4904290783598724e-05	2.969642566476143e-10	0.14058869627669987	286	ESTIMATED	1	NEGATIVE	NOT_SUPPORTED	META_N_HETEROGENEITY_AND_MIXED_PHENOTYPE	ELIGIBLE_SECONDARY
insomnia__mdd	15	76398625	78516053	9.856357062161044e-06	1.0185571805895521	2.3334585580929535e-05	4.012933236039083e-06	4.701483039103991e-10	0.6494199615838407	569	ESTIMATED	1	POSITIVE	NOT_SUPPORTED	META_N_HETEROGENEITY_AND_MIXED_PHENOTYPE	ELIGIBLE_SECONDARY
insomnia__mdd	15	78516054	80860978	4.75837022249661e-05	1.181395503562283	7.788777943650664e-05	2.082842873165092e-05	1.0082623466735322e-09	0.1339902181531955	1006	ESTIMATED	1	POSITIVE	NOT_SUPPORTED	META_N_HETEROGENEITY_AND_MIXED_PHENOTYPE	ELIGIBLE_SECONDARY
insomnia__mdd	15	84260469	86652905	-3.984660738864095e-05	-1.4905615124220695	4.7035950812515485e-05	1.5193329882893705e-05	7.261715469337449e-10	0.13922810177072376	832	ESTIMATED	1	NEGATIVE	NOT_SUPPORTED	META_N_HETEROGENEITY_AND_MIXED_PHENOTYPE	ELIGIBLE_SECONDARY
insomnia__mdd	15	90475552	92164392	2.9900069688525484e-05	1.192026351894205	2.2763740665547505e-05	2.7639428509465586e-05	6.970749302153025e-10	0.25743057600802965	634	ESTIMATED	1	POSITIVE	NOT_SUPPORTED	META_N_HETEROGENEITY_AND_MIXED_PHENOTYPE	ELIGIBLE_SECONDARY
insomnia__mdd	15	99244060	100636847	1.9759486453741954e-05	1.2500936882438756	2.1279123767202708e-05	1.1741198782401365e-05	6.313875406342432e-10	0.43164999805297566	580	ESTIMATED	1	POSITIVE	NOT_SUPPORTED	META_N_HETEROGENEITY_AND_MIXED_PHENOTYPE	ELIGIBLE_SECONDARY
insomnia__mdd	15	101552695	102520966	2.342660770490805e-05	1.6056548654546616	4.275445273969875e-05	4.978896048731942e-06	4.822658636101304e-10	0.2860808675438403	426	ESTIMATED	1	POSITIVE	NOT_SUPPORTED	META_N_HETEROGENEITY_AND_MIXED_PHENOTYPE	ELIGIBLE_SECONDARY
insomnia__mdd	16	2764830	4001196	3.359272058228815e-05	1.0272172391836858	6.069416271851063e-05	1.762052451018621e-05	4.300182675468146e-10	0.10524292594887376	361	ESTIMATED	1	POSITIVE	NOT_SUPPORTED	META_N_HETEROGENEITY_AND_MIXED_PHENOTYPE	ELIGIBLE_SECONDARY
insomnia__mdd	16	18643608	20150571	5.4251665783984916e-05	1.0289489868574988	0.00014842457320603684	1.872977924632156e-05	4.842905330176538e-10	0.013691959198591922	430	ESTIMATED	1	POSITIVE	NOT_SUPPORTED	META_N_HETEROGENEITY_AND_MIXED_PHENOTYPE	ELIGIBLE_SECONDARY
insomnia__mdd	16	29036614	31382943	4.686556572740786e-05	1.2594874063047192	4.495789995690867e-05	3.07973999177264e-05	3.3479851132875166e-10	0.010427833371348744	325	ESTIMATED	1	POSITIVE	NOT_SUPPORTED	META_N_HETEROGENEITY_AND_MIXED_PHENOTYPE	ELIGIBLE_SECONDARY
insomnia__mdd	16	57664331	59045405	2.799517568462926e-05	1.2458195259061664	2.760702389637122e-05	1.829096154433754e-05	6.479207067250007e-10	0.2714098341719796	550	ESTIMATED	1	POSITIVE	NOT_SUPPORTED	META_N_HETEROGENEITY_AND_MIXED_PHENOTYPE	ELIGIBLE_SECONDARY
insomnia__mdd	16	63691590	65938566	4.725247197589444e-05	3.252614634201611	4.174907731313776e-06	5.055183926154029e-05	1.0799255307490618e-09	0.15046342072888075	820	ESTIMATED	1	POSITIVE	NOT_SUPPORTED	META_N_HETEROGENEITY_AND_MIXED_PHENOTYPE	ELIGIBLE_SECONDARY
insomnia__mdd	16	65938567	68841363	-1.8426211075902299e-06	-4.101930145150261	5.688920526057534e-07	3.5470368184306934e-07	6.819620820358283e-10	0.9437482883412041	684	ESTIMATED	1	NEGATIVE	NOT_SUPPORTED	META_N_HETEROGENEITY_AND_MIXED_PHENOTYPE	ELIGIBLE_SECONDARY
insomnia__mdd	16	75977955	77523678	6.493761338736448e-05	1.3957293838466274	4.531328693127354e-05	4.777103348736643e-05	8.035684619974674e-10	0.02197568350100302	741	ESTIMATED	1	POSITIVE	NOT_SUPPORTED	META_N_HETEROGENEITY_AND_MIXED_PHENOTYPE	ELIGIBLE_SECONDARY
insomnia__mdd	16	78456293	79134815	3.1762819108230996e-05	8.2224224995383	1.1955069595702054e-06	1.2482063751437567e-05	7.588267793151681e-10	0.24889032377470566	557	ESTIMATED	1	POSITIVE	NOT_SUPPORTED	META_N_HETEROGENEITY_AND_MIXED_PHENOTYPE	ELIGIBLE_SECONDARY
insomnia__mdd	16	89041166	90292812	1.608883002622798e-05	1.8490755528197653	1.3493308472102905e-05	5.610753185400035e-06	4.168180059748591e-10	0.4306701618007389	385	ESTIMATED	1	POSITIVE	NOT_SUPPORTED	META_N_HETEROGENEITY_AND_MIXED_PHENOTYPE	ELIGIBLE_SECONDARY
insomnia__mdd	17	57	1172399	6.60354475629445e-05	2.1882021197173342	3.339281054753876e-05	2.727259159508245e-05	5.530037773118991e-10	0.004983424166136512	342	ESTIMATED	1	POSITIVE	NOT_SUPPORTED	META_N_HETEROGENEITY_AND_MIXED_PHENOTYPE	ELIGIBLE_SECONDARY
insomnia__mdd	17	3702313	4696261	4.99538536692248e-05	1.3865028654225757	5.6833771615268977e-05	2.283967785154524e-05	3.8990637264822965e-10	0.011412255464132322	380	ESTIMATED	1	POSITIVE	NOT_SUPPORTED	META_N_HETEROGENEITY_AND_MIXED_PHENOTYPE	ELIGIBLE_SECONDARY
insomnia__mdd	17	4696262	5741334	1.4201637333740213e-05	2.6429998634156435	3.4777250239058132e-06	8.302087649131889e-06	3.9436131598204106e-10	0.4745223419311234	422	ESTIMATED	1	POSITIVE	NOT_SUPPORTED	META_N_HETEROGENEITY_AND_MIXED_PHENOTYPE	ELIGIBLE_SECONDARY
insomnia__mdd	17	5741335	7317398	-1.1641234900473883e-05	-1.5295270524441917	2.4403132030013567e-05	2.373767668682842e-06	7.810345892800804e-10	0.6770098474098198	682	ESTIMATED	1	NEGATIVE	NOT_SUPPORTED	META_N_HETEROGENEITY_AND_MIXED_PHENOTYPE	ELIGIBLE_SECONDARY
insomnia__mdd	17	8306426	9965921	4.1035766450996965e-05	1.2208867900427305	1.4539614775794517e-05	7.7700069866771e-05	9.207411943808142e-10	0.17625873956511073	654	ESTIMATED	1	POSITIVE	NOT_SUPPORTED	META_N_HETEROGENEITY_AND_MIXED_PHENOTYPE	ELIGIBLE_SECONDARY
insomnia__mdd	17	9965922	11102815	1.9211717237040057e-05	4.30457778203829	1.5808913098995166e-05	1.2599962142153988e-06	5.039775228056375e-10	0.392121148216821	495	ESTIMATED	1	POSITIVE	NOT_SUPPORTED	META_N_HETEROGENEITY_AND_MIXED_PHENOTYPE	ELIGIBLE_SECONDARY
insomnia__mdd	17	27334245	29786491	1.0375557881035318e-05	5.100245395330836	1.9837615004541033e-06	2.0861777667217035e-06	4.227037564923872e-10	0.6138021330883954	624	ESTIMATED	1	POSITIVE	NOT_SUPPORTED	META_N_HETEROGENEITY_AND_MIXED_PHENOTYPE	ELIGIBLE_SECONDARY
insomnia__mdd	17	31538426	32912798	8.354225388425866e-05	1.1102294363049505	4.1222392922520854e-05	0.00013735791864174872	8.894767307829623e-10	0.005091827250702153	845	ESTIMATED	1	POSITIVE	NOT_SUPPORTED	META_N_HETEROGENEITY_AND_MIXED_PHENOTYPE	ELIGIBLE_SECONDARY
insomnia__mdd	17	41772088	43056905	3.071138663629753e-05	1.2572969696330394	5.1914114650774095e-05	1.1493112598595276e-05	3.426538438453625e-10	0.09709636818096776	386	ESTIMATED	1	POSITIVE	NOT_SUPPORTED	META_N_HETEROGENEITY_AND_MIXED_PHENOTYPE	ELIGIBLE_SECONDARY
insomnia__mdd	17	50719056	51826118	-1.21109038987791e-05	-1.306416965524761	1.3068204443832929e-05	6.576178191215009e-06	2.611256766319541e-10	0.4535765573427203	322	ESTIMATED	1	NEGATIVE	NOT_SUPPORTED	META_N_HETEROGENEITY_AND_MIXED_PHENOTYPE	ELIGIBLE_SECONDARY
insomnia__mdd	17	51826119	53599432	-4.1643891992661084e-05	-16.09240198100305	9.935452951233926e-06	6.740206569183326e-07	6.030669049972126e-10	0.08992825085588292	630	ESTIMATED	1	NEGATIVE	NOT_SUPPORTED	META_N_HETEROGENEITY_AND_MIXED_PHENOTYPE	ELIGIBLE_SECONDARY
insomnia__mdd	17	55357542	57487512	-3.80072636596152e-05	-2.1429747089351876	3.475969989809384e-05	9.049469023483779e-06	6.750333671454903e-10	0.14350456795281716	734	ESTIMATED	1	NEGATIVE	NOT_SUPPORTED	META_N_HETEROGENEITY_AND_MIXED_PHENOTYPE	ELIGIBLE_SECONDARY
insomnia__mdd	17	59312756	61545589	3.4418297418938844e-05	1.0376361628480744	1.3916661477626424e-05	7.905939836460852e-05	3.917816635560979e-10	0.08205748055816381	470	ESTIMATED	1	POSITIVE	NOT_SUPPORTED	META_N_HETEROGENEITY_AND_MIXED_PHENOTYPE	ELIGIBLE_SECONDARY
insomnia__mdd	17	61545590	63148128	-1.343860690875084e-05	-1.1685253320013953	2.5274799282832898e-05	5.232925145555259e-06	2.269040179860534e-10	0.37231773696083037	299	ESTIMATED	1	NEGATIVE	NOT_SUPPORTED	META_N_HETEROGENEITY_AND_MIXED_PHENOTYPE	ELIGIBLE_SECONDARY
insomnia__mdd	17	69387818	72672203	4.616784438065819e-05	4.5162868001191425	3.26552511508403e-05	3.200096979222607e-06	1.6556456730342055e-09	0.2565285863982475	1425	ESTIMATED	1	POSITIVE	NOT_SUPPORTED	META_N_HETEROGENEITY_AND_MIXED_PHENOTYPE	ELIGIBLE_SECONDARY
insomnia__mdd	17	77298637	78837588	2.1686304511989513e-05	1.6775670625792811	3.3285972344818086e-06	5.020535868898814e-05	6.714389104060589e-10	0.40263932207716935	585	ESTIMATED	1	POSITIVE	NOT_SUPPORTED	META_N_HETEROGENEITY_AND_MIXED_PHENOTYPE	ELIGIBLE_SECONDARY
insomnia__mdd	18	912487	1942911	1.1301656139788036e-05	2.1670548403993464	1.305494165240043e-06	2.083384553969932e-05	4.3747201204162056e-10	0.5889627199235581	353	ESTIMATED	1	POSITIVE	NOT_SUPPORTED	META_N_HETEROGENEITY_AND_MIXED_PHENOTYPE	ELIGIBLE_SECONDARY
insomnia__mdd	18	11905441	14440799	5.147041416434349e-05	1.4505550949187767	5.106100555298798e-05	2.4657980509276664e-05	1.053509345930302e-09	0.11279292764746553	817	ESTIMATED	1	POSITIVE	NOT_SUPPORTED	META_N_HETEROGENEITY_AND_MIXED_PHENOTYPE	ELIGIBLE_SECONDARY
insomnia__mdd	18	14440800	19485844	-1.1381091348705745e-05	-3.953347826212754	1.3651105703956442e-05	6.071135640720937e-07	1.8731034402393172e-10	0.4056471440645827	197	ESTIMATED	1	NEGATIVE	NOT_SUPPORTED	META_N_HETEROGENEITY_AND_MIXED_PHENOTYPE	ELIGIBLE_SECONDARY
insomnia__mdd	18	19485845	20649472	1.5174362214607257e-05	2.2901668063455287	3.542277480004926e-06	1.2393788582010413e-05	3.202638595753344e-10	0.3964807846784587	315	ESTIMATED	1	POSITIVE	NOT_SUPPORTED	META_N_HETEROGENEITY_AND_MIXED_PHENOTYPE	ELIGIBLE_SECONDARY
insomnia__mdd	18	22996652	24026191	2.523091172043929e-05	27.641242290855264	2.4578940018814678e-08	3.389905743245332e-05	3.567909162026553e-10	0.18163012897006026	334	ESTIMATED	1	POSITIVE	NOT_SUPPORTED	META_N_HETEROGENEITY_AND_MIXED_PHENOTYPE	ELIGIBLE_SECONDARY
insomnia__mdd	18	25927683	26875587	6.952534529227171e-05	1.137836027387587	5.586795503732869e-05	6.682887840985979e-05	2.6684614322435715e-10	2.0801580207848925e-05	251	ESTIMATED	0.176085376459	POSITIVE	NOT_SUPPORTED	META_N_HETEROGENEITY_AND_MIXED_PHENOTYPE	ELIGIBLE_SECONDARY
insomnia__mdd	18	55213839	56530220	1.02928053451554e-05	1.4608618896795151	4.957962822447124e-06	1.0012578504437855e-05	7.650622670568983e-10	0.7098020032511385	624	ESTIMATED	1	POSITIVE	NOT_SUPPORTED	META_N_HETEROGENEITY_AND_MIXED_PHENOTYPE	ELIGIBLE_SECONDARY
insomnia__mdd	18	61820253	63463402	3.00248283039821e-05	1.7350096058881055	8.95609515794202e-05	3.3437869513381667e-06	5.469962663321389e-10	0.1992212752981003	525	ESTIMATED	1	POSITIVE	NOT_SUPPORTED	META_N_HETEROGENEITY_AND_MIXED_PHENOTYPE	ELIGIBLE_SECONDARY
insomnia__mdd	18	63463403	64252801	7.657179634135481e-06	2.0862450208167056	1.0617471318000936e-05	1.268778902050003e-06	2.6983630750226364e-10	0.641113548575525	254	ESTIMATED	1	POSITIVE	NOT_SUPPORTED	META_N_HETEROGENEITY_AND_MIXED_PHENOTYPE	ELIGIBLE_SECONDARY
insomnia__mdd	18	75976318	77149991	7.290370894318074e-06	1.8825424888960889	5.7104157858650834e-05	2.6262855349543704e-07	5.445312621144343e-10	0.7547216881880119	419	ESTIMATED	1	POSITIVE	NOT_SUPPORTED	META_N_HETEROGENEITY_AND_MIXED_PHENOTYPE	ELIGIBLE_SECONDARY
insomnia__mdd	18	77149992	78017158	3.668738330933044e-05	1.3174240007699431	1.4120471933660793e-05	5.49203277457555e-05	3.5001578456608906e-10	0.04988148353267107	284	ESTIMATED	1	POSITIVE	NOT_SUPPORTED	META_N_HETEROGENEITY_AND_MIXED_PHENOTYPE	ELIGIBLE_SECONDARY
insomnia__mdd	19	3019661	4348967	-2.549881509020033e-05	-1.4893239330530652	7.814896110340236e-05	3.7509256268369024e-06	5.013705520323844e-10	0.25479409712814916	350	ESTIMATED	1	NEGATIVE	NOT_SUPPORTED	META_N_HETEROGENEITY_AND_MIXED_PHENOTYPE	ELIGIBLE_SECONDARY
insomnia__mdd	19	11284029	13471127	-1.4854222796615841e-05	-1.694994869154208	1.2134197453203508e-05	6.329246842170148e-06	4.492461054388798e-10	0.4834140598541393	493	ESTIMATED	1	NEGATIVE	NOT_SUPPORTED	META_N_HETEROGENEITY_AND_MIXED_PHENOTYPE	ELIGIBLE_SECONDARY
insomnia__mdd	19	13471128	14486347	2.0060227502816368e-05	1.0265424945325152	1.0518894379595595e-05	3.630343751413662e-05	2.6920593893866937e-10	0.22147108551028738	239	ESTIMATED	1	POSITIVE	NOT_SUPPORTED	META_N_HETEROGENEITY_AND_MIXED_PHENOTYPE	ELIGIBLE_SECONDARY
insomnia__mdd	19	14486348	15648610	-2.1460985277617534e-05	-1.1961890795423427	3.950677420933417e-06	8.147569550379062e-05	4.5365638397643005e-10	0.31364877481562514	432	ESTIMATED	1	NEGATIVE	NOT_SUPPORTED	META_N_HETEROGENEITY_AND_MIXED_PHENOTYPE	ELIGIBLE_SECONDARY
insomnia__mdd	19	19877472	20905757	-2.7365688895197943e-05	-1.7675184810771831	4.058554440036931e-05	5.906272333936828e-06	1.4415346698137133e-10	0.02265162348287528	148	ESTIMATED	1	NEGATIVE	NOT_SUPPORTED	META_N_HETEROGENEITY_AND_MIXED_PHENOTYPE	ELIGIBLE_SECONDARY
insomnia__mdd	19	23467747	28557893	-5.0946283038515495e-06	-2.5949495913443275	5.983207121143561e-06	6.442183918698333e-07	2.5921910803638146e-10	0.7516754044130028	338	ESTIMATED	1	NEGATIVE	NOT_SUPPORTED	META_N_HETEROGENEITY_AND_MIXED_PHENOTYPE	ELIGIBLE_SECONDARY
insomnia__mdd	19	28557894	29790947	1.6799115161951288e-05	1.4522783222604363	4.4437960681217485e-06	3.011057053455754e-05	4.4214522733282536e-10	0.4243361150254612	513	ESTIMATED	1	POSITIVE	NOT_SUPPORTED	META_N_HETEROGENEITY_AND_MIXED_PHENOTYPE	ELIGIBLE_SECONDARY
insomnia__mdd	20	8117012	9730921	3.555467865285527e-05	1.8653517762703768	8.535098031928614e-06	4.2566065779369045e-05	7.009855042733773e-10	0.17930579310166772	791	ESTIMATED	1	POSITIVE	NOT_SUPPORTED	META_N_HETEROGENEITY_AND_MIXED_PHENOTYPE	ELIGIBLE_SECONDARY
insomnia__mdd	20	23293791	24717724	2.4174979218516917e-05	1.1411380511006561	1.193287316186176e-05	3.761064836557218e-05	4.3078512246250324e-10	0.24411689974719664	540	ESTIMATED	1	POSITIVE	NOT_SUPPORTED	META_N_HETEROGENEITY_AND_MIXED_PHENOTYPE	ELIGIBLE_SECONDARY
insomnia__mdd	20	24717725	25344231	7.679541996351915e-06	3.102554727320299	7.724962720666988e-06	7.931135054374394e-07	1.5631876576385475e-10	0.5390645321495131	252	ESTIMATED	1	POSITIVE	NOT_SUPPORTED	META_N_HETEROGENEITY_AND_MIXED_PHENOTYPE	ELIGIBLE_SECONDARY
insomnia__mdd	20	25344232	31614823	3.44358667981168e-05	1.2969191176990484	5.151990115963075e-05	1.3684257347865464e-05	4.651275138958548e-10	0.11033121917147619	605	ESTIMATED	1	POSITIVE	NOT_SUPPORTED	META_N_HETEROGENEITY_AND_MIXED_PHENOTYPE	ELIGIBLE_SECONDARY
insomnia__mdd	20	31614824	32813441	1.9465099396022325e-05	1.9061371676662675	8.638058865607219e-06	1.207226590571806e-05	2.2186179638129e-10	0.19127426934809	320	ESTIMATED	1	POSITIVE	NOT_SUPPORTED	META_N_HETEROGENEITY_AND_MIXED_PHENOTYPE	ELIGIBLE_SECONDARY
insomnia__mdd	20	32813442	34960446	2.6997524436333518e-05	1.1972195045748486	5.420803431233868e-05	9.380730506369005e-06	3.118746058852447e-10	0.12632864416878087	510	ESTIMATED	1	POSITIVE	NOT_SUPPORTED	META_N_HETEROGENEITY_AND_MIXED_PHENOTYPE	ELIGIBLE_SECONDARY
insomnia__mdd	20	41615461	42680176	4.5847265660554146e-05	1.4457709794815363	2.001738655993878e-05	5.0236629830107134e-05	4.6137310402668564e-10	0.03280543314748171	407	ESTIMATED	1	POSITIVE	NOT_SUPPORTED	META_N_HETEROGENEITY_AND_MIXED_PHENOTYPE	ELIGIBLE_SECONDARY
insomnia__mdd	20	44839057	47199980	5.6298116123785584e-05	1.1610161100751428	6.718838932699039e-05	3.4995886792097877e-05	1.0812987386770737e-09	0.08688413457829106	1031	ESTIMATED	1	POSITIVE	NOT_SUPPORTED	META_N_HETEROGENEITY_AND_MIXED_PHENOTYPE	ELIGIBLE_SECONDARY
insomnia__mdd	21	41389528	43321528	4.646119281250948e-05	1.3453079841473772	4.096851568780318e-05	2.9113005467787224e-05	9.098808309823257e-10	0.12349348092863831	1011	ESTIMATED	1	POSITIVE	NOT_SUPPORTED	META_N_HETEROGENEITY_AND_MIXED_PHENOTYPE	ELIGIBLE_SECONDARY
insomnia__mdd	21	46177106	47492226	2.8839083242259066e-05	1.1444447252506222	1.3692115764028926e-05	4.6377004622930314e-05	4.5598204420629774e-10	0.17684270399410262	560	ESTIMATED	1	POSITIVE	NOT_SUPPORTED	META_N_HETEROGENEITY_AND_MIXED_PHENOTYPE	ELIGIBLE_SECONDARY
insomnia__mdd	22	22357326	23712647	5.491494333507814e-06	1.0813161778809959	1.153371649098488e-05	2.2361781852767856e-06	3.48541375101549e-10	0.7686461231204175	351	ESTIMATED	1	POSITIVE	NOT_SUPPORTED	META_N_HETEROGENEITY_AND_MIXED_PHENOTYPE	ELIGIBLE_SECONDARY
insomnia__mdd	22	23712648	24984204	9.812251569677692e-06	2.0326514462556275	9.103545578132679e-06	2.5597700354469694e-06	3.6270079684034485e-10	0.6063978805159723	401	ESTIMATED	1	POSITIVE	NOT_SUPPORTED	META_N_HETEROGENEITY_AND_MIXED_PHENOTYPE	ELIGIBLE_SECONDARY
insomnia__mdd	22	24984205	26791628	5.77059325631386e-05	1.528646136021447	8.921049533129765e-05	1.597390330810276e-05	1.0361189398412183e-09	0.07301559765947091	741	ESTIMATED	1	POSITIVE	NOT_SUPPORTED	META_N_HETEROGENEITY_AND_MIXED_PHENOTYPE	ELIGIBLE_SECONDARY
insomnia__mdd	22	29651800	31439918	4.022802885781464e-05	1.5362760607900798	3.10004810079868e-05	2.2118239034177198e-05	5.005017449289002e-10	0.07215321583598269	600	ESTIMATED	1	POSITIVE	NOT_SUPPORTED	META_N_HETEROGENEITY_AND_MIXED_PHENOTYPE	ELIGIBLE_SECONDARY
insomnia__mdd	22	31439919	32664986	4.115600329927154e-06	1.3107521804787732	1.3984763352872793e-05	7.049691093505109e-07	3.0918691878859805e-10	0.8149403079300805	371	ESTIMATED	1	POSITIVE	NOT_SUPPORTED	META_N_HETEROGENEITY_AND_MIXED_PHENOTYPE	ELIGIBLE_SECONDARY
insomnia__mdd	22	32664987	34494914	-4.221346105402287e-05	-4.228199122350606	4.036202768967801e-05	2.4695514740078143e-06	1.0252964535224282e-09	0.18739107091031104	954	ESTIMATED	1	NEGATIVE	NOT_SUPPORTED	META_N_HETEROGENEITY_AND_MIXED_PHENOTYPE	ELIGIBLE_SECONDARY
insomnia__mdd	22	47596319	48903703	6.291636041166459e-05	1.0824539861508784	6.0477602622926566e-05	5.586164595402868e-05	8.36776380113559e-10	0.029630257526366843	749	ESTIMATED	1	POSITIVE	NOT_SUPPORTED	META_N_HETEROGENEITY_AND_MIXED_PHENOTYPE	ELIGIBLE_SECONDARY
